timestamp_pred,horizon_blocks,horizon_label,mempool_tx_count,mempool_vsize_mb,current_fastest_fee,current_halfhour_fee,current_hour_fee,predicted_fee_sat_vb,predicted_fee_exact,confidence_score,models_used,actual_fee,would_confirm,overpay_sat_vb,status,xgb_pred,lgb_pred,ensemble_fee_sat_vb,ensemble_fee_exact,xgb_fee_sat_vb,xgb_fee_exact,lgb_fee_sat_vb,lgb_fee_exact
2026-04-14 16:08:51.569795+00:00,1,1_block,42259,29.3,3,1,1,8.0,7.54,0.849,"xgb,lgb",0.1521739130434782,True,7.8478260869565215,VALIDATED,,,8,7.54,,,,
2026-04-14 16:08:51.569795+00:00,3,3_blocks,42259,29.3,3,1,1,7.0,6.87,0.997,"xgb,lgb",0.1521739130434782,True,6.8478260869565215,VALIDATED,,,7,6.87,,,,
2026-04-14 16:08:51.569795+00:00,6,6_blocks,42259,29.3,3,1,1,7.0,6.54,0.957,"xgb,lgb",0.1521739130434782,True,6.8478260869565215,VALIDATED,,,7,6.54,,,,
2026-04-14 17:54:40.807626+00:00,1,1_block,40794,32.2,1,1,1,1.0,1.0,1.0,"xgb,lgb",0.1369565217391304,True,0.8630434782608696,VALIDATED,,,1,1.0,,,,
2026-04-14 17:54:40.807626+00:00,3,3_blocks,40794,32.2,1,1,1,2.0,1.0,0.998,"xgb,lgb",0.1357142857142857,True,1.8642857142857143,VALIDATED,,,2,1.0,,,,
2026-04-14 17:54:40.807626+00:00,6,6_blocks,40794,32.2,1,1,1,2.0,1.07,0.835,"xgb,lgb",0.1357142857142857,True,1.8642857142857143,VALIDATED,,,2,1.07,,,,
2026-04-14 18:16:48.631510+00:00,1,1_block,35752,31.3,1,1,1,1.0,1.0,0.75,xgb,1.7973856209150327,False,0.0,VALIDATED,,,1,1.0,,,,
2026-04-14 18:16:48.631510+00:00,3,3_blocks,35752,31.3,1,1,1,1.0,1.0,0.75,xgb,0.1357142857142857,True,0.8642857142857143,VALIDATED,,,1,1.0,,,,
2026-04-14 18:16:48.631510+00:00,6,6_blocks,35752,31.3,1,1,1,1.0,1.0,0.75,xgb,0.1357142857142857,True,0.8642857142857143,VALIDATED,,,1,1.0,,,,
2026-04-14 18:26:46.177383+00:00,1,1_block,39329,32.3,2,1,1,1.0,1.0,0.75,xgb,1.7973856209150327,False,0.0,VALIDATED,,,1,1.0,,,,
2026-04-14 18:26:46.177383+00:00,3,3_blocks,39329,32.3,2,1,1,1.0,1.0,0.75,xgb,0.1357142857142857,True,0.8642857142857143,VALIDATED,,,1,1.0,,,,
2026-04-14 18:26:46.177383+00:00,6,6_blocks,39329,32.3,2,1,1,1.0,1.0,0.75,xgb,0.1357142857142857,True,0.8642857142857143,VALIDATED,,,1,1.0,,,,
2026-04-14 18:43:53.541702+00:00,1,1_block,36425,31.4,1,1,1,1.0,1.0,0.75,xgb,1.7973856209150327,False,0.0,VALIDATED,,,1,1.0,,,,
2026-04-14 18:43:53.541702+00:00,3,3_blocks,36425,31.4,1,1,1,1.0,1.0,0.75,xgb,0.1357142857142857,True,0.8642857142857143,VALIDATED,,,1,1.0,,,,
2026-04-14 18:43:53.541702+00:00,6,6_blocks,36425,31.4,1,1,1,1.0,1.0,0.75,xgb,0.1357142857142857,True,0.8642857142857143,VALIDATED,,,1,1.0,,,,
2026-04-14 19:54:04.557716+00:00,1,1_block,41254,32.9,2,1,1,1.0,1.0,0.75,xgb,2.0,False,0.0,VALIDATED,,,1,1.0,,,,
2026-04-14 19:54:04.557716+00:00,3,3_blocks,41254,32.9,2,1,1,1.0,1.0,0.75,xgb,0.1357142857142857,True,0.8642857142857143,VALIDATED,,,1,1.0,,,,
2026-04-14 19:54:04.557716+00:00,6,6_blocks,41254,32.9,2,1,1,1.0,1.0,0.75,xgb,0.1357142857142857,True,0.8642857142857143,VALIDATED,,,1,1.0,,,,
2026-04-14 20:46:28.357113+00:00,1,1_block,40561,36.2,2,1,1,1.0,1.0,0.75,xgb,1.0,True,0.0,VALIDATED,,,1,1.0,,,,
2026-04-14 20:46:28.357113+00:00,3,3_blocks,40561,36.2,2,1,1,1.0,1.0,0.75,xgb,0.1357142857142857,True,0.8642857142857143,VALIDATED,,,1,1.0,,,,
2026-04-14 20:46:28.357113+00:00,6,6_blocks,40561,36.2,2,1,1,1.0,1.0,0.75,xgb,0.1369565217391304,True,0.8630434782608696,VALIDATED,,,1,1.0,,,,
2026-04-14 21:38:03.663729+00:00,1,1_block,39210,35.9,1,1,1,1.0,1.0,0.75,xgb,0.1505376344086021,True,0.8494623655913979,VALIDATED,,,1,1.0,,,,
2026-04-14 21:38:03.663729+00:00,3,3_blocks,39210,35.9,1,1,1,1.0,1.0,0.75,xgb,0.1369565217391304,True,0.8630434782608696,VALIDATED,,,1,1.0,,,,
2026-04-14 21:38:03.663729+00:00,6,6_blocks,39210,35.9,1,1,1,1.0,1.0,0.75,xgb,0.1357142857142857,True,0.8642857142857143,VALIDATED,,,1,1.0,,,,
2026-04-14 22:27:54.820536+00:00,1,1_block,38445,34.6,1,1,1,1.0,1.0,0.75,xgb,0.1357142857142857,True,0.8642857142857143,VALIDATED,,,1,1.0,,,,
2026-04-14 22:27:54.820536+00:00,3,3_blocks,38445,34.6,1,1,1,1.0,1.0,0.75,xgb,0.1357142857142857,True,0.8642857142857143,VALIDATED,,,1,1.0,,,,
2026-04-14 22:27:54.820536+00:00,6,6_blocks,38445,34.6,1,1,1,1.0,1.0,0.75,xgb,0.1357142857142857,True,0.8642857142857143,VALIDATED,,,1,1.0,,,,
2026-04-14 23:12:32.836951+00:00,1,1_block,39608,33.2,1,1,1,1.0,1.0,0.75,xgb,0.1357142857142857,True,0.8642857142857143,VALIDATED,,,1,1.0,,,,
2026-04-14 23:12:32.836951+00:00,3,3_blocks,39608,33.2,1,1,1,1.0,1.0,0.75,xgb,0.1357142857142857,True,0.8642857142857143,VALIDATED,,,1,1.0,,,,
2026-04-14 23:12:32.836951+00:00,6,6_blocks,39608,33.2,1,1,1,1.0,1.0,0.75,xgb,0.1357142857142857,True,0.8642857142857143,VALIDATED,,,1,1.0,,,,
2026-04-15 00:02:15.786235+00:00,1,1_block,38941,30.2,1,1,1,1.0,1.0,0.75,xgb,0.15,True,0.85,VALIDATED,,,1,1.0,,,,
2026-04-15 00:02:15.786235+00:00,3,3_blocks,38941,30.2,1,1,1,1.0,1.0,0.75,xgb,0.1357142857142857,True,0.8642857142857143,VALIDATED,,,1,1.0,,,,
2026-04-15 00:02:15.786235+00:00,6,6_blocks,38941,30.2,1,1,1,2.0,1.0,0.75,xgb,0.1357142857142857,True,1.8642857142857143,VALIDATED,,,2,1.0,,,,
2026-04-15 03:36:45.761382+00:00,1,1_block,42511,29.1,1,1,1,1.0,1.0,0.75,xgb,0.1349206349206349,True,0.8650793650793651,VALIDATED,,,1,1.0,,,,
2026-04-15 03:36:45.761382+00:00,3,3_blocks,42511,29.1,1,1,1,1.0,1.0,0.75,xgb,0.1349206349206349,True,0.8650793650793651,VALIDATED,,,1,1.0,,,,
2026-04-15 03:36:45.761382+00:00,6,6_blocks,42511,29.1,1,1,1,1.0,1.0,0.75,xgb,0.1357142857142857,True,0.8642857142857143,VALIDATED,,,1,1.0,,,,
2026-04-15 05:39:27.858936+00:00,1,1_block,39781,32.6,1,1,1,1.0,1.0,0.75,xgb,0.15,True,0.85,VALIDATED,,,1,1.0,,,,
2026-04-15 05:39:27.858936+00:00,3,3_blocks,39781,32.6,1,1,1,1.0,1.0,0.75,xgb,0.1428571428571428,True,0.8571428571428572,VALIDATED,,,1,1.0,,,,
2026-04-15 05:39:27.858936+00:00,6,6_blocks,39781,32.6,1,1,1,1.0,1.0,0.75,xgb,0.1357142857142857,True,0.8642857142857143,VALIDATED,,,1,1.0,,,,
2026-04-15 07:12:11.519165+00:00,1,1_block,40852,33.9,1,1,1,1.0,1.0,0.75,xgb,1.0,True,0.0,VALIDATED,,,1,1.0,,,,
2026-04-15 07:12:11.519165+00:00,3,3_blocks,40852,33.9,1,1,1,1.0,1.0,0.75,xgb,0.1428571428571428,True,0.8571428571428572,VALIDATED,,,1,1.0,,,,
2026-04-15 07:12:11.519165+00:00,6,6_blocks,40852,33.9,1,1,1,1.0,1.0,0.75,xgb,0.1428571428571428,True,0.8571428571428572,VALIDATED,,,1,1.0,,,,
2026-04-15 08:57:07.446089+00:00,1,1_block,43261,34.2,1,1,1,1.0,1.0,0.75,xgb,0.15,True,0.85,VALIDATED,,,1,1.0,,,,
2026-04-15 08:57:07.446089+00:00,3,3_blocks,43261,34.2,1,1,1,1.0,1.0,0.75,xgb,0.1428571428571428,True,0.8571428571428572,VALIDATED,,,1,1.0,,,,
2026-04-15 08:57:07.446089+00:00,6,6_blocks,43261,34.2,1,1,1,1.0,1.0,0.75,xgb,0.1428571428571428,True,0.8571428571428572,VALIDATED,,,1,1.0,,,,
2026-04-15 10:19:40.018227+00:00,1,1_block,42888,34.3,3,1,1,1.0,1.0,0.75,xgb,0.1428571428571428,True,0.8571428571428572,VALIDATED,,,1,1.0,,,,
2026-04-15 10:19:40.018227+00:00,3,3_blocks,42888,34.3,3,1,1,1.0,1.0,0.75,xgb,0.1428571428571428,True,0.8571428571428572,VALIDATED,,,1,1.0,,,,
2026-04-15 10:19:40.018227+00:00,6,6_blocks,42888,34.3,3,1,1,1.0,1.0,0.75,xgb,0.1428571428571428,True,0.8571428571428572,VALIDATED,,,1,1.0,,,,
2026-04-15 11:18:48.550222+00:00,1,1_block,44392,34.6,2,1,1,1.0,1.0,0.75,xgb,0.1428571428571428,True,0.8571428571428572,VALIDATED,,,1,1.0,,,,
2026-04-15 11:18:48.550222+00:00,3,3_blocks,44392,34.6,2,1,1,1.0,1.0,0.75,xgb,0.1428571428571428,True,0.8571428571428572,VALIDATED,,,1,1.0,,,,
2026-04-15 11:18:48.550222+00:00,6,6_blocks,44392,34.6,2,1,1,1.0,1.0,0.75,xgb,0.1428571428571428,True,0.8571428571428572,VALIDATED,,,1,1.0,,,,
2026-04-15 12:09:03.737670+00:00,1,1_block,38712,33.6,2,1,1,1.0,1.0,0.75,xgb,0.1428571428571428,True,0.8571428571428572,VALIDATED,,,1,1.0,,,,
2026-04-15 12:09:03.737670+00:00,3,3_blocks,38712,33.6,2,1,1,1.0,1.0,0.75,xgb,0.1428571428571428,True,0.8571428571428572,VALIDATED,,,1,1.0,,,,
2026-04-15 12:09:03.737670+00:00,6,6_blocks,38712,33.6,2,1,1,1.0,1.0,0.75,xgb,1.0,True,0.0,VALIDATED,,,1,1.0,,,,
2026-04-15 14:03:42.268772+00:00,1,1_block,45592,35.5,3,3,1,1.0,1.0,0.75,xgb,2.0793650793650795,False,0.0,VALIDATED,,,1,1.0,,,,
2026-04-15 14:03:42.268772+00:00,3,3_blocks,45592,35.5,3,3,1,1.0,1.0,0.75,xgb,1.0077821011673151,False,0.0,VALIDATED,,,1,1.0,,,,
2026-04-15 14:03:42.268772+00:00,6,6_blocks,45592,35.5,3,3,1,2.0,1.02,0.75,xgb,1.0077821011673151,True,0.9922178988326849,VALIDATED,,,2,1.02,,,,
2026-04-15 15:27:28.762129+00:00,1,1_block,50739,37.1,4,4,3,1.0,1.0,0.75,xgb,1.0077821011673151,False,0.0,VALIDATED,1.0,,1,1.0,1.0,1.0,,
2026-04-15 15:27:28.762129+00:00,3,3_blocks,50739,37.1,4,4,3,1.0,1.0,0.75,xgb,0.15,True,0.85,VALIDATED,1.0,,1,1.0,1.0,1.0,,
2026-04-15 15:27:28.762129+00:00,6,6_blocks,50739,37.1,4,4,3,1.0,1.0,0.75,xgb,0.15,True,0.85,VALIDATED,1.0,,1,1.0,1.0,1.0,,
2026-04-15 15:47:50.885510+00:00,1,1_block,49019,36.6,4,3,3,1.0,1.0,0.75,xgb,0.15,True,0.85,VALIDATED,1.0,,1,1.0,1.0,1.0,,
2026-04-15 15:47:50.885510+00:00,3,3_blocks,49019,36.6,4,3,3,1.0,1.0,0.75,xgb,0.15,True,0.85,VALIDATED,1.0,,1,1.0,1.0,1.0,,
2026-04-15 15:47:50.885510+00:00,6,6_blocks,49019,36.6,4,3,3,2.0,1.01,0.75,xgb,0.15,True,1.85,VALIDATED,1.01,,2,1.01,2.0,1.01,,
2026-04-15 16:17:42.636265+00:00,1,1_block,49939,36.2,4,3,1,,,0.75,xgb,0.15,False,0.0,VALIDATED,,,1,1.0,1.0,1.0,,
2026-04-15 16:17:42.636265+00:00,3,3_blocks,49939,36.2,4,3,1,,,0.75,xgb,0.15,False,0.0,VALIDATED,,,1,1.0,1.0,1.0,,
2026-04-15 16:17:42.636265+00:00,6,6_blocks,49939,36.2,4,3,1,,,0.75,xgb,0.1428571428571428,False,0.0,VALIDATED,,,1,1.0,1.0,1.0,,
2026-04-15 17:34:43.779665+00:00,1,1_block,41628,33.9,1,1,1,,,0.75,xgb,2.176470588235294,False,0.0,VALIDATED,,,1,1.0,1.0,1.0,,
2026-04-15 17:34:43.779665+00:00,3,3_blocks,41628,33.9,1,1,1,,,0.75,xgb,0.1428571428571428,False,0.0,VALIDATED,,,1,1.0,1.0,1.0,,
2026-04-15 17:34:43.779665+00:00,6,6_blocks,41628,33.9,1,1,1,,,0.75,xgb,1.11,False,0.0,VALIDATED,,,1,1.0,1.0,1.0,,
2026-04-15 18:45:57.672109+00:00,1,1_block,49448,37.4,4,4,3,,,0.75,xgb,1.11,False,0.0,VALIDATED,,,1,1.0,1.0,1.0,,
2026-04-15 18:45:57.672109+00:00,3,3_blocks,49448,37.4,4,4,3,,,0.75,xgb,1.11,False,0.0,VALIDATED,,,1,1.0,1.0,1.0,,
2026-04-15 18:45:57.672109+00:00,6,6_blocks,49448,37.4,4,4,3,,,0.75,xgb,1.11,False,0.0,VALIDATED,,,1,1.0,1.0,1.0,,
2026-04-15 19:54:43.101674+00:00,1,1_block,45981,36.4,3,3,1,,,0.75,xgb,1.0,False,0.0,VALIDATED,,,1,1.0,1.0,1.0,,
2026-04-15 19:54:43.101674+00:00,3,3_blocks,45981,36.4,3,3,1,,,0.75,xgb,0.1475409836065573,False,0.0,VALIDATED,,,1,1.0,1.0,1.0,,
2026-04-15 19:54:43.101674+00:00,6,6_blocks,45981,36.4,3,3,1,,,0.75,xgb,0.1475409836065573,False,0.0,VALIDATED,,,1,1.0,1.0,1.0,,
2026-04-15 20:42:34.811773+00:00,1,1_block,42511,34.4,2,1,1,,,0.75,xgb,0.15,False,0.0,VALIDATED,,,1,1.0,1.0,1.0,,
2026-04-15 20:42:34.811773+00:00,3,3_blocks,42511,34.4,2,1,1,,,0.75,xgb,0.15,False,0.0,VALIDATED,,,1,1.0,1.0,1.0,,
2026-04-15 20:42:34.811773+00:00,6,6_blocks,42511,34.4,2,1,1,,,0.75,xgb,0.1363636363636363,False,0.0,VALIDATED,,,1,1.0,1.0,1.0,,
2026-04-15 21:38:20.081757+00:00,1,1_block,46976,35.7,4,3,1,,,0.75,xgb,0.1363636363636363,False,0.0,VALIDATED,,,1,1.0,1.0,1.0,,
2026-04-15 21:38:20.081757+00:00,3,3_blocks,46976,35.7,4,3,1,,,0.75,xgb,0.1363636363636363,False,0.0,VALIDATED,,,1,1.0,1.0,1.0,,
2026-04-15 21:38:20.081757+00:00,6,6_blocks,46976,35.7,4,3,1,,,0.75,xgb,0.1358112937812723,False,0.0,VALIDATED,,,1,1.0,1.0,1.0,,
2026-04-15 22:25:54.424966+00:00,1,1_block,43503,34.8,3,1,1,,,0.75,xgb,0.1358112937812723,False,0.0,VALIDATED,,,1,1.0,1.0,1.0,,
2026-04-15 22:25:54.424966+00:00,3,3_blocks,43503,34.8,3,1,1,,,0.75,xgb,0.1358112937812723,False,0.0,VALIDATED,,,1,1.0,1.0,1.0,,
2026-04-15 22:25:54.424966+00:00,6,6_blocks,43503,34.8,3,1,1,,,0.75,xgb,0.1357142857142857,False,0.0,VALIDATED,,,1,1.0,1.0,1.0,,
2026-04-15 23:08:44.674250+00:00,1,1_block,39560,33.9,3,1,1,,,0.75,xgb,0.1358112937812723,False,0.0,VALIDATED,,,1,1.0,1.0,1.0,,
2026-04-15 23:08:44.674250+00:00,3,3_blocks,39560,33.9,3,1,1,,,0.75,xgb,0.1357142857142857,False,0.0,VALIDATED,,,1,1.0,1.0,1.0,,
2026-04-15 23:08:44.674250+00:00,6,6_blocks,39560,33.9,3,1,1,,,0.75,xgb,0.1357142857142857,False,0.0,VALIDATED,,,1,1.0,1.0,1.0,,
2026-04-15 23:57:47.650909+00:00,1,1_block,43443,35.7,4,4,3,,,0.75,xgb,0.1533333333333333,False,0.0,VALIDATED,,,1,1.0,1.0,1.0,,
2026-04-15 23:57:47.650909+00:00,3,3_blocks,43443,35.7,4,4,3,,,0.75,xgb,0.1357142857142857,False,0.0,VALIDATED,,,1,1.0,1.0,1.0,,
2026-04-15 23:57:47.650909+00:00,6,6_blocks,43443,35.7,4,4,3,,,0.75,xgb,0.1357142857142857,False,0.0,VALIDATED,,,1,1.0,1.0,1.0,,
2026-04-16 02:34:56.463419+00:00,1,1_block,39185,32.3,2,1,1,,,0.75,xgb,0.1714285714285714,False,0.0,VALIDATED,,,1,1.0,1.0,1.0,,
2026-04-16 02:34:56.463419+00:00,3,3_blocks,39185,32.3,2,1,1,,,0.75,xgb,0.1357951161405598,False,0.0,VALIDATED,,,1,1.0,1.0,1.0,,
2026-04-16 02:34:56.463419+00:00,6,6_blocks,39185,32.3,2,1,1,,,0.75,xgb,0.1357142857142857,False,0.0,VALIDATED,,,1,1.0,1.0,1.0,,
2026-04-16 05:18:35.482003+00:00,1,1_block,44121,32.0,3,1,1,,,0.75,xgb,0.1357142857142857,False,0.0,VALIDATED,,,1,1.0,1.0,1.0,,
2026-04-16 05:18:35.482003+00:00,3,3_blocks,44121,32.0,3,1,1,,,0.75,xgb,0.1357142857142857,False,0.0,VALIDATED,,,1,1.0,1.0,1.0,,
2026-04-16 05:18:35.482003+00:00,6,6_blocks,44121,32.0,3,1,1,,,0.75,xgb,0.1357142857142857,False,0.0,VALIDATED,,,1,1.0,1.0,1.0,,
2026-04-16 07:05:25.803343+00:00,1,1_block,43640,29.6,2,1,1,,,0.75,xgb,1.0,False,0.0,VALIDATED,,,1,1.0,1.0,1.0,,
2026-04-16 07:05:25.803343+00:00,3,3_blocks,43640,29.6,2,1,1,,,0.75,xgb,0.1357142857142857,False,0.0,VALIDATED,,,1,1.0,1.0,1.0,,
2026-04-16 07:05:25.803343+00:00,6,6_blocks,43640,29.6,2,1,1,,,0.75,xgb,0.1357142857142857,False,0.0,VALIDATED,,,1,1.0,1.0,1.0,,
2026-04-16 08:53:54.860528+00:00,1,1_block,45599,29.9,2,1,1,,,0.75,xgb,0.1349206349206349,False,0.0,VALIDATED,,,1,1.0,1.0,1.0,,
2026-04-16 08:53:54.860528+00:00,3,3_blocks,45599,29.9,2,1,1,,,0.75,xgb,0.1349206349206349,False,0.0,VALIDATED,,,1,1.0,1.0,1.0,,
2026-04-16 08:53:54.860528+00:00,6,6_blocks,45599,29.9,2,1,1,,,0.75,xgb,0.1349206349206349,False,0.0,VALIDATED,,,1,1.0,1.0,1.0,,
2026-04-16 10:12:24.081968+00:00,1,1_block,40212,29.1,2,1,1,,,0.75,xgb,0.1428571428571428,False,0.0,VALIDATED,,,1,1.0,1.0,1.0,,
2026-04-16 10:12:24.081968+00:00,3,3_blocks,40212,29.1,2,1,1,,,0.75,xgb,0.1428571428571428,False,0.0,VALIDATED,,,1,1.0,1.0,1.0,,
2026-04-16 10:12:24.081968+00:00,6,6_blocks,40212,29.1,2,1,1,,,0.75,xgb,0.1357142857142857,False,0.0,VALIDATED,,,1,1.0,1.0,1.0,,
2026-04-16 11:32:45.088558+00:00,1,1_block,41688,29.3,2,1,1,,,0.75,xgb,1.5217391304347827,False,0.0,VALIDATED,,,1,1.0,1.0,1.0,,
2026-04-16 11:32:45.088558+00:00,3,3_blocks,41688,29.3,2,1,1,,,0.75,xgb,0.1357142857142857,False,0.0,VALIDATED,,,1,1.0,1.0,1.0,,
2026-04-16 11:32:45.088558+00:00,6,6_blocks,41688,29.3,2,1,1,,,0.75,xgb,0.1357142857142857,False,0.0,VALIDATED,,,1,1.0,1.0,1.0,,
2026-04-16 12:46:55.684306+00:00,1,1_block,42457,29.9,2,1,1,,,0.75,xgb,1.0,False,0.0,VALIDATED,,,1,1.0,1.0,1.0,,
2026-04-16 12:46:55.684306+00:00,3,3_blocks,42457,29.9,2,1,1,,,0.75,xgb,1.0,False,0.0,VALIDATED,,,1,1.0,1.0,1.0,,
2026-04-16 12:46:55.684306+00:00,6,6_blocks,42457,29.9,2,1,1,,,0.75,xgb,0.1357142857142857,False,0.0,VALIDATED,,,1,1.0,1.0,1.0,,
2026-04-16 14:27:30.742752+00:00,1,1_block,33680,28.0,1,1,1,,,0.75,xgb,1.0,False,0.0,VALIDATED,,,1,1.0,1.0,1.0,,
2026-04-16 14:27:30.742752+00:00,3,3_blocks,33680,28.0,1,1,1,,,0.75,xgb,1.0,False,0.0,VALIDATED,,,1,1.0,1.0,1.0,,
2026-04-16 14:27:30.742752+00:00,6,6_blocks,33680,28.0,1,1,1,,,0.75,xgb,0.1357142857142857,False,0.0,VALIDATED,,,1,1.0,1.0,1.0,,
2026-04-16 16:04:22.235627+00:00,1,1_block,45064,30.0,1,1,1,,,0.75,xgb,0.1430367808865136,False,0.0,VALIDATED,,,1,1.0,1.0,1.0,,
2026-04-16 16:04:22.235627+00:00,3,3_blocks,45064,30.0,1,1,1,,,0.75,xgb,0.1430367808865136,False,0.0,VALIDATED,,,1,1.0,1.0,1.0,,
2026-04-16 16:04:22.235627+00:00,6,6_blocks,45064,30.0,1,1,1,,,0.75,xgb,0.1428571428571428,False,0.0,VALIDATED,,,1,1.0,1.0,1.0,,
2026-04-16 17:40:34.344614+00:00,1,1_block,40652,29.2,2,1,1,,,0.75,xgb,1.0,False,0.0,VALIDATED,,,1,1.0,1.0,1.0,,
2026-04-16 17:40:34.344614+00:00,3,3_blocks,40652,29.2,2,1,1,,,0.75,xgb,0.15,False,0.0,VALIDATED,,,1,1.0,1.0,1.0,,
2026-04-16 17:40:34.344614+00:00,6,6_blocks,40652,29.2,2,1,1,,,0.75,xgb,0.1428571428571428,False,0.0,VALIDATED,,,1,1.0,1.0,1.0,,
2026-04-16 18:48:13.464716+00:00,1,1_block,43828,29.8,2,1,1,,,0.75,xgb,0.15,False,0.0,VALIDATED,,,1,1.0,1.0,1.0,,
2026-04-16 18:48:13.464716+00:00,3,3_blocks,43828,29.8,2,1,1,,,0.75,xgb,0.15,False,0.0,VALIDATED,,,1,1.0,1.0,1.0,,
2026-04-16 18:48:13.464716+00:00,6,6_blocks,43828,29.8,2,1,1,,,0.75,xgb,0.15,False,0.0,VALIDATED,,,1,1.0,1.0,1.0,,
2026-04-16 19:51:32.042170+00:00,1,1_block,42077,29.4,1,1,1,,,0.75,xgb,1.0,False,0.0,VALIDATED,,,1,1.0,1.0,1.0,,
2026-04-16 19:51:32.042170+00:00,3,3_blocks,42077,29.4,1,1,1,,,0.75,xgb,0.15,False,0.0,VALIDATED,,,1,1.0,1.0,1.0,,
2026-04-16 19:51:32.042170+00:00,6,6_blocks,42077,29.4,1,1,1,,,0.75,xgb,0.15,False,0.0,VALIDATED,,,1,1.0,1.0,1.0,,
2026-04-16 21:30:58.228247+00:00,1,1_block,43725,29.8,2,1,1,,,0.75,xgb,0.1357142857142857,False,0.0,VALIDATED,,,1,1.0,1.0,1.0,,
2026-04-16 21:30:58.228247+00:00,3,3_blocks,43725,29.8,2,1,1,,,0.75,xgb,0.1357142857142857,False,0.0,VALIDATED,,,1,1.0,1.0,1.0,,
2026-04-16 21:30:58.228247+00:00,6,6_blocks,43725,29.8,2,1,1,,,0.75,xgb,0.1357142857142857,False,0.0,VALIDATED,,,1,1.0,1.0,1.0,,
2026-04-16 22:10:11.927116+00:00,1,1_block,47900,30.9,3,2,1,,,0.75,xgb,1.0,False,0.0,VALIDATED,,,1,1.0,1.0,1.0,,
2026-04-16 22:10:11.927116+00:00,3,3_blocks,47900,30.9,3,2,1,,,0.75,xgb,0.1601503759398496,False,0.0,VALIDATED,,,1,1.0,1.0,1.0,,
2026-04-16 22:10:11.927116+00:00,6,6_blocks,47900,30.9,3,2,1,,,0.75,xgb,0.1357142857142857,False,0.0,VALIDATED,,,1,1.0,1.0,1.0,,
2026-04-16 23:01:27.203890+00:00,1,1_block,45015,30.4,2,1,1,,,0.75,xgb,1.0,False,0.0,VALIDATED,,,1,1.0,1.0,1.0,,
2026-04-16 23:01:27.203890+00:00,3,3_blocks,45015,30.4,2,1,1,,,0.75,xgb,0.1357142857142857,False,0.0,VALIDATED,,,1,1.0,1.0,1.0,,
2026-04-16 23:01:27.203890+00:00,6,6_blocks,45015,30.4,2,1,1,,,0.75,xgb,0.1357142857142857,False,0.0,VALIDATED,,,1,1.0,1.0,1.0,,
2026-04-16 23:55:14.776795+00:00,1,1_block,43621,29.7,1,1,1,,,0.75,xgb,0.1454545454545454,False,0.0,VALIDATED,,,1,1.0,1.0,1.0,,
2026-04-16 23:55:14.776795+00:00,3,3_blocks,43621,29.7,1,1,1,,,0.75,xgb,0.1357142857142857,False,0.0,VALIDATED,,,1,1.0,1.0,1.0,,
2026-04-16 23:55:14.776795+00:00,6,6_blocks,43621,29.7,1,1,1,,,0.75,xgb,0.1357142857142857,False,0.0,VALIDATED,,,1,1.0,1.0,1.0,,
2026-04-17 02:00:23.601621+00:00,1,1_block,39782,29.0,1,1,1,,,0.75,xgb,0.1809045226130653,False,0.0,VALIDATED,,,1,1.0,1.0,1.0,,
2026-04-17 02:00:23.601621+00:00,3,3_blocks,39782,29.0,1,1,1,,,0.75,xgb,0.1531100478468899,False,0.0,VALIDATED,,,1,1.0,1.0,1.0,,
2026-04-17 02:00:23.601621+00:00,6,6_blocks,39782,29.0,1,1,1,,,0.75,xgb,0.15,False,0.0,VALIDATED,,,1,1.0,1.0,1.0,,
2026-04-17 04:54:05.471055+00:00,1,1_block,40244,29.6,1,1,1,,,0.75,xgb,0.1571428571428571,False,0.0,VALIDATED,,,1,1.0,1.0,1.0,,
2026-04-17 04:54:05.471055+00:00,3,3_blocks,40244,29.6,1,1,1,,,0.75,xgb,0.1571428571428571,False,0.0,VALIDATED,,,1,1.0,1.0,1.0,,
2026-04-17 04:54:05.471055+00:00,6,6_blocks,40244,29.6,1,1,1,,,0.75,xgb,0.1349206349206349,False,0.0,VALIDATED,,,2,1.0,1.0,1.0,,
2026-04-17 06:56:10.076486+00:00,1,1_block,56767,31.4,1,1,1,,,0.75,xgb,0.15,False,0.0,VALIDATED,,,1,1.0,1.0,1.0,,
2026-04-17 06:56:10.076486+00:00,3,3_blocks,56767,31.4,1,1,1,,,0.75,xgb,0.15,False,0.0,VALIDATED,,,1,1.0,1.0,1.0,,
2026-04-17 06:56:10.076486+00:00,6,6_blocks,56767,31.4,1,1,1,,,0.75,xgb,0.15,False,0.0,VALIDATED,,,1,1.0,1.0,1.0,,
2026-04-17 08:25:38.029401+00:00,1,1_block,54930,31.1,1,1,1,,,0.75,xgb,1.0,False,0.0,VALIDATED,,,1,1.0,1.0,1.0,,
2026-04-17 08:25:38.029401+00:00,3,3_blocks,54930,31.1,1,1,1,,,0.75,xgb,0.1705426356589147,False,0.0,VALIDATED,,,1,1.0,1.0,1.0,,
2026-04-17 08:25:38.029401+00:00,6,6_blocks,54930,31.1,1,1,1,,,0.75,xgb,0.1666666666666666,False,0.0,VALIDATED,,,1,1.0,1.0,1.0,,
2026-04-17 09:53:47.790255+00:00,1,1_block,57593,31.6,2,1,1,,,0.75,xgb,0.1714285714285714,False,0.0,VALIDATED,,,1,1.0,1.0,1.0,,
2026-04-17 09:53:47.790255+00:00,3,3_blocks,57593,31.6,2,1,1,,,0.75,xgb,0.1714285714285714,False,0.0,VALIDATED,,,1,1.0,1.0,1.0,,
2026-04-17 09:53:47.790255+00:00,6,6_blocks,57593,31.6,2,1,1,,,0.75,xgb,0.1714285714285714,False,0.0,VALIDATED,,,1,1.0,1.0,1.0,,
2026-04-17 10:49:54.144041+00:00,1,1_block,58575,32.0,3,1,1,,,0.75,xgb,0.1714285714285714,False,0.0,VALIDATED,,,1,1.0,1.0,1.0,,
2026-04-17 10:49:54.144041+00:00,3,3_blocks,58575,32.0,3,1,1,,,0.75,xgb,0.1714285714285714,False,0.0,VALIDATED,,,1,1.0,1.0,1.0,,
2026-04-17 10:49:54.144041+00:00,6,6_blocks,58575,32.0,3,1,1,,,0.75,xgb,0.1714285714285714,False,0.0,VALIDATED,,,1,1.0,1.0,1.0,,
2026-04-17 11:40:17.099316+00:00,1,1_block,58093,31.8,2,1,1,,,0.75,xgb,0.1714285714285714,False,0.0,VALIDATED,,,1,1.0,1.0,1.0,,
2026-04-17 11:40:17.099316+00:00,3,3_blocks,58093,31.8,2,1,1,,,0.75,xgb,0.1714285714285714,False,0.0,VALIDATED,,,1,1.0,1.0,1.0,,
2026-04-17 11:40:17.099316+00:00,6,6_blocks,58093,31.8,2,1,1,,,0.75,xgb,0.1714285714285714,False,0.0,VALIDATED,,,1,1.0,1.0,1.0,,
2026-04-17 12:43:08.041266+00:00,1,1_block,57830,31.9,2,1,1,,,0.75,xgb,3.9859154929577465,False,0.0,VALIDATED,,,1,1.0,1.0,1.0,,
2026-04-17 12:43:08.041266+00:00,3,3_blocks,57830,31.9,2,1,1,,,0.75,xgb,0.1714285714285714,False,0.0,VALIDATED,,,1,1.0,1.0,1.0,,
2026-04-17 12:43:08.041266+00:00,6,6_blocks,57830,31.9,2,1,1,,,0.75,xgb,0.1714285714285714,False,0.0,VALIDATED,,,1,1.0,1.0,1.0,,
2026-04-17 14:10:11.520861+00:00,1,1_block,69155,35.1,5,4,3,,,0.75,xgb,2.008968609865471,False,0.0,VALIDATED,,,1,1.0,1.0,1.0,,
2026-04-17 14:10:11.520861+00:00,3,3_blocks,69155,35.1,5,4,3,,,0.75,xgb,2.008968609865471,False,0.0,VALIDATED,,,1,1.0,1.0,1.0,,
2026-04-17 14:10:11.520861+00:00,6,6_blocks,69155,35.1,5,4,3,,,0.75,xgb,2.008968609865471,False,0.0,VALIDATED,,,2,1.02,2.0,1.02,,
2026-04-17 15:15:03.253261+00:00,1,1_block,80842,38.2,9,8,6,,,0.75,xgb,2.008968609865471,False,0.0,VALIDATED,,,1,1.0,1.0,1.0,,
2026-04-17 15:15:03.253261+00:00,3,3_blocks,80842,38.2,9,8,6,,,0.75,xgb,2.0,False,0.0,VALIDATED,,,1,1.0,1.0,1.0,,
2026-04-17 15:15:03.253261+00:00,6,6_blocks,80842,38.2,9,8,6,,,0.75,xgb,2.0,False,0.0,VALIDATED,,,2,1.02,2.0,1.02,,
2026-04-17 16:15:25.224627+00:00,1,1_block,71283,36.1,8,6,4,,,0.75,xgb,2.0,False,0.0,VALIDATED,,,1,1.0,1.0,1.0,,
2026-04-17 16:15:25.224627+00:00,3,3_blocks,71283,36.1,8,6,4,,,0.75,xgb,3.5878378378378377,False,0.0,VALIDATED,,,1,1.0,1.0,1.0,,
2026-04-17 16:15:25.224627+00:00,6,6_blocks,71283,36.1,8,6,4,,,0.75,xgb,2.0,False,0.0,VALIDATED,,,1,1.0,1.0,1.0,,
2026-04-17 17:09:28.866075+00:00,1,1_block,69082,35.6,5,4,3,,,0.75,xgb,3.5878378378378377,False,0.0,VALIDATED,,,1,1.0,1.0,1.0,,
2026-04-17 17:09:28.866075+00:00,3,3_blocks,69082,35.6,5,4,3,,,0.75,xgb,1.0921985815602837,False,0.0,VALIDATED,,,1,1.0,1.0,1.0,,
2026-04-17 17:09:28.866075+00:00,6,6_blocks,69082,35.6,5,4,3,,,0.75,xgb,1.0921985815602837,False,0.0,VALIDATED,,,1,1.0,1.0,1.0,,
2026-04-17 18:03:22.823450+00:00,1,1_block,63056,33.9,2,2,1,,,0.75,xgb,2.0,False,0.0,VALIDATED,,,1,1.0,1.0,1.0,,
2026-04-17 18:03:22.823450+00:00,3,3_blocks,63056,33.9,2,2,1,,,0.75,xgb,1.0727272727272728,False,0.0,VALIDATED,,,1,1.0,1.0,1.0,,
2026-04-17 18:03:22.823450+00:00,6,6_blocks,63056,33.9,2,2,1,,,0.75,xgb,1.0727272727272728,False,0.0,VALIDATED,,,1,1.0,1.0,1.0,,
2026-04-17 19:17:40.833292+00:00,1,1_block,66220,34.8,4,3,1,,,0.514,"xgb,lgb",1.0727272727272728,False,0.0,VALIDATED,,,2,1.38,2.0,1.64,1.0,1.0
2026-04-17 19:17:40.833292+00:00,3,3_blocks,66220,34.8,4,3,1,,,0.996,"xgb,lgb",0.8181818181818182,False,0.0,VALIDATED,,,2,1.0,1.0,1.0,1.0,1.0
2026-04-17 19:17:40.833292+00:00,6,6_blocks,66220,34.8,4,3,1,,,1.0,"xgb,lgb",0.8181818181818182,False,0.0,VALIDATED,,,1,1.0,1.0,1.0,1.0,1.0
2026-04-17 20:08:22.351936+00:00,1,1_block,65268,34.5,3,3,1,,,0.5,"xgb,lgb",0.8181818181818182,False,0.0,VALIDATED,,,2,1.41,2.0,1.68,1.0,1.0
2026-04-17 20:08:22.351936+00:00,3,3_blocks,65268,34.5,3,3,1,,,0.996,"xgb,lgb",1.0,False,0.0,VALIDATED,,,2,1.0,1.0,1.0,1.0,1.0
2026-04-17 20:08:22.351936+00:00,6,6_blocks,65268,34.5,3,3,1,,,1.0,"xgb,lgb",0.8181818181818182,False,0.0,VALIDATED,,,1,1.0,1.0,1.0,1.0,1.0
2026-04-17 21:00:42.679706+00:00,1,1_block,69316,35.7,7,6,5,,,0.54,"xgb,lgb",1.0,False,0.0,VALIDATED,,,2,1.36,2.0,1.6,1.0,1.0
2026-04-17 21:00:42.679706+00:00,3,3_blocks,69316,35.7,7,6,5,,,0.5,"xgb,lgb",0.1714285714285714,False,0.0,VALIDATED,,,2,1.72,3.0,2.19,1.0,1.0
2026-04-17 21:00:42.679706+00:00,6,6_blocks,69316,35.7,7,6,5,,,0.5,"xgb,lgb",0.1714285714285714,False,0.0,VALIDATED,,,2,1.72,3.0,2.19,1.0,1.0
2026-04-17 21:53:04.356788+00:00,1,1_block,62070,33.1,3,1,1,,,0.537,"xgb,lgb",0.1714285714285714,False,0.0,VALIDATED,,,2,1.36,2.0,1.6,1.0,1.0
2026-04-17 21:53:04.356788+00:00,3,3_blocks,62070,33.1,3,1,1,,,0.814,"xgb,lgb",0.1587301587301587,False,0.0,VALIDATED,,,2,1.13,2.0,1.21,1.0,1.0
2026-04-17 21:53:04.356788+00:00,6,6_blocks,62070,33.1,3,1,1,,,0.81,"xgb,lgb",0.1587301587301587,False,0.0,VALIDATED,,,2,1.13,2.0,1.21,1.0,1.0
2026-04-17 22:33:32.668330+00:00,1,1_block,58546,32.5,2,1,1,,,0.537,"xgb,lgb",0.1587301587301587,False,0.0,VALIDATED,,,2,1.36,2.0,1.6,1.0,1.0
2026-04-17 22:33:32.668330+00:00,3,3_blocks,58546,32.5,2,1,1,,,0.781,"xgb,lgb",0.1587301587301587,False,0.0,VALIDATED,,,2,1.15,2.0,1.25,1.0,1.0
2026-04-17 22:33:32.668330+00:00,6,6_blocks,58546,32.5,2,1,1,,,0.777,"xgb,lgb",0.15,False,0.0,VALIDATED,,,2,1.15,2.0,1.25,1.0,1.0
2026-04-17 23:22:56.094191+00:00,1,1_block,52961,31.2,1,1,1,,,0.5,"xgb,lgb",0.1923076923076923,False,0.0,VALIDATED,,,2,1.44,2.0,1.73,1.0,1.0
2026-04-17 23:22:56.094191+00:00,3,3_blocks,52961,31.2,1,1,1,,,0.5,"xgb,lgb",0.15,False,0.0,VALIDATED,,,2,1.47,2.0,1.78,1.0,1.0
2026-04-17 23:22:56.094191+00:00,6,6_blocks,52961,31.2,1,1,1,,,0.5,"xgb,lgb",0.15,False,0.0,VALIDATED,,,2,1.47,2.0,1.78,1.0,1.0
2026-04-18 00:03:21.747977+00:00,1,1_block,43354,29.6,1,1,1,,,0.978,"xgb,lgb",0.1923076923076923,False,0.0,VALIDATED,,,2,1.01,2.0,1.02,1.0,1.0
2026-04-18 00:03:21.747977+00:00,3,3_blocks,43354,29.6,1,1,1,,,0.558,"xgb,lgb",0.15,False,0.0,VALIDATED,,,2,1.35,2.0,1.57,1.0,1.0
2026-04-18 00:03:21.747977+00:00,6,6_blocks,43354,29.6,1,1,1,,,0.554,"xgb,lgb",0.15,False,0.0,VALIDATED,,,2,1.34,2.0,1.57,1.0,1.0
2026-04-18 03:27:54.183084+00:00,1,1_block,55298,32.0,1,1,1,,,0.698,"xgb,lgb",0.1714285714285714,False,0.0,VALIDATED,,,2,1.21,2.0,1.36,1.0,1.0
2026-04-18 03:27:54.183084+00:00,3,3_blocks,55298,32.0,1,1,1,,,0.996,"xgb,lgb",0.1429171920975199,False,0.0,VALIDATED,,,2,1.0,1.0,1.0,1.0,1.0
2026-04-18 03:27:54.183084+00:00,6,6_blocks,55298,32.0,1,1,1,,,1.0,"xgb,lgb",0.1714285714285714,False,0.0,VALIDATED,,,1,1.0,1.0,1.0,1.0,1.0
2026-04-18 05:22:38.628833+00:00,1,1_block,54250,31.5,1,1,1,,,0.651,"xgb,lgb",0.1943462897526501,False,0.0,VALIDATED,,,2,1.25,2.0,1.42,1.0,1.0
2026-04-18 05:22:38.628833+00:00,3,3_blocks,54250,31.5,1,1,1,,,0.996,"xgb,lgb",0.1714285714285714,False,0.0,VALIDATED,,,2,1.0,1.0,1.0,1.0,1.0
2026-04-18 05:22:38.628833+00:00,6,6_blocks,54250,31.5,1,1,1,,,1.0,"xgb,lgb",0.1465201465201465,False,0.0,VALIDATED,,,1,1.0,1.0,1.0,1.0,1.0
2026-04-18 06:44:57.425701+00:00,1,1_block,55205,31.7,1,1,1,,,0.767,"xgb,lgb",0.1785714285714285,False,0.0,VALIDATED,,,2,1.26,2.0,1.38,2.0,1.09
2026-04-18 06:44:57.425701+00:00,3,3_blocks,55205,31.7,1,1,1,,,0.996,"xgb,lgb",0.1465201465201465,False,0.0,VALIDATED,,,2,1.0,1.0,1.0,1.0,1.0
2026-04-18 06:44:57.425701+00:00,6,6_blocks,55205,31.7,1,1,1,,,0.937,"xgb,lgb",0.1465201465201465,False,0.0,VALIDATED,,,2,1.03,1.0,1.0,2.0,1.06
2026-04-18 07:48:17.823143+00:00,1,1_block,52477,31.1,1,1,1,,,0.86,"xgb,lgb",1.0,False,0.0,VALIDATED,,,2,1.09,2.0,1.15,1.0,1.0
2026-04-18 07:48:17.823143+00:00,3,3_blocks,52477,31.1,1,1,1,,,0.67,"xgb,lgb",0.1785714285714285,False,0.0,VALIDATED,,,2,1.24,2.0,1.4,1.0,1.0
2026-04-18 07:48:17.823143+00:00,6,6_blocks,52477,31.1,1,1,1,,,0.666,"xgb,lgb",0.1382113821138211,False,0.0,VALIDATED,,,2,1.24,2.0,1.4,1.0,1.0
2026-04-18 08:32:52.923556+00:00,1,1_block,55485,31.7,1,1,1,,,0.617,"xgb,lgb",1.0,False,0.0,VALIDATED,,,2,1.28,2.0,1.47,1.0,1.0
2026-04-18 08:32:52.923556+00:00,3,3_blocks,55485,31.7,1,1,1,,,0.996,"xgb,lgb",0.15,False,0.0,VALIDATED,,,2,1.0,1.0,1.0,1.0,1.0
2026-04-18 08:32:52.923556+00:00,6,6_blocks,55485,31.7,1,1,1,,,1.0,"xgb,lgb",0.15,False,0.0,VALIDATED,,,1,1.0,1.0,1.0,1.0,1.0
2026-04-18 09:31:31.349552+00:00,1,1_block,55163,31.8,2,1,1,,,0.5,"xgb,lgb",1.8786610878661087,False,0.0,VALIDATED,,,2,1.49,2.0,1.82,1.0,1.0
2026-04-18 09:31:31.349552+00:00,3,3_blocks,55163,31.8,2,1,1,,,0.996,"xgb,lgb",0.15,False,0.0,VALIDATED,,,2,1.0,1.0,1.0,1.0,1.0
2026-04-18 09:31:31.349552+00:00,6,6_blocks,55163,31.8,2,1,1,,,1.0,"xgb,lgb",0.1366906474820144,False,0.0,VALIDATED,,,1,1.0,1.0,1.0,1.0,1.0
2026-04-18 10:24:28.631866+00:00,1,1_block,58855,32.2,2,1,1,,,0.673,"xgb,lgb",0.1428571428571428,False,0.0,VALIDATED,,,2,1.64,2.0,1.84,2.0,1.33
2026-04-18 10:24:28.631866+00:00,3,3_blocks,58855,32.2,2,1,1,,,0.996,"xgb,lgb",0.1366906474820144,False,0.0,VALIDATED,,,2,1.0,1.0,1.0,1.0,1.0
2026-04-18 10:24:28.631866+00:00,6,6_blocks,58855,32.2,2,1,1,,,1.0,"xgb,lgb",0.1507936507936507,False,0.0,VALIDATED,,,1,1.0,1.0,1.0,1.0,1.0
2026-04-18 11:06:46.967275+00:00,1,1_block,50792,31.0,2,1,1,,,0.654,"xgb,lgb",0.1428571428571428,False,0.0,VALIDATED,,,2,1.25,2.0,1.42,1.0,1.0
2026-04-18 11:06:46.967275+00:00,3,3_blocks,50792,31.0,2,1,1,,,0.996,"xgb,lgb",0.1507936507936507,False,0.0,VALIDATED,,,2,1.0,1.0,1.0,1.0,1.0
2026-04-18 11:06:46.967275+00:00,6,6_blocks,50792,31.0,2,1,1,,,1.0,"xgb,lgb",0.1507936507936507,False,0.0,VALIDATED,,,1,1.0,1.0,1.0,1.0,1.0
2026-04-18 11:48:20.189017+00:00,1,1_block,54590,31.5,1,1,1,,,0.5,"xgb,lgb",0.1571428571428571,False,0.0,VALIDATED,,,2,1.55,2.0,1.92,1.0,1.0
2026-04-18 11:48:20.189017+00:00,3,3_blocks,54590,31.5,1,1,1,,,0.5,"xgb,lgb",0.1507936507936507,False,0.0,VALIDATED,,,2,1.72,3.0,2.2,1.0,1.0
2026-04-18 11:48:20.189017+00:00,6,6_blocks,54590,31.5,1,1,1,,,0.5,"xgb,lgb",0.1507936507936507,False,0.0,VALIDATED,,,2,1.72,3.0,2.2,1.0,1.0
2026-04-18 12:28:12.064809+00:00,1,1_block,50753,31.0,1,1,1,,,0.693,"xgb,lgb",1.0,False,0.0,VALIDATED,,,2,1.22,2.0,1.36,1.0,1.0
2026-04-18 12:28:12.064809+00:00,3,3_blocks,50753,31.0,1,1,1,,,0.5,"xgb,lgb",0.1507936507936507,False,0.0,VALIDATED,,,2,1.56,2.0,1.92,1.0,1.0
2026-04-18 12:28:12.064809+00:00,6,6_blocks,50753,31.0,1,1,1,,,0.5,"xgb,lgb",0.1507936507936507,False,0.0,VALIDATED,,,2,1.55,2.0,1.92,1.0,1.0
2026-04-18 13:41:10.722168+00:00,1,1_block,50330,30.8,1,1,1,,,0.535,"xgb,lgb",1.0,False,0.0,VALIDATED,,,2,1.36,2.0,1.61,1.0,1.0
2026-04-18 13:41:10.722168+00:00,3,3_blocks,50330,30.8,1,1,1,,,0.734,"xgb,lgb",0.1507936507936507,False,0.0,VALIDATED,,,2,1.19,2.0,1.31,1.0,1.0
2026-04-18 13:41:10.722168+00:00,6,6_blocks,50330,30.8,1,1,1,,,0.73,"xgb,lgb",0.1642857142857142,False,0.0,VALIDATED,,,2,1.19,2.0,1.31,1.0,1.0
2026-04-18 14:25:03.605668+00:00,1,1_block,57329,32.5,3,2,1,,,0.565,"xgb,lgb",0.1642857142857142,False,0.0,VALIDATED,,,2,1.33,2.0,1.56,1.0,1.0
2026-04-18 14:25:03.605668+00:00,3,3_blocks,57329,32.5,3,2,1,,,0.996,"xgb,lgb",0.1642857142857142,False,0.0,VALIDATED,,,2,1.0,1.0,1.0,1.0,1.0
2026-04-18 14:25:03.605668+00:00,6,6_blocks,57329,32.5,3,2,1,,,1.0,"xgb,lgb",0.1517006802721088,False,0.0,VALIDATED,,,1,1.0,1.0,1.0,1.0,1.0
2026-04-18 15:05:09.470199+00:00,1,1_block,56751,32.6,3,2,1,,,0.601,"xgb,lgb",0.1642857142857142,False,0.0,VALIDATED,,,2,1.71,2.0,1.98,2.0,1.32
2026-04-18 15:05:09.470199+00:00,3,3_blocks,56751,32.6,3,2,1,,,0.754,"xgb,lgb",0.1517006802721088,False,0.0,VALIDATED,,,2,1.17,2.0,1.29,1.0,1.0
2026-04-18 15:05:09.470199+00:00,6,6_blocks,56751,32.6,3,2,1,,,0.75,"xgb,lgb",0.1517006802721088,False,0.0,VALIDATED,,,2,1.17,2.0,1.29,1.0,1.0
2026-04-18 15:51:54.128352+00:00,1,1_block,49372,30.7,1,1,1,,,0.74,"xgb,lgb",0.1517006802721088,False,0.0,VALIDATED,,,2,1.18,2.0,1.3,1.0,1.0
2026-04-18 15:51:54.128352+00:00,3,3_blocks,49372,30.7,1,1,1,,,0.996,"xgb,lgb",0.1571428571428571,False,0.0,VALIDATED,,,2,1.0,1.0,1.0,1.0,1.0
2026-04-18 15:51:54.128352+00:00,6,6_blocks,49372,30.7,1,1,1,,,1.0,"xgb,lgb",0.1571428571428571,False,0.0,VALIDATED,,,1,1.0,1.0,1.0,1.0,1.0
2026-04-18 16:33:27.196369+00:00,1,1_block,49674,30.7,1,1,1,,,0.664,"xgb,lgb",0.1571428571428571,False,0.0,VALIDATED,,,2,1.24,2.0,1.4,1.0,1.0
2026-04-18 16:33:27.196369+00:00,3,3_blocks,49674,30.7,1,1,1,,,0.932,"xgb,lgb",0.1571428571428571,False,0.0,VALIDATED,,,2,1.05,2.0,1.07,1.0,1.0
2026-04-18 16:33:27.196369+00:00,6,6_blocks,49674,30.7,1,1,1,,,0.928,"xgb,lgb",0.1428571428571428,False,0.0,VALIDATED,,,2,1.04,2.0,1.07,1.0,1.0
2026-04-18 17:10:18.714499+00:00,1,1_block,58592,33.2,4,3,1,,,0.858,"xgb,lgb",0.1432142857142857,False,0.0,VALIDATED,,,2,1.09,2.0,1.15,1.0,1.0
2026-04-18 17:10:18.714499+00:00,3,3_blocks,58592,33.2,4,3,1,,,0.996,"xgb,lgb",0.1428571428571428,False,0.0,VALIDATED,,,2,1.0,1.0,1.0,1.0,1.0
2026-04-18 17:10:18.714499+00:00,6,6_blocks,58592,33.2,4,3,1,,,1.0,"xgb,lgb",0.1428571428571428,False,0.0,VALIDATED,,,1,1.0,1.0,1.0,1.0,1.0
2026-04-18 17:53:24.403467+00:00,1,1_block,53922,31.8,2,1,1,,,0.5,"xgb,lgb",0.1432142857142857,False,0.0,VALIDATED,,,2,1.54,2.0,1.89,1.0,1.0
2026-04-18 17:53:24.403467+00:00,3,3_blocks,53922,31.8,2,1,1,,,0.718,"xgb,lgb",0.15,False,0.0,VALIDATED,,,2,1.2,2.0,1.33,1.0,1.0
2026-04-18 17:53:24.403467+00:00,6,6_blocks,53922,31.8,2,1,1,,,0.714,"xgb,lgb",0.15,False,0.0,VALIDATED,,,2,1.2,2.0,1.33,1.0,1.0
2026-04-18 18:39:37.163420+00:00,1,1_block,49932,30.8,1,1,1,,,0.5,"xgb,lgb",0.1587301587301587,False,0.0,VALIDATED,,,2,1.47,2.0,1.78,1.0,1.0
2026-04-18 18:39:37.163420+00:00,3,3_blocks,49932,30.8,1,1,1,,,0.735,"xgb,lgb",0.15,False,0.0,VALIDATED,,,2,1.19,2.0,1.31,1.0,1.0
2026-04-18 18:39:37.163420+00:00,6,6_blocks,49932,30.8,1,1,1,,,0.731,"xgb,lgb",0.15,False,0.0,VALIDATED,,,2,1.19,2.0,1.31,1.0,1.0
2026-04-18 19:29:15.487467+00:00,1,1_block,54844,31.7,2,1,1,,,0.5,"xgb,lgb",0.1642857142857142,False,0.0,VALIDATED,,,2,1.65,3.0,2.08,1.0,1.0
2026-04-18 19:29:15.487467+00:00,3,3_blocks,54844,31.7,2,1,1,,,0.56,"xgb,lgb",0.1587301587301587,False,0.0,VALIDATED,,,2,1.34,2.0,1.57,1.0,1.0
2026-04-18 19:29:15.487467+00:00,6,6_blocks,54844,31.7,2,1,1,,,0.557,"xgb,lgb",0.1571428571428571,False,0.0,VALIDATED,,,2,1.34,2.0,1.57,1.0,1.0
2026-04-18 20:00:58.674070+00:00,1,1_block,54690,31.7,1,1,1,,,0.5,"xgb,lgb",0.1642857142857142,False,0.0,VALIDATED,,,2,1.63,3.0,2.05,1.0,1.0
2026-04-18 20:00:58.674070+00:00,3,3_blocks,54690,31.7,1,1,1,,,0.996,"xgb,lgb",0.1571428571428571,False,0.0,VALIDATED,,,2,1.0,1.0,1.0,1.0,1.0
2026-04-18 20:00:58.674070+00:00,6,6_blocks,54690,31.7,1,1,1,,,1.0,"xgb,lgb",0.1571428571428571,False,0.0,VALIDATED,,,1,1.0,1.0,1.0,1.0,1.0
2026-04-18 20:47:15.925580+00:00,1,1_block,46494,30.4,1,1,1,,,0.988,"xgb,lgb",1.0,False,0.0,VALIDATED,,,2,1.31,2.0,1.31,2.0,1.32
2026-04-18 20:47:15.925580+00:00,3,3_blocks,46494,30.4,1,1,1,,,0.921,"xgb,lgb",0.1428571428571428,False,0.0,VALIDATED,,,2,1.05,2.0,1.09,1.0,1.0
2026-04-18 20:47:15.925580+00:00,6,6_blocks,46494,30.4,1,1,1,,,0.917,"xgb,lgb",0.1428571428571428,False,0.0,VALIDATED,,,2,1.05,2.0,1.09,1.0,1.0
2026-04-18 21:21:09.149306+00:00,1,1_block,50834,31.1,1,1,1,,,0.848,"xgb,lgb",0.1428571428571428,False,0.0,VALIDATED,,,2,1.37,2.0,1.45,2.0,1.24
2026-04-18 21:21:09.149306+00:00,3,3_blocks,50834,31.1,1,1,1,,,0.804,"xgb,lgb",0.1428571428571428,False,0.0,VALIDATED,,,2,1.14,2.0,1.22,1.0,1.0
2026-04-18 21:21:09.149306+00:00,6,6_blocks,50834,31.1,1,1,1,,,0.8,"xgb,lgb",0.1366906474820144,False,0.0,VALIDATED,,,2,1.13,2.0,1.22,1.0,1.0
2026-04-18 21:55:01.408132+00:00,1,1_block,44817,30.1,1,1,1,,,0.5,"xgb,lgb",0.1428571428571428,False,0.0,VALIDATED,,,2,1.54,2.0,1.91,1.0,1.0
2026-04-18 21:55:01.408132+00:00,3,3_blocks,44817,30.1,1,1,1,,,0.996,"xgb,lgb",0.1366906474820144,False,0.0,VALIDATED,,,2,1.0,1.0,1.0,1.0,1.0
2026-04-18 21:55:01.408132+00:00,6,6_blocks,44817,30.1,1,1,1,,,1.0,"xgb,lgb",0.1366906474820144,False,0.0,VALIDATED,,,1,1.0,1.0,1.0,1.0,1.0
2026-04-18 22:28:42.380138+00:00,1,1_block,49406,30.8,1,1,1,,,0.845,"xgb,lgb",0.1428571428571428,False,0.0,VALIDATED,,,2,1.1,2.0,1.17,1.0,1.0
2026-04-18 22:28:42.380138+00:00,3,3_blocks,49406,30.8,1,1,1,,,0.996,"xgb,lgb",0.1366906474820144,False,0.0,VALIDATED,,,2,1.0,1.0,1.0,1.0,1.0
2026-04-18 22:28:42.380138+00:00,6,6_blocks,49406,30.8,1,1,1,,,1.0,"xgb,lgb",0.1428571428571428,False,0.0,VALIDATED,,,1,1.0,1.0,1.0,1.0,1.0
2026-04-18 23:04:21.982588+00:00,1,1_block,43657,30.3,2,1,1,,,1.0,"xgb,lgb",0.1428571428571428,False,0.0,VALIDATED,,,1,1.0,1.0,1.0,1.0,1.0
2026-04-18 23:04:21.982588+00:00,3,3_blocks,43657,30.3,2,1,1,,,0.996,"xgb,lgb",0.1428571428571428,False,0.0,VALIDATED,,,2,1.0,1.0,1.0,1.0,1.0
2026-04-18 23:04:21.982588+00:00,6,6_blocks,43657,30.3,2,1,1,,,1.0,"xgb,lgb",0.1428571428571428,False,0.0,VALIDATED,,,1,1.0,1.0,1.0,1.0,1.0
2026-04-18 23:49:23.190966+00:00,1,1_block,47268,31.0,2,1,1,,,0.629,"xgb,lgb",0.1438848920863309,False,0.0,VALIDATED,,,2,1.27,2.0,1.45,1.0,1.0
2026-04-18 23:49:23.190966+00:00,3,3_blocks,47268,31.0,2,1,1,,,0.938,"xgb,lgb",0.1428571428571428,False,0.0,VALIDATED,,,2,1.04,2.0,1.07,1.0,1.0
2026-04-18 23:49:23.190966+00:00,6,6_blocks,47268,31.0,2,1,1,,,0.934,"xgb,lgb",0.1428571428571428,False,0.0,VALIDATED,,,2,1.04,2.0,1.07,1.0,1.0
2026-04-19 01:12:49.408097+00:00,1,1_block,36703,28.9,1,1,1,,,0.898,"xgb,lgb",0.15,False,0.0,VALIDATED,,,2,1.06,2.0,1.11,1.0,1.0
2026-04-19 01:12:49.408097+00:00,3,3_blocks,36703,28.9,1,1,1,,,0.996,"xgb,lgb",0.1428571428571428,False,0.0,VALIDATED,,,2,1.0,1.0,1.0,1.0,1.0
2026-04-19 01:12:49.408097+00:00,6,6_blocks,36703,28.9,1,1,1,,,1.0,"xgb,lgb",0.1357142857142857,False,0.0,VALIDATED,,,1,1.0,1.0,1.0,1.0,1.0
2026-04-19 04:25:42.958240+00:00,1,1_block,43341,30.2,2,1,1,,,0.707,"xgb,lgb",0.1507936507936507,False,0.0,VALIDATED,,,2,1.21,2.0,1.34,1.0,1.0
2026-04-19 04:25:42.958240+00:00,3,3_blocks,43341,30.2,2,1,1,,,0.996,"xgb,lgb",0.1507936507936507,False,0.0,VALIDATED,,,2,1.0,1.0,1.0,1.0,1.0
2026-04-19 04:25:42.958240+00:00,6,6_blocks,43341,30.2,2,1,1,,,1.0,"xgb,lgb",0.15,False,0.0,VALIDATED,,,1,1.0,1.0,1.0,1.0,1.0
2026-04-19 06:14:01.825458+00:00,1,1_block,47662,30.6,1,1,1,,,0.851,"xgb,lgb",0.152317880794702,False,0.0,VALIDATED,,,2,1.34,2.0,1.42,2.0,1.22
2026-04-19 06:14:01.825458+00:00,3,3_blocks,47662,30.6,1,1,1,,,0.996,"xgb,lgb",0.15,False,0.0,VALIDATED,,,2,1.0,1.0,1.0,1.0,1.0
2026-04-19 06:14:01.825458+00:00,6,6_blocks,47662,30.6,1,1,1,,,1.0,"xgb,lgb",0.15,False,0.0,VALIDATED,,,1,1.0,1.0,1.0,1.0,1.0
2026-04-19 07:48:45.210307+00:00,1,1_block,46418,30.3,1,1,1,,,0.915,"xgb,lgb",0.1513513513513513,False,0.0,VALIDATED,,,2,1.1,2.0,1.14,2.0,1.05
2026-04-19 07:48:45.210307+00:00,3,3_blocks,46418,30.3,1,1,1,,,0.996,"xgb,lgb",0.1513513513513513,False,0.0,VALIDATED,,,2,1.0,1.0,1.0,1.0,1.0
2026-04-19 07:48:45.210307+00:00,6,6_blocks,46418,30.3,1,1,1,,,1.0,"xgb,lgb",0.1505376344086021,False,0.0,VALIDATED,,,1,1.0,1.0,1.0,1.0,1.0
2026-04-19 08:38:38.898842+00:00,1,1_block,58245,32.3,2,1,1,,,0.562,"xgb,lgb",0.1513513513513513,False,0.0,VALIDATED,,,2,1.34,2.0,1.56,1.0,1.0
2026-04-19 08:38:38.898842+00:00,3,3_blocks,58245,32.3,2,1,1,,,0.92,"xgb,lgb",0.1507936507936507,False,0.0,VALIDATED,,,2,1.05,2.0,1.09,1.0,1.0
2026-04-19 08:38:38.898842+00:00,6,6_blocks,58245,32.3,2,1,1,,,0.916,"xgb,lgb",0.1507936507936507,False,0.0,VALIDATED,,,2,1.05,2.0,1.09,1.0,1.0
2026-04-19 09:29:06.594549+00:00,1,1_block,51442,30.9,1,1,1,,,0.605,"xgb,lgb",0.1511936339522546,False,0.0,VALIDATED,,,2,1.3,2.0,1.49,1.0,1.0
2026-04-19 09:29:06.594549+00:00,3,3_blocks,51442,30.9,1,1,1,,,0.541,"xgb,lgb",0.1511936339522546,False,0.0,VALIDATED,,,2,1.36,2.0,1.6,1.0,1.0
2026-04-19 09:29:06.594549+00:00,6,6_blocks,51442,30.9,1,1,1,,,0.537,"xgb,lgb",0.1507936507936507,False,0.0,VALIDATED,,,2,1.36,2.0,1.6,1.0,1.0
2026-04-19 10:09:05.659082+00:00,1,1_block,56225,31.6,1,1,1,,,0.653,"xgb,lgb",0.1511936339522546,False,0.0,VALIDATED,,,2,1.25,2.0,1.42,1.0,1.0
2026-04-19 10:09:05.659082+00:00,3,3_blocks,56225,31.6,1,1,1,,,0.507,"xgb,lgb",0.1507936507936507,False,0.0,VALIDATED,,,2,1.4,2.0,1.66,1.0,1.0
2026-04-19 10:09:05.659082+00:00,6,6_blocks,56225,31.6,1,1,1,,,0.503,"xgb,lgb",0.1507936507936507,False,0.0,VALIDATED,,,2,1.4,2.0,1.66,1.0,1.0
2026-04-19 10:58:59.432139+00:00,1,1_block,56008,31.6,1,1,1,,,0.677,"xgb,lgb",0.1507936507936507,False,0.0,VALIDATED,,,2,1.23,2.0,1.39,1.0,1.0
2026-04-19 10:58:59.432139+00:00,3,3_blocks,56008,31.6,1,1,1,,,0.832,"xgb,lgb",0.1507936507936507,False,0.0,VALIDATED,,,2,1.11,2.0,1.19,1.0,1.0
2026-04-19 10:58:59.432139+00:00,6,6_blocks,56008,31.6,1,1,1,,,0.828,"xgb,lgb",0.1507936507936507,False,0.0,VALIDATED,,,2,1.11,2.0,1.19,1.0,1.0
2026-04-19 11:44:03.690030+00:00,1,1_block,56408,31.9,1,1,1,,,0.603,"xgb,lgb",0.1507936507936507,False,0.0,VALIDATED,,,2,1.3,2.0,1.5,1.0,1.0
2026-04-19 11:44:03.690030+00:00,3,3_blocks,56408,31.9,1,1,1,,,0.876,"xgb,lgb",0.1507936507936507,False,0.0,VALIDATED,,,2,1.08,2.0,1.14,1.0,1.0
2026-04-19 11:44:03.690030+00:00,6,6_blocks,56408,31.9,1,1,1,,,0.872,"xgb,lgb",0.1428571428571428,False,0.0,VALIDATED,,,2,1.08,2.0,1.14,1.0,1.0
2026-04-19 12:02:42.852910+00:00,1,1_block,53987,31.3,1,1,1,,,0.644,"xgb,lgb",0.1507936507936507,False,0.0,VALIDATED,,,2,1.26,2.0,1.43,1.0,1.0
2026-04-19 12:02:42.852910+00:00,3,3_blocks,53987,31.3,1,1,1,,,0.525,"xgb,lgb",0.1428571428571428,False,0.0,VALIDATED,,,2,1.38,2.0,1.63,1.0,1.0
2026-04-19 12:02:42.852910+00:00,6,6_blocks,53987,31.3,1,1,1,,,0.521,"xgb,lgb",0.1428571428571428,False,0.0,VALIDATED,,,2,1.38,2.0,1.63,1.0,1.0
2026-04-19 13:24:12.704565+00:00,1,1_block,50332,31.0,1,1,1,,,0.691,"xgb,lgb",0.1428571428571428,False,0.0,VALIDATED,,,2,1.22,2.0,1.37,1.0,1.0
2026-04-19 13:24:12.704565+00:00,3,3_blocks,50332,31.0,1,1,1,,,0.96,"xgb,lgb",0.1428571428571428,False,0.0,VALIDATED,,,2,1.03,2.0,1.04,1.0,1.0
2026-04-19 13:24:12.704565+00:00,6,6_blocks,50332,31.0,1,1,1,,,0.956,"xgb,lgb",0.1428571428571428,False,0.0,VALIDATED,,,2,1.03,2.0,1.04,1.0,1.0
2026-04-19 14:10:02.283151+00:00,1,1_block,51680,31.4,2,1,1,,,0.525,"xgb,lgb",0.1642938496583143,False,0.0,VALIDATED,,,2,1.37,2.0,1.62,1.0,1.0
2026-04-19 14:10:02.283151+00:00,3,3_blocks,51680,31.4,2,1,1,,,0.854,"xgb,lgb",0.1502590673575129,False,0.0,VALIDATED,,,2,1.1,2.0,1.16,1.0,1.0
2026-04-19 14:10:02.283151+00:00,6,6_blocks,51680,31.4,2,1,1,,,0.85,"xgb,lgb",0.1502590673575129,False,0.0,VALIDATED,,,2,1.1,2.0,1.16,1.0,1.0
2026-04-19 14:57:43.448620+00:00,1,1_block,49049,30.8,1,1,1,,,0.869,"xgb,lgb",0.1502590673575129,False,0.0,VALIDATED,,,2,1.08,2.0,1.14,1.0,1.0
2026-04-19 14:57:43.448620+00:00,3,3_blocks,49049,30.8,1,1,1,,,0.996,"xgb,lgb",1.0,False,0.0,VALIDATED,,,2,1.0,1.0,1.0,1.0,1.0
2026-04-19 14:57:43.448620+00:00,6,6_blocks,49049,30.8,1,1,1,,,1.0,"xgb,lgb",0.1431980906921241,False,0.0,VALIDATED,,,1,1.0,1.0,1.0,1.0,1.0
2026-04-19 15:46:39.308564+00:00,1,1_block,52463,31.6,2,1,1,,,0.624,"xgb,lgb",1.0,False,0.0,VALIDATED,,,2,1.28,2.0,1.46,1.0,1.0
2026-04-19 15:46:39.308564+00:00,3,3_blocks,52463,31.6,2,1,1,,,0.996,"xgb,lgb",1.0,False,0.0,VALIDATED,,,2,1.0,1.0,1.0,1.0,1.0
2026-04-19 15:46:39.308564+00:00,6,6_blocks,52463,31.6,2,1,1,,,1.0,"xgb,lgb",0.131578947368421,False,0.0,VALIDATED,,,1,1.0,1.0,1.0,1.0,1.0
2026-04-19 16:06:50.161492+00:00,1,1_block,52430,31.7,2,1,1,,,0.818,"xgb,lgb",1.0,False,0.0,VALIDATED,,,2,1.46,2.0,1.56,2.0,1.3
2026-04-19 16:06:50.161492+00:00,3,3_blocks,52430,31.7,2,1,1,,,0.996,"xgb,lgb",0.131578947368421,False,0.0,VALIDATED,,,2,1.0,1.0,1.0,1.0,1.0
2026-04-19 16:06:50.161492+00:00,6,6_blocks,52430,31.7,2,1,1,,,1.0,"xgb,lgb",0.131578947368421,False,0.0,VALIDATED,,,1,1.0,1.0,1.0,1.0,1.0
2026-04-19 16:56:54.792089+00:00,1,1_block,38550,28.8,1,1,1,,,1.0,"xgb,lgb",0.131578947368421,False,0.0,VALIDATED,,,1,1.0,1.0,1.0,1.0,1.0
2026-04-19 16:56:54.792089+00:00,3,3_blocks,38550,28.8,1,1,1,,,0.5,"xgb,lgb",0.1438848920863309,False,0.0,VALIDATED,,,4,3.01,5.0,4.35,1.0,1.0
2026-04-19 16:56:54.792089+00:00,6,6_blocks,38550,28.8,1,1,1,,,0.5,"xgb,lgb",0.131578947368421,False,0.0,VALIDATED,,,4,3.01,5.0,4.35,1.0,1.0
2026-04-19 17:44:17.051703+00:00,1,1_block,47490,30.2,1,1,1,,,1.0,"xgb,lgb",1.0,False,0.0,VALIDATED,,,1,1.0,1.0,1.0,1.0,1.0
2026-04-19 17:44:17.051703+00:00,3,3_blocks,47490,30.2,1,1,1,,,0.687,"xgb,lgb",0.1438848920863309,False,0.0,VALIDATED,,,2,1.23,2.0,1.38,1.0,1.0
2026-04-19 17:44:17.051703+00:00,6,6_blocks,47490,30.2,1,1,1,,,0.683,"xgb,lgb",0.1428571428571428,False,0.0,VALIDATED,,,2,1.23,2.0,1.38,1.0,1.0
2026-04-19 18:06:48.128662+00:00,1,1_block,50357,30.9,2,1,1,,,0.5,"xgb,lgb",1.0,False,0.0,VALIDATED,,,2,1.69,3.0,2.15,1.0,1.0
2026-04-19 18:06:48.128662+00:00,3,3_blocks,50357,30.9,2,1,1,,,0.5,"xgb,lgb",0.1428571428571428,False,0.0,VALIDATED,,,2,1.52,2.0,1.87,1.0,1.0
2026-04-19 18:06:48.128662+00:00,6,6_blocks,50357,30.9,2,1,1,,,0.5,"xgb,lgb",0.1428571428571428,False,0.0,VALIDATED,,,2,1.52,2.0,1.87,1.0,1.0
2026-04-19 19:07:18.394974+00:00,1,1_block,48151,30.3,1,1,1,,,0.604,"xgb,lgb",0.1428571428571428,False,0.0,VALIDATED,,,2,1.36,2.0,1.57,2.0,1.05
2026-04-19 19:07:18.394974+00:00,3,3_blocks,48151,30.3,1,1,1,,,0.996,"xgb,lgb",0.1428571428571428,False,0.0,VALIDATED,,,2,1.0,1.0,1.0,1.0,1.0
2026-04-19 19:07:18.394974+00:00,6,6_blocks,48151,30.3,1,1,1,,,1.0,"xgb,lgb",0.1428571428571428,False,0.0,VALIDATED,,,1,1.0,1.0,1.0,1.0,1.0
2026-04-19 19:51:03.298039+00:00,1,1_block,50897,31.0,2,1,1,,,0.823,"xgb,lgb",1.0,False,0.0,VALIDATED,,,2,1.46,2.0,1.56,2.0,1.31
2026-04-19 19:51:03.298039+00:00,3,3_blocks,50897,31.0,2,1,1,,,0.805,"xgb,lgb",0.1428571428571428,False,0.0,VALIDATED,,,2,1.13,2.0,1.22,1.0,1.0
2026-04-19 19:51:03.298039+00:00,6,6_blocks,50897,31.0,2,1,1,,,0.801,"xgb,lgb",0.1428571428571428,False,0.0,VALIDATED,,,2,1.13,2.0,1.22,1.0,1.0
2026-04-19 20:21:52.945316+00:00,1,1_block,52643,31.5,2,1,1,,,0.695,"xgb,lgb",0.1428571428571428,False,0.0,VALIDATED,,,2,1.61,2.0,1.8,2.0,1.32
2026-04-19 20:21:52.945316+00:00,3,3_blocks,52643,31.5,2,1,1,,,0.979,"xgb,lgb",0.1428571428571428,False,0.0,VALIDATED,,,2,1.02,2.0,1.03,1.0,1.0
2026-04-19 20:21:52.945316+00:00,6,6_blocks,52643,31.5,2,1,1,,,0.975,"xgb,lgb",0.1428571428571428,False,0.0,VALIDATED,,,2,1.02,2.0,1.03,1.0,1.0
2026-04-19 21:02:34.600371+00:00,1,1_block,52990,31.5,2,1,1,,,0.5,"xgb,lgb",0.1428571428571428,False,0.0,VALIDATED,,,3,2.08,3.0,2.63,2.0,1.25
2026-04-19 21:02:34.600371+00:00,3,3_blocks,52990,31.5,2,1,1,,,0.536,"xgb,lgb",0.1428571428571428,False,0.0,VALIDATED,,,2,1.37,2.0,1.61,1.0,1.0
2026-04-19 21:02:34.600371+00:00,6,6_blocks,52990,31.5,2,1,1,,,0.532,"xgb,lgb",0.1428571428571428,False,0.0,VALIDATED,,,2,1.37,2.0,1.61,1.0,1.0
2026-04-19 21:49:54.622830+00:00,1,1_block,46276,30.0,1,1,1,,,0.651,"xgb,lgb",0.1428571428571428,False,0.0,VALIDATED,,,2,1.25,2.0,1.42,1.0,1.0
2026-04-19 21:49:54.622830+00:00,3,3_blocks,46276,30.0,1,1,1,,,0.996,"xgb,lgb",0.1428571428571428,False,0.0,VALIDATED,,,2,1.0,1.0,1.0,1.0,1.0
2026-04-19 21:49:54.622830+00:00,6,6_blocks,46276,30.0,1,1,1,,,1.0,"xgb,lgb",0.1428571428571428,False,0.0,VALIDATED,,,1,1.0,1.0,1.0,1.0,1.0
2026-04-19 22:20:21.347258+00:00,1,1_block,46521,30.1,1,1,1,,,1.0,"xgb,lgb",0.1428571428571428,False,0.0,VALIDATED,,,1,1.0,1.0,1.0,1.0,1.0
2026-04-19 22:20:21.347258+00:00,3,3_blocks,46521,30.1,1,1,1,,,0.996,"xgb,lgb",0.1428571428571428,False,0.0,VALIDATED,,,2,1.0,1.0,1.0,1.0,1.0
2026-04-19 22:20:21.347258+00:00,6,6_blocks,46521,30.1,1,1,1,,,1.0,"xgb,lgb",0.1428571428571428,False,0.0,VALIDATED,,,1,1.0,1.0,1.0,1.0,1.0
2026-04-19 22:59:35.113882+00:00,1,1_block,48156,30.7,1,1,1,,,1.0,"xgb,lgb",0.1428571428571428,False,0.0,VALIDATED,,,1,1.0,1.0,1.0,1.0,1.0
2026-04-19 22:59:35.113882+00:00,3,3_blocks,48156,30.7,1,1,1,,,0.996,"xgb,lgb",0.1489361702127659,False,0.0,VALIDATED,,,2,1.0,1.0,1.0,1.0,1.0
2026-04-19 22:59:35.113882+00:00,6,6_blocks,48156,30.7,1,1,1,,,1.0,"xgb,lgb",0.1428571428571428,False,0.0,VALIDATED,,,1,1.0,1.0,1.0,1.0,1.0
2026-04-19 23:44:16.137881+00:00,1,1_block,47332,30.4,2,1,1,,,0.921,"xgb,lgb",0.1507936507936507,False,0.0,VALIDATED,,,2,1.05,2.0,1.08,1.0,1.0
2026-04-19 23:44:16.137881+00:00,3,3_blocks,47332,30.4,2,1,1,,,0.5,"xgb,lgb",0.1489361702127659,False,0.0,VALIDATED,,,2,1.57,2.0,1.95,1.0,1.0
2026-04-19 23:44:16.137881+00:00,6,6_blocks,47332,30.4,2,1,1,,,0.5,"xgb,lgb",0.1428571428571428,False,0.0,VALIDATED,,,2,1.57,2.0,1.95,1.0,1.0
2026-04-20 01:12:14.702607+00:00,1,1_block,52109,31.0,1,1,1,,,0.823,"xgb,lgb",0.131578947368421,False,0.0,VALIDATED,,,2,1.12,2.0,1.19,1.0,1.0
2026-04-20 01:12:14.702607+00:00,3,3_blocks,52109,31.0,1,1,1,,,0.826,"xgb,lgb",0.131578947368421,False,0.0,VALIDATED,,,2,1.12,2.0,1.19,1.0,1.0
2026-04-20 01:12:14.702607+00:00,6,6_blocks,52109,31.0,1,1,1,,,0.822,"xgb,lgb",0.1313131313131313,False,0.0,VALIDATED,,,2,1.12,2.0,1.19,1.0,1.0
2026-04-20 04:31:44.058858+00:00,1,1_block,43755,29.6,1,1,1,,,0.727,"xgb,lgb",0.1438848920863309,False,0.0,VALIDATED,,,2,1.19,2.0,1.32,1.0,1.0
2026-04-20 04:31:44.058858+00:00,3,3_blocks,43755,29.6,1,1,1,,,0.787,"xgb,lgb",0.1438848920863309,False,0.0,VALIDATED,,,2,1.15,2.0,1.24,1.0,1.0
2026-04-20 04:31:44.058858+00:00,6,6_blocks,43755,29.6,1,1,1,,,0.783,"xgb,lgb",0.1438848920863309,False,0.0,VALIDATED,,,2,1.15,2.0,1.24,1.0,1.0
2026-04-20 06:35:47.940472+00:00,1,1_block,55102,32.2,3,3,1,,,0.755,"xgb,lgb",0.1438848920863309,False,0.0,VALIDATED,,,2,1.15,2.0,1.03,2.0,1.32
2026-04-20 06:35:47.940472+00:00,3,3_blocks,55102,32.2,3,3,1,,,0.5,"xgb,lgb",0.1438848920863309,False,0.0,VALIDATED,,,2,1.47,2.0,1.78,1.0,1.0
2026-04-20 06:35:47.940472+00:00,6,6_blocks,55102,32.2,3,3,1,,,0.5,"xgb,lgb",0.1438848920863309,False,0.0,VALIDATED,,,2,1.47,2.0,1.78,1.0,1.0
2026-04-20 08:38:45.331939+00:00,1,1_block,54663,31.3,1,1,1,,,0.839,"xgb,lgb",0.1443372633083244,False,0.0,VALIDATED,,,2,1.2,2.0,1.12,2.0,1.31
2026-04-20 08:38:45.331939+00:00,3,3_blocks,54663,31.3,1,1,1,,,0.5,"xgb,lgb",0.1438848920863309,False,0.0,VALIDATED,,,2,1.63,3.0,2.05,1.0,1.0
2026-04-20 08:38:45.331939+00:00,6,6_blocks,54663,31.3,1,1,1,,,0.5,"xgb,lgb",0.1428571428571428,False,0.0,VALIDATED,,,2,1.63,3.0,2.05,1.0,1.0
2026-04-20 10:22:17.140036+00:00,1,1_block,51479,30.8,2,1,1,,,0.5,"xgb,lgb",0.15,False,0.0,VALIDATED,,,2,1.67,3.0,2.12,1.0,1.0
2026-04-20 10:22:17.140036+00:00,3,3_blocks,51479,30.8,2,1,1,,,0.5,"xgb,lgb",0.1428571428571428,False,0.0,VALIDATED,,,3,2.42,4.0,3.37,1.0,1.0
2026-04-20 10:22:17.140036+00:00,6,6_blocks,51479,30.8,2,1,1,,,0.5,"xgb,lgb",0.1438848920863309,False,0.0,VALIDATED,,,3,2.42,4.0,3.37,1.0,1.0
2026-04-20 11:50:54.949157+00:00,1,1_block,59823,32.1,2,1,1,,,0.5,"xgb,lgb",1.3428571428571427,False,0.0,VALIDATED,,,2,1.45,2.0,1.74,1.0,1.0
2026-04-20 11:50:54.949157+00:00,3,3_blocks,59823,32.1,2,1,1,,,0.5,"xgb,lgb",1.3428571428571427,False,0.0,VALIDATED,,,2,1.49,2.0,1.82,1.0,1.0
2026-04-20 11:50:54.949157+00:00,6,6_blocks,59823,32.1,2,1,1,,,0.5,"xgb,lgb",0.1438848920863309,False,0.0,VALIDATED,,,2,1.49,2.0,1.82,1.0,1.0
2026-04-20 12:56:45.976915+00:00,1,1_block,67448,34.1,3,3,1,,,0.921,"xgb,lgb",2.4545454545454546,False,0.0,VALIDATED,,,2,1.38,2.0,1.43,2.0,1.32
2026-04-20 12:56:45.976915+00:00,3,3_blocks,67448,34.1,3,3,1,,,0.661,"xgb,lgb",1.0,False,0.0,VALIDATED,,,2,1.25,2.0,1.41,1.0,1.0
2026-04-20 12:56:45.976915+00:00,6,6_blocks,67448,34.1,3,3,1,,,0.657,"xgb,lgb",0.1507936507936507,False,0.0,VALIDATED,,,2,1.25,2.0,1.41,1.0,1.0
2026-04-20 14:46:10.213116+00:00,1,1_block,71422,34.9,4,3,3,,,0.725,"xgb,lgb",2.4545454545454546,False,0.0,VALIDATED,,,2,1.13,1.0,1.0,2.0,1.32
2026-04-20 14:46:10.213116+00:00,3,3_blocks,71422,34.9,4,3,3,,,0.996,"xgb,lgb",1.0,False,0.0,VALIDATED,,,2,1.0,1.0,1.0,1.0,1.0
2026-04-20 14:46:10.213116+00:00,6,6_blocks,71422,34.9,4,3,3,,,0.988,"xgb,lgb",1.0,False,0.0,VALIDATED,,,2,1.0,1.0,1.0,2.0,1.01
2026-04-20 15:59:06.581455+00:00,1,1_block,74867,36.2,5,4,3,,,0.678,"xgb,lgb",1.1090909090909091,False,0.0,VALIDATED,,,2,1.15,1.0,1.0,2.0,1.38
2026-04-20 15:59:06.581455+00:00,3,3_blocks,74867,36.2,5,4,3,,,0.996,"xgb,lgb",1.0,False,0.0,VALIDATED,,,2,1.0,1.0,1.0,1.0,1.0
2026-04-20 15:59:06.581455+00:00,6,6_blocks,74867,36.2,5,4,3,,,0.998,"xgb,lgb",0.1507936507936507,False,0.0,VALIDATED,,,2,1.0,1.0,1.0,1.0,1.0
2026-04-20 17:12:37.234457+00:00,1,1_block,65591,33.0,3,1,1,,,0.5,"xgb,lgb",3.0,False,0.0,VALIDATED,,,2,1.73,3.0,2.21,1.0,1.0
2026-04-20 17:12:37.234457+00:00,3,3_blocks,65591,33.0,3,1,1,,,0.5,"xgb,lgb",1.990990990990991,False,0.0,VALIDATED,,,3,2.84,5.0,4.06,1.0,1.0
2026-04-20 17:12:37.234457+00:00,6,6_blocks,65591,33.0,3,1,1,,,0.5,"xgb,lgb",1.990990990990991,False,0.0,VALIDATED,,,3,2.84,5.0,4.06,1.0,1.0
2026-04-20 18:14:25.120482+00:00,1,1_block,70009,34.5,4,3,1,,,1.0,"xgb,lgb",1.990990990990991,False,0.0,VALIDATED,,,1,1.0,1.0,1.0,1.0,1.0
2026-04-20 18:14:25.120482+00:00,3,3_blocks,70009,34.5,4,3,1,,,0.996,"xgb,lgb",0.1507936507936507,False,0.0,VALIDATED,,,2,1.0,1.0,1.0,1.0,1.0
2026-04-20 18:14:25.120482+00:00,6,6_blocks,70009,34.5,4,3,1,,,1.0,"xgb,lgb",0.1507936507936507,False,0.0,VALIDATED,,,1,1.0,1.0,1.0,1.0,1.0
2026-04-20 19:23:10.301739+00:00,1,1_block,66651,32.9,1,1,1,,,1.0,"xgb,lgb",0.1507936507936507,False,0.0,VALIDATED,,,1,1.0,1.0,1.0,1.0,1.0
2026-04-20 19:23:10.301739+00:00,3,3_blocks,66651,32.9,1,1,1,,,0.5,"xgb,lgb",0.1504190560211733,False,0.0,VALIDATED,,,2,1.98,3.0,2.63,1.0,1.0
2026-04-20 19:23:10.301739+00:00,6,6_blocks,66651,32.9,1,1,1,,,0.5,"xgb,lgb",0.1504190560211733,False,0.0,VALIDATED,,,2,1.98,3.0,2.63,1.0,1.0
2026-04-20 20:11:21.647894+00:00,1,1_block,62047,32.5,3,1,1,,,0.724,"xgb,lgb",3.0,False,0.0,VALIDATED,,,2,1.19,2.0,1.32,1.0,1.0
2026-04-20 20:11:21.647894+00:00,3,3_blocks,62047,32.5,3,1,1,,,0.912,"xgb,lgb",1.0070422535211268,False,0.0,VALIDATED,,,2,1.06,2.0,1.1,1.0,1.0
2026-04-20 20:11:21.647894+00:00,6,6_blocks,62047,32.5,3,1,1,,,0.908,"xgb,lgb",0.1504190560211733,False,0.0,VALIDATED,,,2,1.06,2.0,1.1,1.0,1.0
2026-04-20 21:04:20.415959+00:00,1,1_block,64817,33.7,3,3,1,,,0.725,"xgb,lgb",1.0070422535211268,False,0.0,VALIDATED,,,2,1.13,1.0,1.0,2.0,1.32
2026-04-20 21:04:20.415959+00:00,3,3_blocks,64817,33.7,3,3,1,,,0.996,"xgb,lgb",0.1507936507936507,False,0.0,VALIDATED,,,2,1.0,1.0,1.0,1.0,1.0
2026-04-20 21:04:20.415959+00:00,6,6_blocks,64817,33.7,3,3,1,,,1.0,"xgb,lgb",0.1507936507936507,False,0.0,VALIDATED,,,1,1.0,1.0,1.0,1.0,1.0
2026-04-20 21:55:17.225886+00:00,1,1_block,65744,33.7,4,3,1,,,0.941,"xgb,lgb",0.1507936507936507,False,0.0,VALIDATED,,,2,1.02,1.0,1.0,2.0,1.06
2026-04-20 21:55:17.225886+00:00,3,3_blocks,65744,33.7,4,3,1,,,0.996,"xgb,lgb",0.15,False,0.0,VALIDATED,,,2,1.0,1.0,1.0,1.0,1.0
2026-04-20 21:55:17.225886+00:00,6,6_blocks,65744,33.7,4,3,1,,,1.0,"xgb,lgb",0.15,False,0.0,VALIDATED,,,1,1.0,1.0,1.0,1.0,1.0
2026-04-20 22:38:32.874888+00:00,1,1_block,58762,31.7,1,1,1,,,0.74,"xgb,lgb",0.15,False,0.0,VALIDATED,,,2,1.55,2.0,1.71,2.0,1.32
2026-04-20 22:38:32.874888+00:00,3,3_blocks,58762,31.7,1,1,1,,,0.996,"xgb,lgb",0.15,False,0.0,VALIDATED,,,2,1.0,1.0,1.0,1.0,1.0
2026-04-20 22:38:32.874888+00:00,6,6_blocks,58762,31.7,1,1,1,,,1.0,"xgb,lgb",0.146067415730337,False,0.0,VALIDATED,,,1,1.0,1.0,1.0,1.0,1.0
2026-04-20 23:26:39.850660+00:00,1,1_block,60970,32.1,1,1,1,,,0.953,"xgb,lgb",0.1571428571428571,False,0.0,VALIDATED,,,2,1.24,2.0,1.22,2.0,1.27
2026-04-20 23:26:39.850660+00:00,3,3_blocks,60970,32.1,1,1,1,,,0.5,"xgb,lgb",0.146067415730337,False,0.0,VALIDATED,,,2,1.91,3.0,2.52,1.0,1.0
2026-04-20 23:26:39.850660+00:00,6,6_blocks,60970,32.1,1,1,1,,,0.5,"xgb,lgb",0.146067415730337,False,0.0,VALIDATED,,,2,1.91,3.0,2.52,1.0,1.0
2026-04-21 00:05:17.667644+00:00,1,1_block,60169,31.9,1,1,1,,,0.922,"xgb,lgb",0.1571428571428571,False,0.0,VALIDATED,,,2,1.05,2.0,1.02,2.0,1.1
2026-04-21 00:05:17.667644+00:00,3,3_blocks,60169,31.9,1,1,1,,,0.5,"xgb,lgb",0.146067415730337,False,0.0,VALIDATED,,,2,1.45,2.0,1.75,1.0,1.0
2026-04-21 00:05:17.667644+00:00,6,6_blocks,60169,31.9,1,1,1,,,0.5,"xgb,lgb",0.146067415730337,False,0.0,VALIDATED,,,2,1.45,2.0,1.75,1.0,1.0
2026-04-21 03:41:41.588280+00:00,1,1_block,61229,32.6,2,1,1,,,0.657,"xgb,lgb",0.1642857142857142,False,0.0,VALIDATED,,,2,1.57,2.0,1.77,2.0,1.25
2026-04-21 03:41:41.588280+00:00,3,3_blocks,61229,32.6,2,1,1,,,0.5,"xgb,lgb",0.1642857142857142,False,0.0,VALIDATED,,,3,2.36,4.0,3.26,1.0,1.0
2026-04-21 03:41:41.588280+00:00,6,6_blocks,61229,32.6,2,1,1,,,0.5,"xgb,lgb",0.1642857142857142,False,0.0,VALIDATED,,,3,2.36,4.0,3.26,1.0,1.0
2026-04-21 05:54:47.503081+00:00,1,1_block,69153,33.7,2,1,1,,,0.768,"xgb,lgb",0.1642857142857142,False,0.0,VALIDATED,,,2,1.1,1.0,1.0,2.0,1.26
2026-04-21 05:54:47.503081+00:00,3,3_blocks,69153,33.7,2,1,1,,,0.5,"xgb,lgb",0.1587301587301587,False,0.0,VALIDATED,,,2,1.57,2.0,1.95,1.0,1.0
2026-04-21 05:54:47.503081+00:00,6,6_blocks,69153,33.7,2,1,1,,,0.5,"xgb,lgb",0.1587301587301587,False,0.0,VALIDATED,,,2,1.57,2.0,1.95,1.0,1.0
2026-04-21 07:26:59.325031+00:00,1,1_block,61802,32.1,1,1,1,,,1.0,"xgb,lgb",0.1587301587301587,False,0.0,VALIDATED,,,1,1.0,1.0,1.0,1.0,1.0
2026-04-21 07:26:59.325031+00:00,3,3_blocks,61802,32.1,1,1,1,,,0.5,"xgb,lgb",0.1587301587301587,False,0.0,VALIDATED,,,2,1.7,3.0,2.16,1.0,1.0
2026-04-21 07:26:59.325031+00:00,6,6_blocks,61802,32.1,1,1,1,,,0.5,"xgb,lgb",0.1438848920863309,False,0.0,VALIDATED,,,2,1.7,3.0,2.16,1.0,1.0
2026-04-21 09:12:00.704298+00:00,1,1_block,65765,33.1,2,1,1,,,1.0,"xgb,lgb",1.0,False,0.0,VALIDATED,,,1,1.0,1.0,1.0,1.0,1.0
2026-04-21 09:12:00.704298+00:00,3,3_blocks,65765,33.1,2,1,1,,,0.5,"xgb,lgb",0.1438848920863309,False,0.0,VALIDATED,,,2,1.84,3.0,2.39,1.0,1.0
2026-04-21 09:12:00.704298+00:00,6,6_blocks,65765,33.1,2,1,1,,,0.5,"xgb,lgb",0.1538461538461538,False,0.0,VALIDATED,,,2,1.84,3.0,2.39,1.0,1.0
2026-04-21 10:47:03.700360+00:00,1,1_block,54555,31.1,1,1,1,,,0.5,"xgb,lgb",0.1587301587301587,False,0.0,VALIDATED,,,3,2.16,3.0,2.94,1.0,1.0
2026-04-21 10:47:03.700360+00:00,3,3_blocks,54555,31.1,1,1,1,,,0.5,"xgb,lgb",0.1538461538461538,False,0.0,VALIDATED,,,3,2.91,5.0,4.19,1.0,1.0
2026-04-21 10:47:03.700360+00:00,6,6_blocks,54555,31.1,1,1,1,,,0.5,"xgb,lgb",0.1587301587301587,False,0.0,VALIDATED,,,3,2.91,5.0,4.19,1.0,1.0
2026-04-21 11:48:13.881534+00:00,1,1_block,64115,32.5,1,1,1,,,0.974,"xgb,lgb",0.16,False,0.0,VALIDATED,,,2,1.02,2.0,1.03,1.0,1.0
2026-04-21 11:48:13.881534+00:00,3,3_blocks,64115,32.5,1,1,1,,,0.5,"xgb,lgb",0.16,False,0.0,VALIDATED,,,3,2.65,4.0,3.74,1.0,1.0
2026-04-21 11:48:13.881534+00:00,6,6_blocks,64115,32.5,1,1,1,,,0.5,"xgb,lgb",0.1538461538461538,False,0.0,VALIDATED,,,3,2.65,4.0,3.74,1.0,1.0
2026-04-21 12:48:59.517161+00:00,1,1_block,71995,34.7,3,3,1,,,1.0,"xgb,lgb",0.1538461538461538,False,0.0,VALIDATED,,,1,1.0,1.0,1.0,1.0,1.0
2026-04-21 12:48:59.517161+00:00,3,3_blocks,71995,34.7,3,3,1,,,0.996,"xgb,lgb",0.1538461538461538,False,0.0,VALIDATED,,,2,1.0,1.0,1.0,1.0,1.0
2026-04-21 12:48:59.517161+00:00,6,6_blocks,71995,34.7,3,3,1,,,1.0,"xgb,lgb",0.1538461538461538,False,0.0,VALIDATED,,,1,1.0,1.0,1.0,1.0,1.0
2026-04-21 14:25:25.180585+00:00,1,1_block,67262,33.1,1,1,1,,,0.912,"xgb,lgb",0.1538461538461538,False,0.0,VALIDATED,,,2,1.04,1.0,1.0,2.0,1.09
2026-04-21 14:25:25.180585+00:00,3,3_blocks,67262,33.1,1,1,1,,,0.5,"xgb,lgb",0.1527777777777778,False,0.0,VALIDATED,,,3,2.08,3.0,2.79,1.0,1.0
2026-04-21 14:25:25.180585+00:00,6,6_blocks,67262,33.1,1,1,1,,,0.5,"xgb,lgb",0.1527777777777778,False,0.0,VALIDATED,,,3,2.08,3.0,2.79,1.0,1.0
2026-04-21 15:51:04.638603+00:00,1,1_block,62967,32.7,1,1,1,,,0.536,"xgb,lgb",0.1538461538461538,False,0.0,VALIDATED,,,2,1.36,2.0,1.6,1.0,1.0
2026-04-21 15:51:04.638603+00:00,3,3_blocks,62967,32.7,1,1,1,,,0.5,"xgb,lgb",0.1538461538461538,False,0.0,VALIDATED,,,4,3.03,5.0,4.39,1.0,1.0
2026-04-21 15:51:04.638603+00:00,6,6_blocks,62967,32.7,1,1,1,,,0.5,"xgb,lgb",0.1538461538461538,False,0.0,VALIDATED,,,4,3.03,5.0,4.39,1.0,1.0
2026-04-21 16:45:26.874527+00:00,1,1_block,60692,32.0,1,1,1,,,0.5,"xgb,lgb",0.1538461538461538,False,0.0,VALIDATED,,,2,1.67,3.0,2.11,1.0,1.0
2026-04-21 16:45:26.874527+00:00,3,3_blocks,60692,32.0,1,1,1,,,0.5,"xgb,lgb",0.1538461538461538,False,0.0,VALIDATED,,,4,3.33,5.0,4.88,1.0,1.0
2026-04-21 16:45:26.874527+00:00,6,6_blocks,60692,32.0,1,1,1,,,0.5,"xgb,lgb",0.1538461538461538,False,0.0,VALIDATED,,,4,3.33,5.0,4.88,1.0,1.0
2026-04-21 17:45:34.825088+00:00,1,1_block,69424,34.0,4,3,1,,,1.0,"xgb,lgb",1.0818181818181818,False,0.0,VALIDATED,,,1,1.0,1.0,1.0,1.0,1.0
2026-04-21 17:45:34.825088+00:00,3,3_blocks,69424,34.0,4,3,1,,,0.996,"xgb,lgb",1.0818181818181818,False,0.0,VALIDATED,,,2,1.0,1.0,1.0,1.0,1.0
2026-04-21 17:45:34.825088+00:00,6,6_blocks,69424,34.0,4,3,1,,,1.0,"xgb,lgb",0.1538461538461538,False,0.0,VALIDATED,,,1,1.0,1.0,1.0,1.0,1.0
2026-04-21 18:47:36.326165+00:00,1,1_block,68812,34.3,2,2,1,,,0.876,"xgb,lgb",1.0902255639097744,False,0.0,VALIDATED,,,2,1.22,2.0,1.16,2.0,1.31
2026-04-21 18:47:36.326165+00:00,3,3_blocks,68812,34.3,2,2,1,,,0.996,"xgb,lgb",0.172665047471848,False,0.0,VALIDATED,,,2,1.0,1.0,1.0,1.0,1.0
2026-04-21 18:47:36.326165+00:00,6,6_blocks,68812,34.3,2,2,1,,,1.0,"xgb,lgb",0.172665047471848,False,0.0,VALIDATED,,,1,1.0,1.0,1.0,1.0,1.0
2026-04-21 19:54:14.961808+00:00,1,1_block,67852,34.0,2,1,1,,,0.742,"xgb,lgb",2.0,False,0.0,VALIDATED,,,2,1.12,1.0,1.0,2.0,1.3
2026-04-21 19:54:14.961808+00:00,3,3_blocks,67852,34.0,2,1,1,,,0.996,"xgb,lgb",1.0,False,0.0,VALIDATED,,,2,1.0,1.0,1.0,1.0,1.0
2026-04-21 19:54:14.961808+00:00,6,6_blocks,67852,34.0,2,1,1,,,1.0,"xgb,lgb",1.0,False,0.0,VALIDATED,,,1,1.0,1.0,1.0,1.0,1.0
2026-04-21 20:44:07.627679+00:00,1,1_block,69164,34.4,3,1,1,,,0.693,"xgb,lgb",1.2035398230088497,False,0.0,VALIDATED,,,2,1.15,1.0,1.0,2.0,1.36
2026-04-21 20:44:07.627679+00:00,3,3_blocks,69164,34.4,3,1,1,,,0.996,"xgb,lgb",1.2035398230088497,False,0.0,VALIDATED,,,2,1.0,1.0,1.0,1.0,1.0
2026-04-21 20:44:07.627679+00:00,6,6_blocks,69164,34.4,3,1,1,,,1.0,"xgb,lgb",0.1533742331288343,False,0.0,VALIDATED,,,1,1.0,1.0,1.0,1.0,1.0
2026-04-21 21:33:25.075201+00:00,1,1_block,67871,34.4,2,1,1,,,0.779,"xgb,lgb",0.1533742331288343,False,0.0,VALIDATED,,,2,1.44,2.0,1.56,2.0,1.25
2026-04-21 21:33:25.075201+00:00,3,3_blocks,67871,34.4,2,1,1,,,0.709,"xgb,lgb",0.1533742331288343,False,0.0,VALIDATED,,,2,1.21,2.0,1.35,1.0,1.0
2026-04-21 21:33:25.075201+00:00,6,6_blocks,67871,34.4,2,1,1,,,0.705,"xgb,lgb",0.1507936507936507,False,0.0,VALIDATED,,,2,1.21,2.0,1.35,1.0,1.0
2026-04-21 22:24:07.775464+00:00,1,1_block,61468,32.2,1,1,1,,,0.806,"xgb,lgb",0.1507936507936507,False,0.0,VALIDATED,,,2,1.13,2.0,1.21,1.0,1.0
2026-04-21 22:24:07.775464+00:00,3,3_blocks,61468,32.2,1,1,1,,,0.5,"xgb,lgb",0.1507936507936507,False,0.0,VALIDATED,,,3,2.74,4.0,3.9,1.0,1.0
2026-04-21 22:24:07.775464+00:00,6,6_blocks,61468,32.2,1,1,1,,,0.5,"xgb,lgb",0.1504854368932038,False,0.0,VALIDATED,,,3,2.74,4.0,3.9,1.0,1.0
2026-04-21 23:05:40.897605+00:00,1,1_block,61385,32.3,2,1,1,,,0.581,"xgb,lgb",0.1507936507936507,False,0.0,VALIDATED,,,2,1.32,2.0,1.53,1.0,1.0
2026-04-21 23:05:40.897605+00:00,3,3_blocks,61385,32.3,2,1,1,,,0.5,"xgb,lgb",0.1626794258373205,False,0.0,VALIDATED,,,3,2.5,4.0,3.5,1.0,1.0
2026-04-21 23:05:40.897605+00:00,6,6_blocks,61385,32.3,2,1,1,,,0.5,"xgb,lgb",0.1504854368932038,False,0.0,VALIDATED,,,3,2.5,4.0,3.5,1.0,1.0
2026-04-21 23:50:19.333262+00:00,1,1_block,59951,31.8,1,1,1,,,1.0,"xgb,lgb",0.1626794258373205,False,0.0,VALIDATED,,,1,1.0,1.0,1.0,1.0,1.0
2026-04-21 23:50:19.333262+00:00,3,3_blocks,59951,31.8,1,1,1,,,0.569,"xgb,lgb",0.1626794258373205,False,0.0,VALIDATED,,,2,1.34,2.0,1.56,1.0,1.0
2026-04-21 23:50:19.333262+00:00,6,6_blocks,59951,31.8,1,1,1,,,0.565,"xgb,lgb",0.1504854368932038,False,0.0,VALIDATED,,,2,1.33,2.0,1.56,1.0,1.0
2026-04-22 01:08:47.847039+00:00,1,1_block,63283,32.7,1,1,1,,,1.0,"xgb,lgb",0.1574803149606299,False,0.0,VALIDATED,,,1,1.0,1.0,1.0,1.0,1.0
2026-04-22 01:08:47.847039+00:00,3,3_blocks,63283,32.7,1,1,1,,,0.5,"xgb,lgb",0.1454545454545454,False,0.0,VALIDATED,,,2,1.45,2.0,1.75,1.0,1.0
2026-04-22 01:08:47.847039+00:00,6,6_blocks,63283,32.7,1,1,1,,,0.5,"xgb,lgb",0.1454545454545454,False,0.0,VALIDATED,,,2,1.45,2.0,1.75,1.0,1.0
2026-04-22 04:16:33.893690+00:00,1,1_block,60543,32.0,1,1,1,,,0.88,"xgb,lgb",0.1574803149606299,False,0.0,VALIDATED,,,2,1.08,2.0,1.13,1.0,1.0
2026-04-22 04:16:33.893690+00:00,3,3_blocks,60543,32.0,1,1,1,,,0.5,"xgb,lgb",0.15,False,0.0,VALIDATED,,,3,2.09,3.0,2.82,1.0,1.0
2026-04-22 04:16:33.893690+00:00,6,6_blocks,60543,32.0,1,1,1,,,0.5,"xgb,lgb",0.15,False,0.0,VALIDATED,,,3,2.09,3.0,2.82,1.0,1.0
2026-04-22 06:13:19.855377+00:00,1,1_block,50887,30.7,1,1,1,,,0.732,"xgb,lgb",0.15,False,0.0,VALIDATED,,,2,1.19,2.0,1.31,1.0,1.0
2026-04-22 06:13:19.855377+00:00,3,3_blocks,50887,30.7,1,1,1,,,0.5,"xgb,lgb",0.15,False,0.0,VALIDATED,,,4,3.12,5.0,4.53,1.0,1.0
2026-04-22 06:13:19.855377+00:00,6,6_blocks,50887,30.7,1,1,1,,,0.5,"xgb,lgb",0.15,False,0.0,VALIDATED,,,4,3.12,5.0,4.53,1.0,1.0
2026-04-22 08:08:33.016831+00:00,1,1_block,60792,32.7,3,1,1,,,1.0,"xgb,lgb",1.181818181818182,False,0.0,VALIDATED,,,1,1.0,1.0,1.0,1.0,1.0
2026-04-22 08:08:33.016831+00:00,3,3_blocks,60792,32.7,3,1,1,,,0.5,"xgb,lgb",0.1642857142857142,False,0.0,VALIDATED,,,2,1.69,3.0,2.15,1.0,1.0
2026-04-22 08:08:33.016831+00:00,6,6_blocks,60792,32.7,3,1,1,,,0.5,"xgb,lgb",0.15,False,0.0,VALIDATED,,,2,1.69,3.0,2.15,1.0,1.0
2026-04-22 09:49:43.177816+00:00,1,1_block,66654,33.9,4,3,1,,,1.0,"xgb,lgb",1.181818181818182,False,0.0,VALIDATED,,,1,1.0,1.0,1.0,1.0,1.0
2026-04-22 09:49:43.177816+00:00,3,3_blocks,66654,33.9,4,3,1,,,0.996,"xgb,lgb",1.1636363636363636,False,0.0,VALIDATED,,,2,1.0,1.0,1.0,1.0,1.0
2026-04-22 09:49:43.177816+00:00,6,6_blocks,66654,33.9,4,3,1,,,1.0,"xgb,lgb",0.1642857142857142,False,0.0,VALIDATED,,,1,1.0,1.0,1.0,1.0,1.0
2026-04-22 10:54:07.492610+00:00,1,1_block,66612,34.1,4,3,1,,,0.71,"xgb,lgb",2.015810276679842,False,0.0,VALIDATED,,,2,1.14,1.0,1.0,2.0,1.34
2026-04-22 10:54:07.492610+00:00,3,3_blocks,66612,34.1,4,3,1,,,0.996,"xgb,lgb",1.1636363636363636,False,0.0,VALIDATED,,,2,1.0,1.0,1.0,1.0,1.0
2026-04-22 10:54:07.492610+00:00,6,6_blocks,66612,34.1,4,3,1,,,0.987,"xgb,lgb",1.0,False,0.0,VALIDATED,,,2,1.01,1.0,1.0,2.0,1.01
2026-04-22 11:57:11.611269+00:00,1,1_block,73270,36.2,6,5,4,,,0.71,"xgb,lgb",1.0,False,0.0,VALIDATED,,,2,1.14,1.0,1.0,2.0,1.34
2026-04-22 11:57:11.611269+00:00,3,3_blocks,73270,36.2,6,5,4,,,0.996,"xgb,lgb",1.0,False,0.0,VALIDATED,,,2,1.0,1.0,1.0,1.0,1.0
2026-04-22 11:57:11.611269+00:00,6,6_blocks,73270,36.2,6,5,4,,,0.998,"xgb,lgb",0.15,False,0.0,VALIDATED,,,2,1.0,1.0,1.0,1.0,1.0
2026-04-22 13:21:16.277306+00:00,1,1_block,64611,33.3,2,1,1,,,1.0,"xgb,lgb",0.1507936507936507,False,0.0,VALIDATED,,,1,1.0,1.0,1.0,1.0,1.0
2026-04-22 13:21:16.277306+00:00,3,3_blocks,64611,33.3,2,1,1,,,0.996,"xgb,lgb",0.15,False,0.0,VALIDATED,,,2,1.0,1.0,1.0,1.0,1.0
2026-04-22 13:21:16.277306+00:00,6,6_blocks,64611,33.3,2,1,1,,,1.0,"xgb,lgb",0.15,False,0.0,VALIDATED,,,1,1.0,1.0,1.0,1.0,1.0
2026-04-22 16:18:33.676679+00:00,1,1_block,65632,38.3,2,1,1,,,0.929,"xgb,lgb",3.01948051948052,False,0.0,VALIDATED,,,2,1.03,1.0,1.0,2.0,1.07
2026-04-22 16:18:33.676679+00:00,3,3_blocks,65632,38.3,2,1,1,,,0.996,"xgb,lgb",1.2,False,0.0,VALIDATED,,,2,1.0,1.0,1.0,1.0,1.0
2026-04-22 16:18:33.676679+00:00,6,6_blocks,65632,38.3,2,1,1,,,1.0,"xgb,lgb",0.1503571428571428,False,0.0,VALIDATED,,,1,1.0,1.0,1.0,1.0,1.0
2026-04-22 17:14:43.142877+00:00,1,1_block,74513,40.9,6,5,4,,,0.707,"xgb,lgb",3.01948051948052,False,0.0,VALIDATED,,,2,1.14,1.0,1.0,2.0,1.34
2026-04-22 17:14:43.142877+00:00,3,3_blocks,74513,40.9,6,5,4,,,0.996,"xgb,lgb",2.0054054054054054,False,0.0,VALIDATED,,,2,1.0,1.0,1.0,1.0,1.0
2026-04-22 17:14:43.142877+00:00,6,6_blocks,74513,40.9,6,5,4,,,0.988,"xgb,lgb",2.0054054054054054,False,0.0,VALIDATED,,,2,1.0,1.0,1.0,2.0,1.01
2026-04-22 18:14:43.727542+00:00,1,1_block,77666,41.8,6,5,4,,,0.727,"xgb,lgb",2.0054054054054054,False,0.0,VALIDATED,,,2,1.13,1.0,1.0,2.0,1.32
2026-04-22 18:14:43.727542+00:00,3,3_blocks,77666,41.8,6,5,4,,,0.996,"xgb,lgb",2.0054054054054054,False,0.0,VALIDATED,,,2,1.0,1.0,1.0,1.0,1.0
2026-04-22 18:14:43.727542+00:00,6,6_blocks,77666,41.8,6,5,4,,,1.0,"xgb,lgb",0.1547619047619047,False,0.0,VALIDATED,,,1,1.0,1.0,1.0,1.0,1.0
2026-04-22 19:41:40.806667+00:00,1,1_block,65810,37.9,5,4,1,,,0.615,"xgb,lgb",3.839779005524862,False,0.0,VALIDATED,,,2,1.29,2.0,1.48,1.0,1.0
2026-04-22 19:41:40.806667+00:00,3,3_blocks,65810,37.9,5,4,1,,,0.996,"xgb,lgb",0.1587301587301587,False,0.0,VALIDATED,,,2,1.0,1.0,1.0,1.0,1.0
2026-04-22 19:41:40.806667+00:00,6,6_blocks,65810,37.9,5,4,1,,,1.0,"xgb,lgb",0.1587301587301587,False,0.0,VALIDATED,,,1,1.0,1.0,1.0,1.0,1.0
2026-04-22 20:38:25.591369+00:00,1,1_block,62801,36.8,1,1,1,,,0.891,"xgb,lgb",3.4070796460177,False,0.0,VALIDATED,,,2,1.05,1.0,1.0,2.0,1.12
2026-04-22 20:38:25.591369+00:00,3,3_blocks,62801,36.8,1,1,1,,,0.5,"xgb,lgb",0.1587301587301587,False,0.0,VALIDATED,,,2,1.77,3.0,2.28,1.0,1.0
2026-04-22 20:38:25.591369+00:00,6,6_blocks,62801,36.8,1,1,1,,,0.5,"xgb,lgb",1.0070921985815602,False,0.0,VALIDATED,,,2,1.78,3.0,2.28,2.0,1.01
2026-04-22 21:34:03.550265+00:00,1,1_block,67350,38.6,4,3,1,,,0.727,"xgb,lgb",1.0070921985815602,False,0.0,VALIDATED,,,2,1.13,1.0,1.0,2.0,1.32
2026-04-22 21:34:03.550265+00:00,3,3_blocks,67350,38.6,4,3,1,,,0.996,"xgb,lgb",1.0070921985815602,False,0.0,VALIDATED,,,2,1.0,1.0,1.0,1.0,1.0
2026-04-22 21:34:03.550265+00:00,6,6_blocks,67350,38.6,4,3,1,,,1.0,"xgb,lgb",1.0064935064935066,False,0.0,VALIDATED,,,1,1.0,1.0,1.0,1.0,1.0
2026-04-22 22:28:09.903942+00:00,1,1_block,66264,37.9,2,1,1,,,0.79,"xgb,lgb",1.0064935064935066,False,0.0,VALIDATED,,,2,1.42,2.0,1.54,2.0,1.25
2026-04-22 22:28:09.903942+00:00,3,3_blocks,66264,37.9,2,1,1,,,0.5,"xgb,lgb",1.0064935064935066,False,0.0,VALIDATED,,,2,1.65,3.0,2.08,1.0,1.0
2026-04-22 22:28:09.903942+00:00,6,6_blocks,66264,37.9,2,1,1,,,0.5,"xgb,lgb",0.1547619047619047,False,0.0,VALIDATED,,,2,1.65,3.0,2.08,1.0,1.0
2026-04-22 23:26:12.486787+00:00,1,1_block,68400,38.3,2,1,1,,,0.976,"xgb,lgb",0.1642857142857142,False,0.0,VALIDATED,,,2,1.25,2.0,1.24,2.0,1.27
2026-04-22 23:26:12.486787+00:00,3,3_blocks,68400,38.3,2,1,1,,,0.5,"xgb,lgb",0.1642857142857142,False,0.0,VALIDATED,,,2,1.44,2.0,1.74,1.0,1.0
2026-04-22 23:26:12.486787+00:00,6,6_blocks,68400,38.3,2,1,1,,,0.5,"xgb,lgb",0.1547619047619047,False,0.0,VALIDATED,,,2,1.44,2.0,1.74,1.0,1.0
2026-04-23 00:08:50.650947+00:00,1,1_block,59531,36.1,1,1,1,,,1.0,"xgb,lgb",0.1642857142857142,False,0.0,VALIDATED,,,1,1.0,1.0,1.0,1.0,1.0
2026-04-23 00:08:50.650947+00:00,3,3_blocks,59531,36.1,1,1,1,,,0.5,"xgb,lgb",0.1642857142857142,False,0.0,VALIDATED,,,2,1.53,2.0,1.88,1.0,1.0
2026-04-23 00:08:50.650947+00:00,6,6_blocks,59531,36.1,1,1,1,,,0.5,"xgb,lgb",0.1547619047619047,False,0.0,VALIDATED,,,2,1.53,2.0,1.88,1.0,1.0
2026-04-23 03:44:43.670742+00:00,1,1_block,62687,36.7,1,1,1,,,1.0,"xgb,lgb",1.0,False,0.0,VALIDATED,,,1,1.0,1.0,1.0,1.0,1.0
2026-04-23 03:44:43.670742+00:00,3,3_blocks,62687,36.7,1,1,1,,,0.973,"xgb,lgb",0.5,False,0.0,VALIDATED,,,2,1.02,2.0,1.03,1.0,1.0
2026-04-23 03:44:43.670742+00:00,6,6_blocks,62687,36.7,1,1,1,,,0.969,"xgb,lgb",0.3714285714285714,False,0.0,VALIDATED,,,2,1.02,2.0,1.03,1.0,1.0
2026-04-23 05:56:03.823149+00:00,1,1_block,72519,39.0,3,1,1,,,0.733,"xgb,lgb",2.016260162601626,False,0.0,VALIDATED,,,2,1.12,1.0,1.0,2.0,1.31
2026-04-23 05:56:03.823149+00:00,3,3_blocks,72519,39.0,3,1,1,,,0.996,"xgb,lgb",1.0,False,0.0,VALIDATED,,,2,1.0,1.0,1.0,1.0,1.0
2026-04-23 05:56:03.823149+00:00,6,6_blocks,72519,39.0,3,1,1,,,0.975,"xgb,lgb",0.217391304347826,False,0.0,VALIDATED,,,2,1.01,1.0,1.0,2.0,1.03
2026-04-23 07:28:16.735781+00:00,1,1_block,75363,39.7,2,1,1,,,0.781,"xgb,lgb",0.217391304347826,False,0.0,VALIDATED,,,2,1.1,1.0,1.0,2.0,1.25
2026-04-23 07:28:16.735781+00:00,3,3_blocks,75363,39.7,2,1,1,,,1.0,"xgb,lgb",0.217391304347826,False,0.0,VALIDATED,,,1,1.0,1.0,1.0,1.0,1.0
2026-04-23 07:28:16.735781+00:00,6,6_blocks,75363,39.7,2,1,1,,,1.0,"xgb,lgb",0.1545454545454545,False,0.0,VALIDATED,,,1,1.0,1.0,1.0,1.0,1.0
2026-04-23 09:12:14.362802+00:00,1,1_block,57182,36.1,1,1,1,,,0.5,"xgb,lgb",0.1642857142857142,False,0.0,VALIDATED,,,2,1.48,2.0,1.81,1.0,1.0
2026-04-23 09:12:14.362802+00:00,3,3_blocks,57182,36.1,1,1,1,,,0.5,"xgb,lgb",0.1546391752577319,False,0.0,VALIDATED,,,2,1.97,3.0,2.62,1.0,1.0
2026-04-23 09:12:14.362802+00:00,6,6_blocks,57182,36.1,1,1,1,,,0.5,"xgb,lgb",0.1587301587301587,False,0.0,VALIDATED,,,2,1.97,3.0,2.62,1.0,1.0
2026-04-23 10:49:52.001080+00:00,1,1_block,68322,38.7,3,2,1,,,0.696,"xgb,lgb",0.1587301587301587,False,0.0,VALIDATED,,,2,1.14,1.0,1.0,2.0,1.36
2026-04-23 10:49:52.001080+00:00,3,3_blocks,68322,38.7,3,2,1,,,1.0,"xgb,lgb",0.1587301587301587,False,0.0,VALIDATED,,,1,1.0,1.0,1.0,1.0,1.0
2026-04-23 10:49:52.001080+00:00,6,6_blocks,68322,38.7,3,2,1,,,0.91,"xgb,lgb",0.1587301587301587,False,0.0,VALIDATED,,,2,1.04,1.0,1.0,2.0,1.09
2026-04-23 11:48:35.147134+00:00,1,1_block,65757,37.7,1,1,1,,,0.898,"xgb,lgb",2.0,False,0.0,VALIDATED,,,2,1.04,1.0,1.0,2.0,1.11
2026-04-23 11:48:35.147134+00:00,3,3_blocks,65757,37.7,1,1,1,,,0.5,"xgb,lgb",0.1642857142857142,False,0.0,VALIDATED,,,3,2.26,4.0,3.1,1.0,1.0
2026-04-23 11:48:35.147134+00:00,6,6_blocks,65757,37.7,1,1,1,,,0.5,"xgb,lgb",0.1587301587301587,False,0.0,VALIDATED,,,3,2.29,4.0,3.1,2.0,1.07
2026-04-23 12:48:42.523174+00:00,1,1_block,68938,38.4,3,1,1,,,1.0,"xgb,lgb",0.1823204419889502,False,0.0,VALIDATED,,,1,1.0,1.0,1.0,1.0,1.0
2026-04-23 12:48:42.523174+00:00,3,3_blocks,68938,38.4,3,1,1,,,1.0,"xgb,lgb",0.1587301587301587,False,0.0,VALIDATED,,,1,1.0,1.0,1.0,1.0,1.0
2026-04-23 12:48:42.523174+00:00,6,6_blocks,68938,38.4,3,1,1,,,1.0,"xgb,lgb",0.1587301587301587,False,0.0,VALIDATED,,,1,1.0,1.0,1.0,1.0,1.0
2026-04-23 15:01:28.731769+00:00,1,1_block,56523,36.1,2,1,1,,,0.5,"xgb,lgb",3.769911504424779,False,0.0,VALIDATED,,,2,1.49,2.0,1.82,1.0,1.0
2026-04-23 15:01:28.731769+00:00,3,3_blocks,56523,36.1,2,1,1,,,0.5,"xgb,lgb",1.3823529411764706,False,0.0,VALIDATED,,,2,1.54,2.0,1.89,1.0,1.0
2026-04-23 15:01:28.731769+00:00,6,6_blocks,56523,36.1,2,1,1,,,0.5,"xgb,lgb",0.1823204419889502,False,0.0,VALIDATED,,,2,1.54,2.0,1.89,1.0,1.0
2026-04-23 16:51:43.253358+00:00,1,1_block,67607,38.6,4,3,1,,,0.676,"xgb,lgb",0.1545454545454545,False,0.0,VALIDATED,,,2,1.15,1.0,1.0,2.0,1.39
2026-04-23 16:51:43.253358+00:00,3,3_blocks,67607,38.6,4,3,1,,,1.0,"xgb,lgb",0.1545454545454545,False,0.0,VALIDATED,,,1,1.0,1.0,1.0,1.0,1.0
2026-04-23 16:51:43.253358+00:00,6,6_blocks,67607,38.6,4,3,1,,,0.92,"xgb,lgb",0.1545454545454545,False,0.0,VALIDATED,,,2,1.03,1.0,1.0,2.0,1.08
2026-04-23 18:07:38.210036+00:00,1,1_block,67845,38.9,5,4,1,,,1.0,"xgb,lgb",0.1545454545454545,False,0.0,VALIDATED,,,1,1.0,1.0,1.0,1.0,1.0
2026-04-23 18:07:38.210036+00:00,3,3_blocks,67845,38.9,5,4,1,,,1.0,"xgb,lgb",0.1545454545454545,False,0.0,VALIDATED,,,1,1.0,1.0,1.0,1.0,1.0
2026-04-23 18:07:38.210036+00:00,6,6_blocks,67845,38.9,5,4,1,,,1.0,"xgb,lgb",0.1544715447154471,False,0.0,VALIDATED,,,1,1.0,1.0,1.0,1.0,1.0
2026-04-23 19:39:18.838907+00:00,1,1_block,61936,36.9,3,1,1,,,0.706,"xgb,lgb",0.1544715447154471,False,0.0,VALIDATED,,,2,1.21,2.0,1.34,1.0,1.0
2026-04-23 19:39:18.838907+00:00,3,3_blocks,61936,36.9,3,1,1,,,1.0,"xgb,lgb",0.1510791366906475,False,0.0,VALIDATED,,,1,1.0,1.0,1.0,1.0,1.0
2026-04-23 19:39:18.838907+00:00,6,6_blocks,61936,36.9,3,1,1,,,1.0,"xgb,lgb",0.1510791366906475,False,0.0,VALIDATED,,,1,1.0,1.0,1.0,1.0,1.0
2026-04-23 20:36:50.873522+00:00,1,1_block,63758,36.6,1,1,1,,,0.899,"xgb,lgb",0.1510791366906475,False,0.0,VALIDATED,,,2,1.06,2.0,1.11,1.0,1.0
2026-04-23 20:36:50.873522+00:00,3,3_blocks,63758,36.6,1,1,1,,,0.5,"xgb,lgb",0.1510791366906475,False,0.0,VALIDATED,,,3,2.31,4.0,3.18,1.0,1.0
2026-04-23 20:36:50.873522+00:00,6,6_blocks,63758,36.6,1,1,1,,,0.5,"xgb,lgb",0.1538461538461538,False,0.0,VALIDATED,,,3,2.31,4.0,3.18,1.0,1.0
2026-04-23 21:27:37.586109+00:00,1,1_block,61735,37.1,4,1,1,,,1.0,"xgb,lgb",0.1542857142857142,False,0.0,VALIDATED,,,1,1.0,1.0,1.0,1.0,1.0
2026-04-23 21:27:37.586109+00:00,3,3_blocks,61735,37.1,4,1,1,,,0.577,"xgb,lgb",0.1538461538461538,False,0.0,VALIDATED,,,2,1.32,2.0,1.54,1.0,1.0
2026-04-23 21:27:37.586109+00:00,6,6_blocks,61735,37.1,4,1,1,,,0.577,"xgb,lgb",0.1538461538461538,False,0.0,VALIDATED,,,2,1.32,2.0,1.54,1.0,1.0
2026-04-23 22:08:37.744098+00:00,1,1_block,55917,35.8,1,1,1,,,0.812,"xgb,lgb",0.1542857142857142,False,0.0,VALIDATED,,,2,1.08,1.0,1.0,2.0,1.21
2026-04-23 22:08:37.744098+00:00,3,3_blocks,55917,35.8,1,1,1,,,0.5,"xgb,lgb",0.1642857142857142,False,0.0,VALIDATED,,,2,1.73,3.0,2.22,1.0,1.0
2026-04-23 22:08:37.744098+00:00,6,6_blocks,55917,35.8,1,1,1,,,0.5,"xgb,lgb",0.1538461538461538,False,0.0,VALIDATED,,,2,1.76,3.0,2.22,2.0,1.06
2026-04-23 23:04:34.325254+00:00,1,1_block,55901,35.8,1,1,1,,,0.904,"xgb,lgb",0.1642857142857142,False,0.0,VALIDATED,,,2,1.06,2.0,1.1,1.0,1.0
2026-04-23 23:04:34.325254+00:00,3,3_blocks,55901,35.8,1,1,1,,,0.5,"xgb,lgb",0.1538461538461538,False,0.0,VALIDATED,,,2,1.66,3.0,2.09,1.0,1.0
2026-04-23 23:04:34.325254+00:00,6,6_blocks,55901,35.8,1,1,1,,,0.5,"xgb,lgb",0.1538461538461538,False,0.0,VALIDATED,,,2,1.66,3.0,2.09,1.0,1.0
2026-04-23 23:59:27.541305+00:00,1,1_block,55006,35.5,1,1,1,,,0.852,"xgb,lgb",0.1642857142857142,False,0.0,VALIDATED,,,2,1.23,2.0,1.16,2.0,1.34
2026-04-23 23:59:27.541305+00:00,3,3_blocks,55006,35.5,1,1,1,,,1.0,"xgb,lgb",0.1538461538461538,False,0.0,VALIDATED,,,1,1.0,1.0,1.0,1.0,1.0
2026-04-23 23:59:27.541305+00:00,6,6_blocks,55006,35.5,1,1,1,,,0.992,"xgb,lgb",0.1538461538461538,False,0.0,VALIDATED,,,2,1.0,1.0,1.0,2.0,1.01
2026-04-24 02:54:56.937583+00:00,1,1_block,62048,37.5,3,1,1,,,0.577,"xgb,lgb",0.1571428571428571,False,0.0,VALIDATED,,,2,1.32,2.0,1.54,1.0,1.0
2026-04-24 02:54:56.937583+00:00,3,3_blocks,62048,37.5,3,1,1,,,1.0,"xgb,lgb",0.1571428571428571,False,0.0,VALIDATED,,,1,1.0,1.0,1.0,1.0,1.0
2026-04-24 02:54:56.937583+00:00,6,6_blocks,62048,37.5,3,1,1,,,1.0,"xgb,lgb",0.1571428571428571,False,0.0,VALIDATED,,,1,1.0,1.0,1.0,1.0,1.0
2026-04-24 05:30:28.032104+00:00,1,1_block,56313,35.7,1,1,1,,,0.709,"xgb,lgb",1.0,False,0.0,VALIDATED,,,2,1.14,1.0,1.0,2.0,1.34
2026-04-24 05:30:28.032104+00:00,3,3_blocks,56313,35.7,1,1,1,,,0.5,"xgb,lgb",0.1571428571428571,False,0.0,VALIDATED,,,3,2.02,3.0,2.7,1.0,1.0
2026-04-24 05:30:28.032104+00:00,6,6_blocks,56313,35.7,1,1,1,,,0.5,"xgb,lgb",0.1510791366906475,False,0.0,VALIDATED,,,3,2.03,3.0,2.7,2.0,1.01
2026-04-24 07:19:03.305521+00:00,1,1_block,60348,36.9,2,1,1,,,0.892,"xgb,lgb",0.2251655629139073,False,0.0,VALIDATED,,,2,1.43,2.0,1.49,2.0,1.34
2026-04-24 07:19:03.305521+00:00,3,3_blocks,60348,36.9,2,1,1,,,0.5,"xgb,lgb",0.1531531531531531,False,0.0,VALIDATED,,,2,1.97,3.0,2.62,1.0,1.0
2026-04-24 07:19:03.305521+00:00,6,6_blocks,60348,36.9,2,1,1,,,0.5,"xgb,lgb",0.1531531531531531,False,0.0,VALIDATED,,,3,2.0,3.0,2.62,2.0,1.08
2026-04-24 09:14:07.487574+00:00,1,1_block,60898,36.9,2,1,1,,,0.687,"xgb,lgb",0.1696428571428571,False,0.0,VALIDATED,,,2,1.15,1.0,1.0,2.0,1.37
2026-04-24 09:14:07.487574+00:00,3,3_blocks,60898,36.9,2,1,1,,,0.5,"xgb,lgb",0.1631205673758865,False,0.0,VALIDATED,,,2,1.72,3.0,2.2,1.0,1.0
2026-04-24 09:14:07.487574+00:00,6,6_blocks,60898,36.9,2,1,1,,,0.5,"xgb,lgb",0.1587301587301587,False,0.0,VALIDATED,,,2,1.73,3.0,2.2,2.0,1.03
2026-04-24 10:47:05.717559+00:00,1,1_block,58635,35.9,1,1,1,,,0.635,"xgb,lgb",1.0,False,0.0,VALIDATED,,,2,1.27,2.0,1.45,1.0,1.0
2026-04-24 10:47:05.717559+00:00,3,3_blocks,58635,35.9,1,1,1,,,0.523,"xgb,lgb",0.1646825396825396,False,0.0,VALIDATED,,,2,1.38,2.0,1.63,1.0,1.0
2026-04-24 10:47:05.717559+00:00,6,6_blocks,58635,35.9,1,1,1,,,0.523,"xgb,lgb",0.1596858638743455,False,0.0,VALIDATED,,,2,1.38,2.0,1.63,1.0,1.0
2026-04-24 11:47:41.589478+00:00,1,1_block,55568,34.9,2,1,1,,,0.521,"xgb,lgb",0.1596858638743455,False,0.0,VALIDATED,,,2,1.38,2.0,1.63,1.0,1.0
2026-04-24 11:47:41.589478+00:00,3,3_blocks,55568,34.9,2,1,1,,,0.5,"xgb,lgb",0.1596858638743455,False,0.0,VALIDATED,,,3,2.26,4.0,3.11,1.0,1.0
2026-04-24 11:47:41.589478+00:00,6,6_blocks,55568,34.9,2,1,1,,,0.5,"xgb,lgb",0.173469387755102,False,0.0,VALIDATED,,,3,2.26,4.0,3.11,1.0,1.0
2026-04-24 12:47:46.649701+00:00,1,1_block,37618,31.9,1,1,1,,,0.5,"xgb,lgb",0.1857142857142857,False,0.0,VALIDATED,,,3,2.24,4.0,3.07,1.0,1.0
2026-04-24 12:47:46.649701+00:00,3,3_blocks,37618,31.9,1,1,1,,,0.992,"xgb,lgb",0.1857142857142857,False,0.0,VALIDATED,,,2,1.01,2.0,1.01,1.0,1.0
2026-04-24 12:47:46.649701+00:00,6,6_blocks,37618,31.9,1,1,1,,,0.988,"xgb,lgb",0.173469387755102,False,0.0,VALIDATED,,,2,1.01,2.0,1.01,1.0,1.0
2026-04-24 14:23:23.593145+00:00,1,1_block,51610,34.2,1,1,1,,,0.814,"xgb,lgb",0.1842105263157894,False,0.0,VALIDATED,,,2,1.08,1.0,1.0,2.0,1.21
2026-04-24 14:23:23.593145+00:00,3,3_blocks,51610,34.2,1,1,1,,,1.0,"xgb,lgb",0.1842105263157894,False,0.0,VALIDATED,,,1,1.0,1.0,1.0,1.0,1.0
2026-04-24 14:23:23.593145+00:00,6,6_blocks,51610,34.2,1,1,1,,,1.0,"xgb,lgb",0.1842105263157894,False,0.0,VALIDATED,,,1,1.0,1.0,1.0,1.0,1.0
2026-04-24 15:45:22.939637+00:00,1,1_block,55992,34.9,2,1,1,,,1.0,"xgb,lgb",0.1660714285714285,False,0.0,VALIDATED,,,1,1.0,1.0,1.0,1.0,1.0
2026-04-24 15:45:22.939637+00:00,3,3_blocks,55992,34.9,2,1,1,,,0.723,"xgb,lgb",0.1631205673758865,False,0.0,VALIDATED,,,2,1.19,2.0,1.32,1.0,1.0
2026-04-24 15:45:22.939637+00:00,6,6_blocks,55992,34.9,2,1,1,,,0.723,"xgb,lgb",0.1631205673758865,False,0.0,VALIDATED,,,2,1.19,2.0,1.32,1.0,1.0
2026-04-24 16:41:35.499377+00:00,1,1_block,41380,32.1,1,1,1,,,0.569,"xgb,lgb",0.1660714285714285,False,0.0,VALIDATED,,,2,1.33,2.0,1.55,1.0,1.0
2026-04-24 16:41:35.499377+00:00,3,3_blocks,41380,32.1,1,1,1,,,0.507,"xgb,lgb",0.1652892561983471,False,0.0,VALIDATED,,,2,1.4,2.0,1.66,1.0,1.0
2026-04-24 16:41:35.499377+00:00,6,6_blocks,41380,32.1,1,1,1,,,0.503,"xgb,lgb",0.1666666666666666,False,0.0,VALIDATED,,,2,1.4,2.0,1.66,1.0,1.0
2026-04-24 17:40:22.327845+00:00,1,1_block,57611,34.7,3,1,1,,,1.0,"xgb,lgb",0.1666666666666666,False,0.0,VALIDATED,,,1,1.0,1.0,1.0,1.0,1.0
2026-04-24 17:40:22.327845+00:00,3,3_blocks,57611,34.7,3,1,1,,,0.996,"xgb,lgb",0.1666666666666666,False,0.0,VALIDATED,,,2,1.0,1.0,1.0,1.0,1.0
2026-04-24 17:40:22.327845+00:00,6,6_blocks,57611,34.7,3,1,1,,,1.0,"xgb,lgb",0.1578947368421052,False,0.0,VALIDATED,,,1,1.0,1.0,1.0,1.0,1.0
2026-04-24 18:29:06.079151+00:00,1,1_block,55978,33.8,1,1,1,,,0.941,"xgb,lgb",0.1578947368421052,False,0.0,VALIDATED,,,2,1.02,1.0,1.0,2.0,1.06
2026-04-24 18:29:06.079151+00:00,3,3_blocks,55978,33.8,1,1,1,,,0.5,"xgb,lgb",0.1578947368421052,False,0.0,VALIDATED,,,2,1.63,3.0,2.05,1.0,1.0
2026-04-24 18:29:06.079151+00:00,6,6_blocks,55978,33.8,1,1,1,,,0.5,"xgb,lgb",0.1578947368421052,False,0.0,VALIDATED,,,2,1.63,3.0,2.05,1.0,1.0
2026-04-24 19:31:06.873455+00:00,1,1_block,48477,32.8,2,1,1,,,0.681,"xgb,lgb",0.1666666666666666,False,0.0,VALIDATED,,,2,1.23,2.0,1.38,1.0,1.0
2026-04-24 19:31:06.873455+00:00,3,3_blocks,48477,32.8,2,1,1,,,0.996,"xgb,lgb",0.1666666666666666,False,0.0,VALIDATED,,,2,1.0,1.0,1.0,1.0,1.0
2026-04-24 19:31:06.873455+00:00,6,6_blocks,48477,32.8,2,1,1,,,1.0,"xgb,lgb",0.1666666666666666,False,0.0,VALIDATED,,,1,1.0,1.0,1.0,1.0,1.0
2026-04-24 20:10:27.332823+00:00,1,1_block,55073,33.8,2,1,1,,,0.878,"xgb,lgb",0.1666666666666666,False,0.0,VALIDATED,,,2,1.08,2.0,1.13,1.0,1.0
2026-04-24 20:10:27.332823+00:00,3,3_blocks,55073,33.8,2,1,1,,,0.5,"xgb,lgb",2.0,False,0.0,VALIDATED,,,3,2.52,4.0,3.53,1.0,1.0
2026-04-24 20:10:27.332823+00:00,6,6_blocks,55073,33.8,2,1,1,,,0.5,"xgb,lgb",0.1666666666666666,False,0.0,VALIDATED,,,3,2.52,4.0,3.53,1.0,1.0
2026-04-24 21:05:31.688862+00:00,1,1_block,63305,36.3,5,4,3,,,0.674,"xgb,lgb",2.0,False,0.0,VALIDATED,,,2,1.16,1.0,1.0,2.0,1.39
2026-04-24 21:05:31.688862+00:00,3,3_blocks,63305,36.3,5,4,3,,,0.645,"xgb,lgb",0.1857142857142857,False,0.0,VALIDATED,,,2,1.26,2.0,1.43,1.0,1.0
2026-04-24 21:05:31.688862+00:00,6,6_blocks,63305,36.3,5,4,3,,,0.732,"xgb,lgb",0.1857142857142857,False,0.0,VALIDATED,,,2,1.3,2.0,1.43,2.0,1.09
2026-04-24 21:59:01.943758+00:00,1,1_block,57409,34.4,3,1,1,,,0.55,"xgb,lgb",0.1857142857142857,False,0.0,VALIDATED,,,2,1.35,2.0,1.58,1.0,1.0
2026-04-24 21:59:01.943758+00:00,3,3_blocks,57409,34.4,3,1,1,,,0.5,"xgb,lgb",0.16148967311758,False,0.0,VALIDATED,,,3,2.3,4.0,3.17,1.0,1.0
2026-04-24 21:59:01.943758+00:00,6,6_blocks,57409,34.4,3,1,1,,,0.5,"xgb,lgb",0.160377358490566,False,0.0,VALIDATED,,,3,2.3,4.0,3.17,1.0,1.0
2026-04-24 22:48:00.306832+00:00,1,1_block,49515,32.9,2,1,1,,,0.63,"xgb,lgb",0.1639455782312925,False,0.0,VALIDATED,,,2,1.27,2.0,1.45,1.0,1.0
2026-04-24 22:48:00.306832+00:00,3,3_blocks,49515,32.9,2,1,1,,,0.5,"xgb,lgb",0.16148967311758,False,0.0,VALIDATED,,,2,1.72,3.0,2.2,1.0,1.0
2026-04-24 22:48:00.306832+00:00,6,6_blocks,49515,32.9,2,1,1,,,0.5,"xgb,lgb",0.1601941747572815,False,0.0,VALIDATED,,,2,1.73,3.0,2.2,2.0,1.02
2026-04-24 23:27:53.386408+00:00,1,1_block,50204,32.3,1,1,1,,,0.8,"xgb,lgb",0.1745283018867924,False,0.0,VALIDATED,,,2,1.13,2.0,1.22,1.0,1.0
2026-04-24 23:27:53.386408+00:00,3,3_blocks,50204,32.3,1,1,1,,,0.996,"xgb,lgb",0.1745283018867924,False,0.0,VALIDATED,,,2,1.0,1.0,1.0,1.0,1.0
2026-04-24 23:27:53.386408+00:00,6,6_blocks,50204,32.3,1,1,1,,,1.0,"xgb,lgb",0.1601941747572815,False,0.0,VALIDATED,,,1,1.0,1.0,1.0,1.0,1.0
2026-04-25 00:04:36.846360+00:00,1,1_block,50928,32.5,1,1,1,,,0.873,"xgb,lgb",0.1745283018867924,False,0.0,VALIDATED,,,2,1.08,2.0,1.14,1.0,1.0
2026-04-25 00:04:36.846360+00:00,3,3_blocks,50928,32.5,1,1,1,,,0.5,"xgb,lgb",0.1745283018867924,False,0.0,VALIDATED,,,3,2.33,4.0,3.21,1.0,1.0
2026-04-25 00:04:36.846360+00:00,6,6_blocks,50928,32.5,1,1,1,,,0.5,"xgb,lgb",0.1601941747572815,False,0.0,VALIDATED,,,3,2.33,4.0,3.21,1.0,1.0
2026-04-25 03:29:35.923444+00:00,1,1_block,54476,33.9,2,1,1,,,0.971,"xgb,lgb",0.1785714285714285,False,0.0,VALIDATED,,,2,1.28,2.0,1.26,2.0,1.3
2026-04-25 03:29:35.923444+00:00,3,3_blocks,54476,33.9,2,1,1,,,1.0,"xgb,lgb",0.1785714285714285,False,0.0,VALIDATED,,,1,1.0,1.0,1.0,1.0,1.0
2026-04-25 03:29:35.923444+00:00,6,6_blocks,54476,33.9,2,1,1,,,0.973,"xgb,lgb",0.175,False,0.0,VALIDATED,,,2,1.01,1.0,1.0,2.0,1.03
2026-04-25 05:28:25.409688+00:00,1,1_block,52524,32.9,1,1,1,,,0.742,"xgb,lgb",0.175,False,0.0,VALIDATED,,,2,1.15,2.0,1.03,2.0,1.34
2026-04-25 05:28:25.409688+00:00,3,3_blocks,52524,32.9,1,1,1,,,1.0,"xgb,lgb",0.175,False,0.0,VALIDATED,,,1,1.0,1.0,1.0,1.0,1.0
2026-04-25 05:28:25.409688+00:00,6,6_blocks,52524,32.9,1,1,1,,,0.988,"xgb,lgb",0.1745283018867924,False,0.0,VALIDATED,,,2,1.0,1.0,1.0,2.0,1.01
2026-04-25 06:51:10.819183+00:00,1,1_block,55807,33.2,1,1,1,,,0.714,"xgb,lgb",0.1745283018867924,False,0.0,VALIDATED,,,2,1.13,1.0,1.0,2.0,1.33
2026-04-25 06:51:10.819183+00:00,3,3_blocks,55807,33.2,1,1,1,,,0.5,"xgb,lgb",0.1745283018867924,False,0.0,VALIDATED,,,2,1.63,3.0,2.04,1.0,1.0
2026-04-25 06:51:10.819183+00:00,6,6_blocks,55807,33.2,1,1,1,,,0.5,"xgb,lgb",0.4918032786885246,False,0.0,VALIDATED,,,2,1.63,3.0,2.04,1.0,1.0
2026-04-25 08:03:09.733300+00:00,1,1_block,55171,34.8,3,3,1,,,0.854,"xgb,lgb",0.4918032786885246,False,0.0,VALIDATED,,,2,1.09,2.0,1.03,2.0,1.19
2026-04-25 08:03:09.733300+00:00,3,3_blocks,55171,34.8,3,3,1,,,1.0,"xgb,lgb",0.4918032786885246,False,0.0,VALIDATED,,,1,1.0,1.0,1.0,1.0,1.0
2026-04-25 08:03:09.733300+00:00,6,6_blocks,55171,34.8,3,3,1,,,0.854,"xgb,lgb",0.1631205673758865,False,0.0,VALIDATED,,,2,1.06,1.0,1.0,2.0,1.16
2026-04-25 09:07:26.372367+00:00,1,1_block,50536,32.1,1,1,1,,,0.5,"xgb,lgb",0.1631205673758865,False,0.0,VALIDATED,,,2,1.67,3.0,2.12,1.0,1.0
2026-04-25 09:07:26.372367+00:00,3,3_blocks,50536,32.1,1,1,1,,,1.0,"xgb,lgb",0.1632653061224489,False,0.0,VALIDATED,,,1,1.0,1.0,1.0,1.0,1.0
2026-04-25 09:07:26.372367+00:00,6,6_blocks,50536,32.1,1,1,1,,,1.0,"xgb,lgb",0.1631205673758865,False,0.0,VALIDATED,,,1,1.0,1.0,1.0,1.0,1.0
2026-04-25 10:01:43.112789+00:00,1,1_block,51043,32.2,1,1,1,,,0.605,"xgb,lgb",0.1632653061224489,False,0.0,VALIDATED,,,2,1.29,2.0,1.49,1.0,1.0
2026-04-25 10:01:43.112789+00:00,3,3_blocks,51043,32.2,1,1,1,,,1.0,"xgb,lgb",0.1538461538461538,False,0.0,VALIDATED,,,1,1.0,1.0,1.0,1.0,1.0
2026-04-25 10:01:43.112789+00:00,6,6_blocks,51043,32.2,1,1,1,,,1.0,"xgb,lgb",0.1538461538461538,False,0.0,VALIDATED,,,1,1.0,1.0,1.0,1.0,1.0
2026-04-25 10:59:45.878019+00:00,1,1_block,52681,32.5,2,1,1,,,1.0,"xgb,lgb",0.1538461538461538,False,0.0,VALIDATED,,,1,1.0,1.0,1.0,1.0,1.0
2026-04-25 10:59:45.878019+00:00,3,3_blocks,52681,32.5,2,1,1,,,0.893,"xgb,lgb",0.1571428571428571,False,0.0,VALIDATED,,,2,1.07,2.0,1.11,1.0,1.0
2026-04-25 10:59:45.878019+00:00,6,6_blocks,52681,32.5,2,1,1,,,0.893,"xgb,lgb",0.1571428571428571,False,0.0,VALIDATED,,,2,1.07,2.0,1.11,1.0,1.0
2026-04-25 11:47:53.841277+00:00,1,1_block,54171,31.5,1,1,1,,,0.972,"xgb,lgb",0.1621621621621621,False,0.0,VALIDATED,,,2,1.02,2.0,1.03,1.0,1.0
2026-04-25 11:47:53.841277+00:00,3,3_blocks,54171,31.5,1,1,1,,,0.5,"xgb,lgb",0.1571428571428571,False,0.0,VALIDATED,,,2,1.55,2.0,1.92,1.0,1.0
2026-04-25 11:47:53.841277+00:00,6,6_blocks,54171,31.5,1,1,1,,,0.5,"xgb,lgb",0.164021164021164,False,0.0,VALIDATED,,,2,1.55,2.0,1.92,1.0,1.0
2026-04-25 12:30:35.175374+00:00,1,1_block,48636,31.3,1,1,1,,,0.813,"xgb,lgb",0.1645796064400715,False,0.0,VALIDATED,,,2,1.12,2.0,1.21,1.0,1.0
2026-04-25 12:30:35.175374+00:00,3,3_blocks,48636,31.3,1,1,1,,,1.0,"xgb,lgb",0.164021164021164,False,0.0,VALIDATED,,,1,1.0,1.0,1.0,1.0,1.0
2026-04-25 12:30:35.175374+00:00,6,6_blocks,48636,31.3,1,1,1,,,1.0,"xgb,lgb",0.164021164021164,False,0.0,VALIDATED,,,1,1.0,1.0,1.0,1.0,1.0
2026-04-25 13:46:14.969319+00:00,1,1_block,52466,32.0,1,1,1,,,1.0,"xgb,lgb",0.1857142857142857,False,0.0,VALIDATED,,,1,1.0,1.0,1.0,1.0,1.0
2026-04-25 13:46:14.969319+00:00,3,3_blocks,52466,32.0,1,1,1,,,0.727,"xgb,lgb",0.1626984126984127,False,0.0,VALIDATED,,,2,1.19,2.0,1.32,1.0,1.0
2026-04-25 13:46:14.969319+00:00,6,6_blocks,52466,32.0,1,1,1,,,0.723,"xgb,lgb",0.1626984126984127,False,0.0,VALIDATED,,,2,1.19,2.0,1.32,1.0,1.0
2026-04-25 14:30:49.646825+00:00,1,1_block,67197,34.5,2,1,1,,,1.0,"xgb,lgb",0.1666666666666666,False,0.0,VALIDATED,,,1,1.0,1.0,1.0,1.0,1.0
2026-04-25 14:30:49.646825+00:00,3,3_blocks,67197,34.5,2,1,1,,,0.5,"xgb,lgb",0.1666666666666666,False,0.0,VALIDATED,,,4,3.31,5.0,4.84,1.0,1.0
2026-04-25 14:30:49.646825+00:00,6,6_blocks,67197,34.5,2,1,1,,,0.5,"xgb,lgb",0.1666666666666666,False,0.0,VALIDATED,,,4,3.31,5.0,4.84,1.0,1.0
2026-04-25 15:11:33.770449+00:00,1,1_block,62145,33.3,1,1,1,,,1.0,"xgb,lgb",0.1785714285714285,False,0.0,VALIDATED,,,1,1.0,1.0,1.0,1.0,1.0
2026-04-25 15:11:33.770449+00:00,3,3_blocks,62145,33.3,1,1,1,,,0.5,"xgb,lgb",0.1666666666666666,False,0.0,VALIDATED,,,2,1.47,2.0,1.79,1.0,1.0
2026-04-25 15:11:33.770449+00:00,6,6_blocks,62145,33.3,1,1,1,,,0.5,"xgb,lgb",0.1666666666666666,False,0.0,VALIDATED,,,2,1.47,2.0,1.79,1.0,1.0
2026-04-25 15:58:54.459022+00:00,1,1_block,62496,33.6,1,1,1,,,1.0,"xgb,lgb",0.1785714285714285,False,0.0,VALIDATED,,,1,1.0,1.0,1.0,1.0,1.0
2026-04-25 15:58:54.459022+00:00,3,3_blocks,62496,33.6,1,1,1,,,0.5,"xgb,lgb",0.1857142857142857,False,0.0,VALIDATED,,,4,3.8,6.0,5.67,1.0,1.0
2026-04-25 15:58:54.459022+00:00,6,6_blocks,62496,33.6,1,1,1,,,0.5,"xgb,lgb",0.1666666666666666,False,0.0,VALIDATED,,,4,3.8,6.0,5.67,1.0,1.0
2026-04-25 16:48:10.108913+00:00,1,1_block,61852,33.9,3,1,1,,,0.731,"xgb,lgb",1.0285714285714285,False,0.0,VALIDATED,,,2,1.19,2.0,1.31,1.0,1.0
2026-04-25 16:48:10.108913+00:00,3,3_blocks,61852,33.9,3,1,1,,,0.5,"xgb,lgb",0.1857142857142857,False,0.0,VALIDATED,,,4,3.57,6.0,5.29,1.0,1.0
2026-04-25 16:48:10.108913+00:00,6,6_blocks,61852,33.9,3,1,1,,,0.5,"xgb,lgb",0.1666666666666666,False,0.0,VALIDATED,,,4,3.57,6.0,5.29,1.0,1.0
2026-04-25 17:26:48.779891+00:00,1,1_block,64316,34.0,1,1,1,,,0.954,"xgb,lgb",2.1652421652421654,False,0.0,VALIDATED,,,2,1.02,1.0,1.0,2.0,1.05
2026-04-25 17:26:48.779891+00:00,3,3_blocks,64316,34.0,1,1,1,,,0.5,"xgb,lgb",1.0155440414507773,False,0.0,VALIDATED,,,3,2.39,4.0,3.32,1.0,1.0
2026-04-25 17:26:48.779891+00:00,6,6_blocks,64316,34.0,1,1,1,,,0.5,"xgb,lgb",0.1809045226130653,False,0.0,VALIDATED,,,3,2.39,4.0,3.32,1.0,1.0
2026-04-25 18:03:36.254067+00:00,1,1_block,67933,35.0,3,1,1,,,0.687,"xgb,lgb",2.1652421652421654,False,0.0,VALIDATED,,,2,1.15,1.0,1.0,2.0,1.37
2026-04-25 18:03:36.254067+00:00,3,3_blocks,67933,35.0,3,1,1,,,0.5,"xgb,lgb",0.1809045226130653,False,0.0,VALIDATED,,,3,2.29,4.0,3.15,1.0,1.0
2026-04-25 18:03:36.254067+00:00,6,6_blocks,67933,35.0,3,1,1,,,0.5,"xgb,lgb",0.1809045226130653,False,0.0,VALIDATED,,,3,2.29,4.0,3.15,1.0,1.0
2026-04-25 19:09:16.638063+00:00,1,1_block,64882,34.4,2,1,1,,,0.956,"xgb,lgb",0.1809045226130653,False,0.0,VALIDATED,,,2,1.13,2.0,1.15,2.0,1.1
2026-04-25 19:09:16.638063+00:00,3,3_blocks,64882,34.4,2,1,1,,,0.522,"xgb,lgb",0.1785714285714285,False,0.0,VALIDATED,,,2,1.38,2.0,1.63,1.0,1.0
2026-04-25 19:09:16.638063+00:00,6,6_blocks,64882,34.4,2,1,1,,,0.609,"xgb,lgb",0.1785714285714285,False,0.0,VALIDATED,,,2,1.42,2.0,1.63,2.0,1.1
2026-04-25 19:53:17.094295+00:00,1,1_block,66230,34.4,2,1,1,,,1.0,"xgb,lgb",0.1785714285714285,False,0.0,VALIDATED,,,1,1.0,1.0,1.0,1.0,1.0
2026-04-25 19:53:17.094295+00:00,3,3_blocks,66230,34.4,2,1,1,,,0.5,"xgb,lgb",0.1714285714285714,False,0.0,VALIDATED,,,2,1.63,3.0,2.05,1.0,1.0
2026-04-25 19:53:17.094295+00:00,6,6_blocks,66230,34.4,2,1,1,,,0.5,"xgb,lgb",0.1714285714285714,False,0.0,VALIDATED,,,2,1.63,3.0,2.05,1.0,1.0
2026-04-25 20:33:13.755915+00:00,1,1_block,60145,33.1,1,1,1,,,0.5,"xgb,lgb",0.1714285714285714,False,0.0,VALIDATED,,,2,1.54,2.0,1.9,1.0,1.0
2026-04-25 20:33:13.755915+00:00,3,3_blocks,60145,33.1,1,1,1,,,0.5,"xgb,lgb",0.1714285714285714,False,0.0,VALIDATED,,,4,3.35,5.0,4.92,1.0,1.0
2026-04-25 20:33:13.755915+00:00,6,6_blocks,60145,33.1,1,1,1,,,0.5,"xgb,lgb",0.1642857142857142,False,0.0,VALIDATED,,,4,3.35,5.0,4.92,1.0,1.0
2026-04-25 21:09:23.019744+00:00,1,1_block,65364,34.4,3,1,1,,,0.845,"xgb,lgb",0.1642857142857142,False,0.0,VALIDATED,,,2,1.3,2.0,1.21,2.0,1.42
2026-04-25 21:09:23.019744+00:00,3,3_blocks,65364,34.4,3,1,1,,,0.5,"xgb,lgb",0.1642857142857142,False,0.0,VALIDATED,,,2,1.59,2.0,1.98,1.0,1.0
2026-04-25 21:09:23.019744+00:00,6,6_blocks,65364,34.4,3,1,1,,,0.5,"xgb,lgb",0.1642857142857142,False,0.0,VALIDATED,,,2,1.61,2.0,1.98,2.0,1.05
2026-04-25 21:52:33.685829+00:00,1,1_block,52766,32.0,1,1,1,,,0.905,"xgb,lgb",0.1642857142857142,False,0.0,VALIDATED,,,2,1.06,2.0,1.1,1.0,1.0
2026-04-25 21:52:33.685829+00:00,3,3_blocks,52766,32.0,1,1,1,,,0.5,"xgb,lgb",0.1642857142857142,False,0.0,VALIDATED,,,3,2.14,3.0,2.9,1.0,1.0
2026-04-25 21:52:33.685829+00:00,6,6_blocks,52766,32.0,1,1,1,,,0.5,"xgb,lgb",0.1642857142857142,False,0.0,VALIDATED,,,3,2.14,3.0,2.9,1.0,1.0
2026-04-25 22:31:20.847827+00:00,1,1_block,57533,33.1,2,1,1,,,0.5,"xgb,lgb",0.1642857142857142,False,0.0,VALIDATED,,,2,1.91,3.0,2.51,1.0,1.0
2026-04-25 22:31:20.847827+00:00,3,3_blocks,57533,33.1,2,1,1,,,0.5,"xgb,lgb",0.1642857142857142,False,0.0,VALIDATED,,,4,3.38,5.0,4.96,1.0,1.0
2026-04-25 22:31:20.847827+00:00,6,6_blocks,57533,33.1,2,1,1,,,0.5,"xgb,lgb",0.1642857142857142,False,0.0,VALIDATED,,,4,3.38,5.0,4.96,1.0,1.0
2026-04-25 23:09:41.343284+00:00,1,1_block,51261,31.9,1,1,1,,,0.895,"xgb,lgb",0.1842105263157894,False,0.0,VALIDATED,,,2,1.07,2.0,1.11,1.0,1.0
2026-04-25 23:09:41.343284+00:00,3,3_blocks,51261,31.9,1,1,1,,,0.996,"xgb,lgb",0.1714285714285714,False,0.0,VALIDATED,,,2,1.0,1.0,1.0,1.0,1.0
2026-04-25 23:09:41.343284+00:00,6,6_blocks,51261,31.9,1,1,1,,,1.0,"xgb,lgb",0.1642857142857142,False,0.0,VALIDATED,,,1,1.0,1.0,1.0,1.0,1.0
2026-04-25 23:53:59.245584+00:00,1,1_block,54974,32.5,1,1,1,,,1.0,"xgb,lgb",0.1842105263157894,False,0.0,VALIDATED,,,1,1.0,1.0,1.0,1.0,1.0
2026-04-25 23:53:59.245584+00:00,3,3_blocks,54974,32.5,1,1,1,,,0.639,"xgb,lgb",0.1714285714285714,False,0.0,VALIDATED,,,2,1.27,2.0,1.45,1.0,1.0
2026-04-25 23:53:59.245584+00:00,6,6_blocks,54974,32.5,1,1,1,,,0.635,"xgb,lgb",0.1642857142857142,False,0.0,VALIDATED,,,2,1.27,2.0,1.45,1.0,1.0
2026-04-26 02:07:30.294587+00:00,1,1_block,58766,33.2,2,1,1,,,0.99,"xgb,lgb",0.1671428571428571,False,0.0,VALIDATED,,,2,1.35,2.0,1.36,2.0,1.34
2026-04-26 02:07:30.294587+00:00,3,3_blocks,58766,33.2,2,1,1,,,0.5,"xgb,lgb",0.1654761904761904,False,0.0,VALIDATED,,,2,1.43,2.0,1.71,1.0,1.0
2026-04-26 02:07:30.294587+00:00,6,6_blocks,58766,33.2,2,1,1,,,0.5,"xgb,lgb",0.1654761904761904,False,0.0,VALIDATED,,,2,1.43,2.0,1.71,1.0,1.0
2026-04-26 05:20:41.809807+00:00,1,1_block,52493,32.0,1,1,1,,,0.5,"xgb,lgb",0.1666666666666666,False,0.0,VALIDATED,,,2,1.71,3.0,2.19,1.0,1.0
2026-04-26 05:20:41.809807+00:00,3,3_blocks,52493,32.0,1,1,1,,,0.5,"xgb,lgb",0.1666666666666666,False,0.0,VALIDATED,,,2,1.7,3.0,2.17,1.0,1.0
2026-04-26 05:20:41.809807+00:00,6,6_blocks,52493,32.0,1,1,1,,,0.5,"xgb,lgb",0.1666666666666666,False,0.0,VALIDATED,,,2,1.7,3.0,2.17,1.0,1.0
2026-04-26 07:08:20.666729+00:00,1,1_block,61869,33.0,2,1,1,,,0.5,"xgb,lgb",0.19,False,0.0,VALIDATED,,,3,2.18,3.0,2.97,1.0,1.0
2026-04-26 07:08:20.666729+00:00,3,3_blocks,61869,33.0,2,1,1,,,0.5,"xgb,lgb",0.1666666666666666,False,0.0,VALIDATED,,,3,2.54,4.0,3.57,1.0,1.0
2026-04-26 07:08:20.666729+00:00,6,6_blocks,61869,33.0,2,1,1,,,0.5,"xgb,lgb",0.1666666666666666,False,0.0,VALIDATED,,,3,2.54,4.0,3.57,1.0,1.0
2026-04-26 08:22:26.357379+00:00,1,1_block,63225,33.2,2,1,1,,,1.0,"xgb,lgb",0.1714285714285714,False,0.0,VALIDATED,,,1,1.0,1.0,1.0,1.0,1.0
2026-04-26 08:22:26.357379+00:00,3,3_blocks,63225,33.2,2,1,1,,,0.5,"xgb,lgb",0.1666666666666666,False,0.0,VALIDATED,,,3,2.33,4.0,3.21,1.0,1.0
2026-04-26 08:22:26.357379+00:00,6,6_blocks,63225,33.2,2,1,1,,,0.5,"xgb,lgb",0.1666666666666666,False,0.0,VALIDATED,,,3,2.32,4.0,3.21,1.0,1.0
2026-04-26 09:29:54.357562+00:00,1,1_block,53228,31.5,1,1,1,,,1.0,"xgb,lgb",0.1666666666666666,False,0.0,VALIDATED,,,1,1.0,1.0,1.0,1.0,1.0
2026-04-26 09:29:54.357562+00:00,3,3_blocks,53228,31.5,1,1,1,,,0.5,"xgb,lgb",0.1666666666666666,False,0.0,VALIDATED,,,3,2.78,4.0,3.96,1.0,1.0
2026-04-26 09:29:54.357562+00:00,6,6_blocks,53228,31.5,1,1,1,,,0.5,"xgb,lgb",0.1714285714285714,False,0.0,VALIDATED,,,3,2.78,4.0,3.96,1.0,1.0
2026-04-26 10:25:05.161828+00:00,1,1_block,58311,32.7,3,1,1,,,0.622,"xgb,lgb",0.1776649746192893,False,0.0,VALIDATED,,,2,1.28,2.0,1.47,1.0,1.0
2026-04-26 10:25:05.161828+00:00,3,3_blocks,58311,32.7,3,1,1,,,0.996,"xgb,lgb",0.1714285714285714,False,0.0,VALIDATED,,,2,1.0,1.0,1.0,1.0,1.0
2026-04-26 10:25:05.161828+00:00,6,6_blocks,58311,32.7,3,1,1,,,1.0,"xgb,lgb",0.1714285714285714,False,0.0,VALIDATED,,,1,1.0,1.0,1.0,1.0,1.0
2026-04-26 11:10:10.314597+00:00,1,1_block,55740,31.9,1,1,1,,,0.925,"xgb,lgb",0.1776649746192893,False,0.0,VALIDATED,,,2,1.03,1.0,1.0,2.0,1.08
2026-04-26 11:10:10.314597+00:00,3,3_blocks,55740,31.9,1,1,1,,,0.996,"xgb,lgb",0.1714285714285714,False,0.0,VALIDATED,,,2,1.0,1.0,1.0,1.0,1.0
2026-04-26 11:10:10.314597+00:00,6,6_blocks,55740,31.9,1,1,1,,,0.971,"xgb,lgb",0.1714285714285714,False,0.0,VALIDATED,,,2,1.01,1.0,1.0,2.0,1.03
2026-04-26 11:54:53.337988+00:00,1,1_block,62450,32.7,1,1,1,,,0.513,"xgb,lgb",0.1714285714285714,False,0.0,VALIDATED,,,2,1.39,2.0,1.64,1.0,1.0
2026-04-26 11:54:53.337988+00:00,3,3_blocks,62450,32.7,1,1,1,,,0.807,"xgb,lgb",0.1714285714285714,False,0.0,VALIDATED,,,2,1.13,2.0,1.22,1.0,1.0
2026-04-26 11:54:53.337988+00:00,6,6_blocks,62450,32.7,1,1,1,,,0.803,"xgb,lgb",0.1714285714285714,False,0.0,VALIDATED,,,2,1.13,2.0,1.22,1.0,1.0
2026-04-26 12:53:38.286330+00:00,1,1_block,62841,32.9,1,1,1,,,1.0,"xgb,lgb",0.1857142857142857,False,0.0,VALIDATED,,,1,1.0,1.0,1.0,1.0,1.0
2026-04-26 12:53:38.286330+00:00,3,3_blocks,62841,32.9,1,1,1,,,0.996,"xgb,lgb",0.1746031746031746,False,0.0,VALIDATED,,,2,1.0,1.0,1.0,1.0,1.0
2026-04-26 12:53:38.286330+00:00,6,6_blocks,62841,32.9,1,1,1,,,1.0,"xgb,lgb",0.1714285714285714,False,0.0,VALIDATED,,,1,1.0,1.0,1.0,1.0,1.0
2026-04-26 14:02:54.013412+00:00,1,1_block,59114,32.4,1,1,1,,,0.5,"xgb,lgb",0.1714285714285714,False,0.0,VALIDATED,,,2,1.47,2.0,1.78,1.0,1.0
2026-04-26 14:02:54.013412+00:00,3,3_blocks,59114,32.4,1,1,1,,,0.996,"xgb,lgb",0.1666666666666666,False,0.0,VALIDATED,,,2,1.0,1.0,1.0,1.0,1.0
2026-04-26 14:02:54.013412+00:00,6,6_blocks,59114,32.4,1,1,1,,,1.0,"xgb,lgb",0.1666666666666666,False,0.0,VALIDATED,,,1,1.0,1.0,1.0,1.0,1.0
2026-04-26 14:59:03.433945+00:00,1,1_block,50134,31.2,1,1,1,,,1.0,"xgb,lgb",0.1671004685059864,False,0.0,VALIDATED,,,1,1.0,1.0,1.0,1.0,1.0
2026-04-26 14:59:03.433945+00:00,3,3_blocks,50134,31.2,1,1,1,,,0.823,"xgb,lgb",0.1746031746031746,False,0.0,VALIDATED,,,2,1.12,2.0,1.2,1.0,1.0
2026-04-26 14:59:03.433945+00:00,6,6_blocks,50134,31.2,1,1,1,,,0.819,"xgb,lgb",0.1666666666666666,False,0.0,VALIDATED,,,2,1.12,2.0,1.2,1.0,1.0
2026-04-26 15:50:37.001606+00:00,1,1_block,54795,31.7,1,1,1,,,1.0,"xgb,lgb",1.0208333333333333,False,0.0,VALIDATED,,,1,1.0,1.0,1.0,1.0,1.0
2026-04-26 15:50:37.001606+00:00,3,3_blocks,54795,31.7,1,1,1,,,0.585,"xgb,lgb",0.1746031746031746,False,0.0,VALIDATED,,,2,1.32,2.0,1.53,1.0,1.0
2026-04-26 15:50:37.001606+00:00,6,6_blocks,54795,31.7,1,1,1,,,0.581,"xgb,lgb",0.1746031746031746,False,0.0,VALIDATED,,,2,1.32,2.0,1.53,1.0,1.0
2026-04-26 16:25:56.080807+00:00,1,1_block,62492,33.0,2,1,1,,,1.0,"xgb,lgb",0.2,False,0.0,VALIDATED,,,1,1.0,1.0,1.0,1.0,1.0
2026-04-26 16:25:56.080807+00:00,3,3_blocks,62492,33.0,2,1,1,,,0.996,"xgb,lgb",0.2,False,0.0,VALIDATED,,,2,1.0,1.0,1.0,1.0,1.0
2026-04-26 16:25:56.080807+00:00,6,6_blocks,62492,33.0,2,1,1,,,1.0,"xgb,lgb",0.1785714285714285,False,0.0,VALIDATED,,,1,1.0,1.0,1.0,1.0,1.0
2026-04-26 17:08:27.001477+00:00,1,1_block,67603,34.2,3,2,1,,,0.743,"xgb,lgb",0.2,False,0.0,VALIDATED,,,2,1.12,1.0,1.0,2.0,1.29
2026-04-26 17:08:27.001477+00:00,3,3_blocks,67603,34.2,3,2,1,,,0.996,"xgb,lgb",0.1785714285714285,False,0.0,VALIDATED,,,2,1.0,1.0,1.0,1.0,1.0
2026-04-26 17:08:27.001477+00:00,6,6_blocks,67603,34.2,3,2,1,,,1.0,"xgb,lgb",0.1785714285714285,False,0.0,VALIDATED,,,1,1.0,1.0,1.0,1.0,1.0
2026-04-26 17:56:54.500985+00:00,1,1_block,60048,32.8,1,1,1,,,0.5,"xgb,lgb",0.1914893617021276,False,0.0,VALIDATED,,,3,2.42,4.0,3.37,1.0,1.0
2026-04-26 17:56:54.500985+00:00,3,3_blocks,60048,32.8,1,1,1,,,0.996,"xgb,lgb",0.1785714285714285,False,0.0,VALIDATED,,,2,1.0,1.0,1.0,1.0,1.0
2026-04-26 17:56:54.500985+00:00,6,6_blocks,60048,32.8,1,1,1,,,1.0,"xgb,lgb",0.1785714285714285,False,0.0,VALIDATED,,,1,1.0,1.0,1.0,1.0,1.0
2026-04-26 18:55:52.980950+00:00,1,1_block,68950,34.8,4,3,1,,,0.772,"xgb,lgb",0.1785714285714285,False,0.0,VALIDATED,,,2,1.15,2.0,1.26,1.0,1.0
2026-04-26 18:55:52.980950+00:00,3,3_blocks,68950,34.8,4,3,1,,,0.996,"xgb,lgb",0.1785714285714285,False,0.0,VALIDATED,,,2,1.0,1.0,1.0,1.0,1.0
2026-04-26 18:55:52.980950+00:00,6,6_blocks,68950,34.8,4,3,1,,,1.0,"xgb,lgb",0.1785714285714285,False,0.0,VALIDATED,,,1,1.0,1.0,1.0,1.0,1.0
2026-04-26 19:36:10.020156+00:00,1,1_block,52723,31.4,1,1,1,,,0.5,"xgb,lgb",1.707070707070707,False,0.0,VALIDATED,,,2,1.58,2.0,1.97,1.0,1.0
2026-04-26 19:36:10.020156+00:00,3,3_blocks,52723,31.4,1,1,1,,,0.5,"xgb,lgb",0.1785714285714285,False,0.0,VALIDATED,,,2,1.49,2.0,1.81,1.0,1.0
2026-04-26 19:36:10.020156+00:00,6,6_blocks,52723,31.4,1,1,1,,,0.5,"xgb,lgb",0.1785714285714285,False,0.0,VALIDATED,,,2,1.48,2.0,1.81,1.0,1.0
2026-04-26 20:07:32.315731+00:00,1,1_block,59779,32.8,2,1,1,,,0.5,"xgb,lgb",0.1825396825396825,False,0.0,VALIDATED,,,3,2.3,4.0,3.17,1.0,1.0
2026-04-26 20:07:32.315731+00:00,3,3_blocks,59779,32.8,2,1,1,,,0.996,"xgb,lgb",0.1825396825396825,False,0.0,VALIDATED,,,2,1.0,1.0,1.0,1.0,1.0
2026-04-26 20:07:32.315731+00:00,6,6_blocks,59779,32.8,2,1,1,,,1.0,"xgb,lgb",0.1785714285714285,False,0.0,VALIDATED,,,1,1.0,1.0,1.0,1.0,1.0
2026-04-26 20:56:12.081663+00:00,1,1_block,65794,34.3,4,3,1,,,0.769,"xgb,lgb",0.1825396825396825,False,0.0,VALIDATED,,,2,1.16,2.0,1.26,1.0,1.0
2026-04-26 20:56:12.081663+00:00,3,3_blocks,65794,34.3,4,3,1,,,0.996,"xgb,lgb",0.1746031746031746,False,0.0,VALIDATED,,,2,1.0,1.0,1.0,1.0,1.0
2026-04-26 20:56:12.081663+00:00,6,6_blocks,65794,34.3,4,3,1,,,1.0,"xgb,lgb",0.1746031746031746,False,0.0,VALIDATED,,,1,1.0,1.0,1.0,1.0,1.0
2026-04-26 21:33:46.474528+00:00,1,1_block,61515,32.9,2,1,1,,,0.5,"xgb,lgb",0.1746031746031746,False,0.0,VALIDATED,,,3,2.24,3.0,2.89,2.0,1.27
2026-04-26 21:33:46.474528+00:00,3,3_blocks,61515,32.9,2,1,1,,,0.5,"xgb,lgb",0.1746031746031746,False,0.0,VALIDATED,,,2,1.66,3.0,2.1,1.0,1.0
2026-04-26 21:33:46.474528+00:00,6,6_blocks,61515,32.9,2,1,1,,,0.5,"xgb,lgb",0.1678571428571428,False,0.0,VALIDATED,,,2,1.66,3.0,2.1,1.0,1.0
2026-04-26 22:07:33.376467+00:00,1,1_block,58692,32.3,1,1,1,,,0.807,"xgb,lgb",0.1678571428571428,False,0.0,VALIDATED,,,2,1.13,2.0,1.21,1.0,1.0
2026-04-26 22:07:33.376467+00:00,3,3_blocks,58692,32.3,1,1,1,,,0.996,"xgb,lgb",0.1678571428571428,False,0.0,VALIDATED,,,2,1.0,1.0,1.0,1.0,1.0
2026-04-26 22:07:33.376467+00:00,6,6_blocks,58692,32.3,1,1,1,,,1.0,"xgb,lgb",0.1678571428571428,False,0.0,VALIDATED,,,1,1.0,1.0,1.0,1.0,1.0
2026-04-26 22:56:40.673519+00:00,1,1_block,61340,33.1,2,1,1,,,0.5,"xgb,lgb",0.1678571428571428,False,0.0,VALIDATED,,,2,1.62,3.0,2.04,1.0,1.0
2026-04-26 22:56:40.673519+00:00,3,3_blocks,61340,33.1,2,1,1,,,0.5,"xgb,lgb",0.1785714285714285,False,0.0,VALIDATED,,,4,3.23,5.0,4.72,1.0,1.0
2026-04-26 22:56:40.673519+00:00,6,6_blocks,61340,33.1,2,1,1,,,0.5,"xgb,lgb",0.1666666666666666,False,0.0,VALIDATED,,,4,3.23,5.0,4.72,1.0,1.0
2026-04-26 23:47:22.121679+00:00,1,1_block,57485,32.1,1,1,1,,,0.5,"xgb,lgb",0.1825396825396825,False,0.0,VALIDATED,,,2,1.43,2.0,1.72,1.0,1.0
2026-04-26 23:47:22.121679+00:00,3,3_blocks,57485,32.1,1,1,1,,,0.5,"xgb,lgb",0.1785714285714285,False,0.0,VALIDATED,,,3,2.96,5.0,4.26,1.0,1.0
2026-04-26 23:47:22.121679+00:00,6,6_blocks,57485,32.1,1,1,1,,,0.5,"xgb,lgb",0.1666666666666666,False,0.0,VALIDATED,,,3,2.96,5.0,4.26,1.0,1.0
2026-04-27 00:09:42.150106+00:00,1,1_block,60212,32.9,3,1,1,,,0.5,"xgb,lgb",0.1825396825396825,False,0.0,VALIDATED,,,3,2.27,4.0,3.11,1.0,1.0
2026-04-27 00:09:42.150106+00:00,3,3_blocks,60212,32.9,3,1,1,,,0.5,"xgb,lgb",0.1785714285714285,False,0.0,VALIDATED,,,2,1.82,3.0,2.36,1.0,1.0
2026-04-27 00:09:42.150106+00:00,6,6_blocks,60212,32.9,3,1,1,,,0.5,"xgb,lgb",0.1666666666666666,False,0.0,VALIDATED,,,2,1.82,3.0,2.36,1.0,1.0
2026-04-27 03:59:01.263658+00:00,1,1_block,58296,32.2,1,1,1,,,0.7,"xgb,lgb",0.1857142857142857,False,0.0,VALIDATED,,,2,1.49,2.0,1.66,2.0,1.23
2026-04-27 03:59:01.263658+00:00,3,3_blocks,58296,32.2,1,1,1,,,0.5,"xgb,lgb",0.1857142857142857,False,0.0,VALIDATED,,,2,1.97,3.0,2.61,1.0,1.0
2026-04-27 03:59:01.263658+00:00,6,6_blocks,58296,32.2,1,1,1,,,0.5,"xgb,lgb",0.2142857142857142,False,0.0,VALIDATED,,,2,1.97,3.0,2.61,1.0,1.0
2026-04-27 06:29:17.111369+00:00,1,1_block,62043,33.6,2,1,1,,,0.733,"xgb,lgb",0.2142857142857142,False,0.0,VALIDATED,,,2,1.12,1.0,1.0,2.0,1.31
2026-04-27 06:29:17.111369+00:00,3,3_blocks,62043,33.6,2,1,1,,,0.996,"xgb,lgb",0.2142857142857142,False,0.0,VALIDATED,,,2,1.0,1.0,1.0,1.0,1.0
2026-04-27 06:29:17.111369+00:00,6,6_blocks,62043,33.6,2,1,1,,,1.0,"xgb,lgb",0.25,False,0.0,VALIDATED,,,1,1.0,1.0,1.0,1.0,1.0
2026-04-27 09:05:28.730788+00:00,1,1_block,57736,33.1,1,1,1,,,0.5,"xgb,lgb",0.2708671646638519,False,0.0,VALIDATED,,,3,2.03,3.0,2.52,2.0,1.31
2026-04-27 09:05:28.730788+00:00,3,3_blocks,57736,33.1,1,1,1,,,0.729,"xgb,lgb",0.25,False,0.0,VALIDATED,,,2,1.19,2.0,1.32,1.0,1.0
2026-04-27 09:05:28.730788+00:00,6,6_blocks,57736,33.1,1,1,1,,,0.725,"xgb,lgb",0.3272727272727272,False,0.0,VALIDATED,,,2,1.19,2.0,1.32,1.0,1.0
2026-04-27 11:14:40.067999+00:00,1,1_block,63853,34.7,3,3,1,,,0.5,"xgb,lgb",0.3285714285714285,False,0.0,VALIDATED,,,3,2.14,3.0,2.9,1.0,1.0
2026-04-27 11:14:40.067999+00:00,3,3_blocks,63853,34.7,3,3,1,,,0.5,"xgb,lgb",0.3272727272727272,False,0.0,VALIDATED,,,3,2.42,4.0,3.37,1.0,1.0
2026-04-27 11:14:40.067999+00:00,6,6_blocks,63853,34.7,3,3,1,,,0.5,"xgb,lgb",0.2894736842105263,False,0.0,VALIDATED,,,3,2.42,4.0,3.37,1.0,1.0
2026-04-27 12:54:14.925141+00:00,1,1_block,41188,30.7,1,1,1,,,0.864,"xgb,lgb",0.2894736842105263,False,0.0,VALIDATED,,,2,1.09,2.0,1.15,1.0,1.0
2026-04-27 12:54:14.925141+00:00,3,3_blocks,41188,30.7,1,1,1,,,0.996,"xgb,lgb",0.2894736842105263,False,0.0,VALIDATED,,,2,1.0,1.0,1.0,1.0,1.0
2026-04-27 12:54:14.925141+00:00,6,6_blocks,41188,30.7,1,1,1,,,1.0,"xgb,lgb",0.2894736842105263,False,0.0,VALIDATED,,,1,1.0,1.0,1.0,1.0,1.0
2026-04-27 15:02:39.987312+00:00,1,1_block,46267,31.9,2,1,1,,,0.986,"xgb,lgb",1.0032414910858996,False,0.0,VALIDATED,,,2,1.11,2.0,1.11,2.0,1.1
2026-04-27 15:02:39.987312+00:00,3,3_blocks,46267,31.9,2,1,1,,,0.996,"xgb,lgb",0.2714285714285714,False,0.0,VALIDATED,,,2,1.0,1.0,1.0,1.0,1.0
2026-04-27 15:02:39.987312+00:00,6,6_blocks,46267,31.9,2,1,1,,,1.0,"xgb,lgb",0.2714285714285714,False,0.0,VALIDATED,,,1,1.0,1.0,1.0,1.0,1.0
2026-04-27 16:52:11.754822+00:00,1,1_block,51381,33.5,3,3,1,,,0.781,"xgb,lgb",2.0,False,0.0,VALIDATED,,,2,1.1,1.0,1.0,2.0,1.25
2026-04-27 16:52:11.754822+00:00,3,3_blocks,51381,33.5,3,3,1,,,0.996,"xgb,lgb",0.2571428571428571,False,0.0,VALIDATED,,,2,1.0,1.0,1.0,1.0,1.0
2026-04-27 16:52:11.754822+00:00,6,6_blocks,51381,33.5,3,3,1,,,1.0,"xgb,lgb",0.2571428571428571,False,0.0,VALIDATED,,,1,1.0,1.0,1.0,1.0,1.0
2026-04-27 18:03:12.908713+00:00,1,1_block,51198,33.6,2,1,1,,,0.773,"xgb,lgb",1.0,False,0.0,VALIDATED,,,2,1.52,2.0,1.65,2.0,1.32
2026-04-27 18:03:12.908713+00:00,3,3_blocks,51198,33.6,2,1,1,,,0.528,"xgb,lgb",0.2571428571428571,False,0.0,VALIDATED,,,2,1.38,2.0,1.62,1.0,1.0
2026-04-27 18:03:12.908713+00:00,6,6_blocks,51198,33.6,2,1,1,,,0.524,"xgb,lgb",0.2571428571428571,False,0.0,VALIDATED,,,2,1.37,2.0,1.62,1.0,1.0
2026-04-27 19:46:16.292185+00:00,1,1_block,44952,31.9,1,1,1,,,1.0,"xgb,lgb",0.2571428571428571,False,0.0,VALIDATED,,,1,1.0,1.0,1.0,1.0,1.0
2026-04-27 19:46:16.292185+00:00,3,3_blocks,44952,31.9,1,1,1,,,0.854,"xgb,lgb",0.2571428571428571,False,0.0,VALIDATED,,,2,1.1,2.0,1.16,1.0,1.0
2026-04-27 19:46:16.292185+00:00,6,6_blocks,44952,31.9,1,1,1,,,0.85,"xgb,lgb",0.25,False,0.0,VALIDATED,,,2,1.1,2.0,1.16,1.0,1.0
2026-04-27 20:44:49.468123+00:00,1,1_block,48124,32.5,1,1,1,,,1.0,"xgb,lgb",0.25,False,0.0,VALIDATED,,,1,1.0,1.0,1.0,1.0,1.0
2026-04-27 20:44:49.468123+00:00,3,3_blocks,48124,32.5,1,1,1,,,0.996,"xgb,lgb",0.25,False,0.0,VALIDATED,,,2,1.0,1.0,1.0,1.0,1.0
2026-04-27 20:44:49.468123+00:00,6,6_blocks,48124,32.5,1,1,1,,,1.0,"xgb,lgb",0.2454545454545454,False,0.0,VALIDATED,,,1,1.0,1.0,1.0,1.0,1.0
2026-04-27 21:41:01.246270+00:00,1,1_block,53895,33.8,3,1,1,,,1.0,"xgb,lgb",0.2571428571428571,False,0.0,VALIDATED,,,1,1.0,1.0,1.0,1.0,1.0
2026-04-27 21:41:01.246270+00:00,3,3_blocks,53895,33.8,3,1,1,,,0.996,"xgb,lgb",0.2454545454545454,False,0.0,VALIDATED,,,2,1.0,1.0,1.0,1.0,1.0
2026-04-27 21:41:01.246270+00:00,6,6_blocks,53895,33.8,3,1,1,,,1.0,"xgb,lgb",0.2571428571428571,False,0.0,VALIDATED,,,1,1.0,1.0,1.0,1.0,1.0
2026-04-27 22:32:57.311017+00:00,1,1_block,46277,32.3,1,1,1,,,0.514,"xgb,lgb",0.2619047619047619,False,0.0,VALIDATED,,,2,1.39,2.0,1.64,1.0,1.0
2026-04-27 22:32:57.311017+00:00,3,3_blocks,46277,32.3,1,1,1,,,0.5,"xgb,lgb",0.2619047619047619,False,0.0,VALIDATED,,,3,2.26,4.0,3.09,1.0,1.0
2026-04-27 22:32:57.311017+00:00,6,6_blocks,46277,32.3,1,1,1,,,0.5,"xgb,lgb",0.2928571428571428,False,0.0,VALIDATED,,,3,2.26,4.0,3.09,1.0,1.0
2026-04-27 23:33:23.172270+00:00,1,1_block,45888,33.1,2,1,1,,,0.782,"xgb,lgb",1.070921985815603,False,0.0,VALIDATED,,,2,1.15,2.0,1.24,1.0,1.0
2026-04-27 23:33:23.172270+00:00,3,3_blocks,45888,33.1,2,1,1,,,0.996,"xgb,lgb",1.0,False,0.0,VALIDATED,,,2,1.0,1.0,1.0,1.0,1.0
2026-04-27 23:33:23.172270+00:00,6,6_blocks,45888,33.1,2,1,1,,,1.0,"xgb,lgb",0.2928571428571428,False,0.0,VALIDATED,,,1,1.0,1.0,1.0,1.0,1.0
2026-04-28 01:19:20.005190+00:00,1,1_block,52802,34.6,2,2,1,,,0.731,"xgb,lgb",1.070921985815603,False,0.0,VALIDATED,,,2,1.12,1.0,1.0,2.0,1.31
2026-04-28 01:19:20.005190+00:00,3,3_blocks,52802,34.6,2,2,1,,,0.996,"xgb,lgb",0.2401960784313725,False,0.0,VALIDATED,,,2,1.0,1.0,1.0,1.0,1.0
2026-04-28 01:19:20.005190+00:00,6,6_blocks,52802,34.6,2,2,1,,,1.0,"xgb,lgb",0.2285714285714285,False,0.0,VALIDATED,,,1,1.0,1.0,1.0,1.0,1.0
2026-04-28 04:47:13.047023+00:00,1,1_block,45091,32.3,1,1,1,,,0.5,"xgb,lgb",0.2603174603174603,False,0.0,VALIDATED,,,3,2.24,4.0,3.07,1.0,1.0
2026-04-28 04:47:13.047023+00:00,3,3_blocks,45091,32.3,1,1,1,,,0.5,"xgb,lgb",0.2357142857142857,False,0.0,VALIDATED,,,3,2.67,4.0,3.78,1.0,1.0
2026-04-28 04:47:13.047023+00:00,6,6_blocks,45091,32.3,1,1,1,,,0.5,"xgb,lgb",0.2357142857142857,False,0.0,VALIDATED,,,3,2.67,4.0,3.78,1.0,1.0
2026-04-28 07:19:32.219924+00:00,1,1_block,52126,33.1,1,1,1,,,0.91,"xgb,lgb",0.2357142857142857,False,0.0,VALIDATED,,,2,1.04,1.0,1.0,2.0,1.09
2026-04-28 07:19:32.219924+00:00,3,3_blocks,52126,33.1,1,1,1,,,0.996,"xgb,lgb",0.2357142857142857,False,0.0,VALIDATED,,,2,1.0,1.0,1.0,1.0,1.0
2026-04-28 07:19:32.219924+00:00,6,6_blocks,52126,33.1,1,1,1,,,0.971,"xgb,lgb",0.2539682539682539,False,0.0,VALIDATED,,,2,1.01,1.0,1.0,2.0,1.03
2026-04-28 09:36:55.541174+00:00,1,1_block,63036,35.9,3,3,1,,,0.726,"xgb,lgb",0.2539682539682539,False,0.0,VALIDATED,,,2,1.13,1.0,1.0,2.0,1.32
2026-04-28 09:36:55.541174+00:00,3,3_blocks,63036,35.9,3,3,1,,,0.996,"xgb,lgb",0.2539682539682539,False,0.0,VALIDATED,,,2,1.0,1.0,1.0,1.0,1.0
2026-04-28 09:36:55.541174+00:00,6,6_blocks,63036,35.9,3,3,1,,,0.995,"xgb,lgb",0.2539682539682539,False,0.0,VALIDATED,,,2,1.0,1.0,1.0,2.0,1.01
2026-04-28 11:24:41.486611+00:00,1,1_block,59104,34.9,2,1,1,,,1.0,"xgb,lgb",1.0,False,0.0,VALIDATED,,,1,1.0,1.0,1.0,1.0,1.0
2026-04-28 11:24:41.486611+00:00,3,3_blocks,59104,34.9,2,1,1,,,0.996,"xgb,lgb",0.2714285714285714,False,0.0,VALIDATED,,,2,1.0,1.0,1.0,1.0,1.0
2026-04-28 11:24:41.486611+00:00,6,6_blocks,59104,34.9,2,1,1,,,1.0,"xgb,lgb",0.2714285714285714,False,0.0,VALIDATED,,,1,1.0,1.0,1.0,1.0,1.0
2026-04-28 13:09:47.938915+00:00,1,1_block,64529,35.8,1,1,1,,,0.97,"xgb,lgb",0.2785714285714286,False,0.0,VALIDATED,,,2,1.01,1.0,1.0,2.0,1.03
2026-04-28 13:09:47.938915+00:00,3,3_blocks,64529,35.8,1,1,1,,,0.546,"xgb,lgb",0.2785714285714286,False,0.0,VALIDATED,,,2,1.36,2.0,1.59,1.0,1.0
2026-04-28 13:09:47.938915+00:00,6,6_blocks,64529,35.8,1,1,1,,,0.542,"xgb,lgb",0.2714285714285714,False,0.0,VALIDATED,,,2,1.36,2.0,1.59,1.0,1.0
2026-04-28 15:40:06.990105+00:00,1,1_block,57542,34.3,1,1,1,,,1.0,"xgb,lgb",3.333333333333333,False,0.0,VALIDATED,,,1,1.0,1.0,1.0,1.0,1.0
2026-04-28 15:40:06.990105+00:00,3,3_blocks,57542,34.3,1,1,1,,,0.5,"xgb,lgb",2.0,False,0.0,VALIDATED,,,3,2.25,4.0,3.07,1.0,1.0
2026-04-28 15:40:06.990105+00:00,6,6_blocks,57542,34.3,1,1,1,,,0.5,"xgb,lgb",0.2698412698412698,False,0.0,VALIDATED,,,3,2.24,4.0,3.07,1.0,1.0
2026-04-28 17:16:11.456255+00:00,1,1_block,69692,37.9,5,4,3,,,0.712,"xgb,lgb",1.0,False,0.0,VALIDATED,,,2,1.13,1.0,1.0,2.0,1.34
2026-04-28 17:16:11.456255+00:00,3,3_blocks,69692,37.9,5,4,3,,,0.996,"xgb,lgb",1.0,False,0.0,VALIDATED,,,2,1.0,1.0,1.0,1.0,1.0
2026-04-28 17:16:11.456255+00:00,6,6_blocks,69692,37.9,5,4,3,,,0.999,"xgb,lgb",1.0,False,0.0,VALIDATED,,,2,1.0,1.0,1.0,1.0,1.0
2026-04-28 18:54:36.945704+00:00,1,1_block,63283,36.7,2,2,1,,,0.507,"xgb,lgb",1.0,False,0.0,VALIDATED,,,2,1.39,2.0,1.65,1.0,1.0
2026-04-28 18:54:36.945704+00:00,3,3_blocks,63283,36.7,2,2,1,,,0.532,"xgb,lgb",2.127659574468085,False,0.0,VALIDATED,,,2,1.37,2.0,1.62,1.0,1.0
2026-04-28 18:54:36.945704+00:00,6,6_blocks,63283,36.7,2,2,1,,,0.529,"xgb,lgb",1.0,False,0.0,VALIDATED,,,2,1.37,2.0,1.62,1.0,1.0
2026-04-28 20:11:50.864345+00:00,1,1_block,70497,38.1,5,4,3,,,0.731,"xgb,lgb",2.127659574468085,False,0.0,VALIDATED,,,2,1.12,1.0,1.0,2.0,1.31
2026-04-28 20:11:50.864345+00:00,3,3_blocks,70497,38.1,5,4,3,,,0.996,"xgb,lgb",2.127659574468085,False,0.0,VALIDATED,,,2,1.0,1.0,1.0,1.0,1.0
2026-04-28 20:11:50.864345+00:00,6,6_blocks,70497,38.1,5,4,3,,,0.988,"xgb,lgb",2.0048076923076925,False,0.0,VALIDATED,,,2,1.0,1.0,1.0,2.0,1.01
2026-04-28 21:32:19.205576+00:00,1,1_block,66217,37.4,4,3,1,,,0.79,"xgb,lgb",2.579505300353357,False,0.0,VALIDATED,,,2,1.09,1.0,1.0,2.0,1.23
2026-04-28 21:32:19.205576+00:00,3,3_blocks,66217,37.4,4,3,1,,,0.5,"xgb,lgb",1.0,False,0.0,VALIDATED,,,2,1.91,3.0,2.52,1.0,1.0
2026-04-28 21:32:19.205576+00:00,6,6_blocks,66217,37.4,4,3,1,,,0.5,"xgb,lgb",1.0,False,0.0,VALIDATED,,,2,1.91,3.0,2.52,1.0,1.0
2026-04-28 22:35:50.407026+00:00,1,1_block,63003,35.9,2,1,1,,,0.807,"xgb,lgb",1.0,False,0.0,VALIDATED,,,2,1.13,2.0,1.22,1.0,1.0
2026-04-28 22:35:50.407026+00:00,3,3_blocks,63003,35.9,2,1,1,,,0.514,"xgb,lgb",0.2707423580786026,False,0.0,VALIDATED,,,2,1.39,2.0,1.65,1.0,1.0
2026-04-28 22:35:50.407026+00:00,6,6_blocks,63003,35.9,2,1,1,,,0.51,"xgb,lgb",0.25,False,0.0,VALIDATED,,,2,1.39,2.0,1.65,1.0,1.0
2026-04-28 23:32:23.601865+00:00,1,1_block,61389,35.3,3,1,1,,,0.62,"xgb,lgb",0.2714285714285714,False,0.0,VALIDATED,,,2,1.28,2.0,1.47,1.0,1.0
2026-04-28 23:32:23.601865+00:00,3,3_blocks,61389,35.3,3,1,1,,,0.996,"xgb,lgb",0.2571428571428571,False,0.0,VALIDATED,,,2,1.0,1.0,1.0,1.0,1.0
2026-04-28 23:32:23.601865+00:00,6,6_blocks,61389,35.3,3,1,1,,,1.0,"xgb,lgb",0.25,False,0.0,VALIDATED,,,1,1.0,1.0,1.0,1.0,1.0
2026-04-29 01:21:19.883655+00:00,1,1_block,54895,34.1,1,1,1,,,0.5,"xgb,lgb",0.2714285714285714,False,0.0,VALIDATED,,,2,1.71,3.0,2.15,2.0,1.07
2026-04-29 01:21:19.883655+00:00,3,3_blocks,54895,34.1,1,1,1,,,0.577,"xgb,lgb",1.0,False,0.0,VALIDATED,,,2,1.32,2.0,1.54,1.0,1.0
2026-04-29 01:21:19.883655+00:00,6,6_blocks,54895,34.1,1,1,1,,,0.577,"xgb,lgb",0.2785714285714286,False,0.0,VALIDATED,,,2,1.32,2.0,1.54,1.0,1.0
2026-04-29 04:48:47.099488+00:00,1,1_block,61994,36.0,3,3,1,,,0.849,"xgb,lgb",1.0,False,0.0,VALIDATED,,,2,1.07,1.0,1.0,2.0,1.16
2026-04-29 04:48:47.099488+00:00,3,3_blocks,61994,36.0,3,3,1,,,1.0,"xgb,lgb",0.3142857142857143,False,0.0,VALIDATED,,,1,1.0,1.0,1.0,1.0,1.0
2026-04-29 04:48:47.099488+00:00,6,6_blocks,61994,36.0,3,3,1,,,1.0,"xgb,lgb",0.2928571428571428,False,0.0,VALIDATED,,,1,1.0,1.0,1.0,1.0,1.0
2026-04-29 07:13:46.597725+00:00,1,1_block,64413,35.9,1,1,1,,,1.0,"xgb,lgb",0.3142857142857143,False,0.0,VALIDATED,,,1,1.0,1.0,1.0,1.0,1.0
2026-04-29 07:13:46.597725+00:00,3,3_blocks,64413,35.9,1,1,1,,,0.5,"xgb,lgb",0.3142857142857143,False,0.0,VALIDATED,,,3,2.27,4.0,3.11,1.0,1.0
2026-04-29 07:13:46.597725+00:00,6,6_blocks,64413,35.9,1,1,1,,,0.5,"xgb,lgb",0.3604240282685512,False,0.0,VALIDATED,,,3,2.27,4.0,3.11,1.0,1.0
2026-04-29 09:27:16.726466+00:00,1,1_block,67082,37.3,2,1,1,,,0.733,"xgb,lgb",1.0,False,0.0,VALIDATED,,,2,1.12,1.0,1.0,2.0,1.31
2026-04-29 09:27:16.726466+00:00,3,3_blocks,67082,37.3,2,1,1,,,0.923,"xgb,lgb",0.2714285714285714,False,0.0,VALIDATED,,,2,1.05,2.0,1.08,1.0,1.0
2026-04-29 09:27:16.726466+00:00,6,6_blocks,67082,37.3,2,1,1,,,0.923,"xgb,lgb",0.2714285714285714,False,0.0,VALIDATED,,,2,1.05,2.0,1.08,1.0,1.0
2026-04-29 11:15:01.912471+00:00,1,1_block,62543,35.4,1,1,1,,,1.0,"xgb,lgb",0.35,False,0.0,VALIDATED,,,1,1.0,1.0,1.0,1.0,1.0
2026-04-29 11:15:01.912471+00:00,3,3_blocks,62543,35.4,1,1,1,,,1.0,"xgb,lgb",0.2714285714285714,False,0.0,VALIDATED,,,1,1.0,1.0,1.0,1.0,1.0
2026-04-29 11:15:01.912471+00:00,6,6_blocks,62543,35.4,1,1,1,,,1.0,"xgb,lgb",0.380281690140845,False,0.0,VALIDATED,,,1,1.0,1.0,1.0,1.0,1.0
2026-04-29 12:56:41.507363+00:00,1,1_block,67700,36.9,2,1,1,,,0.5,"xgb,lgb",1.2026143790849673,False,0.0,VALIDATED,,,2,1.93,3.0,2.55,1.0,1.0
2026-04-29 12:56:41.507363+00:00,3,3_blocks,67700,36.9,2,1,1,,,0.5,"xgb,lgb",0.380281690140845,False,0.0,VALIDATED,,,3,2.12,3.0,2.86,1.0,1.0
2026-04-29 12:56:41.507363+00:00,6,6_blocks,67700,36.9,2,1,1,,,0.5,"xgb,lgb",0.380281690140845,False,0.0,VALIDATED,,,3,2.12,3.0,2.86,1.0,1.0
2026-04-29 15:20:28.701245+00:00,1,1_block,76777,39.1,4,3,1,,,1.0,"xgb,lgb",4.0,False,0.0,VALIDATED,,,1,1.0,1.0,1.0,1.0,1.0
2026-04-29 15:20:28.701245+00:00,3,3_blocks,76777,39.1,4,3,1,,,1.0,"xgb,lgb",1.25,False,0.0,VALIDATED,,,1,1.0,1.0,1.0,1.0,1.0
2026-04-29 15:20:28.701245+00:00,6,6_blocks,76777,39.1,4,3,1,,,1.0,"xgb,lgb",1.25,False,0.0,VALIDATED,,,1,1.0,1.0,1.0,1.0,1.0
2026-04-29 16:52:37.646305+00:00,1,1_block,82676,42.8,5,4,3,,,0.707,"xgb,lgb",4.0,False,0.0,VALIDATED,,,2,1.14,1.0,1.0,2.0,1.34
2026-04-29 16:52:37.646305+00:00,3,3_blocks,82676,42.8,5,4,3,,,1.0,"xgb,lgb",2.404255319148936,False,0.0,VALIDATED,,,1,1.0,1.0,1.0,1.0,1.0
2026-04-29 16:52:37.646305+00:00,6,6_blocks,82676,42.8,5,4,3,,,1.0,"xgb,lgb",2.0,False,0.0,VALIDATED,,,1,1.0,1.0,1.0,1.0,1.0
2026-04-29 18:09:43.236032+00:00,1,1_block,83905,43.9,4,4,3,,,0.717,"xgb,lgb",2.404255319148936,False,0.0,VALIDATED,,,2,1.13,1.0,1.0,2.0,1.33
2026-04-29 18:09:43.236032+00:00,3,3_blocks,83905,43.9,4,4,3,,,0.852,"xgb,lgb",2.404255319148936,False,0.0,VALIDATED,,,2,1.1,2.0,1.16,1.0,1.0
2026-04-29 18:09:43.236032+00:00,6,6_blocks,83905,43.9,4,4,3,,,0.852,"xgb,lgb",1.0,False,0.0,VALIDATED,,,2,1.1,2.0,1.16,1.0,1.0
2026-04-29 19:52:22.219304+00:00,1,1_block,77542,39.9,3,3,1,,,0.5,"xgb,lgb",2.141843971631206,False,0.0,VALIDATED,,,2,1.63,3.0,2.05,1.0,1.0
2026-04-29 19:52:22.219304+00:00,3,3_blocks,77542,39.9,3,3,1,,,0.5,"xgb,lgb",1.0,False,0.0,VALIDATED,,,3,2.56,4.0,3.6,1.0,1.0
2026-04-29 19:52:22.219304+00:00,6,6_blocks,77542,39.9,3,3,1,,,0.5,"xgb,lgb",0.3272727272727272,False,0.0,VALIDATED,,,3,2.56,4.0,3.6,1.0,1.0
2026-04-29 20:57:57.171551+00:00,1,1_block,78926,40.3,3,3,1,,,1.0,"xgb,lgb",0.3365079365079365,False,0.0,VALIDATED,,,1,1.0,1.0,1.0,1.0,1.0
2026-04-29 20:57:57.171551+00:00,3,3_blocks,78926,40.3,3,3,1,,,1.0,"xgb,lgb",0.3319027181688126,False,0.0,VALIDATED,,,1,1.0,1.0,1.0,1.0,1.0
2026-04-29 20:57:57.171551+00:00,6,6_blocks,78926,40.3,3,3,1,,,1.0,"xgb,lgb",0.3272727272727272,False,0.0,VALIDATED,,,1,1.0,1.0,1.0,1.0,1.0
2026-04-29 21:59:25.064041+00:00,1,1_block,80131,39.0,2,1,1,,,0.5,"xgb,lgb",1.99290780141844,False,0.0,VALIDATED,,,2,1.72,3.0,2.21,1.0,1.0
2026-04-29 21:59:25.064041+00:00,3,3_blocks,80131,39.0,2,1,1,,,0.5,"xgb,lgb",0.3365079365079365,False,0.0,VALIDATED,,,3,2.2,4.0,3.01,1.0,1.0
2026-04-29 21:59:25.064041+00:00,6,6_blocks,80131,39.0,2,1,1,,,0.5,"xgb,lgb",0.3319027181688126,False,0.0,VALIDATED,,,3,2.2,4.0,3.01,1.0,1.0
2026-04-29 22:59:55.175573+00:00,1,1_block,92437,41.4,3,1,1,,,0.701,"xgb,lgb",2.007843137254902,False,0.0,VALIDATED,,,2,1.14,1.0,1.0,2.0,1.35
2026-04-29 22:59:55.175573+00:00,3,3_blocks,92437,41.4,3,1,1,,,1.0,"xgb,lgb",1.99290780141844,False,0.0,VALIDATED,,,1,1.0,1.0,1.0,1.0,1.0
2026-04-29 22:59:55.175573+00:00,6,6_blocks,92437,41.4,3,1,1,,,1.0,"xgb,lgb",0.3412698412698413,False,0.0,VALIDATED,,,1,1.0,1.0,1.0,1.0,1.0
2026-04-29 23:58:57.859089+00:00,1,1_block,93617,41.5,3,1,1,,,0.771,"xgb,lgb",0.3571428571428571,False,0.0,VALIDATED,,,2,1.1,1.0,1.0,2.0,1.26
2026-04-29 23:58:57.859089+00:00,3,3_blocks,93617,41.5,3,1,1,,,1.0,"xgb,lgb",0.3571428571428571,False,0.0,VALIDATED,,,1,1.0,1.0,1.0,1.0,1.0
2026-04-29 23:58:57.859089+00:00,6,6_blocks,93617,41.5,3,1,1,,,1.0,"xgb,lgb",0.3412698412698413,False,0.0,VALIDATED,,,1,1.0,1.0,1.0,1.0,1.0
2026-04-30 02:58:25.260408+00:00,1,1_block,74147,37.6,1,1,1,,,1.0,"xgb,lgb",0.373015873015873,False,0.0,VALIDATED,,,1,1.0,1.0,1.0,1.0,1.0
2026-04-30 02:58:25.260408+00:00,3,3_blocks,74147,37.6,1,1,1,,,0.5,"xgb,lgb",0.373015873015873,False,0.0,VALIDATED,,,2,1.82,3.0,2.36,1.0,1.0
2026-04-30 02:58:25.260408+00:00,6,6_blocks,74147,37.6,1,1,1,,,0.5,"xgb,lgb",0.373015873015873,False,0.0,VALIDATED,,,2,1.82,3.0,2.36,1.0,1.0
2026-04-30 05:59:44.748767+00:00,1,1_block,90788,40.7,2,1,1,,,0.732,"xgb,lgb",1.0048076923076923,False,0.0,VALIDATED,,,2,1.12,1.0,1.0,2.0,1.31
2026-04-30 05:59:44.748767+00:00,3,3_blocks,90788,40.7,2,1,1,,,0.5,"xgb,lgb",1.0,False,0.0,VALIDATED,,,2,1.79,3.0,2.32,1.0,1.0
2026-04-30 05:59:44.748767+00:00,6,6_blocks,90788,40.7,2,1,1,,,0.5,"xgb,lgb",0.4357142857142857,False,0.0,VALIDATED,,,2,1.79,3.0,2.32,1.0,1.0
2026-04-30 08:27:08.793385+00:00,1,1_block,92068,44.5,2,2,2,,,0.5,"xgb,lgb",1.4285714285714286,False,0.0,VALIDATED,,,2,1.44,2.0,1.73,1.0,1.0
2026-04-30 08:27:08.793385+00:00,3,3_blocks,92068,44.5,2,2,2,,,0.5,"xgb,lgb",1.4285714285714286,False,0.0,VALIDATED,,,2,1.94,3.0,2.57,1.0,1.0
2026-04-30 08:27:08.793385+00:00,6,6_blocks,92068,44.5,2,2,2,,,0.5,"xgb,lgb",1.4285714285714286,False,0.0,VALIDATED,,,2,1.94,3.0,2.57,1.0,1.0
2026-04-30 10:24:46.620441+00:00,1,1_block,91607,43.0,2,2,2,,,1.0,"xgb,lgb",1.4285714285714286,False,0.0,VALIDATED,,,1,1.0,1.0,1.0,1.0,1.0
2026-04-30 10:24:46.620441+00:00,3,3_blocks,91607,43.0,2,2,2,,,0.5,"xgb,lgb",1.0,False,0.0,VALIDATED,,,3,2.06,3.0,2.76,1.0,1.0
2026-04-30 10:24:46.620441+00:00,6,6_blocks,91607,43.0,2,2,2,,,0.5,"xgb,lgb",1.0,False,0.0,VALIDATED,,,3,2.06,3.0,2.76,1.0,1.0
2026-04-30 11:57:58.149982+00:00,1,1_block,93286,42.5,3,3,1,,,0.857,"xgb,lgb",1.0006451612903229,False,0.0,VALIDATED,,,2,1.09,2.0,1.15,1.0,1.0
2026-04-30 11:57:58.149982+00:00,3,3_blocks,93286,42.5,3,3,1,,,0.5,"xgb,lgb",1.0006451612903229,False,0.0,VALIDATED,,,3,2.47,4.0,3.46,1.0,1.0
2026-04-30 11:57:58.149982+00:00,6,6_blocks,93286,42.5,3,3,1,,,0.5,"xgb,lgb",0.4357142857142857,False,0.0,VALIDATED,,,3,2.47,4.0,3.46,1.0,1.0
2026-04-30 13:53:02.001741+00:00,1,1_block,92778,42.4,3,3,1,,,1.0,"xgb,lgb",1.0006451612903229,False,0.0,VALIDATED,,,1,1.0,1.0,1.0,1.0,1.0
2026-04-30 13:53:02.001741+00:00,3,3_blocks,92778,42.4,3,3,1,,,0.5,"xgb,lgb",1.0006451612903229,False,0.0,VALIDATED,,,3,2.19,3.0,2.98,1.0,1.0
2026-04-30 13:53:02.001741+00:00,6,6_blocks,92778,42.4,3,3,1,,,0.5,"xgb,lgb",1.0006451612903229,False,0.0,VALIDATED,,,3,2.19,3.0,2.98,1.0,1.0
2026-04-30 15:45:28.774690+00:00,1,1_block,92469,41.7,3,3,1,,,0.733,"xgb,lgb",2.0095693779904304,False,0.0,VALIDATED,,,2,1.12,1.0,1.0,2.0,1.31
2026-04-30 15:45:28.774690+00:00,3,3_blocks,92469,41.7,3,3,1,,,0.83,"xgb,lgb",3.219858156028369,False,0.0,VALIDATED,,,2,1.11,2.0,1.19,1.0,1.0
2026-04-30 15:45:28.774690+00:00,6,6_blocks,92469,41.7,3,3,1,,,0.83,"xgb,lgb",2.0095693779904304,False,0.0,VALIDATED,,,2,1.11,2.0,1.19,1.0,1.0
2026-04-30 17:05:33.528654+00:00,1,1_block,100552,45.2,6,5,4,,,0.846,"xgb,lgb",3.219858156028369,False,0.0,VALIDATED,,,2,1.27,2.0,1.19,2.0,1.39
2026-04-30 17:05:33.528654+00:00,3,3_blocks,100552,45.2,6,5,4,,,1.0,"xgb,lgb",3.219858156028369,False,0.0,VALIDATED,,,1,1.0,1.0,1.0,1.0,1.0
2026-04-30 17:05:33.528654+00:00,6,6_blocks,100552,45.2,6,5,4,,,1.0,"xgb,lgb",4.0,False,0.0,VALIDATED,,,1,1.0,1.0,1.0,1.0,1.0
2026-04-30 18:22:24.160523+00:00,1,1_block,104520,47.5,7,6,5,,,0.719,"xgb,lgb",4.0,False,0.0,VALIDATED,,,2,1.13,1.0,1.0,2.0,1.33
2026-04-30 18:22:24.160523+00:00,3,3_blocks,104520,47.5,7,6,5,,,1.0,"xgb,lgb",4.0,False,0.0,VALIDATED,,,1,1.0,1.0,1.0,1.0,1.0
2026-04-30 18:22:24.160523+00:00,6,6_blocks,104520,47.5,7,6,5,,,1.0,"xgb,lgb",4.0,False,0.0,VALIDATED,,,1,1.0,1.0,1.0,1.0,1.0
2026-04-30 19:56:36.509446+00:00,1,1_block,104431,49.2,6,6,5,,,0.717,"xgb,lgb",2.0,False,0.0,VALIDATED,,,2,1.13,1.0,1.0,2.0,1.33
2026-04-30 19:56:36.509446+00:00,3,3_blocks,104431,49.2,6,6,5,,,1.0,"xgb,lgb",2.0,False,0.0,VALIDATED,,,1,1.0,1.0,1.0,1.0,1.0
2026-04-30 19:56:36.509446+00:00,6,6_blocks,104431,49.2,6,6,5,,,1.0,"xgb,lgb",2.0,False,0.0,VALIDATED,,,1,1.0,1.0,1.0,1.0,1.0
2026-04-30 21:07:47.644881+00:00,1,1_block,96588,46.9,3,3,3,,,1.0,"xgb,lgb",2.0,False,0.0,VALIDATED,,,1,1.0,1.0,1.0,1.0,1.0
2026-04-30 21:07:47.644881+00:00,3,3_blocks,96588,46.9,3,3,3,,,0.5,"xgb,lgb",0.373015873015873,False,0.0,VALIDATED,,,2,1.43,2.0,1.71,1.0,1.0
2026-04-30 21:07:47.644881+00:00,6,6_blocks,96588,46.9,3,3,3,,,0.5,"xgb,lgb",0.373015873015873,False,0.0,VALIDATED,,,2,1.43,2.0,1.71,1.0,1.0
2026-04-30 21:53:30.055936+00:00,1,1_block,95548,44.1,3,3,3,,,0.983,"xgb,lgb",0.373015873015873,False,0.0,VALIDATED,,,2,1.01,2.0,1.02,1.0,1.0
2026-04-30 21:53:30.055936+00:00,3,3_blocks,95548,44.1,3,3,3,,,0.83,"xgb,lgb",0.373015873015873,False,0.0,VALIDATED,,,2,1.11,2.0,1.19,1.0,1.0
2026-04-30 21:53:30.055936+00:00,6,6_blocks,95548,44.1,3,3,3,,,0.83,"xgb,lgb",0.373015873015873,False,0.0,VALIDATED,,,2,1.11,2.0,1.19,1.0,1.0
2026-04-30 22:47:08.980958+00:00,1,1_block,86561,39.9,3,1,1,,,0.5,"xgb,lgb",0.4235294117647059,False,0.0,VALIDATED,,,4,3.07,5.0,4.45,1.0,1.0
2026-04-30 22:47:08.980958+00:00,3,3_blocks,86561,39.9,3,1,1,,,0.5,"xgb,lgb",0.4235294117647059,False,0.0,VALIDATED,,,4,3.42,6.0,5.03,1.0,1.0
2026-04-30 22:47:08.980958+00:00,6,6_blocks,86561,39.9,3,1,1,,,0.5,"xgb,lgb",0.373015873015873,False,0.0,VALIDATED,,,4,3.42,6.0,5.03,1.0,1.0
2026-04-30 23:38:47.468799+00:00,1,1_block,85320,39.8,1,1,1,,,0.5,"xgb,lgb",0.373015873015873,False,0.0,VALIDATED,,,3,2.62,4.0,3.64,2.0,1.09
2026-04-30 23:38:47.468799+00:00,3,3_blocks,85320,39.8,1,1,1,,,0.5,"xgb,lgb",0.373015873015873,False,0.0,VALIDATED,,,4,3.34,5.0,4.9,1.0,1.0
2026-04-30 23:38:47.468799+00:00,6,6_blocks,85320,39.8,1,1,1,,,0.5,"xgb,lgb",0.373015873015873,False,0.0,VALIDATED,,,4,3.34,5.0,4.9,1.0,1.0
2026-05-01 01:26:23.131707+00:00,1,1_block,84229,39.4,1,1,1,,,0.5,"xgb,lgb",0.373015873015873,False,0.0,VALIDATED,,,2,1.58,2.0,1.97,1.0,1.0
2026-05-01 01:26:23.131707+00:00,3,3_blocks,84229,39.4,1,1,1,,,0.5,"xgb,lgb",0.35,False,0.0,VALIDATED,,,2,1.94,3.0,2.57,1.0,1.0
2026-05-01 01:26:23.131707+00:00,6,6_blocks,84229,39.4,1,1,1,,,0.5,"xgb,lgb",0.35,False,0.0,VALIDATED,,,2,1.94,3.0,2.57,1.0,1.0
2026-05-01 05:04:58.888244+00:00,1,1_block,83442,40.7,4,4,1,,,0.577,"xgb,lgb",0.35,False,0.0,VALIDATED,,,2,1.69,2.0,1.96,2.0,1.28
2026-05-01 05:04:58.888244+00:00,3,3_blocks,83442,40.7,4,4,1,,,0.5,"xgb,lgb",0.3501326259946949,False,0.0,VALIDATED,,,2,1.4,2.0,1.67,1.0,1.0
2026-05-01 05:04:58.888244+00:00,6,6_blocks,83442,40.7,4,4,1,,,0.5,"xgb,lgb",0.3501326259946949,False,0.0,VALIDATED,,,2,1.4,2.0,1.67,1.0,1.0
2026-05-01 07:34:44.704225+00:00,1,1_block,82797,39.8,2,1,1,,,1.0,"xgb,lgb",0.3501326259946949,False,0.0,VALIDATED,,,1,1.0,1.0,1.0,1.0,1.0
2026-05-01 07:34:44.704225+00:00,3,3_blocks,82797,39.8,2,1,1,,,0.92,"xgb,lgb",0.4357142857142857,False,0.0,VALIDATED,,,2,1.05,2.0,1.08,1.0,1.0
2026-05-01 07:34:44.704225+00:00,6,6_blocks,82797,39.8,2,1,1,,,0.92,"xgb,lgb",0.3176470588235294,False,0.0,VALIDATED,,,2,1.05,2.0,1.08,1.0,1.0
2026-05-01 09:19:48.244279+00:00,1,1_block,80600,39.4,2,1,1,,,1.0,"xgb,lgb",2.0,False,0.0,VALIDATED,,,1,1.0,1.0,1.0,1.0,1.0
2026-05-01 09:19:48.244279+00:00,3,3_blocks,80600,39.4,2,1,1,,,0.5,"xgb,lgb",0.3857142857142857,False,0.0,VALIDATED,,,2,1.44,2.0,1.74,1.0,1.0
2026-05-01 09:19:48.244279+00:00,6,6_blocks,80600,39.4,2,1,1,,,0.5,"xgb,lgb",0.3857142857142857,False,0.0,VALIDATED,,,2,1.44,2.0,1.74,1.0,1.0
2026-05-01 10:48:27.752605+00:00,1,1_block,83969,40.1,4,3,1,,,0.897,"xgb,lgb",0.3857142857142857,False,0.0,VALIDATED,,,2,1.04,1.0,1.0,2.0,1.11
2026-05-01 10:48:27.752605+00:00,3,3_blocks,83969,40.1,4,3,1,,,1.0,"xgb,lgb",0.3857142857142857,False,0.0,VALIDATED,,,1,1.0,1.0,1.0,1.0,1.0
2026-05-01 10:48:27.752605+00:00,6,6_blocks,83969,40.1,4,3,1,,,1.0,"xgb,lgb",0.3857142857142857,False,0.0,VALIDATED,,,1,1.0,1.0,1.0,1.0,1.0
2026-05-01 11:46:46.704885+00:00,1,1_block,83308,39.7,2,1,1,,,0.941,"xgb,lgb",0.3857142857142857,False,0.0,VALIDATED,,,2,1.02,1.0,1.0,2.0,1.06
2026-05-01 11:46:46.704885+00:00,3,3_blocks,83308,39.7,2,1,1,,,0.5,"xgb,lgb",0.3857142857142857,False,0.0,VALIDATED,,,2,1.45,2.0,1.75,1.0,1.0
2026-05-01 11:46:46.704885+00:00,6,6_blocks,83308,39.7,2,1,1,,,0.5,"xgb,lgb",0.3285714285714285,False,0.0,VALIDATED,,,2,1.45,2.0,1.75,1.0,1.0
2026-05-01 12:43:46.878691+00:00,1,1_block,78671,38.4,1,1,1,,,1.0,"xgb,lgb",0.3285714285714285,False,0.0,VALIDATED,,,1,1.0,1.0,1.0,1.0,1.0
2026-05-01 12:43:46.878691+00:00,3,3_blocks,78671,38.4,1,1,1,,,1.0,"xgb,lgb",0.3285714285714285,False,0.0,VALIDATED,,,1,1.0,1.0,1.0,1.0,1.0
2026-05-01 12:43:46.878691+00:00,6,6_blocks,78671,38.4,1,1,1,,,1.0,"xgb,lgb",0.3285714285714285,False,0.0,VALIDATED,,,1,1.0,1.0,1.0,1.0,1.0
2026-05-01 14:09:32.988608+00:00,1,1_block,75153,37.9,2,1,1,,,1.0,"xgb,lgb",0.3285714285714285,False,0.0,VALIDATED,,,1,1.0,1.0,1.0,1.0,1.0
2026-05-01 14:09:32.988608+00:00,3,3_blocks,75153,37.9,2,1,1,,,0.5,"xgb,lgb",0.3285714285714285,False,0.0,VALIDATED,,,2,1.56,2.0,1.94,1.0,1.0
2026-05-01 14:09:32.988608+00:00,6,6_blocks,75153,37.9,2,1,1,,,0.5,"xgb,lgb",0.3285714285714285,False,0.0,VALIDATED,,,2,1.56,2.0,1.94,1.0,1.0
2026-05-01 15:14:59.167647+00:00,1,1_block,78927,38.9,2,1,1,,,1.0,"xgb,lgb",0.3285714285714285,False,0.0,VALIDATED,,,1,1.0,1.0,1.0,1.0,1.0
2026-05-01 15:14:59.167647+00:00,3,3_blocks,78927,38.9,2,1,1,,,1.0,"xgb,lgb",0.3428571428571428,False,0.0,VALIDATED,,,1,1.0,1.0,1.0,1.0,1.0
2026-05-01 15:14:59.167647+00:00,6,6_blocks,78927,38.9,2,1,1,,,1.0,"xgb,lgb",0.3428571428571428,False,0.0,VALIDATED,,,1,1.0,1.0,1.0,1.0,1.0
2026-05-01 16:12:55.326385+00:00,1,1_block,76897,38.8,3,1,1,,,1.0,"xgb,lgb",0.3428571428571428,False,0.0,VALIDATED,,,1,1.0,1.0,1.0,1.0,1.0
2026-05-01 16:12:55.326385+00:00,3,3_blocks,76897,38.8,3,1,1,,,1.0,"xgb,lgb",0.3428571428571428,False,0.0,VALIDATED,,,1,1.0,1.0,1.0,1.0,1.0
2026-05-01 16:12:55.326385+00:00,6,6_blocks,76897,38.8,3,1,1,,,1.0,"xgb,lgb",0.3428571428571428,False,0.0,VALIDATED,,,1,1.0,1.0,1.0,1.0,1.0
2026-05-01 17:16:48.185306+00:00,1,1_block,76499,38.3,2,1,1,,,1.0,"xgb,lgb",0.3428571428571428,False,0.0,VALIDATED,,,1,1.0,1.0,1.0,1.0,1.0
2026-05-01 17:16:48.185306+00:00,3,3_blocks,76499,38.3,2,1,1,,,1.0,"xgb,lgb",0.3142857142857143,False,0.0,VALIDATED,,,1,1.0,1.0,1.0,1.0,1.0
2026-05-01 17:16:48.185306+00:00,6,6_blocks,76499,38.3,2,1,1,,,1.0,"xgb,lgb",0.3142857142857143,False,0.0,VALIDATED,,,1,1.0,1.0,1.0,1.0,1.0
2026-05-01 18:14:14.612423+00:00,1,1_block,79476,39.8,5,4,3,,,1.0,"xgb,lgb",0.3142857142857143,False,0.0,VALIDATED,,,1,1.0,1.0,1.0,1.0,1.0
2026-05-01 18:14:14.612423+00:00,3,3_blocks,79476,39.8,5,4,3,,,0.5,"xgb,lgb",0.3142857142857143,False,0.0,VALIDATED,,,4,3.11,5.0,4.51,1.0,1.0
2026-05-01 18:14:14.612423+00:00,6,6_blocks,79476,39.8,5,4,3,,,0.5,"xgb,lgb",0.3095238095238095,False,0.0,VALIDATED,,,4,3.11,5.0,4.51,1.0,1.0
2026-05-01 19:41:48.149733+00:00,1,1_block,56856,35.6,2,1,1,,,1.0,"xgb,lgb",1.0,False,0.0,VALIDATED,,,1,1.0,1.0,1.0,1.0,1.0
2026-05-01 19:41:48.149733+00:00,3,3_blocks,56856,35.6,2,1,1,,,0.5,"xgb,lgb",0.2907801418439716,False,0.0,VALIDATED,,,3,2.31,4.0,3.19,1.0,1.0
2026-05-01 19:41:48.149733+00:00,6,6_blocks,56856,35.6,2,1,1,,,0.5,"xgb,lgb",0.2907801418439716,False,0.0,VALIDATED,,,3,2.31,4.0,3.19,1.0,1.0
2026-05-01 20:36:23.523721+00:00,1,1_block,52599,35.0,2,1,1,,,1.0,"xgb,lgb",1.0,False,0.0,VALIDATED,,,1,1.0,1.0,1.0,1.0,1.0
2026-05-01 20:36:23.523721+00:00,3,3_blocks,52599,35.0,2,1,1,,,0.5,"xgb,lgb",0.2907801418439716,False,0.0,VALIDATED,,,2,1.62,3.0,2.03,1.0,1.0
2026-05-01 20:36:23.523721+00:00,6,6_blocks,52599,35.0,2,1,1,,,0.5,"xgb,lgb",0.2907801418439716,False,0.0,VALIDATED,,,2,1.62,3.0,2.03,1.0,1.0
2026-05-01 21:31:53.580661+00:00,1,1_block,42255,33.0,1,1,1,,,0.5,"xgb,lgb",0.2907801418439716,False,0.0,VALIDATED,,,3,2.83,5.0,4.05,1.0,1.0
2026-05-01 21:31:53.580661+00:00,3,3_blocks,42255,33.0,1,1,1,,,1.0,"xgb,lgb",0.2907801418439716,False,0.0,VALIDATED,,,1,1.0,1.0,1.0,1.0,1.0
2026-05-01 21:31:53.580661+00:00,6,6_blocks,42255,33.0,1,1,1,,,1.0,"xgb,lgb",0.2908939939108774,False,0.0,VALIDATED,,,1,1.0,1.0,1.0,1.0,1.0
2026-05-01 22:30:45.535643+00:00,1,1_block,30601,31.3,1,1,1,,,0.5,"xgb,lgb",0.3142857142857143,False,0.0,VALIDATED,,,2,1.42,2.0,1.71,1.0,1.0
2026-05-01 22:30:45.535643+00:00,3,3_blocks,30601,31.3,1,1,1,,,0.5,"xgb,lgb",0.3142857142857143,False,0.0,VALIDATED,,,2,1.41,2.0,1.68,1.0,1.0
2026-05-01 22:30:45.535643+00:00,6,6_blocks,30601,31.3,1,1,1,,,0.5,"xgb,lgb",0.2908939939108774,False,0.0,VALIDATED,,,2,1.41,2.0,1.68,1.0,1.0
2026-05-01 23:29:46.040154+00:00,1,1_block,31219,31.5,1,1,1,,,1.0,"xgb,lgb",0.3142857142857143,False,0.0,VALIDATED,,,1,1.0,1.0,1.0,1.0,1.0
2026-05-01 23:29:46.040154+00:00,3,3_blocks,31219,31.5,1,1,1,,,0.5,"xgb,lgb",0.3142857142857143,False,0.0,VALIDATED,,,2,1.77,3.0,2.29,1.0,1.0
2026-05-01 23:29:46.040154+00:00,6,6_blocks,31219,31.5,1,1,1,,,0.5,"xgb,lgb",0.2765957446808511,False,0.0,VALIDATED,,,2,1.77,3.0,2.29,1.0,1.0
2026-05-02 01:12:49.064420+00:00,1,1_block,46699,34.0,3,1,1,,,1.0,"xgb,lgb",2.0,False,0.0,VALIDATED,,,1,1.0,1.0,1.0,1.0,1.0
2026-05-02 01:12:49.064420+00:00,3,3_blocks,46699,34.0,3,1,1,,,1.0,"xgb,lgb",0.2619047619047619,False,0.0,VALIDATED,,,1,1.0,1.0,1.0,1.0,1.0
2026-05-02 01:12:49.064420+00:00,6,6_blocks,46699,34.0,3,1,1,,,1.0,"xgb,lgb",0.2619047619047619,False,0.0,VALIDATED,,,1,1.0,1.0,1.0,1.0,1.0
2026-05-02 04:29:11.071673+00:00,1,1_block,52627,35.2,3,3,1,,,1.0,"xgb,lgb",2.0,False,0.0,VALIDATED,,,1,1.0,1.0,1.0,1.0,1.0
2026-05-02 04:29:11.071673+00:00,3,3_blocks,52627,35.2,3,3,1,,,0.716,"xgb,lgb",0.2714285714285714,False,0.0,VALIDATED,,,2,1.2,2.0,1.34,1.0,1.0
2026-05-02 04:29:11.071673+00:00,6,6_blocks,52627,35.2,3,3,1,,,0.712,"xgb,lgb",0.2714285714285714,False,0.0,VALIDATED,,,2,1.2,2.0,1.34,1.0,1.0
2026-05-02 06:26:19.773980+00:00,1,1_block,43967,33.3,2,1,1,,,0.702,"xgb,lgb",0.2785714285714286,False,0.0,VALIDATED,,,2,1.21,2.0,1.35,1.0,1.0
2026-05-02 06:26:19.773980+00:00,3,3_blocks,43967,33.3,2,1,1,,,0.5,"xgb,lgb",0.2785714285714286,False,0.0,VALIDATED,,,3,2.24,4.0,3.06,1.0,1.0
2026-05-02 06:26:19.773980+00:00,6,6_blocks,43967,33.3,2,1,1,,,0.5,"xgb,lgb",0.2714285714285714,False,0.0,VALIDATED,,,3,2.24,4.0,3.06,1.0,1.0
2026-05-02 08:05:39.770989+00:00,1,1_block,52707,35.0,3,1,1,,,0.5,"xgb,lgb",2.0,False,0.0,VALIDATED,,,4,3.93,6.0,5.67,2.0,1.33
2026-05-02 08:05:39.770989+00:00,3,3_blocks,52707,35.0,3,1,1,,,0.848,"xgb,lgb",0.2785714285714286,False,0.0,VALIDATED,,,2,1.1,2.0,1.17,1.0,1.0
2026-05-02 08:05:39.770989+00:00,6,6_blocks,52707,35.0,3,1,1,,,0.844,"xgb,lgb",0.2785714285714286,False,0.0,VALIDATED,,,2,1.1,2.0,1.17,1.0,1.0
2026-05-02 09:18:59.567685+00:00,1,1_block,48800,34.0,2,1,1,,,0.5,"xgb,lgb",2.0,False,0.0,VALIDATED,,,4,3.29,5.0,4.82,1.0,1.0
2026-05-02 09:18:59.567685+00:00,3,3_blocks,48800,34.0,2,1,1,,,0.621,"xgb,lgb",0.2836879432624113,False,0.0,VALIDATED,,,2,1.29,2.0,1.47,1.0,1.0
2026-05-02 09:18:59.567685+00:00,6,6_blocks,48800,34.0,2,1,1,,,0.617,"xgb,lgb",0.2785714285714286,False,0.0,VALIDATED,,,2,1.28,2.0,1.47,1.0,1.0
2026-05-02 10:13:25.775680+00:00,1,1_block,56096,35.1,2,1,1,,,0.5,"xgb,lgb",0.2836879432624113,False,0.0,VALIDATED,,,3,2.73,4.0,3.73,2.0,1.23
2026-05-02 10:13:25.775680+00:00,3,3_blocks,56096,35.1,2,1,1,,,0.5,"xgb,lgb",0.2928571428571428,False,0.0,VALIDATED,,,3,2.27,4.0,3.12,1.0,1.0
2026-05-02 10:13:25.775680+00:00,6,6_blocks,56096,35.1,2,1,1,,,0.5,"xgb,lgb",0.2791005291005291,False,0.0,VALIDATED,,,3,2.27,4.0,3.12,1.0,1.0
2026-05-02 11:08:59.212572+00:00,1,1_block,50970,34.5,3,1,1,,,1.0,"xgb,lgb",0.2928571428571428,False,0.0,VALIDATED,,,1,1.0,1.0,1.0,1.0,1.0
2026-05-02 11:08:59.212572+00:00,3,3_blocks,50970,34.5,3,1,1,,,0.996,"xgb,lgb",0.2857142857142857,False,0.0,VALIDATED,,,2,1.0,1.0,1.0,1.0,1.0
2026-05-02 11:08:59.212572+00:00,6,6_blocks,50970,34.5,3,1,1,,,1.0,"xgb,lgb",0.2857142857142857,False,0.0,VALIDATED,,,1,1.0,1.0,1.0,1.0,1.0
2026-05-02 11:57:27.771981+00:00,1,1_block,49499,34.0,1,1,1,,,0.533,"xgb,lgb",0.2928571428571428,False,0.0,VALIDATED,,,2,1.37,2.0,1.61,1.0,1.0
2026-05-02 11:57:27.771981+00:00,3,3_blocks,49499,34.0,1,1,1,,,0.5,"xgb,lgb",0.2857142857142857,False,0.0,VALIDATED,,,2,1.94,3.0,2.57,1.0,1.0
2026-05-02 11:57:27.771981+00:00,6,6_blocks,49499,34.0,1,1,1,,,0.5,"xgb,lgb",0.2791005291005291,False,0.0,VALIDATED,,,2,1.94,3.0,2.57,1.0,1.0
2026-05-02 13:09:59.435678+00:00,1,1_block,52764,35.0,3,1,1,,,1.0,"xgb,lgb",0.2791005291005291,False,0.0,VALIDATED,,,1,1.0,1.0,1.0,1.0,1.0
2026-05-02 13:09:59.435678+00:00,3,3_blocks,52764,35.0,3,1,1,,,0.526,"xgb,lgb",0.2791005291005291,False,0.0,VALIDATED,,,2,1.38,2.0,1.63,1.0,1.0
2026-05-02 13:09:59.435678+00:00,6,6_blocks,52764,35.0,3,1,1,,,0.522,"xgb,lgb",0.2928571428571428,False,0.0,VALIDATED,,,2,1.38,2.0,1.63,1.0,1.0
2026-05-02 14:23:11.165684+00:00,1,1_block,47184,33.6,1,1,1,,,1.0,"xgb,lgb",1.0909090909090908,False,0.0,VALIDATED,,,1,1.0,1.0,1.0,1.0,1.0
2026-05-02 14:23:11.165684+00:00,3,3_blocks,47184,33.6,1,1,1,,,0.5,"xgb,lgb",0.2928571428571428,False,0.0,VALIDATED,,,2,1.79,3.0,2.32,1.0,1.0
2026-05-02 14:23:11.165684+00:00,6,6_blocks,47184,33.6,1,1,1,,,0.5,"xgb,lgb",0.2928571428571428,False,0.0,VALIDATED,,,2,1.79,3.0,2.32,1.0,1.0
2026-05-02 15:07:41.087003+00:00,1,1_block,53135,35.4,4,3,1,,,1.0,"xgb,lgb",1.0909090909090908,False,0.0,VALIDATED,,,1,1.0,1.0,1.0,1.0,1.0
2026-05-02 15:07:41.087003+00:00,3,3_blocks,53135,35.4,4,3,1,,,0.5,"xgb,lgb",1.0071428571428571,False,0.0,VALIDATED,,,3,2.91,5.0,4.18,1.0,1.0
2026-05-02 15:07:41.087003+00:00,6,6_blocks,53135,35.4,4,3,1,,,0.5,"xgb,lgb",1.0071428571428571,False,0.0,VALIDATED,,,3,2.91,5.0,4.18,1.0,1.0
2026-05-02 15:58:53.788804+00:00,1,1_block,56417,36.4,5,4,3,,,0.743,"xgb,lgb",1.0071428571428571,False,0.0,VALIDATED,,,2,1.12,1.0,1.0,2.0,1.29
2026-05-02 15:58:53.788804+00:00,3,3_blocks,56417,36.4,5,4,3,,,0.996,"xgb,lgb",0.3214285714285714,False,0.0,VALIDATED,,,2,1.0,1.0,1.0,1.0,1.0
2026-05-02 15:58:53.788804+00:00,6,6_blocks,56417,36.4,5,4,3,,,1.0,"xgb,lgb",0.3214285714285714,False,0.0,VALIDATED,,,1,1.0,1.0,1.0,1.0,1.0
2026-05-02 16:53:33.874596+00:00,1,1_block,48844,34.3,1,1,1,,,1.0,"xgb,lgb",0.3214285714285714,False,0.0,VALIDATED,,,1,1.0,1.0,1.0,1.0,1.0
2026-05-02 16:53:33.874596+00:00,3,3_blocks,48844,34.3,1,1,1,,,0.5,"xgb,lgb",0.3214285714285714,False,0.0,VALIDATED,,,2,1.66,3.0,2.11,1.0,1.0
2026-05-02 16:53:33.874596+00:00,6,6_blocks,48844,34.3,1,1,1,,,0.5,"xgb,lgb",0.3,False,0.0,VALIDATED,,,2,1.66,3.0,2.11,1.0,1.0
2026-05-02 17:40:05.626080+00:00,1,1_block,51013,34.9,3,1,1,,,1.0,"xgb,lgb",0.4519230769230769,False,0.0,VALIDATED,,,1,1.0,1.0,1.0,1.0,1.0
2026-05-02 17:40:05.626080+00:00,3,3_blocks,51013,34.9,3,1,1,,,0.825,"xgb,lgb",0.3,False,0.0,VALIDATED,,,2,1.12,2.0,1.2,1.0,1.0
2026-05-02 17:40:05.626080+00:00,6,6_blocks,51013,34.9,3,1,1,,,0.821,"xgb,lgb",0.2777777777777778,False,0.0,VALIDATED,,,2,1.12,2.0,1.2,1.0,1.0
2026-05-02 18:35:06.383507+00:00,1,1_block,53143,35.0,3,1,1,,,1.0,"xgb,lgb",0.3579545454545454,False,0.0,VALIDATED,,,1,1.0,1.0,1.0,1.0,1.0
2026-05-02 18:35:06.383507+00:00,3,3_blocks,53143,35.0,3,1,1,,,0.5,"xgb,lgb",0.2777777777777778,False,0.0,VALIDATED,,,3,2.08,3.0,2.8,1.0,1.0
2026-05-02 18:35:06.383507+00:00,6,6_blocks,53143,35.0,3,1,1,,,0.5,"xgb,lgb",0.2777777777777778,False,0.0,VALIDATED,,,3,2.08,3.0,2.8,1.0,1.0
2026-05-02 19:39:18.937510+00:00,1,1_block,48000,34.0,1,1,1,,,0.513,"xgb,lgb",0.2871428571428571,False,0.0,VALIDATED,,,2,1.39,2.0,1.64,1.0,1.0
2026-05-02 19:39:18.937510+00:00,3,3_blocks,48000,34.0,1,1,1,,,0.5,"xgb,lgb",0.2871428571428571,False,0.0,VALIDATED,,,4,3.44,6.0,5.07,1.0,1.0
2026-05-02 19:39:18.937510+00:00,6,6_blocks,48000,34.0,1,1,1,,,0.5,"xgb,lgb",0.2785714285714286,False,0.0,VALIDATED,,,4,3.44,6.0,5.07,1.0,1.0
2026-05-02 20:22:44.685137+00:00,1,1_block,46427,33.8,2,1,1,,,1.0,"xgb,lgb",0.2928571428571428,False,0.0,VALIDATED,,,1,1.0,1.0,1.0,1.0,1.0
2026-05-02 20:22:44.685137+00:00,3,3_blocks,46427,33.8,2,1,1,,,0.5,"xgb,lgb",0.2785714285714286,False,0.0,VALIDATED,,,3,2.69,4.0,3.81,1.0,1.0
2026-05-02 20:22:44.685137+00:00,6,6_blocks,46427,33.8,2,1,1,,,0.5,"xgb,lgb",0.2928571428571428,False,0.0,VALIDATED,,,3,2.68,4.0,3.81,1.0,1.0
2026-05-02 21:07:16.201982+00:00,1,1_block,45986,33.4,1,1,1,,,0.568,"xgb,lgb",0.2928571428571428,False,0.0,VALIDATED,,,2,1.33,2.0,1.55,1.0,1.0
2026-05-02 21:07:16.201982+00:00,3,3_blocks,45986,33.4,1,1,1,,,0.5,"xgb,lgb",0.2928571428571428,False,0.0,VALIDATED,,,3,2.04,3.0,2.72,1.0,1.0
2026-05-02 21:07:16.201982+00:00,6,6_blocks,45986,33.4,1,1,1,,,0.5,"xgb,lgb",0.2928571428571428,False,0.0,VALIDATED,,,3,2.03,3.0,2.72,1.0,1.0
2026-05-02 21:56:57.442146+00:00,1,1_block,46414,34.1,3,1,1,,,1.0,"xgb,lgb",0.2928571428571428,False,0.0,VALIDATED,,,1,1.0,1.0,1.0,1.0,1.0
2026-05-02 21:56:57.442146+00:00,3,3_blocks,46414,34.1,3,1,1,,,0.898,"xgb,lgb",0.2928571428571428,False,0.0,VALIDATED,,,2,1.07,2.0,1.11,1.0,1.0
2026-05-02 21:56:57.442146+00:00,6,6_blocks,46414,34.1,3,1,1,,,0.894,"xgb,lgb",0.2928571428571428,False,0.0,VALIDATED,,,2,1.07,2.0,1.11,1.0,1.0
2026-05-02 22:47:08.906120+00:00,1,1_block,40647,32.5,1,1,1,,,0.5,"xgb,lgb",1.018181818181818,False,0.0,VALIDATED,,,2,1.53,2.0,1.88,1.0,1.0
2026-05-02 22:47:08.906120+00:00,3,3_blocks,40647,32.5,1,1,1,,,0.5,"xgb,lgb",0.2928571428571428,False,0.0,VALIDATED,,,3,2.0,3.0,2.67,1.0,1.0
2026-05-02 22:47:08.906120+00:00,6,6_blocks,40647,32.5,1,1,1,,,0.5,"xgb,lgb",0.2918454935622318,False,0.0,VALIDATED,,,3,2.0,3.0,2.67,1.0,1.0
2026-05-02 23:25:15.705165+00:00,1,1_block,45562,33.7,2,1,1,,,1.0,"xgb,lgb",0.3,False,0.0,VALIDATED,,,1,1.0,1.0,1.0,1.0,1.0
2026-05-02 23:25:15.705165+00:00,3,3_blocks,45562,33.7,2,1,1,,,0.996,"xgb,lgb",0.3,False,0.0,VALIDATED,,,2,1.0,1.0,1.0,1.0,1.0
2026-05-02 23:25:15.705165+00:00,6,6_blocks,45562,33.7,2,1,1,,,1.0,"xgb,lgb",0.2918454935622318,False,0.0,VALIDATED,,,1,1.0,1.0,1.0,1.0,1.0
2026-05-03 00:07:11.020310+00:00,1,1_block,38845,32.4,1,1,1,,,0.5,"xgb,lgb",0.3,False,0.0,VALIDATED,,,3,2.35,4.0,3.25,1.0,1.0
2026-05-03 00:07:11.020310+00:00,3,3_blocks,38845,32.4,1,1,1,,,0.5,"xgb,lgb",0.3,False,0.0,VALIDATED,,,4,3.26,5.0,4.77,1.0,1.0
2026-05-03 00:07:11.020310+00:00,6,6_blocks,38845,32.4,1,1,1,,,0.5,"xgb,lgb",0.2918454935622318,False,0.0,VALIDATED,,,4,3.26,5.0,4.77,1.0,1.0
2026-05-03 04:08:19.335005+00:00,1,1_block,47132,34.0,2,1,1,,,1.0,"xgb,lgb",0.2727272727272727,False,0.0,VALIDATED,,,1,1.0,1.0,1.0,1.0,1.0
2026-05-03 04:08:19.335005+00:00,3,3_blocks,47132,34.0,2,1,1,,,0.5,"xgb,lgb",0.2727272727272727,False,0.0,VALIDATED,,,3,2.49,4.0,3.48,1.0,1.0
2026-05-03 04:08:19.335005+00:00,6,6_blocks,47132,34.0,2,1,1,,,0.5,"xgb,lgb",0.2727272727272727,False,0.0,VALIDATED,,,3,2.49,4.0,3.48,1.0,1.0
2026-05-03 06:36:53.115703+00:00,1,1_block,29049,31.3,2,1,1,,,0.639,"xgb,lgb",0.2571428571428571,False,0.0,VALIDATED,,,2,1.26,2.0,1.44,1.0,1.0
2026-05-03 06:36:53.115703+00:00,3,3_blocks,29049,31.3,2,1,1,,,0.5,"xgb,lgb",0.2571428571428571,False,0.0,VALIDATED,,,3,2.39,4.0,3.31,1.0,1.0
2026-05-03 06:36:53.115703+00:00,6,6_blocks,29049,31.3,2,1,1,,,0.5,"xgb,lgb",0.2714285714285714,False,0.0,VALIDATED,,,3,2.39,4.0,3.31,1.0,1.0
2026-05-03 08:22:49.272401+00:00,1,1_block,28367,30.9,1,1,1,,,0.731,"xgb,lgb",0.2785714285714286,False,0.0,VALIDATED,,,2,1.12,1.0,1.0,2.0,1.31
2026-05-03 08:22:49.272401+00:00,3,3_blocks,28367,30.9,1,1,1,,,0.996,"xgb,lgb",0.2785714285714286,False,0.0,VALIDATED,,,2,1.0,1.0,1.0,1.0,1.0
2026-05-03 08:22:49.272401+00:00,6,6_blocks,28367,30.9,1,1,1,,,1.0,"xgb,lgb",0.2785714285714286,False,0.0,VALIDATED,,,1,1.0,1.0,1.0,1.0,1.0
2026-05-03 09:45:58.915496+00:00,1,1_block,26707,30.9,1,1,1,,,0.722,"xgb,lgb",1.0,False,0.0,VALIDATED,,,2,1.13,1.0,1.0,2.0,1.32
2026-05-03 09:45:58.915496+00:00,3,3_blocks,26707,30.9,1,1,1,,,0.996,"xgb,lgb",1.0,False,0.0,VALIDATED,,,2,1.0,1.0,1.0,1.0,1.0
2026-05-03 09:45:58.915496+00:00,6,6_blocks,26707,30.9,1,1,1,,,1.0,"xgb,lgb",0.25,False,0.0,VALIDATED,,,1,1.0,1.0,1.0,1.0,1.0
2026-05-03 10:38:58.124153+00:00,1,1_block,35360,32.7,2,1,1,,,0.758,"xgb,lgb",0.3502824858757062,False,0.0,VALIDATED,,,2,1.11,1.0,1.0,2.0,1.28
2026-05-03 10:38:58.124153+00:00,3,3_blocks,35360,32.7,2,1,1,,,0.828,"xgb,lgb",0.25,False,0.0,VALIDATED,,,2,1.12,2.0,1.19,1.0,1.0
2026-05-03 10:38:58.124153+00:00,6,6_blocks,35360,32.7,2,1,1,,,0.823,"xgb,lgb",0.2363636363636363,False,0.0,VALIDATED,,,2,1.12,2.0,1.19,1.0,1.0
2026-05-03 11:25:17.781535+00:00,1,1_block,27111,30.7,1,1,1,,,0.716,"xgb,lgb",0.264,False,0.0,VALIDATED,,,2,1.2,2.0,1.33,1.0,1.0
2026-05-03 11:25:17.781535+00:00,3,3_blocks,27111,30.7,1,1,1,,,0.78,"xgb,lgb",0.2571428571428571,False,0.0,VALIDATED,,,2,1.15,2.0,1.25,1.0,1.0
2026-05-03 11:25:17.781535+00:00,6,6_blocks,27111,30.7,1,1,1,,,0.776,"xgb,lgb",0.2363636363636363,False,0.0,VALIDATED,,,2,1.15,2.0,1.25,1.0,1.0
2026-05-03 12:04:50.278552+00:00,1,1_block,31727,30.8,1,1,1,,,1.0,"xgb,lgb",0.264,False,0.0,VALIDATED,,,1,1.0,1.0,1.0,1.0,1.0
2026-05-03 12:04:50.278552+00:00,3,3_blocks,31727,30.8,1,1,1,,,0.996,"xgb,lgb",0.2372881355932203,False,0.0,VALIDATED,,,2,1.0,1.0,1.0,1.0,1.0
2026-05-03 12:04:50.278552+00:00,6,6_blocks,31727,30.8,1,1,1,,,1.0,"xgb,lgb",0.2372881355932203,False,0.0,VALIDATED,,,1,1.0,1.0,1.0,1.0,1.0
2026-05-03 13:44:57.913868+00:00,1,1_block,35875,32.5,3,3,1,,,0.726,"xgb,lgb",0.2372881355932203,False,0.0,VALIDATED,,,2,1.13,1.0,1.0,2.0,1.32
2026-05-03 13:44:57.913868+00:00,3,3_blocks,35875,32.5,3,3,1,,,0.996,"xgb,lgb",0.2571428571428571,False,0.0,VALIDATED,,,2,1.0,1.0,1.0,1.0,1.0
2026-05-03 13:44:57.913868+00:00,6,6_blocks,35875,32.5,3,3,1,,,0.999,"xgb,lgb",0.2571428571428571,False,0.0,VALIDATED,,,2,1.0,1.0,1.0,1.0,1.0
2026-05-03 14:36:02.152781+00:00,1,1_block,31352,31.1,1,1,1,,,1.0,"xgb,lgb",0.2571428571428571,False,0.0,VALIDATED,,,1,1.0,1.0,1.0,1.0,1.0
2026-05-03 14:36:02.152781+00:00,3,3_blocks,31352,31.1,1,1,1,,,0.996,"xgb,lgb",0.2571428571428571,False,0.0,VALIDATED,,,2,1.0,1.0,1.0,1.0,1.0
2026-05-03 14:36:02.152781+00:00,6,6_blocks,31352,31.1,1,1,1,,,1.0,"xgb,lgb",0.2272727272727272,False,0.0,VALIDATED,,,1,1.0,1.0,1.0,1.0,1.0
2026-05-03 15:27:07.953303+00:00,1,1_block,28961,30.8,1,1,1,,,0.67,"xgb,lgb",1.0,False,0.0,VALIDATED,,,2,1.24,2.0,1.39,1.0,1.0
2026-05-03 15:27:07.953303+00:00,3,3_blocks,28961,30.8,1,1,1,,,0.996,"xgb,lgb",0.2272727272727272,False,0.0,VALIDATED,,,2,1.0,1.0,1.0,1.0,1.0
2026-05-03 15:27:07.953303+00:00,6,6_blocks,28961,30.8,1,1,1,,,1.0,"xgb,lgb",0.25,False,0.0,VALIDATED,,,1,1.0,1.0,1.0,1.0,1.0
2026-05-03 16:07:44.621177+00:00,1,1_block,29178,30.8,2,1,1,,,0.5,"xgb,lgb",1.0,False,0.0,VALIDATED,,,2,1.9,3.0,2.5,1.0,1.0
2026-05-03 16:07:44.621177+00:00,3,3_blocks,29178,30.8,2,1,1,,,0.5,"xgb,lgb",0.25,False,0.0,VALIDATED,,,3,2.03,3.0,2.71,1.0,1.0
2026-05-03 16:07:44.621177+00:00,6,6_blocks,29178,30.8,2,1,1,,,0.5,"xgb,lgb",0.25,False,0.0,VALIDATED,,,3,2.02,3.0,2.71,1.0,1.0
2026-05-03 17:05:36.368255+00:00,1,1_block,30592,30.8,2,1,1,,,1.0,"xgb,lgb",1.018181818181818,False,0.0,VALIDATED,,,1,1.0,1.0,1.0,1.0,1.0
2026-05-03 17:05:36.368255+00:00,3,3_blocks,30592,30.8,2,1,1,,,0.5,"xgb,lgb",0.25,False,0.0,VALIDATED,,,2,1.65,3.0,2.08,1.0,1.0
2026-05-03 17:05:36.368255+00:00,6,6_blocks,30592,30.8,2,1,1,,,0.5,"xgb,lgb",0.25,False,0.0,VALIDATED,,,2,1.65,3.0,2.08,1.0,1.0
2026-05-03 17:58:46.824242+00:00,1,1_block,33367,31.0,1,1,1,,,0.744,"xgb,lgb",0.3003533568904594,False,0.0,VALIDATED,,,2,1.12,1.0,1.0,2.0,1.29
2026-05-03 17:58:46.824242+00:00,3,3_blocks,33367,31.0,1,1,1,,,0.5,"xgb,lgb",0.25,False,0.0,VALIDATED,,,2,1.82,3.0,2.36,1.0,1.0
2026-05-03 17:58:46.824242+00:00,6,6_blocks,33367,31.0,1,1,1,,,0.5,"xgb,lgb",0.2357142857142857,False,0.0,VALIDATED,,,2,1.81,3.0,2.36,1.0,1.0
2026-05-03 19:04:03.098938+00:00,1,1_block,33553,31.0,1,1,1,,,0.872,"xgb,lgb",1.0,False,0.0,VALIDATED,,,2,1.13,2.0,1.08,2.0,1.22
2026-05-03 19:04:03.098938+00:00,3,3_blocks,33553,31.0,1,1,1,,,0.5,"xgb,lgb",0.2357142857142857,False,0.0,VALIDATED,,,3,2.04,3.0,2.74,1.0,1.0
2026-05-03 19:04:03.098938+00:00,6,6_blocks,33553,31.0,1,1,1,,,0.5,"xgb,lgb",0.2357142857142857,False,0.0,VALIDATED,,,3,2.04,3.0,2.74,1.0,1.0
2026-05-03 20:03:59.221163+00:00,1,1_block,37888,32.2,3,1,1,,,0.952,"xgb,lgb",1.0079936051159073,False,0.0,VALIDATED,,,2,1.02,1.0,1.0,2.0,1.05
2026-05-03 20:03:59.221163+00:00,3,3_blocks,37888,32.2,3,1,1,,,0.5,"xgb,lgb",0.2321428571428571,False,0.0,VALIDATED,,,2,1.43,2.0,1.71,1.0,1.0
2026-05-03 20:03:59.221163+00:00,6,6_blocks,37888,32.2,3,1,1,,,0.5,"xgb,lgb",0.2321428571428571,False,0.0,VALIDATED,,,2,1.43,2.0,1.71,1.0,1.0
2026-05-03 20:49:31.716439+00:00,1,1_block,36440,32.1,2,1,1,,,0.906,"xgb,lgb",0.2321428571428571,False,0.0,VALIDATED,,,2,1.04,1.0,1.0,2.0,1.1
2026-05-03 20:49:31.716439+00:00,3,3_blocks,36440,32.1,2,1,1,,,0.5,"xgb,lgb",0.2321428571428571,False,0.0,VALIDATED,,,2,1.95,3.0,2.58,1.0,1.0
2026-05-03 20:49:31.716439+00:00,6,6_blocks,36440,32.1,2,1,1,,,0.5,"xgb,lgb",0.2321428571428571,False,0.0,VALIDATED,,,2,1.95,3.0,2.58,1.0,1.0
2026-05-03 21:28:49.842433+00:00,1,1_block,31479,30.8,1,1,1,,,1.0,"xgb,lgb",0.25,False,0.0,VALIDATED,,,1,1.0,1.0,1.0,1.0,1.0
2026-05-03 21:28:49.842433+00:00,3,3_blocks,31479,30.8,1,1,1,,,0.5,"xgb,lgb",0.25,False,0.0,VALIDATED,,,3,2.23,4.0,3.04,1.0,1.0
2026-05-03 21:28:49.842433+00:00,6,6_blocks,31479,30.8,1,1,1,,,0.5,"xgb,lgb",0.2214285714285714,False,0.0,VALIDATED,,,3,2.23,4.0,3.04,1.0,1.0
2026-05-03 22:07:59.348004+00:00,1,1_block,35469,31.8,2,1,1,,,0.936,"xgb,lgb",0.25,False,0.0,VALIDATED,,,2,1.04,2.0,1.07,1.0,1.0
2026-05-03 22:07:59.348004+00:00,3,3_blocks,35469,31.8,2,1,1,,,0.5,"xgb,lgb",0.25,False,0.0,VALIDATED,,,3,2.28,4.0,3.13,1.0,1.0
2026-05-03 22:07:59.348004+00:00,6,6_blocks,35469,31.8,2,1,1,,,0.5,"xgb,lgb",0.2214285714285714,False,0.0,VALIDATED,,,3,2.28,4.0,3.13,1.0,1.0
2026-05-03 23:01:20.285895+00:00,1,1_block,32297,30.8,1,1,1,,,0.5,"xgb,lgb",0.25,False,0.0,VALIDATED,,,2,1.68,3.0,2.14,1.0,1.0
2026-05-03 23:01:20.285895+00:00,3,3_blocks,32297,30.8,1,1,1,,,0.5,"xgb,lgb",0.25,False,0.0,VALIDATED,,,2,1.55,2.0,1.91,1.0,1.0
2026-05-03 23:01:20.285895+00:00,6,6_blocks,32297,30.8,1,1,1,,,0.5,"xgb,lgb",0.25,False,0.0,VALIDATED,,,2,1.55,2.0,1.91,1.0,1.0
2026-05-04 00:00:11.581731+00:00,1,1_block,33953,31.1,1,1,1,,,0.949,"xgb,lgb",0.25,False,0.0,VALIDATED,,,2,1.03,2.0,1.05,1.0,1.0
2026-05-04 00:00:11.581731+00:00,3,3_blocks,33953,31.1,1,1,1,,,0.996,"xgb,lgb",0.25,False,0.0,VALIDATED,,,2,1.0,1.0,1.0,1.0,1.0
2026-05-04 00:00:11.581731+00:00,6,6_blocks,33953,31.1,1,1,1,,,1.0,"xgb,lgb",0.25,False,0.0,VALIDATED,,,1,1.0,1.0,1.0,1.0,1.0
2026-05-04 03:42:16.563811+00:00,1,1_block,33682,31.3,2,1,1,,,1.0,"xgb,lgb",0.2571428571428571,False,0.0,VALIDATED,,,1,1.0,1.0,1.0,1.0,1.0
2026-05-04 03:42:16.563811+00:00,3,3_blocks,33682,31.3,2,1,1,,,0.5,"xgb,lgb",0.2571428571428571,False,0.0,VALIDATED,,,3,2.52,4.0,3.53,1.0,1.0
2026-05-04 03:42:16.563811+00:00,6,6_blocks,33682,31.3,2,1,1,,,0.5,"xgb,lgb",0.2571428571428571,False,0.0,VALIDATED,,,3,2.52,4.0,3.53,1.0,1.0
2026-05-04 06:31:59.745391+00:00,1,1_block,32773,31.1,2,1,1,,,0.898,"xgb,lgb",0.2321428571428571,False,0.0,VALIDATED,,,2,1.04,1.0,1.0,2.0,1.11
2026-05-04 06:31:59.745391+00:00,3,3_blocks,32773,31.1,2,1,1,,,0.996,"xgb,lgb",0.2321428571428571,False,0.0,VALIDATED,,,2,1.0,1.0,1.0,1.0,1.0
2026-05-04 06:31:59.745391+00:00,6,6_blocks,32773,31.1,2,1,1,,,1.0,"xgb,lgb",0.2321428571428571,False,0.0,VALIDATED,,,1,1.0,1.0,1.0,1.0,1.0
2026-05-04 09:06:14.877746+00:00,1,1_block,34149,31.4,2,1,1,,,1.0,"xgb,lgb",1.0240384615384617,False,0.0,VALIDATED,,,1,1.0,1.0,1.0,1.0,1.0
2026-05-04 09:06:14.877746+00:00,3,3_blocks,34149,31.4,2,1,1,,,0.5,"xgb,lgb",0.2285714285714285,False,0.0,VALIDATED,,,2,1.42,2.0,1.7,1.0,1.0
2026-05-04 09:06:14.877746+00:00,6,6_blocks,34149,31.4,2,1,1,,,0.5,"xgb,lgb",0.2285714285714285,False,0.0,VALIDATED,,,2,1.42,2.0,1.7,1.0,1.0
2026-05-04 11:14:34.248936+00:00,1,1_block,34334,31.6,1,1,1,,,0.686,"xgb,lgb",0.2285714285714285,False,0.0,VALIDATED,,,2,1.22,2.0,1.37,1.0,1.0
2026-05-04 11:14:34.248936+00:00,3,3_blocks,34334,31.6,1,1,1,,,0.652,"xgb,lgb",0.2214285714285714,False,0.0,VALIDATED,,,2,1.26,2.0,1.43,1.0,1.0
2026-05-04 11:14:34.248936+00:00,6,6_blocks,34334,31.6,1,1,1,,,0.648,"xgb,lgb",0.2301587301587301,False,0.0,VALIDATED,,,2,1.26,2.0,1.43,1.0,1.0
2026-05-04 12:58:20.635133+00:00,1,1_block,36091,32.3,2,1,1,,,0.819,"xgb,lgb",0.2571428571428571,False,0.0,VALIDATED,,,2,1.12,2.0,1.2,1.0,1.0
2026-05-04 12:58:20.635133+00:00,3,3_blocks,36091,32.3,2,1,1,,,0.5,"xgb,lgb",0.2571428571428571,False,0.0,VALIDATED,,,2,1.89,3.0,2.48,1.0,1.0
2026-05-04 12:58:20.635133+00:00,6,6_blocks,36091,32.3,2,1,1,,,0.5,"xgb,lgb",0.2301587301587301,False,0.0,VALIDATED,,,2,1.89,3.0,2.48,1.0,1.0
2026-05-04 15:11:13.026885+00:00,1,1_block,33557,31.3,1,1,1,,,1.0,"xgb,lgb",1.0215827338129495,False,0.0,VALIDATED,,,1,1.0,1.0,1.0,1.0,1.0
2026-05-04 15:11:13.026885+00:00,3,3_blocks,33557,31.3,1,1,1,,,0.5,"xgb,lgb",0.2357142857142857,False,0.0,VALIDATED,,,2,2.0,3.0,2.66,1.0,1.0
2026-05-04 15:11:13.026885+00:00,6,6_blocks,33557,31.3,1,1,1,,,0.5,"xgb,lgb",0.2357142857142857,False,0.0,VALIDATED,,,2,1.99,3.0,2.66,1.0,1.0
2026-05-04 17:02:53.634581+00:00,1,1_block,31019,31.1,1,1,1,,,1.0,"xgb,lgb",1.009090909090909,False,0.0,VALIDATED,,,1,1.0,1.0,1.0,1.0,1.0
2026-05-04 17:02:53.634581+00:00,3,3_blocks,31019,31.1,1,1,1,,,0.5,"xgb,lgb",1.009090909090909,False,0.0,VALIDATED,,,2,1.59,2.0,1.98,1.0,1.0
2026-05-04 17:02:53.634581+00:00,6,6_blocks,31019,31.1,1,1,1,,,0.5,"xgb,lgb",0.2714285714285714,False,0.0,VALIDATED,,,2,1.59,2.0,1.98,1.0,1.0
2026-05-04 18:49:38.671298+00:00,1,1_block,37659,32.9,3,3,1,,,0.962,"xgb,lgb",1.009090909090909,False,0.0,VALIDATED,,,2,1.02,1.0,1.0,2.0,1.04
2026-05-04 18:49:38.671298+00:00,3,3_blocks,37659,32.9,3,3,1,,,0.996,"xgb,lgb",0.2321428571428571,False,0.0,VALIDATED,,,2,1.0,1.0,1.0,1.0,1.0
2026-05-04 18:49:38.671298+00:00,6,6_blocks,37659,32.9,3,3,1,,,1.0,"xgb,lgb",0.2321428571428571,False,0.0,VALIDATED,,,1,1.0,1.0,1.0,1.0,1.0
2026-05-04 20:07:41.184250+00:00,1,1_block,38017,33.1,3,3,1,,,0.753,"xgb,lgb",0.2321428571428571,False,0.0,VALIDATED,,,2,1.11,1.0,1.0,2.0,1.28
2026-05-04 20:07:41.184250+00:00,3,3_blocks,38017,33.1,3,3,1,,,0.996,"xgb,lgb",0.2321428571428571,False,0.0,VALIDATED,,,2,1.0,1.0,1.0,1.0,1.0
2026-05-04 20:07:41.184250+00:00,6,6_blocks,38017,33.1,3,3,1,,,1.0,"xgb,lgb",0.25,False,0.0,VALIDATED,,,1,1.0,1.0,1.0,1.0,1.0
2026-05-04 21:18:30.651362+00:00,1,1_block,32264,31.2,1,1,1,,,0.575,"xgb,lgb",0.25,False,0.0,VALIDATED,,,2,1.32,2.0,1.54,1.0,1.0
2026-05-04 21:18:30.651362+00:00,3,3_blocks,32264,31.2,1,1,1,,,0.5,"xgb,lgb",0.2230215827338129,False,0.0,VALIDATED,,,2,1.45,2.0,1.74,1.0,1.0
2026-05-04 21:18:30.651362+00:00,6,6_blocks,32264,31.2,1,1,1,,,0.5,"xgb,lgb",0.2214285714285714,False,0.0,VALIDATED,,,2,1.45,2.0,1.74,1.0,1.0
2026-05-04 22:17:17.189604+00:00,1,1_block,31583,31.2,1,1,1,,,1.0,"xgb,lgb",0.2785714285714286,False,0.0,VALIDATED,,,1,1.0,1.0,1.0,1.0,1.0
2026-05-04 22:17:17.189604+00:00,3,3_blocks,31583,31.2,1,1,1,,,0.5,"xgb,lgb",0.2214285714285714,False,0.0,VALIDATED,,,3,2.31,4.0,3.18,1.0,1.0
2026-05-04 22:17:17.189604+00:00,6,6_blocks,31583,31.2,1,1,1,,,0.5,"xgb,lgb",0.2214285714285714,False,0.0,VALIDATED,,,3,2.31,4.0,3.18,1.0,1.0
2026-05-04 23:13:01.031404+00:00,1,1_block,26537,30.3,1,1,1,,,0.581,"xgb,lgb",0.25,False,0.0,VALIDATED,,,2,1.32,2.0,1.53,1.0,1.0
2026-05-04 23:13:01.031404+00:00,3,3_blocks,26537,30.3,1,1,1,,,0.647,"xgb,lgb",0.224,False,0.0,VALIDATED,,,2,1.26,2.0,1.43,1.0,1.0
2026-05-04 23:13:01.031404+00:00,6,6_blocks,26537,30.3,1,1,1,,,0.643,"xgb,lgb",0.224,False,0.0,VALIDATED,,,2,1.26,2.0,1.43,1.0,1.0
2026-05-05 00:10:51.363248+00:00,1,1_block,31708,31.3,2,1,1,,,1.0,"xgb,lgb",0.2285714285714285,False,0.0,VALIDATED,,,1,1.0,1.0,1.0,1.0,1.0
2026-05-05 00:10:51.363248+00:00,3,3_blocks,31708,31.3,2,1,1,,,0.5,"xgb,lgb",0.224,False,0.0,VALIDATED,,,3,2.09,3.0,2.81,1.0,1.0
2026-05-05 00:10:51.363248+00:00,6,6_blocks,31708,31.3,2,1,1,,,0.5,"xgb,lgb",0.224,False,0.0,VALIDATED,,,3,2.09,3.0,2.81,1.0,1.0
2026-05-05 03:49:12.373155+00:00,1,1_block,28504,30.9,2,1,1,,,0.927,"xgb,lgb",0.224,False,0.0,VALIDATED,,,2,1.03,1.0,1.0,2.0,1.08
2026-05-05 03:49:12.373155+00:00,3,3_blocks,28504,30.9,2,1,1,,,0.5,"xgb,lgb",0.224,False,0.0,VALIDATED,,,2,1.54,2.0,1.89,1.0,1.0
2026-05-05 03:49:12.373155+00:00,6,6_blocks,28504,30.9,2,1,1,,,0.5,"xgb,lgb",0.2285714285714285,False,0.0,VALIDATED,,,2,1.54,2.0,1.89,1.0,1.0
2026-05-05 06:07:20.012192+00:00,1,1_block,17884,28.6,1,1,1,,,0.515,"xgb,lgb",1.0,False,0.0,VALIDATED,,,2,1.38,2.0,1.64,1.0,1.0
2026-05-05 06:07:20.012192+00:00,3,3_blocks,17884,28.6,1,1,1,,,0.996,"xgb,lgb",0.2285714285714285,False,0.0,VALIDATED,,,2,1.0,1.0,1.0,1.0,1.0
2026-05-05 06:07:20.012192+00:00,6,6_blocks,17884,28.6,1,1,1,,,1.0,"xgb,lgb",0.2071428571428571,False,0.0,VALIDATED,,,1,1.0,1.0,1.0,1.0,1.0
2026-05-05 08:25:41.608100+00:00,1,1_block,27203,30.0,1,1,1,,,1.0,"xgb,lgb",0.2428571428571428,False,0.0,VALIDATED,,,1,1.0,1.0,1.0,1.0,1.0
2026-05-05 08:25:41.608100+00:00,3,3_blocks,27203,30.0,1,1,1,,,0.5,"xgb,lgb",0.2071428571428571,False,0.0,VALIDATED,,,2,1.75,3.0,2.25,1.0,1.0
2026-05-05 08:25:41.608100+00:00,6,6_blocks,27203,30.0,1,1,1,,,0.5,"xgb,lgb",0.2071428571428571,False,0.0,VALIDATED,,,2,1.75,3.0,2.25,1.0,1.0
2026-05-05 10:17:10.700704+00:00,1,1_block,30295,30.7,2,1,1,,,0.7,"xgb,lgb",0.2285714285714285,False,0.0,VALIDATED,,,2,1.21,2.0,1.35,1.0,1.0
2026-05-05 10:17:10.700704+00:00,3,3_blocks,30295,30.7,2,1,1,,,0.996,"xgb,lgb",0.2,False,0.0,VALIDATED,,,2,1.0,1.0,1.0,1.0,1.0
2026-05-05 10:17:10.700704+00:00,6,6_blocks,30295,30.7,2,1,1,,,1.0,"xgb,lgb",0.2072538860103626,False,0.0,VALIDATED,,,1,1.0,1.0,1.0,1.0,1.0
2026-05-05 11:41:29.348474+00:00,1,1_block,27257,29.5,1,1,1,,,0.5,"xgb,lgb",2.0,False,0.0,VALIDATED,,,2,1.76,3.0,2.26,1.0,1.0
2026-05-05 11:41:29.348474+00:00,3,3_blocks,27257,29.5,1,1,1,,,0.996,"xgb,lgb",0.2285714285714285,False,0.0,VALIDATED,,,2,1.0,1.0,1.0,1.0,1.0
2026-05-05 11:41:29.348474+00:00,6,6_blocks,27257,29.5,1,1,1,,,1.0,"xgb,lgb",0.2072538860103626,False,0.0,VALIDATED,,,1,1.0,1.0,1.0,1.0,1.0
2026-05-05 12:58:53.438807+00:00,1,1_block,35484,31.9,3,3,1,,,0.704,"xgb,lgb",0.2285714285714285,False,0.0,VALIDATED,,,2,1.14,1.0,1.0,2.0,1.35
2026-05-05 12:58:53.438807+00:00,3,3_blocks,35484,31.9,3,3,1,,,0.5,"xgb,lgb",0.2285714285714285,False,0.0,VALIDATED,,,2,1.47,2.0,1.78,1.0,1.0
2026-05-05 12:58:53.438807+00:00,6,6_blocks,35484,31.9,3,3,1,,,0.5,"xgb,lgb",0.2285714285714285,False,0.0,VALIDATED,,,2,1.47,2.0,1.78,1.0,1.0
2026-05-05 16:54:17.629732+00:00,1,1_block,38622,32.9,6,5,4,,,1.0,"xgb,lgb",0.2285714285714285,False,0.0,VALIDATED,,,1,1.0,1.0,1.0,1.0,1.0
2026-05-05 16:54:17.629732+00:00,3,3_blocks,38622,32.9,6,5,4,,,0.98,"xgb,lgb",0.2285714285714285,False,0.0,VALIDATED,,,2,1.02,2.0,1.02,1.0,1.0
2026-05-05 16:54:17.629732+00:00,6,6_blocks,38622,32.9,6,5,4,,,0.976,"xgb,lgb",0.2285714285714285,False,0.0,VALIDATED,,,2,1.01,2.0,1.02,1.0,1.0
2026-05-05 18:07:27.312456+00:00,1,1_block,28501,29.8,1,1,1,,,0.948,"xgb,lgb",0.2285714285714285,False,0.0,VALIDATED,,,2,1.03,2.0,1.05,1.0,1.0
2026-05-05 18:07:27.312456+00:00,3,3_blocks,28501,29.8,1,1,1,,,0.996,"xgb,lgb",0.2285714285714285,False,0.0,VALIDATED,,,2,1.0,1.0,1.0,1.0,1.0
2026-05-05 18:07:27.312456+00:00,6,6_blocks,28501,29.8,1,1,1,,,1.0,"xgb,lgb",0.2357142857142857,False,0.0,VALIDATED,,,1,1.0,1.0,1.0,1.0,1.0
2026-05-05 19:50:40.821426+00:00,1,1_block,33828,31.3,3,1,1,,,0.801,"xgb,lgb",0.2357142857142857,False,0.0,VALIDATED,,,2,1.13,2.0,1.22,1.0,1.0
2026-05-05 19:50:40.821426+00:00,3,3_blocks,33828,31.3,3,1,1,,,0.796,"xgb,lgb",0.2357142857142857,False,0.0,VALIDATED,,,2,1.14,2.0,1.23,1.0,1.0
2026-05-05 19:50:40.821426+00:00,6,6_blocks,33828,31.3,3,1,1,,,0.792,"xgb,lgb",0.2158273381294964,False,0.0,VALIDATED,,,2,1.14,2.0,1.23,1.0,1.0
2026-05-05 20:47:34.098802+00:00,1,1_block,30610,30.5,2,1,1,,,0.899,"xgb,lgb",0.2402597402597402,False,0.0,VALIDATED,,,2,1.04,1.0,1.0,2.0,1.11
2026-05-05 20:47:34.098802+00:00,3,3_blocks,30610,30.5,2,1,1,,,0.5,"xgb,lgb",0.2158273381294964,False,0.0,VALIDATED,,,2,1.81,3.0,2.35,1.0,1.0
2026-05-05 20:47:34.098802+00:00,6,6_blocks,30610,30.5,2,1,1,,,0.5,"xgb,lgb",0.2285714285714285,False,0.0,VALIDATED,,,2,1.81,3.0,2.35,1.0,1.0
2026-05-05 21:46:02.642203+00:00,1,1_block,30301,30.6,2,1,1,,,1.0,"xgb,lgb",0.2285714285714285,False,0.0,VALIDATED,,,1,1.0,1.0,1.0,1.0,1.0
2026-05-05 21:46:02.642203+00:00,3,3_blocks,30301,30.6,2,1,1,,,0.5,"xgb,lgb",0.2285714285714285,False,0.0,VALIDATED,,,4,3.19,5.0,4.65,1.0,1.0
2026-05-05 21:46:02.642203+00:00,6,6_blocks,30301,30.6,2,1,1,,,0.5,"xgb,lgb",0.2285714285714285,False,0.0,VALIDATED,,,4,3.19,5.0,4.65,1.0,1.0
2026-05-05 22:40:07.627837+00:00,1,1_block,29368,30.1,1,1,1,,,0.751,"xgb,lgb",0.25,False,0.0,VALIDATED,,,2,1.14,2.0,1.03,2.0,1.32
2026-05-05 22:40:07.627837+00:00,3,3_blocks,29368,30.1,1,1,1,,,0.996,"xgb,lgb",0.25,False,0.0,VALIDATED,,,2,1.0,1.0,1.0,1.0,1.0
2026-05-05 22:40:07.627837+00:00,6,6_blocks,29368,30.1,1,1,1,,,0.971,"xgb,lgb",0.2285714285714285,False,0.0,VALIDATED,,,2,1.01,1.0,1.0,2.0,1.03
2026-05-05 23:30:37.899056+00:00,1,1_block,30770,30.4,1,1,1,,,0.982,"xgb,lgb",0.25,False,0.0,VALIDATED,,,2,1.26,2.0,1.26,2.0,1.24
2026-05-05 23:30:37.899056+00:00,3,3_blocks,30770,30.4,1,1,1,,,0.5,"xgb,lgb",0.2285714285714285,False,0.0,VALIDATED,,,3,2.47,4.0,3.45,1.0,1.0
2026-05-05 23:30:37.899056+00:00,6,6_blocks,30770,30.4,1,1,1,,,0.5,"xgb,lgb",0.2285714285714285,False,0.0,VALIDATED,,,3,2.47,4.0,3.45,1.0,1.0
2026-05-06 01:12:33.430848+00:00,1,1_block,31473,31.1,2,1,1,,,0.525,"xgb,lgb",0.25,False,0.0,VALIDATED,,,2,1.37,2.0,1.62,1.0,1.0
2026-05-06 01:12:33.430848+00:00,3,3_blocks,31473,31.1,2,1,1,,,0.801,"xgb,lgb",0.2785714285714286,False,0.0,VALIDATED,,,2,1.14,2.0,1.23,1.0,1.0
2026-05-06 01:12:33.430848+00:00,6,6_blocks,31473,31.1,2,1,1,,,0.797,"xgb,lgb",0.25,False,0.0,VALIDATED,,,2,1.14,2.0,1.23,1.0,1.0
2026-05-06 04:46:04.982364+00:00,1,1_block,48505,33.4,2,1,1,,,1.0,"xgb,lgb",1.009009009009009,False,0.0,VALIDATED,,,1,1.0,1.0,1.0,1.0,1.0
2026-05-06 04:46:04.982364+00:00,3,3_blocks,48505,33.4,2,1,1,,,0.996,"xgb,lgb",0.2285714285714285,False,0.0,VALIDATED,,,2,1.0,1.0,1.0,1.0,1.0
2026-05-06 04:46:04.982364+00:00,6,6_blocks,48505,33.4,2,1,1,,,1.0,"xgb,lgb",0.2285714285714285,False,0.0,VALIDATED,,,1,1.0,1.0,1.0,1.0,1.0
2026-05-06 07:28:05.618715+00:00,1,1_block,50536,33.6,2,1,1,,,0.882,"xgb,lgb",0.2928571428571428,False,0.0,VALIDATED,,,2,1.15,2.0,1.21,2.0,1.07
2026-05-06 07:28:05.618715+00:00,3,3_blocks,50536,33.6,2,1,1,,,0.996,"xgb,lgb",0.2464285714285714,False,0.0,VALIDATED,,,2,1.0,1.0,1.0,1.0,1.0
2026-05-06 07:28:05.618715+00:00,6,6_blocks,50536,33.6,2,1,1,,,0.998,"xgb,lgb",0.2142857142857142,False,0.0,VALIDATED,,,2,1.0,1.0,1.0,1.0,1.0
2026-05-06 09:41:46.718283+00:00,1,1_block,37716,31.3,2,1,1,,,1.0,"xgb,lgb",1.0,False,0.0,VALIDATED,,,1,1.0,1.0,1.0,1.0,1.0
2026-05-06 09:41:46.718283+00:00,3,3_blocks,37716,31.3,2,1,1,,,0.5,"xgb,lgb",0.2464285714285714,False,0.0,VALIDATED,,,2,1.63,3.0,2.04,1.0,1.0
2026-05-06 09:41:46.718283+00:00,6,6_blocks,37716,31.3,2,1,1,,,0.5,"xgb,lgb",0.2142857142857142,False,0.0,VALIDATED,,,2,1.63,3.0,2.04,1.0,1.0
2026-05-06 11:31:41.589230+00:00,1,1_block,47044,32.9,2,1,1,,,0.845,"xgb,lgb",0.2928571428571428,False,0.0,VALIDATED,,,2,1.18,2.0,1.11,2.0,1.3
2026-05-06 11:31:41.589230+00:00,3,3_blocks,47044,32.9,2,1,1,,,0.996,"xgb,lgb",0.2928571428571428,False,0.0,VALIDATED,,,2,1.0,1.0,1.0,1.0,1.0
2026-05-06 11:31:41.589230+00:00,6,6_blocks,47044,32.9,2,1,1,,,1.0,"xgb,lgb",0.3357142857142857,False,0.0,VALIDATED,,,1,1.0,1.0,1.0,1.0,1.0
2026-05-06 13:19:48.392675+00:00,1,1_block,48299,33.0,2,1,1,,,0.743,"xgb,lgb",1.0048076923076923,False,0.0,VALIDATED,,,2,1.18,2.0,1.3,1.0,1.0
2026-05-06 13:19:48.392675+00:00,3,3_blocks,48299,33.0,2,1,1,,,0.5,"xgb,lgb",1.0048076923076923,False,0.0,VALIDATED,,,2,1.95,3.0,2.57,1.0,1.0
2026-05-06 13:19:48.392675+00:00,6,6_blocks,48299,33.0,2,1,1,,,0.5,"xgb,lgb",0.3357142857142857,False,0.0,VALIDATED,,,2,1.94,3.0,2.57,1.0,1.0
2026-05-06 15:39:30.727823+00:00,1,1_block,51854,34.5,2,2,1,,,0.774,"xgb,lgb",1.0,False,0.0,VALIDATED,,,2,1.14,2.0,1.03,2.0,1.3
2026-05-06 15:39:30.727823+00:00,3,3_blocks,51854,34.5,2,2,1,,,0.5,"xgb,lgb",1.0,False,0.0,VALIDATED,,,2,1.5,2.0,1.83,1.0,1.0
2026-05-06 15:39:30.727823+00:00,6,6_blocks,51854,34.5,2,2,1,,,0.5,"xgb,lgb",1.0,False,0.0,VALIDATED,,,2,1.5,2.0,1.83,1.0,1.0
2026-05-06 17:12:14.929817+00:00,1,1_block,57219,35.6,3,3,1,,,1.0,"xgb,lgb",0.3357142857142857,False,0.0,VALIDATED,,,1,1.0,1.0,1.0,1.0,1.0
2026-05-06 17:12:14.929817+00:00,3,3_blocks,57219,35.6,3,3,1,,,0.5,"xgb,lgb",0.3357142857142857,False,0.0,VALIDATED,,,3,2.97,5.0,4.29,1.0,1.0
2026-05-06 17:12:14.929817+00:00,6,6_blocks,57219,35.6,3,3,1,,,0.5,"xgb,lgb",0.3357142857142857,False,0.0,VALIDATED,,,3,2.97,5.0,4.29,1.0,1.0
2026-05-06 19:02:47.783563+00:00,1,1_block,55518,34.5,1,1,1,,,1.0,"xgb,lgb",0.3148148148148148,False,0.0,VALIDATED,,,1,1.0,1.0,1.0,1.0,1.0
2026-05-06 19:02:47.783563+00:00,3,3_blocks,55518,34.5,1,1,1,,,0.5,"xgb,lgb",0.2785714285714286,False,0.0,VALIDATED,,,3,2.3,4.0,3.17,1.0,1.0
2026-05-06 19:02:47.783563+00:00,6,6_blocks,55518,34.5,1,1,1,,,0.5,"xgb,lgb",0.2571428571428571,False,0.0,VALIDATED,,,3,2.3,4.0,3.17,1.0,1.0
2026-05-06 20:44:36.871122+00:00,1,1_block,48618,33.1,1,1,1,,,1.0,"xgb,lgb",1.0101010101010102,False,0.0,VALIDATED,,,1,1.0,1.0,1.0,1.0,1.0
2026-05-06 20:44:36.871122+00:00,3,3_blocks,48618,33.1,1,1,1,,,0.521,"xgb,lgb",1.0101010101010102,False,0.0,VALIDATED,,,2,1.38,2.0,1.64,1.0,1.0
2026-05-06 20:44:36.871122+00:00,6,6_blocks,48618,33.1,1,1,1,,,0.517,"xgb,lgb",0.3148148148148148,False,0.0,VALIDATED,,,2,1.38,2.0,1.64,1.0,1.0
2026-05-06 21:47:26.684322+00:00,1,1_block,55719,35.0,4,3,1,,,1.0,"xgb,lgb",1.0101010101010102,False,0.0,VALIDATED,,,1,1.0,1.0,1.0,1.0,1.0
2026-05-06 21:47:26.684322+00:00,3,3_blocks,55719,35.0,4,3,1,,,0.5,"xgb,lgb",1.0101010101010102,False,0.0,VALIDATED,,,3,2.31,4.0,3.18,1.0,1.0
2026-05-06 21:47:26.684322+00:00,6,6_blocks,55719,35.0,4,3,1,,,0.5,"xgb,lgb",0.235854675402025,False,0.0,VALIDATED,,,3,2.31,4.0,3.18,1.0,1.0
2026-05-06 22:35:22.175315+00:00,1,1_block,51928,34.1,2,1,1,,,0.74,"xgb,lgb",0.3,False,0.0,VALIDATED,,,2,1.12,1.0,1.0,2.0,1.3
2026-05-06 22:35:22.175315+00:00,3,3_blocks,51928,34.1,2,1,1,,,0.761,"xgb,lgb",0.2785714285714286,False,0.0,VALIDATED,,,2,1.17,2.0,1.28,1.0,1.0
2026-05-06 22:35:22.175315+00:00,6,6_blocks,51928,34.1,2,1,1,,,0.757,"xgb,lgb",0.2785714285714286,False,0.0,VALIDATED,,,2,1.17,2.0,1.28,1.0,1.0
2026-05-06 23:32:14.476762+00:00,1,1_block,45995,32.8,1,1,1,,,0.607,"xgb,lgb",1.0857142857142856,False,0.0,VALIDATED,,,2,1.29,2.0,1.49,1.0,1.0
2026-05-06 23:32:14.476762+00:00,3,3_blocks,45995,32.8,1,1,1,,,0.5,"xgb,lgb",0.2857142857142857,False,0.0,VALIDATED,,,3,2.23,4.0,3.04,1.0,1.0
2026-05-06 23:32:14.476762+00:00,6,6_blocks,45995,32.8,1,1,1,,,0.5,"xgb,lgb",0.2785714285714286,False,0.0,VALIDATED,,,3,2.23,4.0,3.04,1.0,1.0
2026-05-07 01:21:16.541856+00:00,1,1_block,49012,34.1,3,3,1,,,0.5,"xgb,lgb",1.0857142857142856,False,0.0,VALIDATED,,,2,1.57,2.0,1.95,1.0,1.0
2026-05-07 01:21:16.541856+00:00,3,3_blocks,49012,34.1,3,3,1,,,0.5,"xgb,lgb",0.2539285714285714,False,0.0,VALIDATED,,,4,3.5,6.0,5.16,1.0,1.0
2026-05-07 01:21:16.541856+00:00,6,6_blocks,49012,34.1,3,3,1,,,0.5,"xgb,lgb",0.2517857142857143,False,0.0,VALIDATED,,,4,3.5,6.0,5.16,1.0,1.0
2026-05-07 04:53:10.552399+00:00,1,1_block,46624,32.9,1,1,1,,,1.0,"xgb,lgb",0.2539285714285714,False,0.0,VALIDATED,,,1,1.0,1.0,1.0,1.0,1.0
2026-05-07 04:53:10.552399+00:00,3,3_blocks,46624,32.9,1,1,1,,,0.996,"xgb,lgb",0.2571428571428571,False,0.0,VALIDATED,,,2,1.0,1.0,1.0,1.0,1.0
2026-05-07 04:53:10.552399+00:00,6,6_blocks,46624,32.9,1,1,1,,,1.0,"xgb,lgb",0.2571428571428571,False,0.0,VALIDATED,,,1,1.0,1.0,1.0,1.0,1.0
2026-05-07 07:40:29.229300+00:00,1,1_block,40898,31.8,1,1,1,,,0.5,"xgb,lgb",0.2857142857142857,False,0.0,VALIDATED,,,2,1.42,2.0,1.7,1.0,1.0
2026-05-07 07:40:29.229300+00:00,3,3_blocks,40898,31.8,1,1,1,,,0.85,"xgb,lgb",0.35,False,0.0,VALIDATED,,,2,1.1,2.0,1.17,1.0,1.0
2026-05-07 07:40:29.229300+00:00,6,6_blocks,40898,31.8,1,1,1,,,0.846,"xgb,lgb",0.2714285714285714,False,0.0,VALIDATED,,,2,1.1,2.0,1.17,1.0,1.0
2026-05-07 10:07:52.931801+00:00,1,1_block,51091,33.7,2,1,1,,,0.5,"xgb,lgb",0.35,False,0.0,VALIDATED,,,3,2.33,4.0,3.22,1.0,1.0
2026-05-07 10:07:52.931801+00:00,3,3_blocks,51091,33.7,2,1,1,,,0.536,"xgb,lgb",0.35,False,0.0,VALIDATED,,,2,1.37,2.0,1.61,1.0,1.0
2026-05-07 10:07:52.931801+00:00,6,6_blocks,51091,33.7,2,1,1,,,0.532,"xgb,lgb",0.3272727272727272,False,0.0,VALIDATED,,,2,1.37,2.0,1.61,1.0,1.0
2026-05-07 12:03:26.539509+00:00,1,1_block,53255,35.3,3,3,1,,,0.5,"xgb,lgb",3.0,False,0.0,VALIDATED,,,3,2.32,4.0,3.15,2.0,1.06
2026-05-07 12:03:26.539509+00:00,3,3_blocks,53255,35.3,3,3,1,,,0.996,"xgb,lgb",1.0,False,0.0,VALIDATED,,,2,1.0,1.0,1.0,1.0,1.0
2026-05-07 12:03:26.539509+00:00,6,6_blocks,53255,35.3,3,3,1,,,1.0,"xgb,lgb",1.0,False,0.0,VALIDATED,,,1,1.0,1.0,1.0,1.0,1.0
2026-05-07 14:45:19.118643+00:00,1,1_block,56744,35.2,4,3,1,,,0.5,"xgb,lgb",1.0059171597633136,False,0.0,VALIDATED,,,5,4.19,7.0,6.32,1.0,1.0
2026-05-07 14:45:19.118643+00:00,3,3_blocks,56744,35.2,4,3,1,,,0.5,"xgb,lgb",0.3142857142857143,False,0.0,VALIDATED,,,3,2.16,3.0,2.93,1.0,1.0
2026-05-07 14:45:19.118643+00:00,6,6_blocks,56744,35.2,4,3,1,,,0.5,"xgb,lgb",0.3142857142857143,False,0.0,VALIDATED,,,3,2.16,3.0,2.93,1.0,1.0
2026-05-07 16:28:46.275819+00:00,1,1_block,53983,34.4,3,1,1,,,1.0,"xgb,lgb",0.3142857142857143,False,0.0,VALIDATED,,,1,1.0,1.0,1.0,1.0,1.0
2026-05-07 16:28:46.275819+00:00,3,3_blocks,53983,34.4,3,1,1,,,0.5,"xgb,lgb",0.3142857142857143,False,0.0,VALIDATED,,,2,1.93,3.0,2.54,1.0,1.0
2026-05-07 16:28:46.275819+00:00,6,6_blocks,53983,34.4,3,1,1,,,0.5,"xgb,lgb",0.3601190476190476,False,0.0,VALIDATED,,,2,1.92,3.0,2.54,1.0,1.0
2026-05-07 18:08:08.571579+00:00,1,1_block,56418,35.2,4,3,1,,,0.5,"xgb,lgb",1.0,False,0.0,VALIDATED,,,3,2.89,5.0,4.15,1.0,1.0
2026-05-07 18:08:08.571579+00:00,3,3_blocks,56418,35.2,4,3,1,,,0.5,"xgb,lgb",0.3601190476190476,False,0.0,VALIDATED,,,3,2.7,4.0,3.83,1.0,1.0
2026-05-07 18:08:08.571579+00:00,6,6_blocks,56418,35.2,4,3,1,,,0.5,"xgb,lgb",0.3601190476190476,False,0.0,VALIDATED,,,3,2.7,4.0,3.83,1.0,1.0
2026-05-07 19:52:38.717094+00:00,1,1_block,57788,35.1,3,1,1,,,0.5,"xgb,lgb",2.0,False,0.0,VALIDATED,,,3,2.3,4.0,3.17,1.0,1.0
2026-05-07 19:52:38.717094+00:00,3,3_blocks,57788,35.1,3,1,1,,,0.996,"xgb,lgb",0.2765957446808511,False,0.0,VALIDATED,,,2,1.0,1.0,1.0,1.0,1.0
2026-05-07 19:52:38.717094+00:00,6,6_blocks,57788,35.1,3,1,1,,,1.0,"xgb,lgb",0.3357142857142857,False,0.0,VALIDATED,,,1,1.0,1.0,1.0,1.0,1.0
2026-05-07 21:00:59.329730+00:00,1,1_block,55229,35.7,4,4,1,,,0.5,"xgb,lgb",2.0,False,0.0,VALIDATED,,,2,1.76,3.0,2.26,1.0,1.0
2026-05-07 21:00:59.329730+00:00,3,3_blocks,55229,35.7,4,4,1,,,0.5,"xgb,lgb",2.0,False,0.0,VALIDATED,,,4,3.91,6.0,5.84,1.0,1.0
2026-05-07 21:00:59.329730+00:00,6,6_blocks,55229,35.7,4,4,1,,,0.5,"xgb,lgb",1.0,False,0.0,VALIDATED,,,4,3.91,6.0,5.84,1.0,1.0
2026-05-07 22:08:33.816201+00:00,1,1_block,56400,34.9,3,1,1,,,0.5,"xgb,lgb",1.0,False,0.0,VALIDATED,,,3,2.46,4.0,3.28,2.0,1.23
2026-05-07 22:08:33.816201+00:00,3,3_blocks,56400,34.9,3,1,1,,,0.5,"xgb,lgb",1.0,False,0.0,VALIDATED,,,4,3.78,6.0,5.63,1.0,1.0
2026-05-07 22:08:33.816201+00:00,6,6_blocks,56400,34.9,3,1,1,,,0.5,"xgb,lgb",0.425531914893617,False,0.0,VALIDATED,,,4,3.78,6.0,5.63,1.0,1.0
2026-05-07 23:11:10.255796+00:00,1,1_block,57598,35.1,3,1,1,,,0.5,"xgb,lgb",0.425531914893617,False,0.0,VALIDATED,,,3,2.43,4.0,3.18,2.0,1.31
2026-05-07 23:11:10.255796+00:00,3,3_blocks,57598,35.1,3,1,1,,,0.5,"xgb,lgb",0.2928571428571428,False,0.0,VALIDATED,,,4,3.59,6.0,5.31,1.0,1.0
2026-05-07 23:11:10.255796+00:00,6,6_blocks,57598,35.1,3,1,1,,,0.5,"xgb,lgb",0.2928571428571428,False,0.0,VALIDATED,,,4,3.58,6.0,5.31,1.0,1.0
2026-05-08 00:06:16.296044+00:00,1,1_block,54549,34.5,2,1,1,,,0.879,"xgb,lgb",0.3,False,0.0,VALIDATED,,,2,1.39,2.0,1.46,2.0,1.29
2026-05-08 00:06:16.296044+00:00,3,3_blocks,54549,34.5,2,1,1,,,0.5,"xgb,lgb",0.2928571428571428,False,0.0,VALIDATED,,,4,3.27,5.0,4.77,1.0,1.0
2026-05-08 00:06:16.296044+00:00,6,6_blocks,54549,34.5,2,1,1,,,0.5,"xgb,lgb",0.2928571428571428,False,0.0,VALIDATED,,,4,3.26,5.0,4.77,1.0,1.0
2026-05-08 03:50:57.056481+00:00,1,1_block,46446,33.0,1,1,1,,,0.5,"xgb,lgb",1.0,False,0.0,VALIDATED,,,2,1.65,3.0,2.08,1.0,1.0
2026-05-08 03:50:57.056481+00:00,3,3_blocks,46446,33.0,1,1,1,,,0.5,"xgb,lgb",0.2949640287769784,False,0.0,VALIDATED,,,3,2.61,4.0,3.68,1.0,1.0
2026-05-08 03:50:57.056481+00:00,6,6_blocks,46446,33.0,1,1,1,,,0.5,"xgb,lgb",0.2714285714285714,False,0.0,VALIDATED,,,3,2.61,4.0,3.68,1.0,1.0
2026-05-08 05:49:58.250158+00:00,1,1_block,36913,31.6,1,1,1,,,1.0,"xgb,lgb",1.0,False,0.0,VALIDATED,,,1,1.0,1.0,1.0,1.0,1.0
2026-05-08 05:49:58.250158+00:00,3,3_blocks,36913,31.6,1,1,1,,,0.657,"xgb,lgb",0.2714285714285714,False,0.0,VALIDATED,,,2,1.25,2.0,1.42,1.0,1.0
2026-05-08 05:49:58.250158+00:00,6,6_blocks,36913,31.6,1,1,1,,,0.653,"xgb,lgb",0.2714285714285714,False,0.0,VALIDATED,,,2,1.25,2.0,1.42,1.0,1.0
2026-05-08 07:11:09.434316+00:00,1,1_block,50255,34.0,2,1,1,,,0.5,"xgb,lgb",0.3142857142857143,False,0.0,VALIDATED,,,3,2.38,4.0,3.31,1.0,1.0
2026-05-08 07:11:09.434316+00:00,3,3_blocks,50255,34.0,2,1,1,,,0.5,"xgb,lgb",0.2714285714285714,False,0.0,VALIDATED,,,3,2.88,5.0,4.13,1.0,1.0
2026-05-08 07:11:09.434316+00:00,6,6_blocks,50255,34.0,2,1,1,,,0.5,"xgb,lgb",0.2714285714285714,False,0.0,VALIDATED,,,3,2.88,5.0,4.13,1.0,1.0
2026-05-08 08:49:14.748568+00:00,1,1_block,48709,34.0,2,1,1,,,0.5,"xgb,lgb",0.2928571428571428,False,0.0,VALIDATED,,,2,1.76,3.0,2.26,1.0,1.0
2026-05-08 08:49:14.748568+00:00,3,3_blocks,48709,34.0,2,1,1,,,0.5,"xgb,lgb",0.2928571428571428,False,0.0,VALIDATED,,,3,2.38,4.0,3.3,1.0,1.0
2026-05-08 08:49:14.748568+00:00,6,6_blocks,48709,34.0,2,1,1,,,0.5,"xgb,lgb",0.2714285714285714,False,0.0,VALIDATED,,,3,2.38,4.0,3.3,1.0,1.0
2026-05-08 10:11:29.491298+00:00,1,1_block,44493,33.1,2,1,1,,,0.59,"xgb,lgb",1.0047846889952152,False,0.0,VALIDATED,,,2,1.31,2.0,1.52,1.0,1.0
2026-05-08 10:11:29.491298+00:00,3,3_blocks,44493,33.1,2,1,1,,,0.5,"xgb,lgb",1.0047846889952152,False,0.0,VALIDATED,,,3,2.13,3.0,2.89,1.0,1.0
2026-05-08 10:11:29.491298+00:00,6,6_blocks,44493,33.1,2,1,1,,,0.5,"xgb,lgb",0.2857142857142857,False,0.0,VALIDATED,,,3,2.13,3.0,2.89,1.0,1.0
2026-05-08 11:47:21.750270+00:00,1,1_block,45836,34.1,2,1,1,,,0.968,"xgb,lgb",1.0101010101010102,False,0.0,VALIDATED,,,2,1.33,2.0,1.35,2.0,1.31
2026-05-08 11:47:21.750270+00:00,3,3_blocks,45836,34.1,2,1,1,,,0.591,"xgb,lgb",1.0101010101010102,False,0.0,VALIDATED,,,2,1.31,2.0,1.52,1.0,1.0
2026-05-08 11:47:21.750270+00:00,6,6_blocks,45836,34.1,2,1,1,,,0.587,"xgb,lgb",0.4019676739283204,False,0.0,VALIDATED,,,2,1.31,2.0,1.52,1.0,1.0
2026-05-08 13:01:16.909416+00:00,1,1_block,50458,35.1,2,2,1,,,0.704,"xgb,lgb",1.0101010101010102,False,0.0,VALIDATED,,,2,1.14,1.0,1.0,2.0,1.35
2026-05-08 13:01:16.909416+00:00,3,3_blocks,50458,35.1,2,2,1,,,0.996,"xgb,lgb",1.0101010101010102,False,0.0,VALIDATED,,,2,1.0,1.0,1.0,1.0,1.0
2026-05-08 13:01:16.909416+00:00,6,6_blocks,50458,35.1,2,2,1,,,1.0,"xgb,lgb",0.4019676739283204,False,0.0,VALIDATED,,,1,1.0,1.0,1.0,1.0,1.0
2026-05-08 15:02:44.709174+00:00,1,1_block,51191,34.8,2,1,1,,,1.0,"xgb,lgb",1.008130081300813,False,0.0,VALIDATED,,,1,1.0,1.0,1.0,1.0,1.0
2026-05-08 15:02:44.709174+00:00,3,3_blocks,51191,34.8,2,1,1,,,0.5,"xgb,lgb",1.008130081300813,False,0.0,VALIDATED,,,5,4.75,8.0,7.26,1.0,1.0
2026-05-08 15:02:44.709174+00:00,6,6_blocks,51191,34.8,2,1,1,,,0.5,"xgb,lgb",0.3142857142857143,False,0.0,VALIDATED,,,5,4.75,8.0,7.26,1.0,1.0
2026-05-08 16:43:06.350244+00:00,1,1_block,48314,34.4,3,1,1,,,0.5,"xgb,lgb",1.0,False,0.0,VALIDATED,,,2,1.79,3.0,2.31,1.0,1.0
2026-05-08 16:43:06.350244+00:00,3,3_blocks,48314,34.4,3,1,1,,,0.5,"xgb,lgb",0.3142857142857143,False,0.0,VALIDATED,,,6,5.34,9.0,8.23,1.0,1.0
2026-05-08 16:43:06.350244+00:00,6,6_blocks,48314,34.4,3,1,1,,,0.5,"xgb,lgb",0.3142857142857143,False,0.0,VALIDATED,,,6,5.34,9.0,8.23,1.0,1.0
2026-05-08 18:00:15.552704+00:00,1,1_block,44283,33.3,1,1,1,,,0.5,"xgb,lgb",0.2928571428571428,False,0.0,VALIDATED,,,3,2.03,3.0,2.51,2.0,1.31
2026-05-08 18:00:15.552704+00:00,3,3_blocks,44283,33.3,1,1,1,,,0.996,"xgb,lgb",0.2928571428571428,False,0.0,VALIDATED,,,2,1.0,1.0,1.0,1.0,1.0
2026-05-08 18:00:15.552704+00:00,6,6_blocks,44283,33.3,1,1,1,,,1.0,"xgb,lgb",0.2928571428571428,False,0.0,VALIDATED,,,1,1.0,1.0,1.0,1.0,1.0
2026-05-08 19:26:40.264649+00:00,1,1_block,42265,33.0,1,1,1,,,0.5,"xgb,lgb",0.2928571428571428,False,0.0,VALIDATED,,,3,2.66,4.0,3.76,1.0,1.0
2026-05-08 19:26:40.264649+00:00,3,3_blocks,42265,33.0,1,1,1,,,0.5,"xgb,lgb",0.2857142857142857,False,0.0,VALIDATED,,,2,1.75,3.0,2.25,1.0,1.0
2026-05-08 19:26:40.264649+00:00,6,6_blocks,42265,33.0,1,1,1,,,0.5,"xgb,lgb",0.2857142857142857,False,0.0,VALIDATED,,,2,1.75,3.0,2.25,1.0,1.0
2026-05-08 20:34:11.440384+00:00,1,1_block,45360,33.6,2,1,1,,,0.5,"xgb,lgb",0.2857142857142857,False,0.0,VALIDATED,,,3,2.61,4.0,3.69,1.0,1.0
2026-05-08 20:34:11.440384+00:00,3,3_blocks,45360,33.6,2,1,1,,,0.5,"xgb,lgb",0.2857142857142857,False,0.0,VALIDATED,,,3,2.61,4.0,3.68,1.0,1.0
2026-05-08 20:34:11.440384+00:00,6,6_blocks,45360,33.6,2,1,1,,,0.5,"xgb,lgb",0.2857142857142857,False,0.0,VALIDATED,,,3,2.61,4.0,3.68,1.0,1.0
2026-05-08 21:37:20.594859+00:00,1,1_block,37123,31.8,1,1,1,,,1.0,"xgb,lgb",0.3357142857142857,False,0.0,VALIDATED,,,1,1.0,1.0,1.0,1.0,1.0
2026-05-08 21:37:20.594859+00:00,3,3_blocks,37123,31.8,1,1,1,,,0.5,"xgb,lgb",0.3357142857142857,False,0.0,VALIDATED,,,3,2.35,4.0,3.25,1.0,1.0
2026-05-08 21:37:20.594859+00:00,6,6_blocks,37123,31.8,1,1,1,,,0.5,"xgb,lgb",0.2785714285714286,False,0.0,VALIDATED,,,3,2.35,4.0,3.25,1.0,1.0
2026-05-08 22:34:27.981482+00:00,1,1_block,41313,32.6,2,1,1,,,0.5,"xgb,lgb",0.4104234527687296,False,0.0,VALIDATED,,,3,2.07,3.0,2.78,1.0,1.0
2026-05-08 22:34:27.981482+00:00,3,3_blocks,41313,32.6,2,1,1,,,0.5,"xgb,lgb",0.2785714285714286,False,0.0,VALIDATED,,,3,2.08,3.0,2.8,1.0,1.0
2026-05-08 22:34:27.981482+00:00,6,6_blocks,41313,32.6,2,1,1,,,0.5,"xgb,lgb",0.2785714285714286,False,0.0,VALIDATED,,,3,2.08,3.0,2.8,1.0,1.0
2026-05-08 23:34:10.828834+00:00,1,1_block,43581,32.8,1,1,1,,,1.0,"xgb,lgb",0.3571428571428571,False,0.0,VALIDATED,,,1,1.0,1.0,1.0,1.0,1.0
2026-05-08 23:34:10.828834+00:00,3,3_blocks,43581,32.8,1,1,1,,,0.5,"xgb,lgb",0.3571428571428571,False,0.0,VALIDATED,,,4,3.05,5.0,4.41,1.0,1.0
2026-05-08 23:34:10.828834+00:00,6,6_blocks,43581,32.8,1,1,1,,,0.5,"xgb,lgb",0.2785714285714286,False,0.0,VALIDATED,,,4,3.05,5.0,4.41,1.0,1.0
2026-05-09 01:19:58.607434+00:00,1,1_block,46853,33.5,2,1,1,,,0.5,"xgb,lgb",0.3571428571428571,False,0.0,VALIDATED,,,2,1.95,3.0,2.59,1.0,1.0
2026-05-09 01:19:58.607434+00:00,3,3_blocks,46853,33.5,2,1,1,,,0.5,"xgb,lgb",1.6382978723404256,False,0.0,VALIDATED,,,4,3.07,5.0,4.45,1.0,1.0
2026-05-09 01:19:58.607434+00:00,6,6_blocks,46853,33.5,2,1,1,,,0.5,"xgb,lgb",1.6382978723404256,False,0.0,VALIDATED,,,4,3.07,5.0,4.45,1.0,1.0
2026-05-09 04:37:23.788635+00:00,1,1_block,65885,37.1,5,4,3,,,1.0,"xgb,lgb",1.6382978723404256,False,0.0,VALIDATED,,,1,1.0,1.0,1.0,1.0,1.0
2026-05-09 04:37:23.788635+00:00,3,3_blocks,65885,37.1,5,4,3,,,0.5,"xgb,lgb",2.0,False,0.0,VALIDATED,,,3,2.63,4.0,3.71,1.0,1.0
2026-05-09 04:37:23.788635+00:00,6,6_blocks,65885,37.1,5,4,3,,,0.5,"xgb,lgb",1.070921985815603,False,0.0,VALIDATED,,,3,2.63,4.0,3.71,1.0,1.0
2026-05-09 06:35:27.280273+00:00,1,1_block,62984,36.7,4,3,1,,,0.879,"xgb,lgb",2.0,False,0.0,VALIDATED,,,2,1.08,2.0,1.13,1.0,1.0
2026-05-09 06:35:27.280273+00:00,3,3_blocks,62984,36.7,4,3,1,,,0.5,"xgb,lgb",0.3333333333333333,False,0.0,VALIDATED,,,4,3.41,6.0,5.01,1.0,1.0
2026-05-09 06:35:27.280273+00:00,6,6_blocks,62984,36.7,4,3,1,,,0.5,"xgb,lgb",0.3333333333333333,False,0.0,VALIDATED,,,4,3.41,6.0,5.01,1.0,1.0
2026-05-09 08:21:12.998319+00:00,1,1_block,58292,35.4,6,5,4,,,0.582,"xgb,lgb",4.0,False,0.0,VALIDATED,,,2,1.32,2.0,1.53,1.0,1.0
2026-05-09 08:21:12.998319+00:00,3,3_blocks,58292,35.4,6,5,4,,,0.5,"xgb,lgb",0.3333333333333333,False,0.0,VALIDATED,,,4,3.09,5.0,4.47,1.0,1.0
2026-05-09 08:21:12.998319+00:00,6,6_blocks,58292,35.4,6,5,4,,,0.5,"xgb,lgb",1.6381322957198443,False,0.0,VALIDATED,,,4,3.08,5.0,4.47,1.0,1.0
2026-05-09 09:51:54.027663+00:00,1,1_block,58040,35.7,4,4,3,,,0.934,"xgb,lgb",3.027027027027027,False,0.0,VALIDATED,,,2,1.03,1.0,1.0,2.0,1.07
2026-05-09 09:51:54.027663+00:00,3,3_blocks,58040,35.7,4,4,3,,,0.5,"xgb,lgb",2.038095238095238,False,0.0,VALIDATED,,,2,1.54,2.0,1.89,1.0,1.0
2026-05-09 09:51:54.027663+00:00,6,6_blocks,58040,35.7,4,4,3,,,0.5,"xgb,lgb",2.036363636363636,False,0.0,VALIDATED,,,2,1.53,2.0,1.89,1.0,1.0
2026-05-09 10:53:02.622246+00:00,1,1_block,58722,35.9,5,4,3,,,0.864,"xgb,lgb",4.0,False,0.0,VALIDATED,,,2,1.09,2.0,1.15,1.0,1.0
2026-05-09 10:53:02.622246+00:00,3,3_blocks,58722,35.9,5,4,3,,,0.5,"xgb,lgb",4.0,False,0.0,VALIDATED,,,3,2.67,4.0,3.78,1.0,1.0
2026-05-09 10:53:02.622246+00:00,6,6_blocks,58722,35.9,5,4,3,,,0.5,"xgb,lgb",4.0,False,0.0,VALIDATED,,,3,2.67,4.0,3.78,1.0,1.0
2026-05-09 11:44:57.905909+00:00,1,1_block,66754,37.7,6,5,4,,,1.0,"xgb,lgb",7.928621908127209,False,0.0,VALIDATED,,,1,1.0,1.0,1.0,1.0,1.0
2026-05-09 11:44:57.905909+00:00,3,3_blocks,66754,37.7,6,5,4,,,0.5,"xgb,lgb",6.233766233766234,False,0.0,VALIDATED,,,3,2.15,3.0,2.91,1.0,1.0
2026-05-09 11:44:57.905909+00:00,6,6_blocks,66754,37.7,6,5,4,,,0.5,"xgb,lgb",6.233766233766234,False,0.0,VALIDATED,,,3,2.15,3.0,2.91,1.0,1.0
2026-05-09 12:43:33.070164+00:00,1,1_block,79274,40.8,9,8,7,,,0.772,"xgb,lgb",7.77536231884058,False,0.0,VALIDATED,,,2,1.6,2.0,1.74,2.0,1.38
2026-05-09 12:43:33.070164+00:00,3,3_blocks,79274,40.8,9,8,7,,,0.5,"xgb,lgb",7.012544802867383,False,0.0,VALIDATED,,,8,7.55,12.0,11.91,1.0,1.0
2026-05-09 12:43:33.070164+00:00,6,6_blocks,79274,40.8,9,8,7,,,0.5,"xgb,lgb",6.233766233766234,False,0.0,VALIDATED,,,8,7.55,12.0,11.91,1.0,1.0
2026-05-09 14:08:52.171523+00:00,1,1_block,87975,43.0,11,10,9,,,0.721,"xgb,lgb",5.0,False,0.0,VALIDATED,,,2,1.13,1.0,1.0,2.0,1.32
2026-05-09 14:08:52.171523+00:00,3,3_blocks,87975,43.0,11,10,9,,,0.5,"xgb,lgb",3.263636363636364,False,0.0,VALIDATED,,,8,7.31,12.0,11.52,1.0,1.0
2026-05-09 14:08:52.171523+00:00,6,6_blocks,87975,43.0,11,10,9,,,0.5,"xgb,lgb",3.263636363636364,False,0.0,VALIDATED,,,8,7.31,12.0,11.52,1.0,1.0
2026-05-09 15:10:51.680857+00:00,1,1_block,64235,38.9,5,5,4,,,1.0,"xgb,lgb",5.0,False,0.0,VALIDATED,,,1,1.0,1.0,1.0,1.0,1.0
2026-05-09 15:10:51.680857+00:00,3,3_blocks,64235,38.9,5,5,4,,,0.5,"xgb,lgb",5.118181818181818,False,0.0,VALIDATED,,,9,8.13,13.0,12.88,1.0,1.0
2026-05-09 15:10:51.680857+00:00,6,6_blocks,64235,38.9,5,5,4,,,0.5,"xgb,lgb",5.118181818181818,False,0.0,VALIDATED,,,9,8.13,13.0,12.88,1.0,1.0
2026-05-09 16:07:38.722151+00:00,1,1_block,71264,40.4,6,6,5,,,1.0,"xgb,lgb",5.118181818181818,False,0.0,VALIDATED,,,1,1.0,1.0,1.0,1.0,1.0
2026-05-09 16:07:38.722151+00:00,3,3_blocks,71264,40.4,6,6,5,,,0.5,"xgb,lgb",4.724409448818897,False,0.0,VALIDATED,,,8,7.62,13.0,12.03,1.0,1.0
2026-05-09 16:07:38.722151+00:00,6,6_blocks,71264,40.4,6,6,5,,,0.5,"xgb,lgb",4.724409448818897,False,0.0,VALIDATED,,,8,7.62,13.0,12.03,1.0,1.0
2026-05-09 17:09:15.915401+00:00,1,1_block,70383,40.6,6,6,5,,,1.0,"xgb,lgb",6.233766233766234,False,0.0,VALIDATED,,,1,1.0,1.0,1.0,1.0,1.0
2026-05-09 17:09:15.915401+00:00,3,3_blocks,70383,40.6,6,6,5,,,0.5,"xgb,lgb",5.0,False,0.0,VALIDATED,,,8,7.31,12.0,11.52,1.0,1.0
2026-05-09 17:09:15.915401+00:00,6,6_blocks,70383,40.6,6,6,5,,,0.5,"xgb,lgb",5.0,False,0.0,VALIDATED,,,8,7.31,12.0,11.52,1.0,1.0
2026-05-09 18:03:16.658913+00:00,1,1_block,75176,41.5,7,7,6,,,1.0,"xgb,lgb",5.0,False,0.0,VALIDATED,,,1,1.0,1.0,1.0,1.0,1.0
2026-05-09 18:03:16.658913+00:00,3,3_blocks,75176,41.5,7,7,6,,,0.5,"xgb,lgb",3.0,False,0.0,VALIDATED,,,8,7.5,12.0,11.84,1.0,1.0
2026-05-09 18:03:16.658913+00:00,6,6_blocks,75176,41.5,7,7,6,,,0.5,"xgb,lgb",3.0,False,0.0,VALIDATED,,,8,7.5,12.0,11.84,1.0,1.0
2026-05-09 19:18:58.236225+00:00,1,1_block,67541,40.4,5,5,4,,,1.0,"xgb,lgb",3.0,False,0.0,VALIDATED,,,1,1.0,1.0,1.0,1.0,1.0
2026-05-09 19:18:58.236225+00:00,3,3_blocks,67541,40.4,5,5,4,,,0.5,"xgb,lgb",2.038095238095238,False,0.0,VALIDATED,,,10,9.18,15.0,14.64,1.0,1.0
2026-05-09 19:18:58.236225+00:00,6,6_blocks,67541,40.4,5,5,4,,,0.5,"xgb,lgb",2.038095238095238,False,0.0,VALIDATED,,,10,9.18,15.0,14.64,1.0,1.0
2026-05-09 20:07:16.026192+00:00,1,1_block,61091,38.4,5,4,4,,,0.616,"xgb,lgb",3.0545454545454547,False,0.0,VALIDATED,,,2,1.29,2.0,1.48,1.0,1.0
2026-05-09 20:07:16.026192+00:00,3,3_blocks,61091,38.4,5,4,4,,,0.5,"xgb,lgb",1.707070707070707,False,0.0,VALIDATED,,,10,9.39,15.0,14.98,1.0,1.0
2026-05-09 20:07:16.026192+00:00,6,6_blocks,61091,38.4,5,4,4,,,0.5,"xgb,lgb",1.707070707070707,False,0.0,VALIDATED,,,10,9.39,15.0,14.98,1.0,1.0
2026-05-09 20:59:12.959915+00:00,1,1_block,58915,38.4,4,4,4,,,1.0,"xgb,lgb",1.707070707070707,False,0.0,VALIDATED,,,1,1.0,1.0,1.0,1.0,1.0
2026-05-09 20:59:12.959915+00:00,3,3_blocks,58915,38.4,4,4,4,,,0.5,"xgb,lgb",0.3,False,0.0,VALIDATED,,,6,5.92,10.0,9.19,1.0,1.0
2026-05-09 20:59:12.959915+00:00,6,6_blocks,58915,38.4,4,4,4,,,0.5,"xgb,lgb",0.3,False,0.0,VALIDATED,,,6,5.92,10.0,9.19,1.0,1.0
2026-05-09 21:51:12.918867+00:00,1,1_block,45496,33.2,1,1,1,,,0.538,"xgb,lgb",0.3357142857142857,False,0.0,VALIDATED,,,2,1.36,2.0,1.6,1.0,1.0
2026-05-09 21:51:12.918867+00:00,3,3_blocks,45496,33.2,1,1,1,,,0.5,"xgb,lgb",0.3,False,0.0,VALIDATED,,,8,7.94,13.0,12.56,1.0,1.0
2026-05-09 21:51:12.918867+00:00,6,6_blocks,45496,33.2,1,1,1,,,0.5,"xgb,lgb",0.3,False,0.0,VALIDATED,,,8,7.93,13.0,12.56,1.0,1.0
2026-05-09 22:28:49.187873+00:00,1,1_block,47146,33.2,1,1,1,,,0.649,"xgb,lgb",0.3,False,0.0,VALIDATED,,,2,1.26,2.0,1.43,1.0,1.0
2026-05-09 22:28:49.187873+00:00,3,3_blocks,47146,33.2,1,1,1,,,0.5,"xgb,lgb",0.3,False,0.0,VALIDATED,,,4,3.61,6.0,5.35,1.0,1.0
2026-05-09 22:28:49.187873+00:00,6,6_blocks,47146,33.2,1,1,1,,,0.5,"xgb,lgb",0.3,False,0.0,VALIDATED,,,4,3.61,6.0,5.35,1.0,1.0
2026-05-09 23:13:59.990733+00:00,1,1_block,41410,32.4,1,1,1,,,0.5,"xgb,lgb",0.3,False,0.0,VALIDATED,,,2,1.53,2.0,1.88,1.0,1.0
2026-05-09 23:13:59.990733+00:00,3,3_blocks,41410,32.4,1,1,1,,,0.996,"xgb,lgb",0.35,False,0.0,VALIDATED,,,2,1.0,1.0,1.0,1.0,1.0
2026-05-09 23:13:59.990733+00:00,6,6_blocks,41410,32.4,1,1,1,,,1.0,"xgb,lgb",0.3,False,0.0,VALIDATED,,,1,1.0,1.0,1.0,1.0,1.0
2026-05-10 00:07:40.150685+00:00,1,1_block,43579,33.0,2,1,1,,,0.5,"xgb,lgb",0.35,False,0.0,VALIDATED,,,3,2.59,4.0,3.64,1.0,1.0
2026-05-10 00:07:40.150685+00:00,3,3_blocks,43579,33.0,2,1,1,,,0.5,"xgb,lgb",0.35,False,0.0,VALIDATED,,,2,1.89,3.0,2.48,1.0,1.0
2026-05-10 00:07:40.150685+00:00,6,6_blocks,43579,33.0,2,1,1,,,0.5,"xgb,lgb",0.3,False,0.0,VALIDATED,,,2,1.89,3.0,2.48,1.0,1.0
2026-05-10 04:11:04.726062+00:00,1,1_block,40561,32.3,2,1,1,,,0.5,"xgb,lgb",0.4142857142857143,False,0.0,VALIDATED,,,2,1.96,3.0,2.6,1.0,1.0
2026-05-10 04:11:04.726062+00:00,3,3_blocks,40561,32.3,2,1,1,,,0.5,"xgb,lgb",0.3285714285714285,False,0.0,VALIDATED,,,2,1.76,3.0,2.26,1.0,1.0
2026-05-10 04:11:04.726062+00:00,6,6_blocks,40561,32.3,2,1,1,,,0.5,"xgb,lgb",0.3,False,0.0,VALIDATED,,,2,1.75,3.0,2.26,1.0,1.0
2026-05-10 06:43:54.871566+00:00,1,1_block,34587,31.1,1,1,1,,,0.5,"xgb,lgb",0.2519685039370078,False,0.0,VALIDATED,,,2,1.5,2.0,1.84,1.0,1.0
2026-05-10 06:43:54.871566+00:00,3,3_blocks,34587,31.1,1,1,1,,,0.51,"xgb,lgb",0.2519685039370078,False,0.0,VALIDATED,,,2,1.4,2.0,1.66,1.0,1.0
2026-05-10 06:43:54.871566+00:00,6,6_blocks,34587,31.1,1,1,1,,,0.506,"xgb,lgb",0.2428571428571428,False,0.0,VALIDATED,,,2,1.39,2.0,1.66,1.0,1.0
2026-05-10 08:32:12.815324+00:00,1,1_block,35454,31.1,1,1,1,,,1.0,"xgb,lgb",0.2928571428571428,False,0.0,VALIDATED,,,1,1.0,1.0,1.0,1.0,1.0
2026-05-10 08:32:12.815324+00:00,3,3_blocks,35454,31.1,1,1,1,,,0.5,"xgb,lgb",0.2362204724409448,False,0.0,VALIDATED,,,3,2.49,4.0,3.49,1.0,1.0
2026-05-10 08:32:12.815324+00:00,6,6_blocks,35454,31.1,1,1,1,,,0.5,"xgb,lgb",0.2362204724409448,False,0.0,VALIDATED,,,3,2.49,4.0,3.49,1.0,1.0
2026-05-10 10:00:49.002106+00:00,1,1_block,35586,31.2,1,1,1,,,0.744,"xgb,lgb",1.5185185185185186,False,0.0,VALIDATED,,,2,1.12,1.0,1.0,2.0,1.29
2026-05-10 10:00:49.002106+00:00,3,3_blocks,35586,31.2,1,1,1,,,0.996,"xgb,lgb",0.2928571428571428,False,0.0,VALIDATED,,,2,1.0,1.0,1.0,1.0,1.0
2026-05-10 10:00:49.002106+00:00,6,6_blocks,35586,31.2,1,1,1,,,1.0,"xgb,lgb",0.2362204724409448,False,0.0,VALIDATED,,,1,1.0,1.0,1.0,1.0,1.0
2026-05-10 11:05:02.285274+00:00,1,1_block,29047,30.6,1,1,1,,,0.896,"xgb,lgb",0.2362204724409448,False,0.0,VALIDATED,,,2,1.04,1.0,1.0,2.0,1.11
2026-05-10 11:05:02.285274+00:00,3,3_blocks,29047,30.6,1,1,1,,,0.996,"xgb,lgb",0.2946428571428571,False,0.0,VALIDATED,,,2,1.0,1.0,1.0,1.0,1.0
2026-05-10 11:05:02.285274+00:00,6,6_blocks,29047,30.6,1,1,1,,,1.0,"xgb,lgb",0.2946428571428571,False,0.0,VALIDATED,,,1,1.0,1.0,1.0,1.0,1.0
2026-05-10 12:00:51.168394+00:00,1,1_block,43285,33.5,3,3,1,,,0.928,"xgb,lgb",0.2946428571428571,False,0.0,VALIDATED,,,2,1.03,1.0,1.0,2.0,1.07
2026-05-10 12:00:51.168394+00:00,3,3_blocks,43285,33.5,3,3,1,,,0.996,"xgb,lgb",0.2946428571428571,False,0.0,VALIDATED,,,2,1.0,1.0,1.0,1.0,1.0
2026-05-10 12:00:51.168394+00:00,6,6_blocks,43285,33.5,3,3,1,,,1.0,"xgb,lgb",0.25,False,0.0,VALIDATED,,,1,1.0,1.0,1.0,1.0,1.0
2026-05-10 13:44:34.618289+00:00,1,1_block,42929,32.4,1,1,1,,,1.0,"xgb,lgb",0.3571428571428571,False,0.0,VALIDATED,,,1,1.0,1.0,1.0,1.0,1.0
2026-05-10 13:44:34.618289+00:00,3,3_blocks,42929,32.4,1,1,1,,,0.546,"xgb,lgb",0.5035511363636364,False,0.0,VALIDATED,,,2,1.36,2.0,1.59,1.0,1.0
2026-05-10 13:44:34.618289+00:00,6,6_blocks,42929,32.4,1,1,1,,,0.542,"xgb,lgb",0.2428571428571428,False,0.0,VALIDATED,,,2,1.36,2.0,1.59,1.0,1.0
2026-05-10 14:41:14.165329+00:00,1,1_block,30683,30.4,1,1,1,,,0.894,"xgb,lgb",0.5220680958385876,False,0.0,VALIDATED,,,2,1.07,2.0,1.11,1.0,1.0
2026-05-10 14:41:14.165329+00:00,3,3_blocks,30683,30.4,1,1,1,,,0.5,"xgb,lgb",0.5035511363636364,False,0.0,VALIDATED,,,4,3.03,5.0,4.37,1.0,1.0
2026-05-10 14:41:14.165329+00:00,6,6_blocks,30683,30.4,1,1,1,,,0.5,"xgb,lgb",0.2428571428571428,False,0.0,VALIDATED,,,4,3.02,5.0,4.37,1.0,1.0
2026-05-10 15:39:12.664502+00:00,1,1_block,39700,32.0,2,1,1,,,0.5,"xgb,lgb",0.4428571428571428,False,0.0,VALIDATED,,,2,1.56,2.0,1.93,1.0,1.0
2026-05-10 15:39:12.664502+00:00,3,3_blocks,39700,32.0,2,1,1,,,0.667,"xgb,lgb",0.2428571428571428,False,0.0,VALIDATED,,,2,1.24,2.0,1.4,1.0,1.0
2026-05-10 15:39:12.664502+00:00,6,6_blocks,39700,32.0,2,1,1,,,0.663,"xgb,lgb",0.2428571428571428,False,0.0,VALIDATED,,,2,1.24,2.0,1.4,1.0,1.0
2026-05-10 16:34:30.599288+00:00,1,1_block,45657,32.9,2,1,1,,,0.5,"xgb,lgb",0.5,False,0.0,VALIDATED,,,2,1.54,2.0,1.89,1.0,1.0
2026-05-10 16:34:30.599288+00:00,3,3_blocks,45657,32.9,2,1,1,,,0.5,"xgb,lgb",0.5,False,0.0,VALIDATED,,,5,4.32,7.0,6.53,1.0,1.0
2026-05-10 16:34:30.599288+00:00,6,6_blocks,45657,32.9,2,1,1,,,0.5,"xgb,lgb",0.2928571428571428,False,0.0,VALIDATED,,,5,4.32,7.0,6.53,1.0,1.0
2026-05-10 17:34:20.257622+00:00,1,1_block,50476,33.8,2,1,1,,,0.5,"xgb,lgb",0.3857142857142857,False,0.0,VALIDATED,,,3,2.76,4.0,3.73,2.0,1.32
2026-05-10 17:34:20.257622+00:00,3,3_blocks,50476,33.8,2,1,1,,,0.5,"xgb,lgb",0.2928571428571428,False,0.0,VALIDATED,,,6,5.39,9.0,8.31,1.0,1.0
2026-05-10 17:34:20.257622+00:00,6,6_blocks,50476,33.8,2,1,1,,,0.5,"xgb,lgb",0.2928571428571428,False,0.0,VALIDATED,,,6,5.39,9.0,8.31,1.0,1.0
2026-05-10 18:37:20.540098+00:00,1,1_block,67147,35.7,2,1,1,,,0.5,"xgb,lgb",0.2928571428571428,False,0.0,VALIDATED,,,4,3.08,5.0,4.47,1.0,1.0
2026-05-10 18:37:20.540098+00:00,3,3_blocks,67147,35.7,2,1,1,,,0.5,"xgb,lgb",0.2928571428571428,False,0.0,VALIDATED,,,6,5.75,9.0,8.91,1.0,1.0
2026-05-10 18:37:20.540098+00:00,6,6_blocks,67147,35.7,2,1,1,,,0.5,"xgb,lgb",0.2571428571428571,False,0.0,VALIDATED,,,6,5.75,9.0,8.91,1.0,1.0
2026-05-10 19:44:07.030779+00:00,1,1_block,71964,36.4,3,1,1,,,0.5,"xgb,lgb",2.0,False,0.0,VALIDATED,,,4,3.99,6.0,5.98,1.0,1.0
2026-05-10 19:44:07.030779+00:00,3,3_blocks,71964,36.4,3,1,1,,,0.5,"xgb,lgb",0.2928571428571428,False,0.0,VALIDATED,,,5,4.06,7.0,6.1,1.0,1.0
2026-05-10 19:44:07.030779+00:00,6,6_blocks,71964,36.4,3,1,1,,,0.5,"xgb,lgb",0.2928571428571428,False,0.0,VALIDATED,,,5,4.06,7.0,6.1,1.0,1.0
2026-05-10 20:32:19.630436+00:00,1,1_block,75645,37.6,4,3,1,,,0.5,"xgb,lgb",0.3857142857142857,False,0.0,VALIDATED,,,3,2.98,5.0,4.23,2.0,1.1
2026-05-10 20:32:19.630436+00:00,3,3_blocks,75645,37.6,4,3,1,,,0.5,"xgb,lgb",0.2928571428571428,False,0.0,VALIDATED,,,6,5.64,9.0,8.73,1.0,1.0
2026-05-10 20:32:19.630436+00:00,6,6_blocks,75645,37.6,4,3,1,,,0.5,"xgb,lgb",0.2928571428571428,False,0.0,VALIDATED,,,6,5.64,9.0,8.73,1.0,1.0
2026-05-10 21:30:32.636415+00:00,1,1_block,71241,36.4,2,1,1,,,0.5,"xgb,lgb",0.3857142857142857,False,0.0,VALIDATED,,,4,3.78,6.0,5.45,2.0,1.27
2026-05-10 21:30:32.636415+00:00,3,3_blocks,71241,36.4,2,1,1,,,0.5,"xgb,lgb",0.2928571428571428,False,0.0,VALIDATED,,,5,4.73,8.0,7.21,1.0,1.0
2026-05-10 21:30:32.636415+00:00,6,6_blocks,71241,36.4,2,1,1,,,0.5,"xgb,lgb",0.2928571428571428,False,0.0,VALIDATED,,,5,4.73,8.0,7.21,1.0,1.0
2026-05-10 22:12:55.595969+00:00,1,1_block,88821,38.1,2,1,1,,,0.5,"xgb,lgb",0.3857142857142857,False,0.0,VALIDATED,,,3,2.52,4.0,3.53,1.0,1.0
2026-05-10 22:12:55.595969+00:00,3,3_blocks,88821,38.1,2,1,1,,,0.5,"xgb,lgb",0.3357142857142857,False,0.0,VALIDATED,,,5,4.58,7.0,6.96,1.0,1.0
2026-05-10 22:12:55.595969+00:00,6,6_blocks,88821,38.1,2,1,1,,,0.5,"xgb,lgb",0.2928571428571428,False,0.0,VALIDATED,,,5,4.58,7.0,6.96,1.0,1.0
2026-05-10 23:11:27.909557+00:00,1,1_block,85445,37.5,1,1,1,,,0.5,"xgb,lgb",0.336283185840708,False,0.0,VALIDATED,,,3,2.33,4.0,3.02,2.0,1.3
2026-05-10 23:11:27.909557+00:00,3,3_blocks,85445,37.5,1,1,1,,,0.5,"xgb,lgb",0.2857142857142857,False,0.0,VALIDATED,,,5,4.97,8.0,7.61,1.0,1.0
2026-05-10 23:11:27.909557+00:00,6,6_blocks,85445,37.5,1,1,1,,,0.5,"xgb,lgb",0.2571428571428571,False,0.0,VALIDATED,,,5,4.97,8.0,7.61,1.0,1.0
2026-05-11 00:10:49.016335+00:00,1,1_block,90760,38.9,2,1,1,,,0.5,"xgb,lgb",0.2857142857142857,False,0.0,VALIDATED,,,3,2.84,4.0,3.92,2.0,1.24
2026-05-11 00:10:49.016335+00:00,3,3_blocks,90760,38.9,2,1,1,,,0.5,"xgb,lgb",0.2857142857142857,False,0.0,VALIDATED,,,5,4.45,7.0,6.74,1.0,1.0
2026-05-11 00:10:49.016335+00:00,6,6_blocks,90760,38.9,2,1,1,,,0.5,"xgb,lgb",0.2571428571428571,False,0.0,VALIDATED,,,5,4.44,7.0,6.74,1.0,1.0
2026-05-11 04:35:09.184200+00:00,1,1_block,74252,36.0,1,1,1,,,0.5,"xgb,lgb",0.3857142857142857,False,0.0,VALIDATED,,,3,2.29,4.0,3.16,1.0,1.0
2026-05-11 04:35:09.184200+00:00,3,3_blocks,74252,36.0,1,1,1,,,0.5,"xgb,lgb",0.2437275985663082,False,0.0,VALIDATED,,,8,7.36,12.0,11.6,1.0,1.0
2026-05-11 04:35:09.184200+00:00,6,6_blocks,74252,36.0,1,1,1,,,0.5,"xgb,lgb",0.2301587301587301,False,0.0,VALIDATED,,,8,7.36,12.0,11.6,1.0,1.0
2026-05-11 08:03:34.870487+00:00,1,1_block,83271,37.1,1,1,1,,,0.5,"xgb,lgb",0.4142857142857143,False,0.0,VALIDATED,,,3,2.26,4.0,3.09,1.0,1.0
2026-05-11 08:03:34.870487+00:00,3,3_blocks,83271,37.1,1,1,1,,,0.5,"xgb,lgb",0.2857142857142857,False,0.0,VALIDATED,,,7,6.82,11.0,10.69,1.0,1.0
2026-05-11 08:03:34.870487+00:00,6,6_blocks,83271,37.1,1,1,1,,,0.5,"xgb,lgb",0.2928571428571428,False,0.0,VALIDATED,,,7,6.82,11.0,10.69,1.0,1.0
2026-05-11 11:34:15.062469+00:00,1,1_block,97524,39.2,1,1,1,,,0.5,"xgb,lgb",0.316546762589928,False,0.0,VALIDATED,,,3,2.96,5.0,4.27,1.0,1.0
2026-05-11 11:34:15.062469+00:00,3,3_blocks,97524,39.2,1,1,1,,,0.5,"xgb,lgb",0.3285714285714285,False,0.0,VALIDATED,,,8,7.0,11.0,11.0,1.0,1.0
2026-05-11 11:34:15.062469+00:00,6,6_blocks,97524,39.2,1,1,1,,,0.5,"xgb,lgb",0.3214285714285714,False,0.0,VALIDATED,,,8,7.0,11.0,11.0,1.0,1.0
2026-05-11 14:05:38.245996+00:00,1,1_block,99385,40.2,3,1,1,,,0.5,"xgb,lgb",0.3285714285714285,False,0.0,VALIDATED,,,3,2.65,4.0,3.75,1.0,1.0
2026-05-11 14:05:38.245996+00:00,3,3_blocks,99385,40.2,3,1,1,,,0.5,"xgb,lgb",0.3214285714285714,False,0.0,VALIDATED,,,6,5.81,10.0,9.02,1.0,1.0
2026-05-11 14:05:38.245996+00:00,6,6_blocks,99385,40.2,3,1,1,,,0.5,"xgb,lgb",0.3214285714285714,False,0.0,VALIDATED,,,6,5.81,10.0,9.02,1.0,1.0
2026-05-11 16:41:18.189922+00:00,1,1_block,111853,42.3,3,3,1,,,0.5,"xgb,lgb",0.3357142857142857,False,0.0,VALIDATED,,,3,2.56,4.0,3.6,1.0,1.0
2026-05-11 16:41:18.189922+00:00,3,3_blocks,111853,42.3,3,3,1,,,0.5,"xgb,lgb",0.3714285714285714,False,0.0,VALIDATED,,,6,5.07,8.0,7.78,1.0,1.0
2026-05-11 16:41:18.189922+00:00,6,6_blocks,111853,42.3,3,3,1,,,0.5,"xgb,lgb",0.3214285714285714,False,0.0,VALIDATED,,,6,5.07,8.0,7.78,1.0,1.0
2026-05-11 18:28:10.950636+00:00,1,1_block,93270,39.0,1,1,1,,,0.5,"xgb,lgb",0.3714285714285714,False,0.0,VALIDATED,,,4,3.35,5.0,4.92,1.0,1.0
2026-05-11 18:28:10.950636+00:00,3,3_blocks,93270,39.0,1,1,1,,,0.5,"xgb,lgb",0.3714285714285714,False,0.0,VALIDATED,,,8,7.11,12.0,11.18,1.0,1.0
2026-05-11 18:28:10.950636+00:00,6,6_blocks,93270,39.0,1,1,1,,,0.5,"xgb,lgb",0.3357142857142857,False,0.0,VALIDATED,,,8,7.11,12.0,11.18,1.0,1.0
2026-05-11 20:17:17.089428+00:00,1,1_block,103529,41.2,4,3,1,,,0.5,"xgb,lgb",0.3357142857142857,False,0.0,VALIDATED,,,4,3.35,5.0,4.91,1.0,1.0
2026-05-11 20:17:17.089428+00:00,3,3_blocks,103529,41.2,4,3,1,,,0.5,"xgb,lgb",0.3357142857142857,False,0.0,VALIDATED,,,6,5.88,10.0,9.13,1.0,1.0
2026-05-11 20:17:17.089428+00:00,6,6_blocks,103529,41.2,4,3,1,,,0.5,"xgb,lgb",0.3214285714285714,False,0.0,VALIDATED,,,6,5.88,10.0,9.13,1.0,1.0
2026-05-11 21:44:35.804859+00:00,1,1_block,94434,39.6,2,1,1,,,0.5,"xgb,lgb",1.2006079027355625,False,0.0,VALIDATED,,,2,1.98,3.0,2.63,1.0,1.0
2026-05-11 21:44:35.804859+00:00,3,3_blocks,94434,39.6,2,1,1,,,0.5,"xgb,lgb",0.3214285714285714,False,0.0,VALIDATED,,,6,5.5,9.0,8.5,1.0,1.0
2026-05-11 21:44:35.804859+00:00,6,6_blocks,94434,39.6,2,1,1,,,0.5,"xgb,lgb",0.3214285714285714,False,0.0,VALIDATED,,,6,5.5,9.0,8.5,1.0,1.0
2026-05-11 22:41:21.436442+00:00,1,1_block,101646,41.0,3,1,1,,,0.5,"xgb,lgb",0.3428571428571428,False,0.0,VALIDATED,,,3,2.22,4.0,3.04,1.0,1.0
2026-05-11 22:41:21.436442+00:00,3,3_blocks,101646,41.0,3,1,1,,,0.5,"xgb,lgb",0.3357142857142857,False,0.0,VALIDATED,,,4,3.66,6.0,5.43,1.0,1.0
2026-05-11 22:41:21.436442+00:00,6,6_blocks,101646,41.0,3,1,1,,,0.5,"xgb,lgb",0.337144138085631,False,0.0,VALIDATED,,,4,3.66,6.0,5.43,1.0,1.0
2026-05-11 23:42:46.905160+00:00,1,1_block,102287,40.9,2,1,1,,,0.5,"xgb,lgb",1.0,False,0.0,VALIDATED,,,2,1.81,3.0,2.27,2.0,1.13
2026-05-11 23:42:46.905160+00:00,3,3_blocks,102287,40.9,2,1,1,,,0.5,"xgb,lgb",1.0,False,0.0,VALIDATED,,,4,3.46,6.0,5.09,1.0,1.0
2026-05-11 23:42:46.905160+00:00,6,6_blocks,102287,40.9,2,1,1,,,0.5,"xgb,lgb",0.337144138085631,False,0.0,VALIDATED,,,4,3.46,6.0,5.09,1.0,1.0
2026-05-12 01:26:13.566189+00:00,1,1_block,106213,41.6,2,1,1,,,0.815,"xgb,lgb",1.0,False,0.0,VALIDATED,,,2,1.48,2.0,1.59,2.0,1.32
2026-05-12 01:26:13.566189+00:00,3,3_blocks,106213,41.6,2,1,1,,,0.5,"xgb,lgb",0.3181818181818182,False,0.0,VALIDATED,,,5,4.04,7.0,6.07,1.0,1.0
2026-05-12 01:26:13.566189+00:00,6,6_blocks,106213,41.6,2,1,1,,,0.5,"xgb,lgb",0.3181818181818182,False,0.0,VALIDATED,,,5,4.04,7.0,6.07,1.0,1.0
2026-05-12 04:58:19.132499+00:00,1,1_block,99089,40.5,2,1,1,,,0.848,"xgb,lgb",0.3181818181818182,False,0.0,VALIDATED,,,2,1.25,2.0,1.17,2.0,1.36
2026-05-12 04:58:19.132499+00:00,3,3_blocks,99089,40.5,2,1,1,,,0.5,"xgb,lgb",0.3146067415730337,False,0.0,VALIDATED,,,4,3.26,5.0,4.76,1.0,1.0
2026-05-12 04:58:19.132499+00:00,6,6_blocks,99089,40.5,2,1,1,,,0.5,"xgb,lgb",0.3146067415730337,False,0.0,VALIDATED,,,4,3.25,5.0,4.76,1.0,1.0
2026-05-12 07:42:37.526593+00:00,1,1_block,93484,39.6,1,1,1,,,0.97,"xgb,lgb",1.0,False,0.0,VALIDATED,,,2,1.02,2.0,1.03,1.0,1.0
2026-05-12 07:42:37.526593+00:00,3,3_blocks,93484,39.6,1,1,1,,,0.5,"xgb,lgb",0.3146067415730337,False,0.0,VALIDATED,,,5,4.9,8.0,7.5,1.0,1.0
2026-05-12 07:42:37.526593+00:00,6,6_blocks,93484,39.6,1,1,1,,,0.5,"xgb,lgb",0.3428571428571428,False,0.0,VALIDATED,,,5,4.9,8.0,7.5,1.0,1.0
2026-05-12 10:17:03.787659+00:00,1,1_block,109057,43.5,5,4,3,,,0.726,"xgb,lgb",2.0,False,0.0,VALIDATED,,,2,1.13,1.0,1.0,2.0,1.32
2026-05-12 10:17:03.787659+00:00,3,3_blocks,109057,43.5,5,4,3,,,0.5,"xgb,lgb",2.0,False,0.0,VALIDATED,,,3,2.65,4.0,3.75,1.0,1.0
2026-05-12 10:17:03.787659+00:00,6,6_blocks,109057,43.5,5,4,3,,,0.5,"xgb,lgb",0.3361945636623748,False,0.0,VALIDATED,,,3,2.65,4.0,3.75,1.0,1.0
2026-05-12 12:21:04.446110+00:00,1,1_block,106019,42.3,3,3,1,,,0.738,"xgb,lgb",0.3428571428571428,False,0.0,VALIDATED,,,2,1.59,2.0,1.75,2.0,1.35
2026-05-12 12:21:04.446110+00:00,3,3_blocks,106019,42.3,3,3,1,,,0.5,"xgb,lgb",0.3428571428571428,False,0.0,VALIDATED,,,5,4.49,7.0,6.81,1.0,1.0
2026-05-12 12:21:04.446110+00:00,6,6_blocks,106019,42.3,3,3,1,,,0.5,"xgb,lgb",0.3361945636623748,False,0.0,VALIDATED,,,5,4.49,7.0,6.81,1.0,1.0
2026-05-12 15:14:49.708750+00:00,1,1_block,95336,40.1,2,1,1,,,0.7,"xgb,lgb",2.21,False,0.0,VALIDATED,,,2,1.21,2.0,1.35,1.0,1.0
2026-05-12 15:14:49.708750+00:00,3,3_blocks,95336,40.1,2,1,1,,,0.5,"xgb,lgb",0.3857142857142857,False,0.0,VALIDATED,,,6,5.22,9.0,8.03,1.0,1.0
2026-05-12 15:14:49.708750+00:00,6,6_blocks,95336,40.1,2,1,1,,,0.5,"xgb,lgb",0.3428571428571428,False,0.0,VALIDATED,,,6,5.22,9.0,8.03,1.0,1.0
2026-05-12 17:25:30.169365+00:00,1,1_block,98469,40.6,1,1,1,,,0.5,"xgb,lgb",2.1,False,0.0,VALIDATED,,,3,2.55,4.0,3.58,1.0,1.0
2026-05-12 17:25:30.169365+00:00,3,3_blocks,98469,40.6,1,1,1,,,0.5,"xgb,lgb",0.3447037701974865,False,0.0,VALIDATED,,,8,7.49,12.0,11.82,1.0,1.0
2026-05-12 17:25:30.169365+00:00,6,6_blocks,98469,40.6,1,1,1,,,0.5,"xgb,lgb",0.3770491803278688,False,0.0,VALIDATED,,,8,7.49,12.0,11.82,1.0,1.0
2026-05-12 19:16:39.876575+00:00,1,1_block,101058,41.9,3,3,1,,,0.5,"xgb,lgb",1.2035398230088497,False,0.0,VALIDATED,,,4,3.0,5.0,4.15,2.0,1.27
2026-05-12 19:16:39.876575+00:00,3,3_blocks,101058,41.9,3,3,1,,,0.5,"xgb,lgb",0.3770491803278688,False,0.0,VALIDATED,,,6,5.38,9.0,8.29,1.0,1.0
2026-05-12 19:16:39.876575+00:00,6,6_blocks,101058,41.9,3,3,1,,,0.5,"xgb,lgb",0.3428571428571428,False,0.0,VALIDATED,,,6,5.38,9.0,8.29,1.0,1.0
2026-05-12 20:53:02.000080+00:00,1,1_block,103103,41.7,3,3,1,,,0.5,"xgb,lgb",0.3445800430725054,False,0.0,VALIDATED,,,4,3.02,5.0,4.15,2.0,1.32
2026-05-12 20:53:02.000080+00:00,3,3_blocks,103103,41.7,3,3,1,,,0.5,"xgb,lgb",0.3428571428571428,False,0.0,VALIDATED,,,5,4.86,8.0,7.44,1.0,1.0
2026-05-12 20:53:02.000080+00:00,6,6_blocks,103103,41.7,3,3,1,,,0.5,"xgb,lgb",0.3357142857142857,False,0.0,VALIDATED,,,5,4.86,8.0,7.44,1.0,1.0
2026-05-12 22:08:19.820255+00:00,1,1_block,94073,40.1,3,1,1,,,0.5,"xgb,lgb",0.3642857142857142,False,0.0,VALIDATED,,,4,3.62,6.0,5.37,1.0,1.0
2026-05-12 22:08:19.820255+00:00,3,3_blocks,94073,40.1,3,1,1,,,0.5,"xgb,lgb",0.3642857142857142,False,0.0,VALIDATED,,,5,4.44,7.0,6.74,1.0,1.0
2026-05-12 22:08:19.820255+00:00,6,6_blocks,94073,40.1,3,1,1,,,0.5,"xgb,lgb",0.3357142857142857,False,0.0,VALIDATED,,,5,4.44,7.0,6.74,1.0,1.0
2026-05-12 23:16:54.020226+00:00,1,1_block,84818,38.4,1,1,1,,,0.5,"xgb,lgb",0.3642857142857142,False,0.0,VALIDATED,,,4,3.39,5.0,4.89,2.0,1.15
2026-05-12 23:16:54.020226+00:00,3,3_blocks,84818,38.4,1,1,1,,,0.5,"xgb,lgb",0.3524229074889868,False,0.0,VALIDATED,,,5,4.54,7.0,6.9,1.0,1.0
2026-05-12 23:16:54.020226+00:00,6,6_blocks,84818,38.4,1,1,1,,,0.5,"xgb,lgb",0.3285714285714285,False,0.0,VALIDATED,,,5,4.54,7.0,6.9,1.0,1.0
2026-05-13 00:15:28.605991+00:00,1,1_block,78616,37.5,1,1,1,,,0.5,"xgb,lgb",0.3524229074889868,False,0.0,VALIDATED,,,4,3.56,6.0,5.26,1.0,1.0
2026-05-13 00:15:28.605991+00:00,3,3_blocks,78616,37.5,1,1,1,,,0.5,"xgb,lgb",0.3524229074889868,False,0.0,VALIDATED,,,8,7.31,12.0,11.51,1.0,1.0
2026-05-13 00:15:28.605991+00:00,6,6_blocks,78616,37.5,1,1,1,,,0.5,"xgb,lgb",0.3285714285714285,False,0.0,VALIDATED,,,8,7.31,12.0,11.51,1.0,1.0
2026-05-13 04:15:36.807441+00:00,1,1_block,91707,39.7,2,1,1,,,0.5,"xgb,lgb",0.3428571428571428,False,0.0,VALIDATED,,,3,2.74,4.0,3.89,1.0,1.0
2026-05-13 04:15:36.807441+00:00,3,3_blocks,91707,39.7,2,1,1,,,0.5,"xgb,lgb",0.3428571428571428,False,0.0,VALIDATED,,,5,4.27,7.0,6.45,1.0,1.0
2026-05-13 04:15:36.807441+00:00,6,6_blocks,91707,39.7,2,1,1,,,0.5,"xgb,lgb",0.3295194508009153,False,0.0,VALIDATED,,,5,4.27,7.0,6.45,1.0,1.0
2026-05-13 07:29:40.027801+00:00,1,1_block,90777,39.3,1,1,1,,,0.842,"xgb,lgb",0.5285714285714286,False,0.0,VALIDATED,,,2,1.1,2.0,1.17,1.0,1.0
2026-05-13 07:29:40.027801+00:00,3,3_blocks,90777,39.3,1,1,1,,,0.5,"xgb,lgb",0.4071428571428571,False,0.0,VALIDATED,,,5,4.86,8.0,7.44,1.0,1.0
2026-05-13 07:29:40.027801+00:00,6,6_blocks,90777,39.3,1,1,1,,,0.5,"xgb,lgb",0.3285714285714285,False,0.0,VALIDATED,,,5,4.86,8.0,7.44,1.0,1.0
2026-05-13 10:05:21.249939+00:00,1,1_block,91378,39.6,1,1,1,,,0.945,"xgb,lgb",1.0,False,0.0,VALIDATED,,,2,1.16,2.0,1.18,2.0,1.12
2026-05-13 10:05:21.249939+00:00,3,3_blocks,91378,39.6,1,1,1,,,0.5,"xgb,lgb",0.3285714285714285,False,0.0,VALIDATED,,,4,3.35,5.0,4.92,1.0,1.0
2026-05-13 10:05:21.249939+00:00,6,6_blocks,91378,39.6,1,1,1,,,0.5,"xgb,lgb",0.3285714285714285,False,0.0,VALIDATED,,,4,3.35,5.0,4.92,1.0,1.0
2026-05-13 12:21:00.939952+00:00,1,1_block,98152,40.8,2,1,1,,,0.5,"xgb,lgb",1.2028985507246377,False,0.0,VALIDATED,,,4,3.09,5.0,4.28,2.0,1.32
2026-05-13 12:21:00.939952+00:00,3,3_blocks,98152,40.8,2,1,1,,,0.5,"xgb,lgb",0.3285714285714285,False,0.0,VALIDATED,,,6,5.03,8.0,7.72,1.0,1.0
2026-05-13 12:21:00.939952+00:00,6,6_blocks,98152,40.8,2,1,1,,,0.5,"xgb,lgb",0.3285714285714285,False,0.0,VALIDATED,,,6,5.03,8.0,7.72,1.0,1.0
2026-05-13 15:19:05.186339+00:00,1,1_block,87935,38.8,1,1,1,,,0.5,"xgb,lgb",1.0,False,0.0,VALIDATED,,,2,1.54,2.0,1.9,1.0,1.0
2026-05-13 15:19:05.186339+00:00,3,3_blocks,87935,38.8,1,1,1,,,0.5,"xgb,lgb",1.0,False,0.0,VALIDATED,,,4,3.6,6.0,5.34,1.0,1.0
2026-05-13 15:19:05.186339+00:00,6,6_blocks,87935,38.8,1,1,1,,,0.5,"xgb,lgb",1.0,False,0.0,VALIDATED,,,4,3.6,6.0,5.34,1.0,1.0
2026-05-13 17:27:44.554300+00:00,1,1_block,90463,39.3,1,1,1,,,0.5,"xgb,lgb",0.3785714285714285,False,0.0,VALIDATED,,,4,3.99,6.0,5.98,1.0,1.0
2026-05-13 17:27:44.554300+00:00,3,3_blocks,90463,39.3,1,1,1,,,0.5,"xgb,lgb",0.3785714285714285,False,0.0,VALIDATED,,,7,6.99,11.0,10.98,1.0,1.0
2026-05-13 17:27:44.554300+00:00,6,6_blocks,90463,39.3,1,1,1,,,0.5,"xgb,lgb",0.3285714285714285,False,0.0,VALIDATED,,,7,6.99,11.0,10.98,1.0,1.0
2026-05-13 19:17:30.130292+00:00,1,1_block,84881,38.5,1,1,1,,,0.5,"xgb,lgb",0.4357142857142857,False,0.0,VALIDATED,,,4,3.77,6.0,5.61,1.0,1.0
2026-05-13 19:17:30.130292+00:00,3,3_blocks,84881,38.5,1,1,1,,,0.5,"xgb,lgb",0.3928571428571428,False,0.0,VALIDATED,,,6,5.01,8.0,7.69,1.0,1.0
2026-05-13 19:17:30.130292+00:00,6,6_blocks,84881,38.5,1,1,1,,,0.5,"xgb,lgb",0.3857142857142857,False,0.0,VALIDATED,,,6,5.01,8.0,7.69,1.0,1.0
2026-05-13 20:57:49.530651+00:00,1,1_block,92644,39.7,2,1,1,,,0.5,"xgb,lgb",1.1056338028169015,False,0.0,VALIDATED,,,3,2.6,4.0,3.66,1.0,1.0
2026-05-13 20:57:49.530651+00:00,3,3_blocks,92644,39.7,2,1,1,,,0.5,"xgb,lgb",1.1056338028169015,False,0.0,VALIDATED,,,8,7.81,13.0,12.34,1.0,1.0
2026-05-13 20:57:49.530651+00:00,6,6_blocks,92644,39.7,2,1,1,,,0.5,"xgb,lgb",0.3928571428571428,False,0.0,VALIDATED,,,8,7.81,13.0,12.34,1.0,1.0
2026-05-13 22:11:16.089829+00:00,1,1_block,95198,40.5,2,1,1,,,0.5,"xgb,lgb",1.1056338028169015,False,0.0,VALIDATED,,,4,3.51,5.0,4.98,2.0,1.31
2026-05-13 22:11:16.089829+00:00,3,3_blocks,95198,40.5,2,1,1,,,0.5,"xgb,lgb",1.1056338028169015,False,0.0,VALIDATED,,,9,8.39,14.0,13.31,1.0,1.0
2026-05-13 22:11:16.089829+00:00,6,6_blocks,95198,40.5,2,1,1,,,0.5,"xgb,lgb",0.3714285714285714,False,0.0,VALIDATED,,,9,8.39,14.0,13.31,1.0,1.0
2026-05-13 23:33:18.303914+00:00,1,1_block,91050,39.3,1,1,1,,,0.845,"xgb,lgb",0.3050847457627119,False,0.0,VALIDATED,,,2,1.17,2.0,1.24,2.0,1.06
2026-05-13 23:33:18.303914+00:00,3,3_blocks,91050,39.3,1,1,1,,,0.5,"xgb,lgb",0.3050847457627119,False,0.0,VALIDATED,,,6,5.15,8.0,7.91,1.0,1.0
2026-05-13 23:33:18.303914+00:00,6,6_blocks,91050,39.3,1,1,1,,,0.5,"xgb,lgb",0.3050847457627119,False,0.0,VALIDATED,,,6,5.15,8.0,7.91,1.0,1.0
2026-05-14 01:30:24.269573+00:00,1,1_block,83978,38.3,1,1,1,,,0.5,"xgb,lgb",0.3050847457627119,False,0.0,VALIDATED,,,4,3.81,6.0,5.69,1.0,1.0
2026-05-14 01:30:24.269573+00:00,3,3_blocks,83978,38.3,1,1,1,,,0.5,"xgb,lgb",0.3023255813953488,False,0.0,VALIDATED,,,7,6.03,10.0,9.38,1.0,1.0
2026-05-14 01:30:24.269573+00:00,6,6_blocks,83978,38.3,1,1,1,,,0.5,"xgb,lgb",0.3023255813953488,False,0.0,VALIDATED,,,7,6.03,10.0,9.38,1.0,1.0
2026-05-14 05:11:11.762188+00:00,1,1_block,84723,38.2,1,1,1,,,0.5,"xgb,lgb",0.3023255813953488,False,0.0,VALIDATED,,,2,1.85,3.0,2.42,1.0,1.0
2026-05-14 05:11:11.762188+00:00,3,3_blocks,84723,38.2,1,1,1,,,0.5,"xgb,lgb",0.3642857142857142,False,0.0,VALIDATED,,,8,7.71,13.0,12.19,1.0,1.0
2026-05-14 05:11:11.762188+00:00,6,6_blocks,84723,38.2,1,1,1,,,0.5,"xgb,lgb",0.3642857142857142,False,0.0,VALIDATED,,,8,7.71,13.0,12.19,1.0,1.0
2026-05-14 08:05:16.322950+00:00,1,1_block,94124,39.7,1,1,1,,,0.601,"xgb,lgb",0.3642857142857142,False,0.0,VALIDATED,,,2,1.7,2.0,1.96,2.0,1.31
2026-05-14 08:05:16.322950+00:00,3,3_blocks,94124,39.7,1,1,1,,,0.5,"xgb,lgb",0.3285714285714285,False,0.0,VALIDATED,,,7,6.39,10.0,9.99,1.0,1.0
2026-05-14 08:05:16.322950+00:00,6,6_blocks,94124,39.7,1,1,1,,,0.5,"xgb,lgb",0.3285714285714285,False,0.0,VALIDATED,,,7,6.39,10.0,9.99,1.0,1.0
2026-05-14 10:31:01.001457+00:00,1,1_block,93269,39.7,2,1,1,,,0.778,"xgb,lgb",0.4360603653693407,False,0.0,VALIDATED,,,2,1.25,2.0,1.35,2.0,1.08
2026-05-14 10:31:01.001457+00:00,3,3_blocks,93269,39.7,2,1,1,,,0.5,"xgb,lgb",0.3877917414721723,False,0.0,VALIDATED,,,8,7.66,13.0,12.1,1.0,1.0
2026-05-14 10:31:01.001457+00:00,6,6_blocks,93269,39.7,2,1,1,,,0.5,"xgb,lgb",0.3214285714285714,False,0.0,VALIDATED,,,8,7.66,13.0,12.1,1.0,1.0
2026-05-14 12:12:18.761939+00:00,1,1_block,101793,42.3,4,4,3,,,0.5,"xgb,lgb",0.3877917414721723,False,0.0,VALIDATED,,,2,1.96,3.0,2.38,2.0,1.35
2026-05-14 12:12:18.761939+00:00,3,3_blocks,101793,42.3,4,4,3,,,0.5,"xgb,lgb",0.3877917414721723,False,0.0,VALIDATED,,,4,3.5,6.0,5.16,1.0,1.0
2026-05-14 12:12:18.761939+00:00,6,6_blocks,101793,42.3,4,4,3,,,0.5,"xgb,lgb",0.3214285714285714,False,0.0,VALIDATED,,,4,3.5,6.0,5.16,1.0,1.0
2026-05-14 14:44:52.048898+00:00,1,1_block,79348,37.8,1,1,1,,,0.5,"xgb,lgb",1.0,False,0.0,VALIDATED,,,3,2.46,4.0,3.43,1.0,1.0
2026-05-14 14:44:52.048898+00:00,3,3_blocks,79348,37.8,1,1,1,,,0.5,"xgb,lgb",0.2972972972972973,False,0.0,VALIDATED,,,6,5.25,9.0,8.08,1.0,1.0
2026-05-14 14:44:52.048898+00:00,6,6_blocks,79348,37.8,1,1,1,,,0.5,"xgb,lgb",0.202020202020202,False,0.0,VALIDATED,,,6,5.25,9.0,8.08,1.0,1.0
2026-05-14 16:34:54.863098+00:00,1,1_block,80726,38.0,2,1,1,,,0.5,"xgb,lgb",0.3380281690140845,False,0.0,VALIDATED,,,2,1.67,3.0,2.11,1.0,1.0
2026-05-14 16:34:54.863098+00:00,3,3_blocks,80726,38.0,2,1,1,,,0.5,"xgb,lgb",0.3380281690140845,False,0.0,VALIDATED,,,7,6.27,10.0,9.78,1.0,1.0
2026-05-14 16:34:54.863098+00:00,6,6_blocks,80726,38.0,2,1,1,,,0.5,"xgb,lgb",0.3355263157894737,False,0.0,VALIDATED,,,7,6.27,10.0,9.78,1.0,1.0
2026-05-14 18:21:36.643394+00:00,1,1_block,83771,37.8,3,1,1,,,0.5,"xgb,lgb",0.3357142857142857,False,0.0,VALIDATED,,,3,2.02,3.0,2.7,1.0,1.0
2026-05-14 18:21:36.643394+00:00,3,3_blocks,83771,37.8,3,1,1,,,0.5,"xgb,lgb",0.3357142857142857,False,0.0,VALIDATED,,,6,5.43,9.0,8.38,1.0,1.0
2026-05-14 18:21:36.643394+00:00,6,6_blocks,83771,37.8,3,1,1,,,0.5,"xgb,lgb",0.2972972972972973,False,0.0,VALIDATED,,,6,5.43,9.0,8.38,1.0,1.0
2026-05-14 20:13:06.361130+00:00,1,1_block,86934,38.5,4,3,1,,,0.5,"xgb,lgb",1.0,False,0.0,VALIDATED,,,3,2.12,3.0,2.87,1.0,1.0
2026-05-14 20:13:06.361130+00:00,3,3_blocks,86934,38.5,4,3,1,,,0.5,"xgb,lgb",0.3355263157894737,False,0.0,VALIDATED,,,5,4.54,7.0,6.91,1.0,1.0
2026-05-14 20:13:06.361130+00:00,6,6_blocks,86934,38.5,4,3,1,,,0.5,"xgb,lgb",0.2857142857142857,False,0.0,VALIDATED,,,5,4.54,7.0,6.91,1.0,1.0
2026-05-14 21:38:31.069946+00:00,1,1_block,81109,37.2,2,1,1,,,0.5,"xgb,lgb",1.0,False,0.0,VALIDATED,,,3,2.75,4.0,3.91,1.0,1.0
2026-05-14 21:38:31.069946+00:00,3,3_blocks,81109,37.2,2,1,1,,,0.5,"xgb,lgb",0.5026929982046678,False,0.0,VALIDATED,,,7,6.54,11.0,10.23,1.0,1.0
2026-05-14 21:38:31.069946+00:00,6,6_blocks,81109,37.2,2,1,1,,,0.5,"xgb,lgb",0.3355263157894737,False,0.0,VALIDATED,,,7,6.54,11.0,10.23,1.0,1.0
2026-05-14 22:40:28.859302+00:00,1,1_block,78687,36.7,1,1,1,,,0.5,"xgb,lgb",0.45,False,0.0,VALIDATED,,,3,2.74,4.0,3.69,2.0,1.32
2026-05-14 22:40:28.859302+00:00,3,3_blocks,78687,36.7,1,1,1,,,0.5,"xgb,lgb",0.45,False,0.0,VALIDATED,,,8,7.93,13.0,12.54,1.0,1.0
2026-05-14 22:40:28.859302+00:00,6,6_blocks,78687,36.7,1,1,1,,,0.5,"xgb,lgb",0.2828947368421052,False,0.0,VALIDATED,,,8,7.93,13.0,12.54,1.0,1.0
2026-05-14 23:35:37.190234+00:00,1,1_block,80779,37.2,1,1,1,,,0.5,"xgb,lgb",1.0056497175141244,False,0.0,VALIDATED,,,3,2.31,4.0,3.01,2.0,1.25
2026-05-14 23:35:37.190234+00:00,3,3_blocks,80779,37.2,1,1,1,,,0.5,"xgb,lgb",0.2828947368421052,False,0.0,VALIDATED,,,6,5.51,9.0,8.52,1.0,1.0
2026-05-14 23:35:37.190234+00:00,6,6_blocks,80779,37.2,1,1,1,,,0.5,"xgb,lgb",0.2828947368421052,False,0.0,VALIDATED,,,6,5.51,9.0,8.52,1.0,1.0
2026-05-15 01:27:27.454771+00:00,1,1_block,85903,38.4,2,1,1,,,0.5,"xgb,lgb",1.0056497175141244,False,0.0,VALIDATED,,,4,3.35,5.0,4.76,2.0,1.24
2026-05-15 01:27:27.454771+00:00,3,3_blocks,85903,38.4,2,1,1,,,0.5,"xgb,lgb",0.2928571428571428,False,0.0,VALIDATED,,,6,5.49,9.0,8.48,1.0,1.0
2026-05-15 01:27:27.454771+00:00,6,6_blocks,85903,38.4,2,1,1,,,0.5,"xgb,lgb",0.25,False,0.0,VALIDATED,,,6,5.49,9.0,8.48,1.0,1.0
2026-05-15 05:12:20.152079+00:00,1,1_block,77513,36.4,1,1,1,,,0.5,"xgb,lgb",0.3214285714285714,False,0.0,VALIDATED,,,4,3.62,6.0,5.37,1.0,1.0
2026-05-15 05:12:20.152079+00:00,3,3_blocks,77513,36.4,1,1,1,,,0.5,"xgb,lgb",0.2928571428571428,False,0.0,VALIDATED,,,8,7.26,12.0,11.44,1.0,1.0
2026-05-15 05:12:20.152079+00:00,6,6_blocks,77513,36.4,1,1,1,,,0.5,"xgb,lgb",0.3601694915254237,False,0.0,VALIDATED,,,8,7.26,12.0,11.44,1.0,1.0
2026-05-15 08:18:31.064803+00:00,1,1_block,94497,39.6,2,1,1,,,0.5,"xgb,lgb",0.3636363636363636,False,0.0,VALIDATED,,,4,3.47,6.0,5.12,1.0,1.0
2026-05-15 08:18:31.064803+00:00,3,3_blocks,94497,39.6,2,1,1,,,0.5,"xgb,lgb",0.3142857142857143,False,0.0,VALIDATED,,,7,6.61,11.0,10.35,1.0,1.0
2026-05-15 08:18:31.064803+00:00,6,6_blocks,94497,39.6,2,1,1,,,0.5,"xgb,lgb",0.2714285714285714,False,0.0,VALIDATED,,,7,6.61,11.0,10.35,1.0,1.0
2026-05-15 10:40:53.806755+00:00,1,1_block,81321,37.2,1,1,1,,,0.5,"xgb,lgb",0.3636363636363636,False,0.0,VALIDATED,,,4,3.1,5.0,4.5,1.0,1.0
2026-05-15 10:40:53.806755+00:00,3,3_blocks,81321,37.2,1,1,1,,,0.5,"xgb,lgb",0.3857142857142857,False,0.0,VALIDATED,,,5,4.62,8.0,7.03,1.0,1.0
2026-05-15 10:40:53.806755+00:00,6,6_blocks,81321,37.2,1,1,1,,,0.5,"xgb,lgb",0.3857142857142857,False,0.0,VALIDATED,,,5,4.62,8.0,7.03,1.0,1.0
2026-05-15 12:24:16.563043+00:00,1,1_block,95953,39.4,1,1,1,,,0.5,"xgb,lgb",0.3857142857142857,False,0.0,VALIDATED,,,3,2.06,3.0,2.76,1.0,1.0
2026-05-15 12:24:16.563043+00:00,3,3_blocks,95953,39.4,1,1,1,,,0.5,"xgb,lgb",0.3857142857142857,False,0.0,VALIDATED,,,6,5.76,9.0,8.94,1.0,1.0
2026-05-15 12:24:16.563043+00:00,6,6_blocks,95953,39.4,1,1,1,,,0.5,"xgb,lgb",0.3285714285714285,False,0.0,VALIDATED,,,6,5.76,9.0,8.94,1.0,1.0
2026-05-15 14:45:28.480440+00:00,1,1_block,105801,41.5,1,1,1,,,0.5,"xgb,lgb",2.22488038277512,False,0.0,VALIDATED,,,3,2.16,3.0,2.93,1.0,1.0
2026-05-15 14:45:28.480440+00:00,3,3_blocks,105801,41.5,1,1,1,,,0.5,"xgb,lgb",0.3306581059390048,False,0.0,VALIDATED,,,7,6.84,11.0,10.73,1.0,1.0
2026-05-15 14:45:28.480440+00:00,6,6_blocks,105801,41.5,1,1,1,,,0.5,"xgb,lgb",0.3285714285714285,False,0.0,VALIDATED,,,7,6.84,11.0,10.73,1.0,1.0
2026-05-15 16:30:28.804361+00:00,1,1_block,134802,48.7,5,4,3,,,0.778,"xgb,lgb",2.013793103448276,False,0.0,VALIDATED,,,2,1.22,2.0,1.11,2.0,1.38
2026-05-15 16:30:28.804361+00:00,3,3_blocks,134802,48.7,5,4,3,,,0.5,"xgb,lgb",2.013793103448276,False,0.0,VALIDATED,,,8,7.67,13.0,12.11,1.0,1.0
2026-05-15 16:30:28.804361+00:00,6,6_blocks,134802,48.7,5,4,3,,,0.5,"xgb,lgb",1.2,False,0.0,VALIDATED,,,8,7.67,13.0,12.11,1.0,1.0
2026-05-15 18:08:18.226213+00:00,1,1_block,152693,52.5,5,4,4,,,0.951,"xgb,lgb",1.2,False,0.0,VALIDATED,,,2,1.28,2.0,1.26,2.0,1.32
2026-05-15 18:08:18.226213+00:00,3,3_blocks,152693,52.5,5,4,4,,,0.5,"xgb,lgb",1.2,False,0.0,VALIDATED,,,8,7.58,12.0,11.96,1.0,1.0
2026-05-15 18:08:18.226213+00:00,6,6_blocks,152693,52.5,5,4,4,,,0.5,"xgb,lgb",0.3939560439560439,False,0.0,VALIDATED,,,8,7.58,12.0,11.96,1.0,1.0
2026-05-15 19:52:37.996125+00:00,1,1_block,152749,52.2,5,4,3,,,0.588,"xgb,lgb",0.4,False,0.0,VALIDATED,,,2,1.73,2.0,2.0,2.0,1.32
2026-05-15 19:52:37.996125+00:00,3,3_blocks,152749,52.2,5,4,3,,,0.5,"xgb,lgb",0.3939560439560439,False,0.0,VALIDATED,,,12,11.94,20.0,19.24,1.0,1.0
2026-05-15 19:52:37.996125+00:00,6,6_blocks,152749,52.2,5,4,3,,,0.5,"xgb,lgb",0.3687943262411347,False,0.0,VALIDATED,,,12,11.95,20.0,19.24,2.0,1.01
2026-05-15 20:56:00.532756+00:00,1,1_block,152576,51.4,3,3,1,,,0.5,"xgb,lgb",0.3687943262411347,False,0.0,VALIDATED,,,2,1.43,2.0,1.71,1.0,1.0
2026-05-15 20:56:00.532756+00:00,3,3_blocks,152576,51.4,3,3,1,,,0.5,"xgb,lgb",0.3687943262411347,False,0.0,VALIDATED,,,15,14.16,23.0,22.93,1.0,1.0
2026-05-15 20:56:00.532756+00:00,6,6_blocks,152576,51.4,3,3,1,,,0.5,"xgb,lgb",0.3714285714285714,False,0.0,VALIDATED,,,15,14.16,23.0,22.93,1.0,1.0
2026-05-15 21:54:41.256571+00:00,1,1_block,150786,50.4,1,1,1,,,1.0,"xgb,lgb",0.4165170556552962,False,0.0,VALIDATED,,,1,1.0,1.0,1.0,1.0,1.0
2026-05-15 21:54:41.256571+00:00,3,3_blocks,150786,50.4,1,1,1,,,0.5,"xgb,lgb",0.3714285714285714,False,0.0,VALIDATED,,,8,7.97,13.0,12.61,1.0,1.0
2026-05-15 21:54:41.256571+00:00,6,6_blocks,150786,50.4,1,1,1,,,0.5,"xgb,lgb",0.3714285714285714,False,0.0,VALIDATED,,,8,7.97,13.0,12.61,1.0,1.0
2026-05-15 22:50:39.842404+00:00,1,1_block,152228,50.7,1,1,1,,,1.0,"xgb,lgb",0.4142857142857143,False,0.0,VALIDATED,,,1,1.0,1.0,1.0,1.0,1.0
2026-05-15 22:50:39.842404+00:00,3,3_blocks,152228,50.7,1,1,1,,,0.5,"xgb,lgb",0.3857142857142857,False,0.0,VALIDATED,,,9,9.0,15.0,14.32,1.0,1.0
2026-05-15 22:50:39.842404+00:00,6,6_blocks,152228,50.7,1,1,1,,,0.5,"xgb,lgb",0.3714285714285714,False,0.0,VALIDATED,,,9,8.99,15.0,14.32,1.0,1.0
2026-05-15 23:41:42.896654+00:00,1,1_block,163139,53.1,4,3,1,,,1.0,"xgb,lgb",0.3714285714285714,False,0.0,VALIDATED,,,1,1.0,1.0,1.0,1.0,1.0
2026-05-15 23:41:42.896654+00:00,3,3_blocks,163139,53.1,4,3,1,,,0.5,"xgb,lgb",0.3714285714285714,False,0.0,VALIDATED,,,11,10.33,17.0,16.54,1.0,1.0
2026-05-15 23:41:42.896654+00:00,6,6_blocks,163139,53.1,4,3,1,,,0.5,"xgb,lgb",0.3714285714285714,False,0.0,VALIDATED,,,11,10.33,17.0,16.54,1.0,1.0
2026-05-16 01:26:41.909055+00:00,1,1_block,157474,51.8,2,1,1,,,1.0,"xgb,lgb",0.3714285714285714,False,0.0,VALIDATED,,,1,1.0,1.0,1.0,1.0,1.0
2026-05-16 01:26:41.909055+00:00,3,3_blocks,157474,51.8,2,1,1,,,0.5,"xgb,lgb",0.4,False,0.0,VALIDATED,,,9,8.98,15.0,14.29,1.0,1.0
2026-05-16 01:26:41.909055+00:00,6,6_blocks,157474,51.8,2,1,1,,,0.5,"xgb,lgb",0.3870967741935484,False,0.0,VALIDATED,,,9,8.98,15.0,14.29,1.0,1.0
2026-05-16 04:49:48.625431+00:00,1,1_block,158191,52.1,2,1,1,,,0.5,"xgb,lgb",0.4516129032258064,False,0.0,VALIDATED,,,3,2.04,3.0,2.74,1.0,1.0
2026-05-16 04:49:48.625431+00:00,3,3_blocks,158191,52.1,2,1,1,,,0.5,"xgb,lgb",0.3642857142857142,False,0.0,VALIDATED,,,13,12.05,20.0,19.42,1.0,1.0
2026-05-16 04:49:48.625431+00:00,6,6_blocks,158191,52.1,2,1,1,,,0.5,"xgb,lgb",0.3642857142857142,False,0.0,VALIDATED,,,13,12.05,20.0,19.42,1.0,1.0
2026-05-16 07:08:27.414228+00:00,1,1_block,150787,50.6,1,1,1,,,1.0,"xgb,lgb",0.3642857142857142,False,0.0,VALIDATED,,,1,1.0,1.0,1.0,1.0,1.0
2026-05-16 07:08:27.414228+00:00,3,3_blocks,150787,50.6,1,1,1,,,0.5,"xgb,lgb",0.3857142857142857,False,0.0,VALIDATED,,,9,8.14,13.0,12.9,1.0,1.0
2026-05-16 07:08:27.414228+00:00,6,6_blocks,150787,50.6,1,1,1,,,0.5,"xgb,lgb",0.3623188405797101,False,0.0,VALIDATED,,,9,8.14,13.0,12.9,1.0,1.0
2026-05-16 08:59:02.820908+00:00,1,1_block,149291,50.5,1,1,1,,,0.839,"xgb,lgb",0.3877917414721723,False,0.0,VALIDATED,,,2,1.11,2.0,1.18,1.0,1.0
2026-05-16 08:59:02.820908+00:00,3,3_blocks,149291,50.5,1,1,1,,,0.5,"xgb,lgb",0.3875598086124402,False,0.0,VALIDATED,,,7,6.21,10.0,9.68,1.0,1.0
2026-05-16 08:59:02.820908+00:00,6,6_blocks,149291,50.5,1,1,1,,,0.5,"xgb,lgb",0.3875598086124402,False,0.0,VALIDATED,,,7,6.21,10.0,9.68,1.0,1.0
2026-05-16 10:18:11.477192+00:00,1,1_block,152370,51.3,2,1,1,,,0.657,"xgb,lgb",0.3875598086124402,False,0.0,VALIDATED,,,2,1.58,2.0,1.79,2.0,1.27
2026-05-16 10:18:11.477192+00:00,3,3_blocks,152370,51.3,2,1,1,,,0.5,"xgb,lgb",0.3636363636363636,False,0.0,VALIDATED,,,7,6.38,10.0,9.96,1.0,1.0
2026-05-16 10:18:11.477192+00:00,6,6_blocks,152370,51.3,2,1,1,,,0.5,"xgb,lgb",0.3623188405797101,False,0.0,VALIDATED,,,7,6.38,10.0,9.96,1.0,1.0
2026-05-16 11:29:23.586996+00:00,1,1_block,137788,48.6,1,1,1,,,0.637,"xgb,lgb",0.3614457831325301,False,0.0,VALIDATED,,,2,1.27,2.0,1.44,1.0,1.0
2026-05-16 11:29:23.586996+00:00,3,3_blocks,137788,48.6,1,1,1,,,0.5,"xgb,lgb",0.3612903225806451,False,0.0,VALIDATED,,,10,9.35,15.0,14.91,1.0,1.0
2026-05-16 11:29:23.586996+00:00,6,6_blocks,137788,48.6,1,1,1,,,0.5,"xgb,lgb",0.3612903225806451,False,0.0,VALIDATED,,,10,9.35,15.0,14.91,1.0,1.0
2026-05-16 12:38:04.456579+00:00,1,1_block,131572,47.8,1,1,1,,,0.5,"xgb,lgb",0.3611556982343499,False,0.0,VALIDATED,,,3,2.11,3.0,2.85,1.0,1.0
2026-05-16 12:38:04.456579+00:00,3,3_blocks,131572,47.8,1,1,1,,,0.5,"xgb,lgb",0.3611556982343499,False,0.0,VALIDATED,,,8,7.49,12.0,11.81,1.0,1.0
2026-05-16 12:38:04.456579+00:00,6,6_blocks,131572,47.8,1,1,1,,,0.5,"xgb,lgb",0.3611556982343499,False,0.0,VALIDATED,,,8,7.49,12.0,11.81,1.0,1.0
2026-05-16 14:08:13.269452+00:00,1,1_block,120493,45.6,1,1,1,,,0.5,"xgb,lgb",3.0,False,0.0,VALIDATED,,,3,2.82,4.0,3.97,2.0,1.09
2026-05-16 14:08:13.269452+00:00,3,3_blocks,120493,45.6,1,1,1,,,0.5,"xgb,lgb",2.0216216216216214,False,0.0,VALIDATED,,,7,6.96,11.0,10.92,1.0,1.0
2026-05-16 14:08:13.269452+00:00,6,6_blocks,120493,45.6,1,1,1,,,0.5,"xgb,lgb",0.3611556982343499,False,0.0,VALIDATED,,,7,6.95,11.0,10.92,1.0,1.0
2026-05-16 15:14:34.907287+00:00,1,1_block,128705,47.9,3,3,1,,,0.5,"xgb,lgb",3.0,False,0.0,VALIDATED,,,3,2.54,4.0,3.37,2.0,1.31
2026-05-16 15:14:34.907287+00:00,3,3_blocks,128705,47.9,3,3,1,,,0.5,"xgb,lgb",1.0,False,0.0,VALIDATED,,,12,11.04,18.0,17.73,1.0,1.0
2026-05-16 15:14:34.907287+00:00,6,6_blocks,128705,47.9,3,3,1,,,0.5,"xgb,lgb",1.0,False,0.0,VALIDATED,,,12,11.04,18.0,17.73,1.0,1.0
2026-05-16 16:12:44.572844+00:00,1,1_block,129303,47.9,3,3,1,,,0.5,"xgb,lgb",1.0,False,0.0,VALIDATED,,,4,3.22,5.0,4.64,2.0,1.08
2026-05-16 16:12:44.572844+00:00,3,3_blocks,129303,47.9,3,3,1,,,0.5,"xgb,lgb",0.5214285714285715,False,0.0,VALIDATED,,,9,8.4,14.0,13.33,1.0,1.0
2026-05-16 16:12:44.572844+00:00,6,6_blocks,129303,47.9,3,3,1,,,0.5,"xgb,lgb",0.3928571428571428,False,0.0,VALIDATED,,,9,8.4,14.0,13.33,1.0,1.0
2026-05-16 17:17:35.763862+00:00,1,1_block,125902,46.4,1,1,1,,,0.5,"xgb,lgb",0.5214285714285715,False,0.0,VALIDATED,,,3,2.9,5.0,4.17,1.0,1.0
2026-05-16 17:17:35.763862+00:00,3,3_blocks,125902,46.4,1,1,1,,,0.5,"xgb,lgb",0.3611556982343499,False,0.0,VALIDATED,,,9,8.49,14.0,13.48,1.0,1.0
2026-05-16 17:17:35.763862+00:00,6,6_blocks,125902,46.4,1,1,1,,,0.5,"xgb,lgb",0.3611556982343499,False,0.0,VALIDATED,,,9,8.49,14.0,13.48,1.0,1.0
2026-05-16 18:09:41.612293+00:00,1,1_block,121796,45.8,1,1,1,,,0.5,"xgb,lgb",1.0857142857142856,False,0.0,VALIDATED,,,3,2.68,4.0,3.81,1.0,1.0
2026-05-16 18:09:41.612293+00:00,3,3_blocks,121796,45.8,1,1,1,,,0.5,"xgb,lgb",0.3605769230769231,False,0.0,VALIDATED,,,8,7.88,13.0,12.46,1.0,1.0
2026-05-16 18:09:41.612293+00:00,6,6_blocks,121796,45.8,1,1,1,,,0.5,"xgb,lgb",0.3605769230769231,False,0.0,VALIDATED,,,8,7.88,13.0,12.46,1.0,1.0
2026-05-16 19:22:23.236555+00:00,1,1_block,124231,46.3,2,1,1,,,0.5,"xgb,lgb",0.3605769230769231,False,0.0,VALIDATED,,,3,2.78,4.0,3.76,2.0,1.31
2026-05-16 19:22:23.236555+00:00,3,3_blocks,124231,46.3,2,1,1,,,0.5,"xgb,lgb",0.3605769230769231,False,0.0,VALIDATED,,,11,10.38,17.0,16.63,1.0,1.0
2026-05-16 19:22:23.236555+00:00,6,6_blocks,124231,46.3,2,1,1,,,0.5,"xgb,lgb",0.3605769230769231,False,0.0,VALIDATED,,,11,10.38,17.0,16.63,1.0,1.0
2026-05-16 20:13:53.760048+00:00,1,1_block,109284,43.0,2,1,1,,,0.5,"xgb,lgb",0.4071428571428571,False,0.0,VALIDATED,,,4,3.31,5.0,4.86,1.0,1.0
2026-05-16 20:13:53.760048+00:00,3,3_blocks,109284,43.0,2,1,1,,,0.5,"xgb,lgb",0.3605769230769231,False,0.0,VALIDATED,,,10,9.65,16.0,15.41,1.0,1.0
2026-05-16 20:13:53.760048+00:00,6,6_blocks,109284,43.0,2,1,1,,,0.5,"xgb,lgb",0.3605769230769231,False,0.0,VALIDATED,,,10,9.65,16.0,15.41,1.0,1.0
2026-05-16 21:06:36.101152+00:00,1,1_block,102813,41.7,1,1,1,,,0.5,"xgb,lgb",0.3605769230769231,False,0.0,VALIDATED,,,3,2.24,4.0,3.06,1.0,1.0
2026-05-16 21:06:36.101152+00:00,3,3_blocks,102813,41.7,1,1,1,,,0.5,"xgb,lgb",0.3097345132743362,False,0.0,VALIDATED,,,7,6.23,10.0,9.72,1.0,1.0
2026-05-16 21:06:36.101152+00:00,6,6_blocks,102813,41.7,1,1,1,,,0.5,"xgb,lgb",0.3097345132743362,False,0.0,VALIDATED,,,7,6.23,10.0,9.72,1.0,1.0
2026-05-16 22:01:40.913489+00:00,1,1_block,90527,39.3,1,1,1,,,0.5,"xgb,lgb",0.3097345132743362,False,0.0,VALIDATED,,,4,3.37,5.0,4.96,1.0,1.0
2026-05-16 22:01:40.913489+00:00,3,3_blocks,90527,39.3,1,1,1,,,0.5,"xgb,lgb",0.275,False,0.0,VALIDATED,,,5,4.81,8.0,7.36,1.0,1.0
2026-05-16 22:01:40.913489+00:00,6,6_blocks,90527,39.3,1,1,1,,,0.5,"xgb,lgb",0.275,False,0.0,VALIDATED,,,5,4.81,8.0,7.36,1.0,1.0
2026-05-16 23:03:13.488625+00:00,1,1_block,80566,37.4,2,1,1,,,0.5,"xgb,lgb",0.275,False,0.0,VALIDATED,,,3,2.18,3.0,2.97,1.0,1.0
2026-05-16 23:03:13.488625+00:00,3,3_blocks,80566,37.4,2,1,1,,,0.5,"xgb,lgb",0.2648401826484018,False,0.0,VALIDATED,,,6,5.04,8.0,7.73,1.0,1.0
2026-05-16 23:03:13.488625+00:00,6,6_blocks,80566,37.4,2,1,1,,,0.5,"xgb,lgb",0.2648401826484018,False,0.0,VALIDATED,,,6,5.04,8.0,7.73,1.0,1.0
2026-05-17 00:04:14.507816+00:00,1,1_block,77949,37.0,2,1,1,,,0.848,"xgb,lgb",1.3863636363636365,False,0.0,VALIDATED,,,2,1.1,2.0,1.16,1.0,1.0
2026-05-17 00:04:14.507816+00:00,3,3_blocks,77949,37.0,2,1,1,,,0.5,"xgb,lgb",0.2648401826484018,False,0.0,VALIDATED,,,4,3.67,6.0,5.45,1.0,1.0
2026-05-17 00:04:14.507816+00:00,6,6_blocks,77949,37.0,2,1,1,,,0.5,"xgb,lgb",0.2648401826484018,False,0.0,VALIDATED,,,4,3.67,6.0,5.45,1.0,1.0
2026-05-17 04:17:16.546065+00:00,1,1_block,89533,42.0,2,1,1,,,0.5,"xgb,lgb",0.3447037701974865,False,0.0,VALIDATED,,,3,2.05,3.0,2.75,1.0,1.0
2026-05-17 04:17:16.546065+00:00,3,3_blocks,89533,42.0,2,1,1,,,0.5,"xgb,lgb",0.3442622950819672,False,0.0,VALIDATED,,,11,10.9,18.0,17.5,1.0,1.0
2026-05-17 04:17:16.546065+00:00,6,6_blocks,89533,42.0,2,1,1,,,0.5,"xgb,lgb",0.3428571428571428,False,0.0,VALIDATED,,,11,10.9,18.0,17.5,1.0,1.0
2026-05-17 07:16:56.108376+00:00,1,1_block,84948,44.4,2,2,2,,,0.5,"xgb,lgb",1.0,False,0.0,VALIDATED,,,3,2.21,3.0,2.82,2.0,1.31
2026-05-17 07:16:56.108376+00:00,3,3_blocks,84948,44.4,2,2,2,,,0.5,"xgb,lgb",1.0,False,0.0,VALIDATED,,,9,8.45,14.0,13.42,1.0,1.0
2026-05-17 07:16:56.108376+00:00,6,6_blocks,84948,44.4,2,2,2,,,0.5,"xgb,lgb",0.35,False,0.0,VALIDATED,,,9,8.45,14.0,13.42,1.0,1.0
2026-05-17 09:15:20.405507+00:00,1,1_block,83169,41.7,2,1,1,,,0.5,"xgb,lgb",0.4071428571428571,False,0.0,VALIDATED,,,3,2.5,4.0,3.36,2.0,1.23
2026-05-17 09:15:20.405507+00:00,3,3_blocks,83169,41.7,2,1,1,,,0.5,"xgb,lgb",0.35,False,0.0,VALIDATED,,,8,7.29,12.0,11.47,1.0,1.0
2026-05-17 09:15:20.405507+00:00,6,6_blocks,83169,41.7,2,1,1,,,0.5,"xgb,lgb",0.3428571428571428,False,0.0,VALIDATED,,,8,7.28,12.0,11.47,1.0,1.0
2026-05-17 10:41:34.117753+00:00,1,1_block,83462,40.8,1,1,1,,,0.5,"xgb,lgb",0.3428571428571428,False,0.0,VALIDATED,,,3,2.32,4.0,3.21,1.0,1.0
2026-05-17 10:41:34.117753+00:00,3,3_blocks,83462,40.8,1,1,1,,,0.5,"xgb,lgb",0.3428571428571428,False,0.0,VALIDATED,,,5,4.08,7.0,6.13,1.0,1.0
2026-05-17 10:41:34.117753+00:00,6,6_blocks,83462,40.8,1,1,1,,,0.5,"xgb,lgb",0.3428571428571428,False,0.0,VALIDATED,,,5,4.08,7.0,6.13,1.0,1.0
2026-05-17 11:47:18.335464+00:00,1,1_block,80157,38.4,1,1,1,,,0.5,"xgb,lgb",2.031007751937985,False,0.0,VALIDATED,,,3,2.8,4.0,4.0,1.0,1.0
2026-05-17 11:47:18.335464+00:00,3,3_blocks,80157,38.4,1,1,1,,,0.5,"xgb,lgb",0.3428571428571428,False,0.0,VALIDATED,,,4,3.33,5.0,4.87,1.0,1.0
2026-05-17 11:47:18.335464+00:00,6,6_blocks,80157,38.4,1,1,1,,,0.5,"xgb,lgb",0.35,False,0.0,VALIDATED,,,4,3.32,5.0,4.87,1.0,1.0
2026-05-17 12:42:27.311931+00:00,1,1_block,86776,40.1,3,3,1,,,0.5,"xgb,lgb",0.35,False,0.0,VALIDATED,,,3,2.77,4.0,3.75,2.0,1.31
2026-05-17 12:42:27.311931+00:00,3,3_blocks,86776,40.1,3,3,1,,,0.5,"xgb,lgb",0.35,False,0.0,VALIDATED,,,8,7.03,12.0,11.05,1.0,1.0
2026-05-17 12:42:27.311931+00:00,6,6_blocks,86776,40.1,3,3,1,,,0.5,"xgb,lgb",0.35,False,0.0,VALIDATED,,,8,7.03,12.0,11.05,1.0,1.0
2026-05-17 14:14:28.056422+00:00,1,1_block,82796,38.9,1,1,1,,,0.5,"xgb,lgb",0.3357142857142857,False,0.0,VALIDATED,,,3,2.49,4.0,3.48,1.0,1.0
2026-05-17 14:14:28.056422+00:00,3,3_blocks,82796,38.9,1,1,1,,,0.5,"xgb,lgb",0.3357142857142857,False,0.0,VALIDATED,,,4,3.29,5.0,4.81,1.0,1.0
2026-05-17 14:14:28.056422+00:00,6,6_blocks,82796,38.9,1,1,1,,,0.5,"xgb,lgb",0.3357142857142857,False,0.0,VALIDATED,,,4,3.29,5.0,4.81,1.0,1.0
2026-05-17 15:19:57.931093+00:00,1,1_block,83412,38.3,1,1,1,,,0.5,"xgb,lgb",0.3357142857142857,False,0.0,VALIDATED,,,2,1.49,2.0,1.82,1.0,1.0
2026-05-17 15:19:57.931093+00:00,3,3_blocks,83412,38.3,1,1,1,,,0.5,"xgb,lgb",0.2562929061784897,False,0.0,VALIDATED,,,6,5.98,10.0,9.3,1.0,1.0
2026-05-17 15:19:57.931093+00:00,6,6_blocks,83412,38.3,1,1,1,,,0.5,"xgb,lgb",0.2562929061784897,False,0.0,VALIDATED,,,6,5.98,10.0,9.3,1.0,1.0
2026-05-17 16:16:34.501167+00:00,1,1_block,74626,36.5,1,1,1,,,0.5,"xgb,lgb",0.2562929061784897,False,0.0,VALIDATED,,,2,1.72,3.0,2.19,1.0,1.0
2026-05-17 16:16:34.501167+00:00,3,3_blocks,74626,36.5,1,1,1,,,0.5,"xgb,lgb",0.3089285714285714,False,0.0,VALIDATED,,,3,2.64,4.0,3.72,1.0,1.0
2026-05-17 16:16:34.501167+00:00,6,6_blocks,74626,36.5,1,1,1,,,0.5,"xgb,lgb",0.2873015873015873,False,0.0,VALIDATED,,,3,2.63,4.0,3.72,1.0,1.0
2026-05-17 17:17:38.230403+00:00,1,1_block,98087,39.9,2,1,1,,,0.5,"xgb,lgb",0.3089285714285714,False,0.0,VALIDATED,,,3,2.55,4.0,3.59,1.0,1.0
2026-05-17 17:17:38.230403+00:00,3,3_blocks,98087,39.9,2,1,1,,,0.5,"xgb,lgb",0.3119047619047619,False,0.0,VALIDATED,,,8,7.78,13.0,12.3,1.0,1.0
2026-05-17 17:17:38.230403+00:00,6,6_blocks,98087,39.9,2,1,1,,,0.5,"xgb,lgb",0.3119047619047619,False,0.0,VALIDATED,,,8,7.78,13.0,12.3,1.0,1.0
2026-05-17 18:13:06.032533+00:00,1,1_block,98589,39.8,1,1,1,,,0.5,"xgb,lgb",0.3119047619047619,False,0.0,VALIDATED,,,4,3.02,5.0,4.36,1.0,1.0
2026-05-17 18:13:06.032533+00:00,3,3_blocks,98589,39.8,1,1,1,,,0.5,"xgb,lgb",0.3142857142857143,False,0.0,VALIDATED,,,6,5.74,9.0,8.89,1.0,1.0
2026-05-17 18:13:06.032533+00:00,6,6_blocks,98589,39.8,1,1,1,,,0.5,"xgb,lgb",0.3119047619047619,False,0.0,VALIDATED,,,6,5.74,9.0,8.89,1.0,1.0
2026-05-17 19:39:31.170542+00:00,1,1_block,99902,40.2,2,1,1,,,0.5,"xgb,lgb",0.5375,False,0.0,VALIDATED,,,3,2.37,4.0,3.29,1.0,1.0
2026-05-17 19:39:31.170542+00:00,3,3_blocks,99902,40.2,2,1,1,,,0.5,"xgb,lgb",0.2857142857142857,False,0.0,VALIDATED,,,11,10.97,18.0,17.62,1.0,1.0
2026-05-17 19:39:31.170542+00:00,6,6_blocks,99902,40.2,2,1,1,,,0.5,"xgb,lgb",0.2857142857142857,False,0.0,VALIDATED,,,11,10.97,18.0,17.62,1.0,1.0
2026-05-17 20:29:32.047432+00:00,1,1_block,99838,40.1,2,1,1,,,0.5,"xgb,lgb",1.0490196078431373,False,0.0,VALIDATED,,,3,2.26,3.0,2.9,2.0,1.32
2026-05-17 20:29:32.047432+00:00,3,3_blocks,99838,40.1,2,1,1,,,0.5,"xgb,lgb",0.4142857142857143,False,0.0,VALIDATED,,,5,4.06,7.0,6.09,1.0,1.0
2026-05-17 20:29:32.047432+00:00,6,6_blocks,99838,40.1,2,1,1,,,0.5,"xgb,lgb",0.2857142857142857,False,0.0,VALIDATED,,,5,4.07,7.0,6.09,2.0,1.04
2026-05-17 21:28:33.461458+00:00,1,1_block,96979,39.6,1,1,1,,,0.5,"xgb,lgb",0.3142857142857143,False,0.0,VALIDATED,,,3,2.2,3.0,2.8,2.0,1.3
2026-05-17 21:28:33.461458+00:00,3,3_blocks,96979,39.6,1,1,1,,,0.5,"xgb,lgb",0.3142857142857143,False,0.0,VALIDATED,,,6,5.13,8.0,7.88,1.0,1.0
2026-05-17 21:28:33.461458+00:00,6,6_blocks,96979,39.6,1,1,1,,,0.5,"xgb,lgb",0.3142857142857143,False,0.0,VALIDATED,,,6,5.13,8.0,7.88,1.0,1.0
2026-05-17 22:26:22.598880+00:00,1,1_block,100004,40.4,2,1,1,,,0.5,"xgb,lgb",0.2857142857142857,False,0.0,VALIDATED,,,4,3.13,5.0,4.36,2.0,1.3
2026-05-17 22:26:22.598880+00:00,3,3_blocks,100004,40.4,2,1,1,,,0.5,"xgb,lgb",0.2857142857142857,False,0.0,VALIDATED,,,8,7.75,13.0,12.25,1.0,1.0
2026-05-17 22:26:22.598880+00:00,6,6_blocks,100004,40.4,2,1,1,,,0.5,"xgb,lgb",0.2857142857142857,False,0.0,VALIDATED,,,8,7.75,13.0,12.25,1.0,1.0
2026-05-17 23:29:03.446468+00:00,1,1_block,97579,39.7,1,1,1,,,0.5,"xgb,lgb",0.3357142857142857,False,0.0,VALIDATED,,,3,2.22,4.0,3.03,1.0,1.0
2026-05-17 23:29:03.446468+00:00,3,3_blocks,97579,39.7,1,1,1,,,0.5,"xgb,lgb",0.3357142857142857,False,0.0,VALIDATED,,,8,7.66,13.0,12.1,1.0,1.0
2026-05-17 23:29:03.446468+00:00,6,6_blocks,97579,39.7,1,1,1,,,0.5,"xgb,lgb",0.3357142857142857,False,0.0,VALIDATED,,,8,7.66,13.0,12.1,1.0,1.0
2026-05-18 01:29:07.097264+00:00,1,1_block,103305,41.3,3,3,1,,,0.59,"xgb,lgb",0.3357142857142857,False,0.0,VALIDATED,,,2,1.73,2.0,2.0,2.0,1.32
2026-05-18 01:29:07.097264+00:00,3,3_blocks,103305,41.3,3,3,1,,,0.5,"xgb,lgb",0.3,False,0.0,VALIDATED,,,6,5.62,9.0,8.69,1.0,1.0
2026-05-18 01:29:07.097264+00:00,6,6_blocks,103305,41.3,3,3,1,,,0.5,"xgb,lgb",0.3,False,0.0,VALIDATED,,,6,5.62,9.0,8.69,1.0,1.0
2026-05-18 05:45:31.587049+00:00,1,1_block,92325,38.8,1,1,1,,,0.5,"xgb,lgb",0.3,False,0.0,VALIDATED,,,3,2.17,3.0,2.76,2.0,1.29
2026-05-18 05:45:31.587049+00:00,3,3_blocks,92325,38.8,1,1,1,,,0.996,"xgb,lgb",0.3,False,0.0,VALIDATED,,,2,1.0,1.0,1.0,1.0,1.0
2026-05-18 05:45:31.587049+00:00,6,6_blocks,92325,38.8,1,1,1,,,1.0,"xgb,lgb",0.2857142857142857,False,0.0,VALIDATED,,,1,1.0,1.0,1.0,1.0,1.0
2026-05-18 09:00:53.208334+00:00,1,1_block,81679,37.2,1,1,1,,,0.5,"xgb,lgb",0.3357142857142857,False,0.0,VALIDATED,,,3,2.44,4.0,3.4,1.0,1.0
2026-05-18 09:00:53.208334+00:00,3,3_blocks,81679,37.2,1,1,1,,,0.5,"xgb,lgb",0.3357142857142857,False,0.0,VALIDATED,,,5,4.93,8.0,7.54,1.0,1.0
2026-05-18 09:00:53.208334+00:00,6,6_blocks,81679,37.2,1,1,1,,,0.5,"xgb,lgb",0.2857142857142857,False,0.0,VALIDATED,,,5,4.92,8.0,7.54,1.0,1.0
2026-05-18 12:40:36.010589+00:00,1,1_block,100234,41.1,4,3,1,,,0.5,"xgb,lgb",1.2063492063492065,False,0.0,VALIDATED,,,3,2.73,4.0,3.67,2.0,1.32
2026-05-18 12:40:36.010589+00:00,3,3_blocks,100234,41.1,4,3,1,,,0.5,"xgb,lgb",0.3357142857142857,False,0.0,VALIDATED,,,4,3.95,6.0,5.92,1.0,1.0
2026-05-18 12:40:36.010589+00:00,6,6_blocks,100234,41.1,4,3,1,,,0.5,"xgb,lgb",0.3357142857142857,False,0.0,VALIDATED,,,4,3.95,6.0,5.92,1.0,1.0
2026-05-18 16:07:10.515291+00:00,1,1_block,92527,39.5,3,3,1,,,0.5,"xgb,lgb",0.4714285714285714,False,0.0,VALIDATED,,,4,3.84,6.0,5.73,1.0,1.0
2026-05-18 16:07:10.515291+00:00,3,3_blocks,92527,39.5,3,3,1,,,0.5,"xgb,lgb",0.4714285714285714,False,0.0,VALIDATED,,,7,6.33,10.0,9.88,1.0,1.0
2026-05-18 16:07:10.515291+00:00,6,6_blocks,92527,39.5,3,3,1,,,0.5,"xgb,lgb",0.4714285714285714,False,0.0,VALIDATED,,,7,6.33,10.0,9.88,1.0,1.0
2026-05-18 18:08:45.176284+00:00,1,1_block,102874,40.6,2,1,1,,,0.5,"xgb,lgb",0.3642857142857142,False,0.0,VALIDATED,,,5,4.03,7.0,6.02,2.0,1.04
2026-05-18 18:08:45.176284+00:00,3,3_blocks,102874,40.6,2,1,1,,,0.5,"xgb,lgb",0.3642857142857142,False,0.0,VALIDATED,,,6,5.8,9.0,8.99,1.0,1.0
2026-05-18 18:08:45.176284+00:00,6,6_blocks,102874,40.6,2,1,1,,,0.5,"xgb,lgb",0.3642857142857142,False,0.0,VALIDATED,,,6,5.8,9.0,8.99,1.0,1.0
2026-05-18 19:59:00.456248+00:00,1,1_block,102041,40.5,2,1,1,,,0.5,"xgb,lgb",0.35,False,0.0,VALIDATED,,,2,1.75,3.0,2.25,1.0,1.0
2026-05-18 19:59:00.456248+00:00,3,3_blocks,102041,40.5,2,1,1,,,0.5,"xgb,lgb",0.3214285714285714,False,0.0,VALIDATED,,,8,7.42,12.0,11.7,1.0,1.0
2026-05-18 19:59:00.456248+00:00,6,6_blocks,102041,40.5,2,1,1,,,0.5,"xgb,lgb",0.3285714285714285,False,0.0,VALIDATED,,,8,7.42,12.0,11.7,1.0,1.0
2026-05-18 21:19:26.054596+00:00,1,1_block,90037,38.6,1,1,1,,,0.5,"xgb,lgb",0.4014084507042254,False,0.0,VALIDATED,,,2,1.53,2.0,1.88,1.0,1.0
2026-05-18 21:19:26.054596+00:00,3,3_blocks,90037,38.6,1,1,1,,,0.5,"xgb,lgb",0.4014084507042254,False,0.0,VALIDATED,,,8,7.25,12.0,11.41,1.0,1.0
2026-05-18 21:19:26.054596+00:00,6,6_blocks,90037,38.6,1,1,1,,,0.5,"xgb,lgb",0.3285714285714285,False,0.0,VALIDATED,,,8,7.24,12.0,11.41,1.0,1.0
2026-05-18 22:15:44.550691+00:00,1,1_block,94413,39.6,1,1,1,,,1.0,"xgb,lgb",0.4014084507042254,False,0.0,VALIDATED,,,1,1.0,1.0,1.0,1.0,1.0
2026-05-18 22:15:44.550691+00:00,3,3_blocks,94413,39.6,1,1,1,,,0.5,"xgb,lgb",0.3642857142857142,False,0.0,VALIDATED,,,6,5.09,8.0,7.82,1.0,1.0
2026-05-18 22:15:44.550691+00:00,6,6_blocks,94413,39.6,1,1,1,,,0.5,"xgb,lgb",0.3642857142857142,False,0.0,VALIDATED,,,6,5.09,8.0,7.82,1.0,1.0
2026-05-18 23:32:16.710612+00:00,1,1_block,88793,38.5,1,1,1,,,0.5,"xgb,lgb",1.0,False,0.0,VALIDATED,,,3,2.43,4.0,3.35,2.0,1.04
2026-05-18 23:32:16.710612+00:00,3,3_blocks,88793,38.5,1,1,1,,,0.5,"xgb,lgb",1.0214285714285714,False,0.0,VALIDATED,,,6,5.81,10.0,9.01,1.0,1.0
2026-05-18 23:32:16.710612+00:00,6,6_blocks,88793,38.5,1,1,1,,,0.5,"xgb,lgb",0.315035799522673,False,0.0,VALIDATED,,,6,5.81,10.0,9.01,1.0,1.0
2026-05-19 01:33:10.035720+00:00,1,1_block,98257,40.8,4,4,1,,,0.5,"xgb,lgb",1.0214285714285714,False,0.0,VALIDATED,,,3,2.86,5.0,4.1,1.0,1.0
2026-05-19 01:33:10.035720+00:00,3,3_blocks,98257,40.8,4,4,1,,,0.5,"xgb,lgb",0.2952380952380952,False,0.0,VALIDATED,,,8,7.63,13.0,12.04,1.0,1.0
2026-05-19 01:33:10.035720+00:00,6,6_blocks,98257,40.8,4,4,1,,,0.5,"xgb,lgb",0.2952380952380952,False,0.0,VALIDATED,,,8,7.63,13.0,12.04,1.0,1.0
2026-05-19 05:48:47.155416+00:00,1,1_block,99511,40.0,1,1,1,,,0.5,"xgb,lgb",0.2952380952380952,False,0.0,VALIDATED,,,3,2.64,4.0,3.71,2.0,1.04
2026-05-19 05:48:47.155416+00:00,3,3_blocks,99511,40.0,1,1,1,,,0.5,"xgb,lgb",0.2952380952380952,False,0.0,VALIDATED,,,6,5.87,10.0,9.11,1.0,1.0
2026-05-19 05:48:47.155416+00:00,6,6_blocks,99511,40.0,1,1,1,,,0.5,"xgb,lgb",0.2966292134831461,False,0.0,VALIDATED,,,6,5.86,10.0,9.11,1.0,1.0
2026-05-19 08:50:28.070323+00:00,1,1_block,97606,39.9,2,1,1,,,0.5,"xgb,lgb",0.4454545454545454,False,0.0,VALIDATED,,,5,4.55,7.0,6.89,2.0,1.04
2026-05-19 08:50:28.070323+00:00,3,3_blocks,97606,39.9,2,1,1,,,0.5,"xgb,lgb",0.2966292134831461,False,0.0,VALIDATED,,,5,4.61,8.0,7.02,1.0,1.0
2026-05-19 08:50:28.070323+00:00,6,6_blocks,97606,39.9,2,1,1,,,0.5,"xgb,lgb",0.2966292134831461,False,0.0,VALIDATED,,,5,4.61,8.0,7.02,1.0,1.0
2026-05-19 11:49:20.175432+00:00,1,1_block,80892,37.2,1,1,1,,,0.5,"xgb,lgb",1.002808988764045,False,0.0,VALIDATED,,,3,2.6,4.0,3.67,1.0,1.0
2026-05-19 11:49:20.175432+00:00,3,3_blocks,80892,37.2,1,1,1,,,0.5,"xgb,lgb",0.3357142857142857,False,0.0,VALIDATED,,,6,5.0,8.0,7.67,1.0,1.0
2026-05-19 11:49:20.175432+00:00,6,6_blocks,80892,37.2,1,1,1,,,0.5,"xgb,lgb",0.2727272727272727,False,0.0,VALIDATED,,,6,5.0,8.0,7.67,1.0,1.0
2026-05-19 14:20:44.720919+00:00,1,1_block,96735,39.9,2,1,1,,,0.5,"xgb,lgb",1.0363391655450875,False,0.0,VALIDATED,,,4,3.53,6.0,5.22,1.0,1.0
2026-05-19 14:20:44.720919+00:00,3,3_blocks,96735,39.9,2,1,1,,,0.5,"xgb,lgb",1.0363391655450875,False,0.0,VALIDATED,,,5,4.95,8.0,7.58,1.0,1.0
2026-05-19 14:20:44.720919+00:00,6,6_blocks,96735,39.9,2,1,1,,,0.5,"xgb,lgb",1.0363391655450875,False,0.0,VALIDATED,,,5,4.95,8.0,7.58,1.0,1.0
2026-05-19 17:22:11.199549+00:00,1,1_block,96492,39.7,2,1,1,,,0.5,"xgb,lgb",1.0,False,0.0,VALIDATED,,,3,2.61,4.0,3.68,1.0,1.0
2026-05-19 17:22:11.199549+00:00,3,3_blocks,96492,39.7,2,1,1,,,0.5,"xgb,lgb",0.3357142857142857,False,0.0,VALIDATED,,,6,5.12,8.0,7.86,1.0,1.0
2026-05-19 17:22:11.199549+00:00,6,6_blocks,96492,39.7,2,1,1,,,0.5,"xgb,lgb",0.3357142857142857,False,0.0,VALIDATED,,,6,5.11,8.0,7.86,1.0,1.0
2026-05-19 19:25:48.882362+00:00,1,1_block,104339,41.7,4,3,1,,,0.5,"xgb,lgb",0.3028169014084507,False,0.0,VALIDATED,,,4,3.79,6.0,5.65,1.0,1.0
2026-05-19 19:25:48.882362+00:00,3,3_blocks,104339,41.7,4,3,1,,,0.5,"xgb,lgb",0.3028169014084507,False,0.0,VALIDATED,,,8,7.97,13.0,12.62,1.0,1.0
2026-05-19 19:25:48.882362+00:00,6,6_blocks,104339,41.7,4,3,1,,,0.5,"xgb,lgb",0.3020594965675057,False,0.0,VALIDATED,,,8,7.97,13.0,12.62,1.0,1.0
2026-05-19 20:58:57.432786+00:00,1,1_block,99200,40.1,2,1,1,,,0.645,"xgb,lgb",0.3028169014084507,False,0.0,VALIDATED,,,2,1.26,2.0,1.43,1.0,1.0
2026-05-19 20:58:57.432786+00:00,3,3_blocks,99200,40.1,2,1,1,,,0.5,"xgb,lgb",0.3028169014084507,False,0.0,VALIDATED,,,6,5.25,9.0,8.09,1.0,1.0
2026-05-19 20:58:57.432786+00:00,6,6_blocks,99200,40.1,2,1,1,,,0.5,"xgb,lgb",0.3028169014084507,False,0.0,VALIDATED,,,6,5.25,9.0,8.09,1.0,1.0
2026-05-19 22:18:16.868328+00:00,1,1_block,95297,39.3,1,1,1,,,1.0,"xgb,lgb",0.3028169014084507,False,0.0,VALIDATED,,,1,1.0,1.0,1.0,1.0,1.0
2026-05-19 22:18:16.868328+00:00,3,3_blocks,95297,39.3,1,1,1,,,0.5,"xgb,lgb",0.3028169014084507,False,0.0,VALIDATED,,,3,2.73,4.0,3.88,1.0,1.0
2026-05-19 22:18:16.868328+00:00,6,6_blocks,95297,39.3,1,1,1,,,0.5,"xgb,lgb",0.3028169014084507,False,0.0,VALIDATED,,,3,2.73,4.0,3.88,1.0,1.0
2026-05-19 23:35:13.539424+00:00,1,1_block,94499,39.3,1,1,1,,,0.564,"xgb,lgb",0.3142857142857143,False,0.0,VALIDATED,,,2,1.44,2.0,1.68,2.0,1.08
2026-05-19 23:35:13.539424+00:00,3,3_blocks,94499,39.3,1,1,1,,,0.5,"xgb,lgb",0.3142857142857143,False,0.0,VALIDATED,,,2,1.42,2.0,1.7,1.0,1.0
2026-05-19 23:35:13.539424+00:00,6,6_blocks,94499,39.3,1,1,1,,,0.5,"xgb,lgb",0.3108108108108108,False,0.0,VALIDATED,,,2,1.42,2.0,1.7,1.0,1.0
2026-05-20 01:33:59.239876+00:00,1,1_block,93996,39.5,2,1,1,,,1.0,"xgb,lgb",0.3142857142857143,False,0.0,VALIDATED,,,1,1.0,1.0,1.0,1.0,1.0
2026-05-20 01:33:59.239876+00:00,3,3_blocks,93996,39.5,2,1,1,,,0.5,"xgb,lgb",0.3309352517985611,False,0.0,VALIDATED,,,7,6.42,11.0,10.03,1.0,1.0
2026-05-20 01:33:59.239876+00:00,6,6_blocks,93996,39.5,2,1,1,,,0.5,"xgb,lgb",0.3309352517985611,False,0.0,VALIDATED,,,7,6.42,11.0,10.03,1.0,1.0
2026-05-20 05:49:20.003485+00:00,1,1_block,101062,40.3,1,1,1,,,0.5,"xgb,lgb",0.3309352517985611,False,0.0,VALIDATED,,,3,2.68,4.0,3.8,1.0,1.0
2026-05-20 05:49:20.003485+00:00,3,3_blocks,101062,40.3,1,1,1,,,0.5,"xgb,lgb",0.3309352517985611,False,0.0,VALIDATED,,,7,6.2,10.0,9.66,1.0,1.0
2026-05-20 05:49:20.003485+00:00,6,6_blocks,101062,40.3,1,1,1,,,0.5,"xgb,lgb",1.0070921985815602,False,0.0,VALIDATED,,,7,6.2,10.0,9.66,1.0,1.0
2026-05-20 08:46:34.870410+00:00,1,1_block,105958,41.9,3,3,1,,,0.5,"xgb,lgb",1.0070921985815602,False,0.0,VALIDATED,,,4,3.06,5.0,4.44,1.0,1.0
2026-05-20 08:46:34.870410+00:00,3,3_blocks,105958,41.9,3,3,1,,,0.5,"xgb,lgb",1.0070921985815602,False,0.0,VALIDATED,,,9,8.56,14.0,13.6,1.0,1.0
2026-05-20 08:46:34.870410+00:00,6,6_blocks,105958,41.9,3,3,1,,,0.5,"xgb,lgb",1.0070921985815602,False,0.0,VALIDATED,,,9,8.56,14.0,13.6,1.0,1.0
2026-05-20 11:36:49.737265+00:00,1,1_block,102606,40.8,1,1,1,,,0.5,"xgb,lgb",0.4454545454545454,False,0.0,VALIDATED,,,3,2.01,3.0,2.64,2.0,1.05
2026-05-20 11:36:49.737265+00:00,3,3_blocks,102606,40.8,1,1,1,,,0.5,"xgb,lgb",0.4454545454545454,False,0.0,VALIDATED,,,7,6.63,11.0,10.38,1.0,1.0
2026-05-20 11:36:49.737265+00:00,6,6_blocks,102606,40.8,1,1,1,,,0.5,"xgb,lgb",0.3357142857142857,False,0.0,VALIDATED,,,7,6.63,11.0,10.38,1.0,1.0
2026-05-20 14:12:53.929854+00:00,1,1_block,104862,41.2,2,1,1,,,0.5,"xgb,lgb",1.004566210045662,False,0.0,VALIDATED,,,3,2.07,3.0,2.78,1.0,1.0
2026-05-20 14:12:53.929854+00:00,3,3_blocks,104862,41.2,2,1,1,,,0.5,"xgb,lgb",1.004566210045662,False,0.0,VALIDATED,,,7,6.03,10.0,9.38,1.0,1.0
2026-05-20 14:12:53.929854+00:00,6,6_blocks,104862,41.2,2,1,1,,,0.5,"xgb,lgb",0.3357142857142857,False,0.0,VALIDATED,,,7,6.03,10.0,9.38,1.0,1.0
2026-05-20 17:33:20.899554+00:00,1,1_block,112561,43.0,2,1,1,,,0.5,"xgb,lgb",1.5132743362831858,False,0.0,VALIDATED,,,3,2.93,4.0,4.0,2.0,1.33
2026-05-20 17:33:20.899554+00:00,3,3_blocks,112561,43.0,2,1,1,,,0.5,"xgb,lgb",1.5132743362831858,False,0.0,VALIDATED,,,6,5.82,10.0,9.03,1.0,1.0
2026-05-20 17:33:20.899554+00:00,6,6_blocks,112561,43.0,2,1,1,,,0.5,"xgb,lgb",0.5575221238938053,False,0.0,VALIDATED,,,6,5.82,10.0,9.03,1.0,1.0
2026-05-20 19:53:18.859428+00:00,1,1_block,110563,42.3,1,1,1,,,0.5,"xgb,lgb",0.3857142857142857,False,0.0,VALIDATED,,,2,1.52,2.0,1.87,1.0,1.0
2026-05-20 19:53:18.859428+00:00,3,3_blocks,110563,42.3,1,1,1,,,0.5,"xgb,lgb",0.3636363636363636,False,0.0,VALIDATED,,,5,4.93,8.0,7.54,1.0,1.0
2026-05-20 19:53:18.859428+00:00,6,6_blocks,110563,42.3,1,1,1,,,0.5,"xgb,lgb",0.35,False,0.0,VALIDATED,,,5,4.92,8.0,7.54,1.0,1.0
2026-05-20 21:47:53.048440+00:00,1,1_block,109906,41.9,1,1,1,,,0.5,"xgb,lgb",0.5251798561151079,False,0.0,VALIDATED,,,2,1.99,3.0,2.63,2.0,1.03
2026-05-20 21:47:53.048440+00:00,3,3_blocks,109906,41.9,1,1,1,,,0.5,"xgb,lgb",0.5251798561151079,False,0.0,VALIDATED,,,8,7.07,12.0,11.12,1.0,1.0
2026-05-20 21:47:53.048440+00:00,6,6_blocks,109906,41.9,1,1,1,,,0.5,"xgb,lgb",0.348051948051948,False,0.0,VALIDATED,,,8,7.07,12.0,11.12,1.0,1.0
2026-05-20 23:01:17.132573+00:00,1,1_block,109885,42.0,1,1,1,,,0.5,"xgb,lgb",0.3914285714285714,False,0.0,VALIDATED,,,3,2.7,4.0,3.67,2.0,1.25
2026-05-20 23:01:17.132573+00:00,3,3_blocks,109885,42.0,1,1,1,,,0.5,"xgb,lgb",0.3636363636363636,False,0.0,VALIDATED,,,6,5.99,10.0,9.31,1.0,1.0
2026-05-20 23:01:17.132573+00:00,6,6_blocks,109885,42.0,1,1,1,,,0.5,"xgb,lgb",0.3636363636363636,False,0.0,VALIDATED,,,6,5.99,10.0,9.31,1.0,1.0
2026-05-21 04:48:49.082098+00:00,1,1_block,98137,40.2,1,1,1,,,0.556,"xgb,lgb",0.3914285714285714,False,0.0,VALIDATED,,,2,1.34,2.0,1.57,1.0,1.0
2026-05-21 04:48:49.082098+00:00,3,3_blocks,98137,40.2,1,1,1,,,0.5,"xgb,lgb",0.3636363636363636,False,0.0,VALIDATED,,,5,4.99,8.0,7.66,1.0,1.0
2026-05-21 04:48:49.082098+00:00,6,6_blocks,98137,40.2,1,1,1,,,0.5,"xgb,lgb",0.3636363636363636,False,0.0,VALIDATED,,,5,4.99,8.0,7.66,1.0,1.0
2026-05-21 08:23:39.546244+00:00,1,1_block,102366,41.2,2,1,1,,,0.5,"xgb,lgb",0.3914285714285714,False,0.0,VALIDATED,,,3,2.35,4.0,3.21,2.0,1.06
2026-05-21 08:23:39.546244+00:00,3,3_blocks,102366,41.2,2,1,1,,,0.5,"xgb,lgb",0.3636363636363636,False,0.0,VALIDATED,,,7,6.71,11.0,10.52,1.0,1.0
2026-05-21 08:23:39.546244+00:00,6,6_blocks,102366,41.2,2,1,1,,,0.5,"xgb,lgb",0.3636363636363636,False,0.0,VALIDATED,,,7,6.71,11.0,10.52,1.0,1.0
2026-05-21 14:28:40.750441+00:00,1,1_block,100640,41.4,2,1,1,,,0.956,"xgb,lgb",1.0,False,0.0,VALIDATED,,,2,1.02,1.0,1.0,2.0,1.04
2026-05-21 14:28:40.750441+00:00,3,3_blocks,100640,41.4,2,1,1,,,0.5,"xgb,lgb",1.0,False,0.0,VALIDATED,,,10,9.05,15.0,14.41,1.0,1.0
2026-05-21 14:28:40.750441+00:00,6,6_blocks,100640,41.4,2,1,1,,,0.5,"xgb,lgb",0.3636363636363636,False,0.0,VALIDATED,,,10,9.04,15.0,14.41,1.0,1.0
2026-05-21 21:12:01.668621+00:00,1,1_block,111130,43.4,2,1,1,,,0.5,"xgb,lgb",1.0,False,0.0,VALIDATED,,,2,1.88,3.0,2.39,2.0,1.11
2026-05-21 21:12:01.668621+00:00,3,3_blocks,111130,43.4,2,1,1,,,0.5,"xgb,lgb",1.0,False,0.0,VALIDATED,,,9,8.75,14.0,13.92,1.0,1.0
2026-05-21 21:12:01.668621+00:00,6,6_blocks,111130,43.4,2,1,1,,,0.5,"xgb,lgb",0.3747619047619047,False,0.0,VALIDATED,,,9,8.75,14.0,13.92,1.0,1.0
2026-05-21 22:39:17.733781+00:00,1,1_block,111646,43.7,3,1,1,,,0.5,"xgb,lgb",0.3857142857142857,False,0.0,VALIDATED,,,4,3.31,5.0,4.76,2.0,1.14
2026-05-21 22:39:17.733781+00:00,3,3_blocks,111646,43.7,3,1,1,,,0.5,"xgb,lgb",0.3747619047619047,False,0.0,VALIDATED,,,8,7.23,12.0,11.39,1.0,1.0
2026-05-21 22:39:17.733781+00:00,6,6_blocks,111646,43.7,3,1,1,,,0.5,"xgb,lgb",0.3747619047619047,False,0.0,VALIDATED,,,8,7.23,12.0,11.39,1.0,1.0
2026-05-21 23:39:15.146965+00:00,1,1_block,100109,40.9,2,1,1,,,0.5,"xgb,lgb",1.0,False,0.0,VALIDATED,,,2,1.65,3.0,2.01,2.0,1.11
2026-05-21 23:39:15.146965+00:00,3,3_blocks,100109,40.9,2,1,1,,,0.5,"xgb,lgb",0.4142857142857143,False,0.0,VALIDATED,,,9,8.82,15.0,14.04,1.0,1.0
2026-05-21 23:39:15.146965+00:00,6,6_blocks,100109,40.9,2,1,1,,,0.5,"xgb,lgb",0.3636363636363636,False,0.0,VALIDATED,,,9,8.82,15.0,14.04,1.0,1.0
2026-05-22 01:34:27.005255+00:00,1,1_block,105559,42.0,2,1,1,,,0.5,"xgb,lgb",1.0,False,0.0,VALIDATED,,,2,1.7,3.0,2.17,1.0,1.0
2026-05-22 01:34:27.005255+00:00,3,3_blocks,105559,42.0,2,1,1,,,0.5,"xgb,lgb",0.4142857142857143,False,0.0,VALIDATED,,,6,5.62,9.0,8.69,1.0,1.0
2026-05-22 01:34:27.005255+00:00,6,6_blocks,105559,42.0,2,1,1,,,0.5,"xgb,lgb",0.3636363636363636,False,0.0,VALIDATED,,,6,5.62,9.0,8.69,1.0,1.0
2026-05-22 05:48:49.406320+00:00,1,1_block,106452,42.0,2,1,1,,,0.926,"xgb,lgb",1.0,False,0.0,VALIDATED,,,2,1.16,2.0,1.2,2.0,1.11
2026-05-22 05:48:49.406320+00:00,3,3_blocks,106452,42.0,2,1,1,,,0.5,"xgb,lgb",0.4142857142857143,False,0.0,VALIDATED,,,11,10.94,18.0,17.57,1.0,1.0
2026-05-22 05:48:49.406320+00:00,6,6_blocks,106452,42.0,2,1,1,,,0.5,"xgb,lgb",0.3636363636363636,False,0.0,VALIDATED,,,11,10.94,18.0,17.57,1.0,1.0
2026-05-22 08:42:37.095164+00:00,1,1_block,105944,42.3,2,1,1,,,0.778,"xgb,lgb",1.0,False,0.0,VALIDATED,,,2,1.47,2.0,1.59,2.0,1.28
2026-05-22 08:42:37.095164+00:00,3,3_blocks,105944,42.3,2,1,1,,,0.5,"xgb,lgb",1.0,False,0.0,VALIDATED,,,8,7.62,13.0,12.03,1.0,1.0
2026-05-22 08:42:37.095164+00:00,6,6_blocks,105944,42.3,2,1,1,,,0.5,"xgb,lgb",0.3636363636363636,False,0.0,VALIDATED,,,8,7.62,13.0,12.03,1.0,1.0
2026-05-22 11:34:10.459025+00:00,1,1_block,98899,40.9,2,1,1,,,0.895,"xgb,lgb",0.3636363636363636,False,0.0,VALIDATED,,,2,1.04,1.0,1.0,2.0,1.11
2026-05-22 11:34:10.459025+00:00,3,3_blocks,98899,40.9,2,1,1,,,0.5,"xgb,lgb",0.3636363636363636,False,0.0,VALIDATED,,,8,7.94,13.0,12.56,1.0,1.0
2026-05-22 11:34:10.459025+00:00,6,6_blocks,98899,40.9,2,1,1,,,0.5,"xgb,lgb",0.3636363636363636,False,0.0,VALIDATED,,,8,7.94,13.0,12.56,1.0,1.0
2026-05-22 13:59:16.505913+00:00,1,1_block,92274,39.9,2,1,1,,,0.895,"xgb,lgb",0.4084507042253521,False,0.0,VALIDATED,,,2,1.04,1.0,1.0,2.0,1.11
2026-05-22 13:59:16.505913+00:00,3,3_blocks,92274,39.9,2,1,1,,,0.5,"xgb,lgb",0.4084507042253521,False,0.0,VALIDATED,,,8,7.87,13.0,12.45,1.0,1.0
2026-05-22 13:59:16.505913+00:00,6,6_blocks,92274,39.9,2,1,1,,,0.5,"xgb,lgb",0.4084507042253521,False,0.0,VALIDATED,,,8,7.87,13.0,12.45,1.0,1.0
2026-05-22 16:33:31.498345+00:00,1,1_block,105978,42.7,3,3,1,,,0.5,"xgb,lgb",1.5115864527629232,False,0.0,VALIDATED,,,2,1.81,3.0,2.34,1.0,1.0
2026-05-22 16:33:31.498345+00:00,3,3_blocks,105978,42.7,3,3,1,,,0.5,"xgb,lgb",0.3943661971830985,False,0.0,VALIDATED,,,8,7.45,12.0,11.74,1.0,1.0
2026-05-22 16:33:31.498345+00:00,6,6_blocks,105978,42.7,3,3,1,,,0.5,"xgb,lgb",0.3943661971830985,False,0.0,VALIDATED,,,8,7.44,12.0,11.74,1.0,1.0
2026-05-22 18:16:08.010400+00:00,1,1_block,108119,42.9,2,1,1,,,0.5,"xgb,lgb",1.0,False,0.0,VALIDATED,,,2,1.98,3.0,2.63,1.0,1.0
2026-05-22 18:16:08.010400+00:00,3,3_blocks,108119,42.9,2,1,1,,,0.5,"xgb,lgb",1.0,False,0.0,VALIDATED,,,8,7.85,13.0,12.41,1.0,1.0
2026-05-22 18:16:08.010400+00:00,6,6_blocks,108119,42.9,2,1,1,,,0.5,"xgb,lgb",0.3636363636363636,False,0.0,VALIDATED,,,8,7.85,13.0,12.41,1.0,1.0
2026-05-22 20:13:36.977976+00:00,1,1_block,107613,42.5,2,1,1,,,0.677,"xgb,lgb",1.0,False,0.0,VALIDATED,,,2,1.37,2.0,1.54,2.0,1.11
2026-05-22 20:13:36.977976+00:00,3,3_blocks,107613,42.5,2,1,1,,,0.5,"xgb,lgb",1.0,False,0.0,VALIDATED,,,9,8.06,13.0,12.77,1.0,1.0
2026-05-22 20:13:36.977976+00:00,6,6_blocks,107613,42.5,2,1,1,,,0.5,"xgb,lgb",0.3636363636363636,False,0.0,VALIDATED,,,9,8.06,13.0,12.77,1.0,1.0
2026-05-22 21:37:58.441744+00:00,1,1_block,104741,42.0,1,1,1,,,0.5,"xgb,lgb",1.0,False,0.0,VALIDATED,,,3,2.31,4.0,3.19,1.0,1.0
2026-05-22 21:37:58.441744+00:00,3,3_blocks,104741,42.0,1,1,1,,,0.5,"xgb,lgb",1.0,False,0.0,VALIDATED,,,7,6.71,11.0,10.51,1.0,1.0
2026-05-22 21:37:58.441744+00:00,6,6_blocks,104741,42.0,1,1,1,,,0.5,"xgb,lgb",0.3636363636363636,False,0.0,VALIDATED,,,7,6.71,11.0,10.51,1.0,1.0
2026-05-22 22:38:44.412972+00:00,1,1_block,107940,42.4,2,1,1,,,0.5,"xgb,lgb",0.4357142857142857,False,0.0,VALIDATED,,,3,2.75,4.0,3.84,2.0,1.11
2026-05-22 22:38:44.412972+00:00,3,3_blocks,107940,42.4,2,1,1,,,0.5,"xgb,lgb",0.4357142857142857,False,0.0,VALIDATED,,,8,7.99,13.0,12.66,1.0,1.0
2026-05-22 22:38:44.412972+00:00,6,6_blocks,107940,42.4,2,1,1,,,0.5,"xgb,lgb",0.4357142857142857,False,0.0,VALIDATED,,,8,7.99,13.0,12.66,1.0,1.0
2026-05-22 23:44:24.620644+00:00,1,1_block,105992,42.0,1,1,1,,,0.961,"xgb,lgb",1.0,False,0.0,VALIDATED,,,2,1.02,1.0,1.0,2.0,1.04
2026-05-22 23:44:24.620644+00:00,3,3_blocks,105992,42.0,1,1,1,,,0.5,"xgb,lgb",1.0,False,0.0,VALIDATED,,,5,4.68,8.0,7.13,1.0,1.0
2026-05-22 23:44:24.620644+00:00,6,6_blocks,105992,42.0,1,1,1,,,0.5,"xgb,lgb",0.3636363636363636,False,0.0,VALIDATED,,,5,4.68,8.0,7.13,1.0,1.0
2026-05-23 01:29:23.869702+00:00,1,1_block,107839,42.3,1,1,1,,,0.5,"xgb,lgb",1.0,False,0.0,VALIDATED,,,2,1.48,2.0,1.8,1.0,1.0
2026-05-23 01:29:23.869702+00:00,3,3_blocks,107839,42.3,1,1,1,,,0.5,"xgb,lgb",1.0,False,0.0,VALIDATED,,,5,4.95,8.0,7.57,1.0,1.0
2026-05-23 01:29:23.869702+00:00,6,6_blocks,107839,42.3,1,1,1,,,0.5,"xgb,lgb",0.4,False,0.0,VALIDATED,,,5,4.94,8.0,7.57,1.0,1.0
2026-05-23 05:05:35.959846+00:00,1,1_block,106182,42.0,2,1,1,,,0.5,"xgb,lgb",0.4,False,0.0,VALIDATED,,,3,2.65,4.0,3.68,2.0,1.12
2026-05-23 05:05:35.959846+00:00,3,3_blocks,106182,42.0,2,1,1,,,0.5,"xgb,lgb",0.4,False,0.0,VALIDATED,,,10,9.04,15.0,14.41,1.0,1.0
2026-05-23 05:05:35.959846+00:00,6,6_blocks,106182,42.0,2,1,1,,,0.5,"xgb,lgb",0.3636363636363636,False,0.0,VALIDATED,,,10,9.04,15.0,14.41,1.0,1.0
2026-05-23 07:39:57.862021+00:00,1,1_block,110857,42.7,2,1,1,,,0.5,"xgb,lgb",1.0,False,0.0,VALIDATED,,,3,2.61,4.0,3.61,2.0,1.12
2026-05-23 07:39:57.862021+00:00,3,3_blocks,110857,42.7,2,1,1,,,0.5,"xgb,lgb",1.0,False,0.0,VALIDATED,,,9,8.95,15.0,14.24,1.0,1.0
2026-05-23 07:39:57.862021+00:00,6,6_blocks,110857,42.7,2,1,1,,,0.5,"xgb,lgb",0.3636363636363636,False,0.0,VALIDATED,,,9,8.95,15.0,14.24,1.0,1.0
2026-05-23 09:25:29.606721+00:00,1,1_block,108407,42.4,1,1,1,,,0.5,"xgb,lgb",1.0,False,0.0,VALIDATED,,,2,1.98,3.0,2.64,1.0,1.0
2026-05-23 09:25:29.606721+00:00,3,3_blocks,108407,42.4,1,1,1,,,0.5,"xgb,lgb",1.0,False,0.0,VALIDATED,,,5,4.57,7.0,6.95,1.0,1.0
2026-05-23 09:25:29.606721+00:00,6,6_blocks,108407,42.4,1,1,1,,,0.5,"xgb,lgb",0.4357142857142857,False,0.0,VALIDATED,,,5,4.57,7.0,6.95,1.0,1.0
2026-05-23 10:50:52.666052+00:00,1,1_block,110074,42.8,2,1,1,,,0.5,"xgb,lgb",1.056782334384858,False,0.0,VALIDATED,,,3,2.8,4.0,4.0,1.0,1.0
2026-05-23 10:50:52.666052+00:00,3,3_blocks,110074,42.8,2,1,1,,,0.5,"xgb,lgb",1.0,False,0.0,VALIDATED,,,5,4.23,7.0,6.37,1.0,1.0
2026-05-23 10:50:52.666052+00:00,6,6_blocks,110074,42.8,2,1,1,,,0.5,"xgb,lgb",0.4357142857142857,False,0.0,VALIDATED,,,5,4.22,7.0,6.37,1.0,1.0
2026-05-23 11:50:35.754449+00:00,1,1_block,113046,43.4,2,1,1,,,0.5,"xgb,lgb",0.4357142857142857,False,0.0,VALIDATED,,,3,2.43,4.0,3.31,2.0,1.12
2026-05-23 11:50:35.754449+00:00,3,3_blocks,113046,43.4,2,1,1,,,0.5,"xgb,lgb",0.4357142857142857,False,0.0,VALIDATED,,,9,8.9,15.0,14.16,1.0,1.0
2026-05-23 11:50:35.754449+00:00,6,6_blocks,113046,43.4,2,1,1,,,0.5,"xgb,lgb",0.3636363636363636,False,0.0,VALIDATED,,,9,8.9,15.0,14.16,1.0,1.0
2026-05-23 12:48:20.637702+00:00,1,1_block,112913,43.3,2,1,1,,,0.5,"xgb,lgb",1.0,False,0.0,VALIDATED,,,2,1.97,3.0,2.56,2.0,1.1
2026-05-23 12:48:20.637702+00:00,3,3_blocks,112913,43.3,2,1,1,,,0.5,"xgb,lgb",1.0,False,0.0,VALIDATED,,,5,4.78,8.0,7.3,1.0,1.0
2026-05-23 12:48:20.637702+00:00,6,6_blocks,112913,43.3,2,1,1,,,0.5,"xgb,lgb",0.3636363636363636,False,0.0,VALIDATED,,,5,4.78,8.0,7.3,1.0,1.0
2026-05-23 14:19:45.932910+00:00,1,1_block,114915,44.2,2,1,1,,,0.5,"xgb,lgb",0.4357142857142857,False,0.0,VALIDATED,,,3,2.52,4.0,3.45,2.0,1.11
2026-05-23 14:19:45.932910+00:00,3,3_blocks,114915,44.2,2,1,1,,,0.5,"xgb,lgb",0.4357142857142857,False,0.0,VALIDATED,,,10,9.29,15.0,14.81,1.0,1.0
2026-05-23 14:19:45.932910+00:00,6,6_blocks,114915,44.2,2,1,1,,,0.5,"xgb,lgb",0.4357142857142857,False,0.0,VALIDATED,,,10,9.29,15.0,14.81,1.0,1.0
2026-05-23 15:35:57.189343+00:00,1,1_block,104504,41.8,1,1,1,,,0.5,"xgb,lgb",0.4357142857142857,False,0.0,VALIDATED,,,2,1.52,2.0,1.86,1.0,1.0
2026-05-23 15:35:57.189343+00:00,3,3_blocks,104504,41.8,1,1,1,,,0.5,"xgb,lgb",0.4357142857142857,False,0.0,VALIDATED,,,6,5.06,8.0,7.76,1.0,1.0
2026-05-23 15:35:57.189343+00:00,6,6_blocks,104504,41.8,1,1,1,,,0.5,"xgb,lgb",0.4357142857142857,False,0.0,VALIDATED,,,6,5.06,8.0,7.76,1.0,1.0
2026-05-23 17:39:55.489725+00:00,1,1_block,109874,43.2,2,1,1,,,0.5,"xgb,lgb",1.0,False,0.0,VALIDATED,,,3,2.47,4.0,3.38,2.0,1.12
2026-05-23 17:39:55.489725+00:00,3,3_blocks,109874,43.2,2,1,1,,,0.5,"xgb,lgb",1.0,False,0.0,VALIDATED,,,9,8.78,14.0,13.96,1.0,1.0
2026-05-23 17:39:55.489725+00:00,6,6_blocks,109874,43.2,2,1,1,,,0.5,"xgb,lgb",0.3636363636363636,False,0.0,VALIDATED,,,9,8.78,14.0,13.96,1.0,1.0
2026-05-23 18:42:05.610534+00:00,1,1_block,106449,42.2,2,1,1,,,0.5,"xgb,lgb",1.0,False,0.0,VALIDATED,,,3,2.61,4.0,3.6,2.0,1.12
2026-05-23 18:42:05.610534+00:00,3,3_blocks,106449,42.2,2,1,1,,,0.5,"xgb,lgb",0.5000867001907404,False,0.0,VALIDATED,,,8,7.92,13.0,12.53,1.0,1.0
2026-05-23 18:42:05.610534+00:00,6,6_blocks,106449,42.2,2,1,1,,,0.5,"xgb,lgb",0.4571428571428571,False,0.0,VALIDATED,,,8,7.92,13.0,12.53,1.0,1.0
2026-05-23 19:53:55.400966+00:00,1,1_block,105388,42.0,2,1,1,,,0.5,"xgb,lgb",0.4928571428571429,False,0.0,VALIDATED,,,3,2.19,3.0,2.91,2.0,1.12
2026-05-23 19:53:55.400966+00:00,3,3_blocks,105388,42.0,2,1,1,,,0.5,"xgb,lgb",0.4928571428571429,False,0.0,VALIDATED,,,9,8.03,13.0,12.71,1.0,1.0
2026-05-23 19:53:55.400966+00:00,6,6_blocks,105388,42.0,2,1,1,,,0.5,"xgb,lgb",0.3636363636363636,False,0.0,VALIDATED,,,9,8.03,13.0,12.71,1.0,1.0
2026-05-23 20:42:24.372972+00:00,1,1_block,105495,42.1,2,1,1,,,0.5,"xgb,lgb",1.0,False,0.0,VALIDATED,,,3,2.33,4.0,3.14,2.0,1.11
2026-05-23 20:42:24.372972+00:00,3,3_blocks,105495,42.1,2,1,1,,,0.5,"xgb,lgb",1.0,False,0.0,VALIDATED,,,9,8.47,14.0,13.46,1.0,1.0
2026-05-23 20:42:24.372972+00:00,6,6_blocks,105495,42.1,2,1,1,,,0.5,"xgb,lgb",0.3636363636363636,False,0.0,VALIDATED,,,9,8.47,14.0,13.46,1.0,1.0
2026-05-23 21:40:06.726275+00:00,1,1_block,88269,39.4,2,1,1,,,0.5,"xgb,lgb",1.0,False,0.0,VALIDATED,,,2,1.91,3.0,2.44,2.0,1.11
2026-05-23 21:40:06.726275+00:00,3,3_blocks,88269,39.4,2,1,1,,,0.5,"xgb,lgb",1.0,False,0.0,VALIDATED,,,8,7.03,12.0,11.04,1.0,1.0
2026-05-23 21:40:06.726275+00:00,6,6_blocks,88269,39.4,2,1,1,,,0.5,"xgb,lgb",0.3636363636363636,False,0.0,VALIDATED,,,8,7.03,12.0,11.04,1.0,1.0
2026-05-23 22:35:28.532791+00:00,1,1_block,97161,41.0,2,1,1,,,0.5,"xgb,lgb",1.0,False,0.0,VALIDATED,,,3,2.23,4.0,3.05,1.0,1.0
2026-05-23 22:35:28.532791+00:00,3,3_blocks,97161,41.0,2,1,1,,,0.5,"xgb,lgb",1.0,False,0.0,VALIDATED,,,7,6.1,10.0,9.5,1.0,1.0
2026-05-23 22:35:28.532791+00:00,6,6_blocks,97161,41.0,2,1,1,,,0.5,"xgb,lgb",0.3636363636363636,False,0.0,VALIDATED,,,7,6.1,10.0,9.5,1.0,1.0
2026-05-23 23:37:33.300158+00:00,1,1_block,89420,39.6,1,1,1,,,0.5,"xgb,lgb",0.45,False,0.0,VALIDATED,,,2,1.59,2.0,1.98,1.0,1.0
2026-05-23 23:37:33.300158+00:00,3,3_blocks,89420,39.6,1,1,1,,,0.5,"xgb,lgb",0.45,False,0.0,VALIDATED,,,5,4.49,7.0,6.81,1.0,1.0
2026-05-23 23:37:33.300158+00:00,6,6_blocks,89420,39.6,1,1,1,,,0.5,"xgb,lgb",0.4142857142857143,False,0.0,VALIDATED,,,5,4.49,7.0,6.81,1.0,1.0
2026-05-24 01:34:24.017470+00:00,1,1_block,106120,42.7,2,1,1,,,0.629,"xgb,lgb",0.45,False,0.0,VALIDATED,,,2,1.66,2.0,1.9,2.0,1.3
2026-05-24 01:34:24.017470+00:00,3,3_blocks,106120,42.7,2,1,1,,,0.5,"xgb,lgb",0.4142857142857143,False,0.0,VALIDATED,,,5,4.88,8.0,7.47,1.0,1.0
2026-05-24 01:34:24.017470+00:00,6,6_blocks,106120,42.7,2,1,1,,,0.5,"xgb,lgb",0.365296803652968,False,0.0,VALIDATED,,,5,4.88,8.0,7.47,1.0,1.0
2026-05-24 05:44:27.229114+00:00,1,1_block,99068,41.0,2,1,1,,,0.5,"xgb,lgb",0.4357142857142857,False,0.0,VALIDATED,,,3,2.78,4.0,3.89,2.0,1.11
2026-05-24 05:44:27.229114+00:00,3,3_blocks,99068,41.0,2,1,1,,,0.5,"xgb,lgb",0.4142857142857143,False,0.0,VALIDATED,,,7,6.56,11.0,10.26,1.0,1.0
2026-05-24 05:44:27.229114+00:00,6,6_blocks,99068,41.0,2,1,1,,,0.5,"xgb,lgb",0.4244604316546763,False,0.0,VALIDATED,,,7,6.56,11.0,10.26,1.0,1.0
2026-05-24 08:09:06.253572+00:00,1,1_block,102340,42.3,3,3,1,,,0.5,"xgb,lgb",0.5976190476190476,False,0.0,VALIDATED,,,2,1.97,3.0,2.58,2.0,1.05
2026-05-24 08:09:06.253572+00:00,3,3_blocks,102340,42.3,3,3,1,,,0.5,"xgb,lgb",0.4244604316546763,False,0.0,VALIDATED,,,5,4.16,7.0,6.27,1.0,1.0
2026-05-24 08:09:06.253572+00:00,6,6_blocks,102340,42.3,3,3,1,,,0.5,"xgb,lgb",0.3636363636363636,False,0.0,VALIDATED,,,5,4.16,7.0,6.27,1.0,1.0
2026-05-24 10:06:51.150537+00:00,1,1_block,99084,41.3,2,1,1,,,0.5,"xgb,lgb",1.0,False,0.0,VALIDATED,,,3,2.62,4.0,3.7,1.0,1.0
2026-05-24 10:06:51.150537+00:00,3,3_blocks,99084,41.3,2,1,1,,,0.5,"xgb,lgb",1.0,False,0.0,VALIDATED,,,5,4.32,7.0,6.53,1.0,1.0
2026-05-24 10:06:51.150537+00:00,6,6_blocks,99084,41.3,2,1,1,,,0.5,"xgb,lgb",0.3636363636363636,False,0.0,VALIDATED,,,5,4.32,7.0,6.53,1.0,1.0
2026-05-24 11:39:05.420065+00:00,1,1_block,102108,41.3,1,1,1,,,0.5,"xgb,lgb",1.0,False,0.0,VALIDATED,,,2,1.96,3.0,2.41,2.0,1.29
2026-05-24 11:39:05.420065+00:00,3,3_blocks,102108,41.3,1,1,1,,,0.5,"xgb,lgb",1.0,False,0.0,VALIDATED,,,2,1.87,3.0,2.45,1.0,1.0
2026-05-24 11:39:05.420065+00:00,6,6_blocks,102108,41.3,1,1,1,,,0.5,"xgb,lgb",0.3636363636363636,False,0.0,VALIDATED,,,2,1.87,3.0,2.45,1.0,1.0
2026-05-24 12:45:42.356436+00:00,1,1_block,105280,41.9,1,1,1,,,0.5,"xgb,lgb",0.5738095238095238,False,0.0,VALIDATED,,,3,2.6,4.0,3.47,2.0,1.3
2026-05-24 12:45:42.356436+00:00,3,3_blocks,105280,41.9,1,1,1,,,0.5,"xgb,lgb",0.5738095238095238,False,0.0,VALIDATED,,,3,2.7,4.0,3.82,1.0,1.0
2026-05-24 12:45:42.356436+00:00,6,6_blocks,105280,41.9,1,1,1,,,0.5,"xgb,lgb",0.4357142857142857,False,0.0,VALIDATED,,,3,2.69,4.0,3.82,1.0,1.0
2026-05-24 14:13:33.304236+00:00,1,1_block,109271,42.9,2,1,1,,,0.5,"xgb,lgb",1.0043041606886658,False,0.0,VALIDATED,,,3,2.38,4.0,3.08,2.0,1.32
2026-05-24 14:13:33.304236+00:00,3,3_blocks,109271,42.9,2,1,1,,,0.5,"xgb,lgb",1.0043041606886658,False,0.0,VALIDATED,,,7,6.5,11.0,10.17,1.0,1.0
2026-05-24 14:13:33.304236+00:00,6,6_blocks,109271,42.9,2,1,1,,,0.5,"xgb,lgb",0.5738095238095238,False,0.0,VALIDATED,,,7,6.5,11.0,10.17,1.0,1.0
2026-05-24 15:36:11.106284+00:00,1,1_block,106227,42.3,1,1,1,,,0.896,"xgb,lgb",1.0034722222222223,False,0.0,VALIDATED,,,2,1.39,2.0,1.45,2.0,1.31
2026-05-24 15:36:11.106284+00:00,3,3_blocks,106227,42.3,1,1,1,,,0.5,"xgb,lgb",1.0,False,0.0,VALIDATED,,,4,3.89,6.0,5.81,1.0,1.0
2026-05-24 15:36:11.106284+00:00,6,6_blocks,106227,42.3,1,1,1,,,0.5,"xgb,lgb",1.0,False,0.0,VALIDATED,,,4,3.89,6.0,5.81,1.0,1.0
2026-05-24 16:38:57.763881+00:00,1,1_block,113598,44.1,2,1,1,,,0.5,"xgb,lgb",1.0,False,0.0,VALIDATED,,,4,3.04,5.0,4.33,2.0,1.11
2026-05-24 16:38:57.763881+00:00,3,3_blocks,113598,44.1,2,1,1,,,0.5,"xgb,lgb",1.0,False,0.0,VALIDATED,,,10,9.43,16.0,15.04,1.0,1.0
2026-05-24 16:38:57.763881+00:00,6,6_blocks,113598,44.1,2,1,1,,,0.5,"xgb,lgb",0.3636363636363636,False,0.0,VALIDATED,,,10,9.43,16.0,15.04,1.0,1.0
2026-05-24 17:39:29.915230+00:00,1,1_block,104980,42.0,2,1,1,,,0.5,"xgb,lgb",1.0,False,0.0,VALIDATED,,,3,2.89,5.0,4.07,2.0,1.11
2026-05-24 17:39:29.915230+00:00,3,3_blocks,104980,42.0,2,1,1,,,0.5,"xgb,lgb",1.0,False,0.0,VALIDATED,,,8,7.97,13.0,12.62,1.0,1.0
2026-05-24 17:39:29.915230+00:00,6,6_blocks,104980,42.0,2,1,1,,,0.5,"xgb,lgb",0.3636363636363636,False,0.0,VALIDATED,,,8,7.97,13.0,12.62,1.0,1.0
2026-05-24 18:46:15.038843+00:00,1,1_block,113847,43.4,2,1,1,,,0.5,"xgb,lgb",1.0,False,0.0,VALIDATED,,,2,1.74,3.0,2.24,1.0,1.0
2026-05-24 18:46:15.038843+00:00,3,3_blocks,113847,43.4,2,1,1,,,0.5,"xgb,lgb",1.0,False,0.0,VALIDATED,,,5,4.67,8.0,7.11,1.0,1.0
2026-05-24 18:46:15.038843+00:00,6,6_blocks,113847,43.4,2,1,1,,,0.5,"xgb,lgb",0.3636363636363636,False,0.0,VALIDATED,,,5,4.67,8.0,7.11,1.0,1.0
2026-05-24 19:53:44.619167+00:00,1,1_block,110061,42.6,2,1,1,,,0.5,"xgb,lgb",1.0,False,0.0,VALIDATED,,,2,1.85,3.0,2.34,2.0,1.11
2026-05-24 19:53:44.619167+00:00,3,3_blocks,110061,42.6,2,1,1,,,0.5,"xgb,lgb",1.0,False,0.0,VALIDATED,,,8,7.87,13.0,12.46,1.0,1.0
2026-05-24 19:53:44.619167+00:00,6,6_blocks,110061,42.6,2,1,1,,,0.5,"xgb,lgb",0.3636363636363636,False,0.0,VALIDATED,,,8,7.87,13.0,12.46,1.0,1.0
2026-05-24 20:47:39.279987+00:00,1,1_block,111917,43.5,2,1,1,,,0.5,"xgb,lgb",1.0,False,0.0,VALIDATED,,,2,1.86,3.0,2.36,2.0,1.11
2026-05-24 20:47:39.279987+00:00,3,3_blocks,111917,43.5,2,1,1,,,0.5,"xgb,lgb",1.0,False,0.0,VALIDATED,,,9,8.59,14.0,13.65,1.0,1.0
2026-05-24 20:47:39.279987+00:00,6,6_blocks,111917,43.5,2,1,1,,,0.5,"xgb,lgb",0.3636363636363636,False,0.0,VALIDATED,,,9,8.59,14.0,13.65,1.0,1.0
2026-05-24 21:41:38.035059+00:00,1,1_block,114302,43.9,2,1,1,,,0.5,"xgb,lgb",1.0,False,0.0,VALIDATED,,,4,3.16,5.0,4.52,2.0,1.11
2026-05-24 21:41:38.035059+00:00,3,3_blocks,114302,43.9,2,1,1,,,0.5,"xgb,lgb",1.0,False,0.0,VALIDATED,,,11,10.83,18.0,17.38,1.0,1.0
2026-05-24 21:41:38.035059+00:00,6,6_blocks,114302,43.9,2,1,1,,,0.5,"xgb,lgb",0.404040404040404,False,0.0,VALIDATED,,,11,10.83,18.0,17.38,1.0,1.0
2026-05-24 22:42:18.609721+00:00,1,1_block,110748,43.2,2,1,1,,,0.5,"xgb,lgb",0.4372759856630824,False,0.0,VALIDATED,,,4,3.2,5.0,4.59,2.0,1.11
2026-05-24 22:42:18.609721+00:00,3,3_blocks,110748,43.2,2,1,1,,,0.5,"xgb,lgb",0.4372759856630824,False,0.0,VALIDATED,,,11,10.07,17.0,16.12,1.0,1.0
2026-05-24 22:42:18.609721+00:00,6,6_blocks,110748,43.2,2,1,1,,,0.5,"xgb,lgb",0.3636363636363636,False,0.0,VALIDATED,,,11,10.07,17.0,16.12,1.0,1.0
2026-05-24 23:45:17.927792+00:00,1,1_block,107223,42.4,1,1,1,,,0.5,"xgb,lgb",1.0,False,0.0,VALIDATED,,,2,1.6,3.0,2.01,1.0,1.0
2026-05-24 23:45:17.927792+00:00,3,3_blocks,107223,42.4,1,1,1,,,0.5,"xgb,lgb",1.0,False,0.0,VALIDATED,,,4,3.35,5.0,4.92,1.0,1.0
2026-05-24 23:45:17.927792+00:00,6,6_blocks,107223,42.4,1,1,1,,,0.5,"xgb,lgb",0.3636363636363636,False,0.0,VALIDATED,,,4,3.35,5.0,4.92,1.0,1.0
2026-05-25 01:54:48.229528+00:00,1,1_block,106222,42.2,1,1,1,,,0.5,"xgb,lgb",1.0,False,0.0,VALIDATED,,,3,2.68,4.0,3.61,2.0,1.29
2026-05-25 01:54:48.229528+00:00,3,3_blocks,106222,42.2,1,1,1,,,0.5,"xgb,lgb",1.0,False,0.0,VALIDATED,,,5,4.56,7.0,6.92,1.0,1.0
2026-05-25 01:54:48.229528+00:00,6,6_blocks,106222,42.2,1,1,1,,,0.5,"xgb,lgb",0.3636363636363636,False,0.0,VALIDATED,,,5,4.55,7.0,6.92,1.0,1.0
2026-05-25 06:22:30.887617+00:00,1,1_block,108054,42.5,2,1,1,,,0.5,"xgb,lgb",1.0,False,0.0,VALIDATED,,,3,2.9,5.0,4.08,2.0,1.12
2026-05-25 06:22:30.887617+00:00,3,3_blocks,108054,42.5,2,1,1,,,0.5,"xgb,lgb",1.0,False,0.0,VALIDATED,,,8,7.93,13.0,12.55,1.0,1.0
2026-05-25 06:22:30.887617+00:00,6,6_blocks,108054,42.5,2,1,1,,,0.5,"xgb,lgb",0.3636363636363636,False,0.0,VALIDATED,,,8,7.93,13.0,12.55,1.0,1.0
2026-05-25 10:55:37.094325+00:00,1,1_block,101139,41.8,1,1,1,,,0.912,"xgb,lgb",1.0,False,0.0,VALIDATED,,,2,1.04,1.0,1.0,2.0,1.09
2026-05-25 10:55:37.094325+00:00,3,3_blocks,101139,41.8,1,1,1,,,0.5,"xgb,lgb",1.0,False,0.0,VALIDATED,,,5,5.0,8.0,7.66,1.0,1.0
2026-05-25 10:55:37.094325+00:00,6,6_blocks,101139,41.8,1,1,1,,,0.5,"xgb,lgb",1.0,False,0.0,VALIDATED,,,5,5.0,8.0,7.66,1.0,1.0
2026-05-25 13:57:21.096828+00:00,1,1_block,109730,44.0,3,3,1,,,0.5,"xgb,lgb",1.0,False,0.0,VALIDATED,,,3,2.46,4.0,3.24,2.0,1.27
2026-05-25 13:57:21.096828+00:00,3,3_blocks,109730,44.0,3,3,1,,,0.5,"xgb,lgb",0.5142857142857142,False,0.0,VALIDATED,,,11,10.66,18.0,17.09,1.0,1.0
2026-05-25 13:57:21.096828+00:00,6,6_blocks,109730,44.0,3,3,1,,,0.5,"xgb,lgb",0.5142857142857142,False,0.0,VALIDATED,,,11,10.66,18.0,17.09,1.0,1.0
2026-05-25 16:21:36.260329+00:00,1,1_block,107912,42.8,2,1,1,,,0.5,"xgb,lgb",0.5142857142857142,False,0.0,VALIDATED,,,3,2.96,5.0,4.27,1.0,1.0
2026-05-25 16:21:36.260329+00:00,3,3_blocks,107912,42.8,2,1,1,,,0.5,"xgb,lgb",0.4785714285714286,False,0.0,VALIDATED,,,9,8.03,13.0,12.72,1.0,1.0
2026-05-25 16:21:36.260329+00:00,6,6_blocks,107912,42.8,2,1,1,,,0.5,"xgb,lgb",0.4785714285714286,False,0.0,VALIDATED,,,9,8.03,13.0,12.72,1.0,1.0
2026-05-25 18:07:53.633208+00:00,1,1_block,100363,41.1,2,1,1,,,0.5,"xgb,lgb",1.0,False,0.0,VALIDATED,,,4,3.05,5.0,4.34,2.0,1.12
2026-05-25 18:07:53.633208+00:00,3,3_blocks,100363,41.1,2,1,1,,,0.5,"xgb,lgb",1.0,False,0.0,VALIDATED,,,7,6.58,11.0,10.3,1.0,1.0
2026-05-25 18:07:53.633208+00:00,6,6_blocks,100363,41.1,2,1,1,,,0.5,"xgb,lgb",0.3636363636363636,False,0.0,VALIDATED,,,7,6.58,11.0,10.3,1.0,1.0
2026-05-25 19:56:58.201263+00:00,1,1_block,107324,42.5,2,1,1,,,0.5,"xgb,lgb",1.0,False,0.0,VALIDATED,,,4,3.22,5.0,4.62,2.0,1.12
2026-05-25 19:56:58.201263+00:00,3,3_blocks,107324,42.5,2,1,1,,,0.5,"xgb,lgb",1.0,False,0.0,VALIDATED,,,7,6.03,10.0,9.39,1.0,1.0
2026-05-25 19:56:58.201263+00:00,6,6_blocks,107324,42.5,2,1,1,,,0.5,"xgb,lgb",0.3636363636363636,False,0.0,VALIDATED,,,7,6.03,10.0,9.39,1.0,1.0
2026-05-25 21:12:43.854801+00:00,1,1_block,107860,42.8,2,1,1,,,0.5,"xgb,lgb",1.0,False,0.0,VALIDATED,,,4,3.19,5.0,4.57,2.0,1.12
2026-05-25 21:12:43.854801+00:00,3,3_blocks,107860,42.8,2,1,1,,,0.5,"xgb,lgb",1.0,False,0.0,VALIDATED,,,6,5.82,10.0,9.03,1.0,1.0
2026-05-25 21:12:43.854801+00:00,6,6_blocks,107860,42.8,2,1,1,,,0.5,"xgb,lgb",0.4027459954233409,False,0.0,VALIDATED,,,6,5.82,10.0,9.03,1.0,1.0
2026-05-25 22:25:25.472625+00:00,1,1_block,108005,42.5,2,1,1,,,0.5,"xgb,lgb",0.4785714285714286,False,0.0,VALIDATED,,,3,2.49,4.0,3.48,1.0,1.0
2026-05-25 22:25:25.472625+00:00,3,3_blocks,108005,42.5,2,1,1,,,0.5,"xgb,lgb",0.4214285714285714,False,0.0,VALIDATED,,,5,4.44,7.0,6.73,1.0,1.0
2026-05-25 22:25:25.472625+00:00,6,6_blocks,108005,42.5,2,1,1,,,0.5,"xgb,lgb",0.4019607843137255,False,0.0,VALIDATED,,,5,4.44,7.0,6.73,1.0,1.0
2026-05-25 23:34:06.890922+00:00,1,1_block,106005,42.0,2,1,1,,,0.5,"xgb,lgb",0.6285714285714286,False,0.0,VALIDATED,,,4,3.07,5.0,4.37,2.0,1.12
2026-05-25 23:34:06.890922+00:00,3,3_blocks,106005,42.0,2,1,1,,,0.5,"xgb,lgb",0.4214285714285714,False,0.0,VALIDATED,,,6,5.49,9.0,8.48,1.0,1.0
2026-05-25 23:34:06.890922+00:00,6,6_blocks,106005,42.0,2,1,1,,,0.5,"xgb,lgb",0.4019607843137255,False,0.0,VALIDATED,,,6,5.49,9.0,8.48,1.0,1.0
2026-05-26 01:28:35.624849+00:00,1,1_block,92777,40.2,1,1,1,,,0.5,"xgb,lgb",0.6285714285714286,False,0.0,VALIDATED,,,2,1.9,3.0,2.43,2.0,1.1
2026-05-26 01:28:35.624849+00:00,3,3_blocks,92777,40.2,1,1,1,,,0.5,"xgb,lgb",0.4316546762589928,False,0.0,VALIDATED,,,7,6.18,10.0,9.63,1.0,1.0
2026-05-26 01:28:35.624849+00:00,6,6_blocks,92777,40.2,1,1,1,,,0.5,"xgb,lgb",0.4316546762589928,False,0.0,VALIDATED,,,7,6.18,10.0,9.63,1.0,1.0
2026-05-26 05:39:56.641147+00:00,1,1_block,105759,42.4,2,1,1,,,0.5,"xgb,lgb",0.4357142857142857,False,0.0,VALIDATED,,,3,2.93,5.0,4.02,2.0,1.3
2026-05-26 05:39:56.641147+00:00,3,3_blocks,105759,42.4,2,1,1,,,0.5,"xgb,lgb",1.0,False,0.0,VALIDATED,,,7,6.91,11.0,10.85,1.0,1.0
2026-05-26 05:39:56.641147+00:00,6,6_blocks,105759,42.4,2,1,1,,,0.5,"xgb,lgb",0.3636363636363636,False,0.0,VALIDATED,,,7,6.91,11.0,10.85,2.0,1.01
2026-05-26 08:54:15.158166+00:00,1,1_block,107565,42.3,1,1,1,,,0.5,"xgb,lgb",1.0,False,0.0,VALIDATED,,,2,1.77,3.0,2.29,1.0,1.0
2026-05-26 08:54:15.158166+00:00,3,3_blocks,107565,42.3,1,1,1,,,0.5,"xgb,lgb",1.0,False,0.0,VALIDATED,,,4,3.71,6.0,5.51,1.0,1.0
2026-05-26 08:54:15.158166+00:00,6,6_blocks,107565,42.3,1,1,1,,,0.5,"xgb,lgb",0.3636363636363636,False,0.0,VALIDATED,,,4,3.71,6.0,5.51,1.0,1.0
2026-05-26 15:42:33.925849+00:00,1,1_block,119641,44.4,2,1,1,,,0.5,"xgb,lgb",1.0,False,0.0,VALIDATED,,,3,2.08,3.0,2.73,2.0,1.12
2026-05-26 15:42:33.925849+00:00,3,3_blocks,119641,44.4,2,1,1,,,0.5,"xgb,lgb",1.0,False,0.0,VALIDATED,,,10,9.72,16.0,15.53,1.0,1.0
2026-05-26 15:42:33.925849+00:00,6,6_blocks,119641,44.4,2,1,1,,,0.5,"xgb,lgb",0.3636363636363636,False,0.0,VALIDATED,,,10,9.72,16.0,15.53,1.0,1.0
2026-05-26 18:13:45.173009+00:00,1,1_block,123734,45.4,2,1,1,,,0.5,"xgb,lgb",1.0,False,0.0,VALIDATED,,,3,2.17,3.0,2.87,2.0,1.12
2026-05-26 18:13:45.173009+00:00,3,3_blocks,123734,45.4,2,1,1,,,0.5,"xgb,lgb",1.0,False,0.0,VALIDATED,,,10,9.55,16.0,15.26,1.0,1.0
2026-05-26 18:13:45.173009+00:00,6,6_blocks,123734,45.4,2,1,1,,,0.5,"xgb,lgb",0.3636363636363636,False,0.0,VALIDATED,,,10,9.55,16.0,15.26,1.0,1.0
2026-05-26 20:27:45.835534+00:00,1,1_block,124656,47.5,2,1,1,,,0.5,"xgb,lgb",1.0,False,0.0,VALIDATED,,,4,3.18,5.0,4.56,2.0,1.12
2026-05-26 20:27:45.835534+00:00,3,3_blocks,124656,47.5,2,1,1,,,0.5,"xgb,lgb",1.0,False,0.0,VALIDATED,,,10,9.29,15.0,14.82,1.0,1.0
2026-05-26 20:27:45.835534+00:00,6,6_blocks,124656,47.5,2,1,1,,,0.5,"xgb,lgb",0.5214285714285715,False,0.0,VALIDATED,,,10,9.29,15.0,14.82,1.0,1.0
2026-05-26 22:06:16.920967+00:00,1,1_block,122779,45.0,2,1,1,,,0.5,"xgb,lgb",0.6142857142857143,False,0.0,VALIDATED,,,3,2.16,3.0,2.85,2.0,1.12
2026-05-26 22:06:16.920967+00:00,3,3_blocks,122779,45.0,2,1,1,,,0.5,"xgb,lgb",0.6142857142857143,False,0.0,VALIDATED,,,9,8.99,15.0,14.32,1.0,1.0
2026-05-26 22:06:16.920967+00:00,6,6_blocks,122779,45.0,2,1,1,,,0.5,"xgb,lgb",0.5163398692810458,False,0.0,VALIDATED,,,9,8.99,15.0,14.32,1.0,1.0
2026-05-26 23:20:31.280839+00:00,1,1_block,123785,45.2,2,1,1,,,0.5,"xgb,lgb",0.5163398692810458,False,0.0,VALIDATED,,,3,2.02,3.0,2.62,2.0,1.12
2026-05-26 23:20:31.280839+00:00,3,3_blocks,123785,45.2,2,1,1,,,0.5,"xgb,lgb",0.5163398692810458,False,0.0,VALIDATED,,,10,9.41,16.0,15.01,1.0,1.0
2026-05-26 23:20:31.280839+00:00,6,6_blocks,123785,45.2,2,1,1,,,0.5,"xgb,lgb",0.5038759689922481,False,0.0,VALIDATED,,,10,9.41,16.0,15.01,1.0,1.0
2026-05-27 01:30:40.895383+00:00,1,1_block,113542,43.3,1,1,1,,,0.5,"xgb,lgb",0.5519713261648745,False,0.0,VALIDATED,,,3,2.68,4.0,3.8,1.0,1.0
2026-05-27 01:30:40.895383+00:00,3,3_blocks,113542,43.3,1,1,1,,,0.5,"xgb,lgb",0.5038759689922481,False,0.0,VALIDATED,,,6,5.64,9.0,8.74,1.0,1.0
2026-05-27 01:30:40.895383+00:00,6,6_blocks,113542,43.3,1,1,1,,,0.5,"xgb,lgb",0.5038759689922481,False,0.0,VALIDATED,,,6,5.64,9.0,8.74,1.0,1.0
2026-05-27 05:56:32.653984+00:00,1,1_block,113554,43.7,2,1,1,,,0.5,"xgb,lgb",0.5251798561151079,False,0.0,VALIDATED,,,5,4.11,7.0,6.14,2.0,1.08
2026-05-27 05:56:32.653984+00:00,3,3_blocks,113554,43.7,2,1,1,,,0.5,"xgb,lgb",0.5251798561151079,False,0.0,VALIDATED,,,9,8.56,14.0,13.61,1.0,1.0
2026-05-27 05:56:32.653984+00:00,6,6_blocks,113554,43.7,2,1,1,,,0.5,"xgb,lgb",0.5251798561151079,False,0.0,VALIDATED,,,9,8.56,14.0,13.61,1.0,1.0
2026-05-27 09:37:46.111420+00:00,1,1_block,121068,44.9,2,1,1,,,0.836,"xgb,lgb",0.5357142857142857,False,0.0,VALIDATED,,,2,1.22,2.0,1.3,2.0,1.1
2026-05-27 09:37:46.111420+00:00,3,3_blocks,121068,44.9,2,1,1,,,0.5,"xgb,lgb",0.5295169946332737,False,0.0,VALIDATED,,,5,4.72,8.0,7.2,1.0,1.0
2026-05-27 09:37:46.111420+00:00,6,6_blocks,121068,44.9,2,1,1,,,0.5,"xgb,lgb",0.4646464646464646,False,0.0,VALIDATED,,,5,4.72,8.0,7.2,1.0,1.0
2026-05-27 16:29:18.983179+00:00,1,1_block,120396,45.2,2,1,1,,,0.5,"xgb,lgb",1.3475177304964538,False,0.0,VALIDATED,,,2,1.94,3.0,2.52,2.0,1.06
2026-05-27 16:29:18.983179+00:00,3,3_blocks,120396,45.2,2,1,1,,,0.5,"xgb,lgb",1.3475177304964538,False,0.0,VALIDATED,,,3,2.56,4.0,3.6,1.0,1.0
2026-05-27 16:29:18.983179+00:00,6,6_blocks,120396,45.2,2,1,1,,,0.5,"xgb,lgb",0.700164744645799,False,0.0,VALIDATED,,,3,2.56,4.0,3.6,1.0,1.0
2026-05-27 18:39:51.907902+00:00,1,1_block,121085,45.6,3,3,1,,,0.5,"xgb,lgb",1.3475177304964538,False,0.0,VALIDATED,,,3,2.31,4.0,3.18,1.0,1.0
2026-05-27 18:39:51.907902+00:00,3,3_blocks,121085,45.6,3,3,1,,,0.5,"xgb,lgb",0.5357142857142857,False,0.0,VALIDATED,,,5,4.01,7.0,6.01,1.0,1.0
2026-05-27 18:39:51.907902+00:00,6,6_blocks,121085,45.6,3,3,1,,,0.5,"xgb,lgb",0.5285714285714286,False,0.0,VALIDATED,,,5,4.01,7.0,6.01,1.0,1.0
2026-05-27 20:53:52.030954+00:00,1,1_block,118317,44.8,1,1,1,,,0.928,"xgb,lgb",0.5357142857142857,False,0.0,VALIDATED,,,2,1.03,1.0,1.0,2.0,1.07
2026-05-27 20:53:52.030954+00:00,3,3_blocks,118317,44.8,1,1,1,,,0.593,"xgb,lgb",0.5357142857142857,False,0.0,VALIDATED,,,2,1.31,2.0,1.51,1.0,1.0
2026-05-27 20:53:52.030954+00:00,6,6_blocks,118317,44.8,1,1,1,,,0.593,"xgb,lgb",0.6214285714285714,False,0.0,VALIDATED,,,2,1.31,2.0,1.51,1.0,1.0
2026-05-27 22:28:31.997862+00:00,1,1_block,116032,44.4,1,1,1,,,1.0,"xgb,lgb",0.6909742976688583,False,0.0,VALIDATED,,,1,1.0,1.0,1.0,1.0,1.0
2026-05-27 22:28:31.997862+00:00,3,3_blocks,116032,44.4,1,1,1,,,0.5,"xgb,lgb",0.65,False,0.0,VALIDATED,,,4,3.97,6.0,5.95,1.0,1.0
2026-05-27 22:28:31.997862+00:00,6,6_blocks,116032,44.4,1,1,1,,,0.5,"xgb,lgb",0.5142857142857142,False,0.0,VALIDATED,,,4,3.97,6.0,5.95,1.0,1.0
2026-05-27 23:45:23.133872+00:00,1,1_block,114539,44.3,1,1,1,,,1.0,"xgb,lgb",0.5905829596412556,False,0.0,VALIDATED,,,1,1.0,1.0,1.0,1.0,1.0
2026-05-27 23:45:23.133872+00:00,3,3_blocks,114539,44.3,1,1,1,,,0.5,"xgb,lgb",0.5142857142857142,False,0.0,VALIDATED,,,4,3.62,6.0,5.36,1.0,1.0
2026-05-27 23:45:23.133872+00:00,6,6_blocks,114539,44.3,1,1,1,,,0.5,"xgb,lgb",0.5142857142857142,False,0.0,VALIDATED,,,4,3.62,6.0,5.36,1.0,1.0
2026-05-28 01:26:49.193891+00:00,1,1_block,119656,45.3,2,1,1,,,0.5,"xgb,lgb",0.5905829596412556,False,0.0,VALIDATED,,,3,2.07,3.0,2.79,1.0,1.0
2026-05-28 01:26:49.193891+00:00,3,3_blocks,119656,45.3,2,1,1,,,0.5,"xgb,lgb",0.5857142857142857,False,0.0,VALIDATED,,,4,3.12,5.0,4.53,1.0,1.0
2026-05-28 01:26:49.193891+00:00,6,6_blocks,119656,45.3,2,1,1,,,0.5,"xgb,lgb",0.5857142857142857,False,0.0,VALIDATED,,,4,3.12,5.0,4.53,1.0,1.0
2026-05-28 05:45:50.195170+00:00,1,1_block,125420,46.6,3,3,1,,,1.0,"xgb,lgb",0.6142857142857143,False,0.0,VALIDATED,,,1,1.0,1.0,1.0,1.0,1.0
2026-05-28 05:45:50.195170+00:00,3,3_blocks,125420,46.6,3,3,1,,,0.5,"xgb,lgb",0.6142857142857143,False,0.0,VALIDATED,,,8,7.17,12.0,11.28,1.0,1.0
2026-05-28 05:45:50.195170+00:00,6,6_blocks,125420,46.6,3,3,1,,,0.5,"xgb,lgb",0.5571428571428572,False,0.0,VALIDATED,,,8,7.17,12.0,11.28,1.0,1.0
2026-05-28 09:36:06.634002+00:00,1,1_block,117474,44.8,1,1,1,,,0.5,"xgb,lgb",0.6142857142857143,False,0.0,VALIDATED,,,2,1.45,2.0,1.75,1.0,1.0
2026-05-28 09:36:06.634002+00:00,3,3_blocks,117474,44.8,1,1,1,,,0.5,"xgb,lgb",0.6142857142857143,False,0.0,VALIDATED,,,7,6.67,11.0,10.45,1.0,1.0
2026-05-28 09:36:06.634002+00:00,6,6_blocks,117474,44.8,1,1,1,,,0.5,"xgb,lgb",2.0355871886121,False,0.0,VALIDATED,,,7,6.67,11.0,10.45,1.0,1.0
2026-05-28 12:52:23.012256+00:00,1,1_block,117133,45.8,3,3,1,,,0.603,"xgb,lgb",3.0,False,0.0,VALIDATED,,,2,1.72,2.0,1.98,2.0,1.33
2026-05-28 12:52:23.012256+00:00,3,3_blocks,117133,45.8,3,3,1,,,0.5,"xgb,lgb",3.0,False,0.0,VALIDATED,,,5,4.9,8.0,7.5,1.0,1.0
2026-05-28 12:52:23.012256+00:00,6,6_blocks,117133,45.8,3,3,1,,,0.5,"xgb,lgb",2.0355871886121,False,0.0,VALIDATED,,,5,4.9,8.0,7.5,1.0,1.0
2026-05-28 16:50:53.344065+00:00,1,1_block,120876,46.3,2,1,1,,,0.5,"xgb,lgb",0.6132075471698113,False,0.0,VALIDATED,,,4,3.64,6.0,5.35,2.0,1.07
2026-05-28 16:50:53.344065+00:00,3,3_blocks,120876,46.3,2,1,1,,,0.5,"xgb,lgb",0.6132075471698113,False,0.0,VALIDATED,,,5,4.49,7.0,6.81,1.0,1.0
2026-05-28 16:50:53.344065+00:00,6,6_blocks,120876,46.3,2,1,1,,,0.5,"xgb,lgb",0.5785714285714286,False,0.0,VALIDATED,,,5,4.49,7.0,6.81,1.0,1.0
2026-05-28 19:30:32.607430+00:00,1,1_block,118598,45.9,2,1,1,,,0.5,"xgb,lgb",2.07843137254902,False,0.0,VALIDATED,,,3,2.6,4.0,3.67,1.0,1.0
2026-05-28 19:30:32.607430+00:00,3,3_blocks,118598,45.9,2,1,1,,,0.5,"xgb,lgb",0.6964285714285714,False,0.0,VALIDATED,,,9,8.33,14.0,13.21,1.0,1.0
2026-05-28 19:30:32.607430+00:00,6,6_blocks,118598,45.9,2,1,1,,,0.5,"xgb,lgb",0.5339366515837104,False,0.0,VALIDATED,,,9,8.33,14.0,13.21,1.0,1.0
2026-05-28 21:32:56.359701+00:00,1,1_block,116561,45.5,1,1,1,,,0.5,"xgb,lgb",0.6964285714285714,False,0.0,VALIDATED,,,4,3.35,5.0,4.91,1.0,1.0
2026-05-28 21:32:56.359701+00:00,3,3_blocks,116561,45.5,1,1,1,,,0.5,"xgb,lgb",0.6964285714285714,False,0.0,VALIDATED,,,7,6.79,11.0,10.64,1.0,1.0
2026-05-28 21:32:56.359701+00:00,6,6_blocks,116561,45.5,1,1,1,,,0.5,"xgb,lgb",0.5737704918032787,False,0.0,VALIDATED,,,7,6.79,11.0,10.64,1.0,1.0
2026-05-28 22:59:55.614863+00:00,1,1_block,113940,44.8,1,1,1,,,1.0,"xgb,lgb",0.6714285714285714,False,0.0,VALIDATED,,,1,1.0,1.0,1.0,1.0,1.0
2026-05-28 22:59:55.614863+00:00,3,3_blocks,113940,44.8,1,1,1,,,0.5,"xgb,lgb",0.5934718100890207,False,0.0,VALIDATED,,,9,8.45,14.0,13.41,1.0,1.0
2026-05-28 22:59:55.614863+00:00,6,6_blocks,113940,44.8,1,1,1,,,0.5,"xgb,lgb",0.5857142857142857,False,0.0,VALIDATED,,,9,8.45,14.0,13.41,1.0,1.0
2026-05-29 00:20:08.625683+00:00,1,1_block,105523,43.5,1,1,1,,,0.5,"xgb,lgb",1.8454545454545448,False,0.0,VALIDATED,,,4,3.73,6.0,5.56,1.0,1.0
2026-05-29 00:20:08.625683+00:00,3,3_blocks,105523,43.5,1,1,1,,,0.5,"xgb,lgb",1.0,False,0.0,VALIDATED,,,9,8.11,13.0,12.86,1.0,1.0
2026-05-29 00:20:08.625683+00:00,6,6_blocks,105523,43.5,1,1,1,,,0.5,"xgb,lgb",0.5857142857142857,False,0.0,VALIDATED,,,9,8.11,13.0,12.86,1.0,1.0
2026-05-29 04:45:31.318192+00:00,1,1_block,120342,47.0,5,4,3,,,0.5,"xgb,lgb",1.0,False,0.0,VALIDATED,,,2,1.65,3.0,2.09,1.0,1.0
2026-05-29 04:45:31.318192+00:00,3,3_blocks,120342,47.0,5,4,3,,,0.5,"xgb,lgb",1.0,False,0.0,VALIDATED,,,6,5.51,9.0,8.51,1.0,1.0
2026-05-29 04:45:31.318192+00:00,6,6_blocks,120342,47.0,5,4,3,,,0.5,"xgb,lgb",0.5642857142857143,False,0.0,VALIDATED,,,6,5.51,9.0,8.51,1.0,1.0
2026-05-29 08:33:50.098301+00:00,1,1_block,112159,44.8,2,1,1,,,0.5,"xgb,lgb",1.0,False,0.0,VALIDATED,,,2,1.7,3.0,2.16,1.0,1.0
2026-05-29 08:33:50.098301+00:00,3,3_blocks,112159,44.8,2,1,1,,,0.5,"xgb,lgb",1.0,False,0.0,VALIDATED,,,7,6.68,11.0,10.46,1.0,1.0
2026-05-29 08:33:50.098301+00:00,6,6_blocks,112159,44.8,2,1,1,,,0.5,"xgb,lgb",0.6103092783505155,False,0.0,VALIDATED,,,7,6.68,11.0,10.46,1.0,1.0
2026-05-29 11:53:58.597703+00:00,1,1_block,108834,44.7,2,1,1,,,0.687,"xgb,lgb",0.6330935251798561,False,0.0,VALIDATED,,,2,1.15,1.0,1.0,2.0,1.37
2026-05-29 11:53:58.597703+00:00,3,3_blocks,108834,44.7,2,1,1,,,0.5,"xgb,lgb",0.6142857142857143,False,0.0,VALIDATED,,,6,5.91,10.0,9.18,1.0,1.0
2026-05-29 11:53:58.597703+00:00,6,6_blocks,108834,44.7,2,1,1,,,0.5,"xgb,lgb",2.018181818181818,False,0.0,VALIDATED,,,6,5.91,10.0,9.18,1.0,1.0
2026-05-29 14:49:32.537920+00:00,1,1_block,110083,45.4,3,3,1,,,0.5,"xgb,lgb",2.018181818181818,False,0.0,VALIDATED,,,4,3.01,5.0,4.34,1.0,1.0
2026-05-29 14:49:32.537920+00:00,3,3_blocks,110083,45.4,3,3,1,,,0.5,"xgb,lgb",2.018181818181818,False,0.0,VALIDATED,,,8,7.36,12.0,11.6,1.0,1.0
2026-05-29 14:49:32.537920+00:00,6,6_blocks,110083,45.4,3,3,1,,,0.5,"xgb,lgb",2.018181818181818,False,0.0,VALIDATED,,,8,7.36,12.0,11.6,1.0,1.0
2026-05-29 17:58:20.067891+00:00,1,1_block,119409,47.4,5,4,3,,,0.5,"xgb,lgb",4.713432835820895,False,0.0,VALIDATED,,,3,2.46,4.0,3.43,1.0,1.0
2026-05-29 17:58:20.067891+00:00,3,3_blocks,119409,47.4,5,4,3,,,0.5,"xgb,lgb",2.0,False,0.0,VALIDATED,,,9,8.37,14.0,13.29,1.0,1.0
2026-05-29 17:58:20.067891+00:00,6,6_blocks,119409,47.4,5,4,3,,,0.5,"xgb,lgb",2.0,False,0.0,VALIDATED,,,9,8.37,14.0,13.29,1.0,1.0
2026-05-29 20:25:28.674631+00:00,1,1_block,118499,47.2,5,4,3,,,0.5,"xgb,lgb",5.0,False,0.0,VALIDATED,,,3,2.25,4.0,3.09,1.0,1.0
2026-05-29 20:25:28.674631+00:00,3,3_blocks,118499,47.2,5,4,3,,,0.5,"xgb,lgb",2.0,False,0.0,VALIDATED,,,8,7.29,12.0,11.49,1.0,1.0
2026-05-29 20:25:28.674631+00:00,6,6_blocks,118499,47.2,5,4,3,,,0.5,"xgb,lgb",1.0,False,0.0,VALIDATED,,,8,7.29,12.0,11.49,1.0,1.0
2026-05-29 22:12:10.888831+00:00,1,1_block,115241,45.9,2,1,1,,,0.5,"xgb,lgb",1.258347978910369,False,0.0,VALIDATED,,,3,2.85,5.0,4.08,1.0,1.0
2026-05-29 22:12:10.888831+00:00,3,3_blocks,115241,45.9,2,1,1,,,0.5,"xgb,lgb",1.003708281829419,False,0.0,VALIDATED,,,7,6.24,10.0,9.73,1.0,1.0
2026-05-29 22:12:10.888831+00:00,6,6_blocks,115241,45.9,2,1,1,,,0.5,"xgb,lgb",0.6071428571428571,False,0.0,VALIDATED,,,7,6.24,10.0,9.73,1.0,1.0
2026-05-29 23:43:25.214944+00:00,1,1_block,105284,43.8,1,1,1,,,1.0,"xgb,lgb",0.7324955116696589,False,0.0,VALIDATED,,,1,1.0,1.0,1.0,1.0,1.0
2026-05-29 23:43:25.214944+00:00,3,3_blocks,105284,43.8,1,1,1,,,0.5,"xgb,lgb",0.7324955116696589,False,0.0,VALIDATED,,,6,5.92,10.0,9.2,1.0,1.0
2026-05-29 23:43:25.214944+00:00,6,6_blocks,105284,43.8,1,1,1,,,0.5,"xgb,lgb",0.6071428571428571,False,0.0,VALIDATED,,,6,5.92,10.0,9.2,1.0,1.0
2026-05-30 01:32:34.021604+00:00,1,1_block,113224,45.4,3,3,1,,,0.5,"xgb,lgb",0.7324955116696589,False,0.0,VALIDATED,,,3,2.25,4.0,3.08,1.0,1.0
2026-05-30 01:32:34.021604+00:00,3,3_blocks,113224,45.4,3,3,1,,,0.5,"xgb,lgb",0.65,False,0.0,VALIDATED,,,9,8.97,15.0,14.28,1.0,1.0
2026-05-30 01:32:34.021604+00:00,6,6_blocks,113224,45.4,3,3,1,,,0.5,"xgb,lgb",0.5308924485125858,False,0.0,VALIDATED,,,9,8.97,15.0,14.28,1.0,1.0
2026-05-30 05:32:31.505637+00:00,1,1_block,106427,44.3,2,1,1,,,0.5,"xgb,lgb",0.3737373737373737,False,0.0,VALIDATED,,,3,2.11,3.0,2.63,2.0,1.33
2026-05-30 05:32:31.505637+00:00,3,3_blocks,106427,44.3,2,1,1,,,0.5,"xgb,lgb",0.3737373737373737,False,0.0,VALIDATED,,,5,4.1,7.0,6.17,1.0,1.0
2026-05-30 05:32:31.505637+00:00,6,6_blocks,106427,44.3,2,1,1,,,0.5,"xgb,lgb",0.3737373737373737,False,0.0,VALIDATED,,,5,4.1,7.0,6.17,1.0,1.0
2026-05-30 08:06:32.014658+00:00,1,1_block,98435,41.8,2,1,1,,,1.0,"xgb,lgb",1.0,False,0.0,VALIDATED,,,1,1.0,1.0,1.0,1.0,1.0
2026-05-30 08:06:32.014658+00:00,3,3_blocks,98435,41.8,2,1,1,,,0.5,"xgb,lgb",0.5071428571428571,False,0.0,VALIDATED,,,11,10.26,17.0,16.42,1.0,1.0
2026-05-30 08:06:32.014658+00:00,6,6_blocks,98435,41.8,2,1,1,,,0.5,"xgb,lgb",0.4857142857142857,False,0.0,VALIDATED,,,11,10.25,17.0,16.42,1.0,1.0
2026-05-30 10:11:38.743617+00:00,1,1_block,106102,43.0,2,1,1,,,0.5,"xgb,lgb",1.0,False,0.0,VALIDATED,,,4,3.96,6.0,5.94,1.0,1.0
2026-05-30 10:11:38.743617+00:00,3,3_blocks,106102,43.0,2,1,1,,,0.5,"xgb,lgb",1.0,False,0.0,VALIDATED,,,10,9.87,16.0,15.78,1.0,1.0
2026-05-30 10:11:38.743617+00:00,6,6_blocks,106102,43.0,2,1,1,,,0.5,"xgb,lgb",1.0,False,0.0,VALIDATED,,,10,9.87,16.0,15.78,1.0,1.0
2026-05-30 11:46:46.333432+00:00,1,1_block,107331,43.4,3,1,1,,,0.5,"xgb,lgb",0.5428571428571428,False,0.0,VALIDATED,,,4,3.47,5.0,4.89,2.0,1.34
2026-05-30 11:46:46.333432+00:00,3,3_blocks,107331,43.4,3,1,1,,,0.5,"xgb,lgb",0.5,False,0.0,VALIDATED,,,8,7.8,13.0,12.33,1.0,1.0
2026-05-30 11:46:46.333432+00:00,6,6_blocks,107331,43.4,3,1,1,,,0.5,"xgb,lgb",0.4716553287981859,False,0.0,VALIDATED,,,8,7.8,13.0,12.33,1.0,1.0
2026-05-30 12:51:03.840301+00:00,1,1_block,107235,43.4,3,1,1,,,0.5,"xgb,lgb",0.5428571428571428,False,0.0,VALIDATED,,,4,3.46,5.0,4.87,2.0,1.35
2026-05-30 12:51:03.840301+00:00,3,3_blocks,107235,43.4,3,1,1,,,0.5,"xgb,lgb",0.5,False,0.0,VALIDATED,,,10,9.4,15.0,15.0,1.0,1.0
2026-05-30 12:51:03.840301+00:00,6,6_blocks,107235,43.4,3,1,1,,,0.5,"xgb,lgb",0.4716553287981859,False,0.0,VALIDATED,,,10,9.4,15.0,15.0,1.0,1.0
2026-05-30 14:21:15.570148+00:00,1,1_block,98619,41.6,1,1,1,,,1.0,"xgb,lgb",0.7071428571428572,False,0.0,VALIDATED,,,1,1.0,1.0,1.0,1.0,1.0
2026-05-30 14:21:15.570148+00:00,3,3_blocks,98619,41.6,1,1,1,,,0.5,"xgb,lgb",0.7071428571428572,False,0.0,VALIDATED,,,4,3.37,5.0,4.95,1.0,1.0
2026-05-30 14:21:15.570148+00:00,6,6_blocks,98619,41.6,1,1,1,,,0.5,"xgb,lgb",0.7071428571428572,False,0.0,VALIDATED,,,4,3.37,5.0,4.95,1.0,1.0
2026-05-30 15:45:32.794331+00:00,1,1_block,110225,43.7,3,1,1,,,0.5,"xgb,lgb",0.7071428571428572,False,0.0,VALIDATED,,,4,3.19,5.0,4.59,2.0,1.1
2026-05-30 15:45:32.794331+00:00,3,3_blocks,110225,43.7,3,1,1,,,0.5,"xgb,lgb",0.7071428571428572,False,0.0,VALIDATED,,,4,3.58,6.0,5.3,1.0,1.0
2026-05-30 15:45:32.794331+00:00,6,6_blocks,110225,43.7,3,1,1,,,0.5,"xgb,lgb",0.7071428571428572,False,0.0,VALIDATED,,,4,3.58,6.0,5.3,1.0,1.0
2026-05-30 16:45:58.360938+00:00,1,1_block,114964,45.3,6,5,4,,,0.5,"xgb,lgb",0.7071428571428572,False,0.0,VALIDATED,,,2,1.83,3.0,2.39,1.0,1.0
2026-05-30 16:45:58.360938+00:00,3,3_blocks,114964,45.3,6,5,4,,,0.5,"xgb,lgb",0.7071428571428572,False,0.0,VALIDATED,,,6,5.63,9.0,8.72,1.0,1.0
2026-05-30 16:45:58.360938+00:00,6,6_blocks,114964,45.3,6,5,4,,,0.5,"xgb,lgb",0.7071428571428572,False,0.0,VALIDATED,,,6,5.63,9.0,8.72,1.0,1.0
2026-05-30 17:48:06.940100+00:00,1,1_block,120054,46.5,6,5,4,,,0.862,"xgb,lgb",0.5457809694793537,False,0.0,VALIDATED,,,2,1.21,2.0,1.15,2.0,1.32
2026-05-30 17:48:06.940100+00:00,3,3_blocks,120054,46.5,6,5,4,,,0.5,"xgb,lgb",0.5457809694793537,False,0.0,VALIDATED,,,7,6.03,10.0,9.38,1.0,1.0
2026-05-30 17:48:06.940100+00:00,6,6_blocks,120054,46.5,6,5,4,,,0.5,"xgb,lgb",0.5457809694793537,False,0.0,VALIDATED,,,7,6.03,10.0,9.38,1.0,1.0
2026-05-30 18:51:44.939365+00:00,1,1_block,108057,43.1,1,1,1,,,0.5,"xgb,lgb",2.145985401459854,False,0.0,VALIDATED,,,2,1.75,3.0,2.25,1.0,1.0
2026-05-30 18:51:44.939365+00:00,3,3_blocks,108057,43.1,1,1,1,,,0.5,"xgb,lgb",0.5214285714285715,False,0.0,VALIDATED,,,5,4.23,7.0,6.38,1.0,1.0
2026-05-30 18:51:44.939365+00:00,6,6_blocks,108057,43.1,1,1,1,,,0.5,"xgb,lgb",0.5214285714285715,False,0.0,VALIDATED,,,5,4.23,7.0,6.38,1.0,1.0
2026-05-30 20:18:44.393293+00:00,1,1_block,110034,43.9,3,1,1,,,0.5,"xgb,lgb",2.145985401459854,False,0.0,VALIDATED,,,4,3.4,5.0,5.0,1.0,1.0
2026-05-30 20:18:44.393293+00:00,3,3_blocks,110034,43.9,3,1,1,,,0.5,"xgb,lgb",0.5714285714285714,False,0.0,VALIDATED,,,5,4.62,8.0,7.04,1.0,1.0
2026-05-30 20:18:44.393293+00:00,6,6_blocks,110034,43.9,3,1,1,,,0.5,"xgb,lgb",0.5714285714285714,False,0.0,VALIDATED,,,5,4.62,8.0,7.04,1.0,1.0
2026-05-30 21:12:37.199157+00:00,1,1_block,109050,44.2,3,3,1,,,0.5,"xgb,lgb",0.5714285714285714,False,0.0,VALIDATED,,,3,2.47,4.0,3.24,2.0,1.32
2026-05-30 21:12:37.199157+00:00,3,3_blocks,109050,44.2,3,3,1,,,0.5,"xgb,lgb",0.6857142857142857,False,0.0,VALIDATED,,,8,7.75,13.0,12.24,1.0,1.0
2026-05-30 21:12:37.199157+00:00,6,6_blocks,109050,44.2,3,3,1,,,0.5,"xgb,lgb",0.5714285714285714,False,0.0,VALIDATED,,,8,7.75,13.0,12.24,1.0,1.0
2026-05-30 22:15:25.741153+00:00,1,1_block,110447,43.6,2,1,1,,,0.5,"xgb,lgb",0.9490538573508006,False,0.0,VALIDATED,,,4,3.85,6.0,5.75,1.0,1.0
2026-05-30 22:15:25.741153+00:00,3,3_blocks,110447,43.6,2,1,1,,,0.5,"xgb,lgb",0.5,False,0.0,VALIDATED,,,8,7.16,12.0,11.26,1.0,1.0
2026-05-30 22:15:25.741153+00:00,6,6_blocks,110447,43.6,2,1,1,,,0.5,"xgb,lgb",0.5,False,0.0,VALIDATED,,,8,7.16,12.0,11.26,1.0,1.0
2026-05-30 23:17:08.221132+00:00,1,1_block,107264,43.0,1,1,1,,,0.5,"xgb,lgb",0.7214285714285714,False,0.0,VALIDATED,,,3,2.01,3.0,2.69,1.0,1.0
2026-05-30 23:17:08.221132+00:00,3,3_blocks,107264,43.0,1,1,1,,,0.5,"xgb,lgb",0.4,False,0.0,VALIDATED,,,4,3.5,6.0,5.16,1.0,1.0
2026-05-30 23:17:08.221132+00:00,6,6_blocks,107264,43.0,1,1,1,,,0.5,"xgb,lgb",0.4,False,0.0,VALIDATED,,,4,3.49,6.0,5.16,1.0,1.0
2026-05-31 00:17:44.632303+00:00,1,1_block,107770,43.0,1,1,1,,,0.716,"xgb,lgb",0.4,False,0.0,VALIDATED,,,2,1.14,1.0,1.0,2.0,1.34
2026-05-31 00:17:44.632303+00:00,3,3_blocks,107770,43.0,1,1,1,,,0.5,"xgb,lgb",0.4,False,0.0,VALIDATED,,,4,3.74,6.0,5.56,1.0,1.0
2026-05-31 00:17:44.632303+00:00,6,6_blocks,107770,43.0,1,1,1,,,0.5,"xgb,lgb",0.4,False,0.0,VALIDATED,,,4,3.74,6.0,5.56,1.0,1.0
2026-05-31 04:56:21.347259+00:00,1,1_block,114026,43.9,2,1,1,,,0.922,"xgb,lgb",0.5928571428571429,False,0.0,VALIDATED,,,2,1.03,1.0,1.0,2.0,1.08
2026-05-31 04:56:21.347259+00:00,3,3_blocks,114026,43.9,2,1,1,,,0.5,"xgb,lgb",0.4857142857142857,False,0.0,VALIDATED,,,2,1.77,3.0,2.29,1.0,1.0
2026-05-31 04:56:21.347259+00:00,6,6_blocks,114026,43.9,2,1,1,,,0.5,"xgb,lgb",0.4857142857142857,False,0.0,VALIDATED,,,2,1.77,3.0,2.29,1.0,1.0
2026-05-31 08:11:37.450759+00:00,1,1_block,115179,45.1,2,1,1,,,0.726,"xgb,lgb",0.5,False,0.0,VALIDATED,,,2,1.13,1.0,1.0,2.0,1.32
2026-05-31 08:11:37.450759+00:00,3,3_blocks,115179,45.1,2,1,1,,,0.5,"xgb,lgb",0.5,False,0.0,VALIDATED,,,4,3.4,5.0,5.0,1.0,1.0
2026-05-31 08:11:37.450759+00:00,6,6_blocks,115179,45.1,2,1,1,,,0.5,"xgb,lgb",0.5,False,0.0,VALIDATED,,,4,3.4,5.0,5.0,1.0,1.0
2026-05-31 10:26:48.988160+00:00,1,1_block,108649,43.6,1,1,1,,,0.5,"xgb,lgb",0.45,False,0.0,VALIDATED,,,3,2.07,3.0,2.79,1.0,1.0
2026-05-31 10:26:48.988160+00:00,3,3_blocks,108649,43.6,1,1,1,,,0.5,"xgb,lgb",0.45,False,0.0,VALIDATED,,,5,4.28,7.0,6.47,1.0,1.0
2026-05-31 10:26:48.988160+00:00,6,6_blocks,108649,43.6,1,1,1,,,0.5,"xgb,lgb",0.45,False,0.0,VALIDATED,,,5,4.28,7.0,6.47,1.0,1.0
2026-05-31 11:56:29.086187+00:00,1,1_block,104689,43.0,1,1,1,,,0.57,"xgb,lgb",0.4642857142857143,False,0.0,VALIDATED,,,2,1.44,2.0,1.67,2.0,1.08
2026-05-31 11:56:29.086187+00:00,3,3_blocks,104689,43.0,1,1,1,,,0.5,"xgb,lgb",0.4510739856801909,False,0.0,VALIDATED,,,4,3.7,6.0,5.5,1.0,1.0
2026-05-31 11:56:29.086187+00:00,6,6_blocks,104689,43.0,1,1,1,,,0.5,"xgb,lgb",0.45,False,0.0,VALIDATED,,,4,3.7,6.0,5.5,1.0,1.0
2026-05-31 13:25:04.530739+00:00,1,1_block,112843,44.9,4,3,1,,,0.5,"xgb,lgb",1.0,False,0.0,VALIDATED,,,2,1.67,3.0,2.12,1.0,1.0
2026-05-31 13:25:04.530739+00:00,3,3_blocks,112843,44.9,4,3,1,,,0.5,"xgb,lgb",1.0,False,0.0,VALIDATED,,,4,3.11,5.0,4.52,1.0,1.0
2026-05-31 13:25:04.530739+00:00,6,6_blocks,112843,44.9,4,3,1,,,0.5,"xgb,lgb",1.0,False,0.0,VALIDATED,,,4,3.11,5.0,4.52,1.0,1.0
2026-05-31 14:59:56.106476+00:00,1,1_block,108178,43.7,1,1,1,,,0.5,"xgb,lgb",0.6571428571428571,False,0.0,VALIDATED,,,3,2.64,4.0,3.65,2.0,1.11
2026-05-31 14:59:56.106476+00:00,3,3_blocks,108178,43.7,1,1,1,,,0.5,"xgb,lgb",0.5857142857142857,False,0.0,VALIDATED,,,4,3.4,5.0,4.99,1.0,1.0
2026-05-31 14:59:56.106476+00:00,6,6_blocks,108178,43.7,1,1,1,,,0.5,"xgb,lgb",0.45,False,0.0,VALIDATED,,,4,3.4,5.0,4.99,1.0,1.0
2026-05-31 16:16:11.193199+00:00,1,1_block,114310,44.4,1,1,1,,,1.0,"xgb,lgb",0.6571428571428571,False,0.0,VALIDATED,,,1,1.0,1.0,1.0,1.0,1.0
2026-05-31 16:16:11.193199+00:00,3,3_blocks,114310,44.4,1,1,1,,,0.5,"xgb,lgb",2.3363636363636364,False,0.0,VALIDATED,,,7,6.01,10.0,9.35,1.0,1.0
2026-05-31 16:16:11.193199+00:00,6,6_blocks,114310,44.4,1,1,1,,,0.5,"xgb,lgb",0.5857142857142857,False,0.0,VALIDATED,,,7,6.01,10.0,9.35,1.0,1.0
2026-05-31 17:32:52.526183+00:00,1,1_block,120868,46.3,3,3,1,,,0.726,"xgb,lgb",3.0,False,0.0,VALIDATED,,,2,1.13,1.0,1.0,2.0,1.32
2026-05-31 17:32:52.526183+00:00,3,3_blocks,120868,46.3,3,3,1,,,0.5,"xgb,lgb",0.4818181818181818,False,0.0,VALIDATED,,,7,6.61,11.0,10.35,1.0,1.0
2026-05-31 17:32:52.526183+00:00,6,6_blocks,120868,46.3,3,3,1,,,0.5,"xgb,lgb",0.4818181818181818,False,0.0,VALIDATED,,,7,6.61,11.0,10.35,2.0,1.01
2026-05-31 18:48:47.643989+00:00,1,1_block,122083,46.1,3,3,1,,,0.885,"xgb,lgb",1.0,False,0.0,VALIDATED,,,2,1.05,1.0,1.0,2.0,1.12
2026-05-31 18:48:47.643989+00:00,3,3_blocks,122083,46.1,3,3,1,,,0.5,"xgb,lgb",1.0,False,0.0,VALIDATED,,,4,3.17,5.0,4.62,1.0,1.0
2026-05-31 18:48:47.643989+00:00,6,6_blocks,122083,46.1,3,3,1,,,0.5,"xgb,lgb",1.0,False,0.0,VALIDATED,,,4,3.17,5.0,4.62,1.0,1.0
2026-05-31 19:57:20.801061+00:00,1,1_block,118571,45.2,2,1,1,,,0.793,"xgb,lgb",0.5857142857142857,False,0.0,VALIDATED,,,2,1.23,2.0,1.32,2.0,1.08
2026-05-31 19:57:20.801061+00:00,3,3_blocks,118571,45.2,2,1,1,,,0.5,"xgb,lgb",0.5714285714285714,False,0.0,VALIDATED,,,4,3.7,6.0,5.49,1.0,1.0
2026-05-31 19:57:20.801061+00:00,6,6_blocks,118571,45.2,2,1,1,,,0.5,"xgb,lgb",0.5714285714285714,False,0.0,VALIDATED,,,4,3.7,6.0,5.49,1.0,1.0
2026-05-31 21:06:05.683774+00:00,1,1_block,123495,46.6,3,3,1,,,0.726,"xgb,lgb",0.5857142857142857,False,0.0,VALIDATED,,,2,1.13,1.0,1.0,2.0,1.32
2026-05-31 21:06:05.683774+00:00,3,3_blocks,123495,46.6,3,3,1,,,0.5,"xgb,lgb",0.5714285714285714,False,0.0,VALIDATED,,,8,7.45,12.0,11.74,1.0,1.0
2026-05-31 21:06:05.683774+00:00,6,6_blocks,123495,46.6,3,3,1,,,0.5,"xgb,lgb",0.5107913669064749,False,0.0,VALIDATED,,,8,7.45,12.0,11.74,1.0,1.0
2026-05-31 22:08:21.710106+00:00,1,1_block,118624,45.1,2,1,1,,,0.5,"xgb,lgb",0.5107913669064749,False,0.0,VALIDATED,,,4,3.27,5.0,4.78,1.0,1.0
2026-05-31 22:08:21.710106+00:00,3,3_blocks,118624,45.1,2,1,1,,,0.5,"xgb,lgb",0.4545454545454545,False,0.0,VALIDATED,,,7,6.1,10.0,9.5,1.0,1.0
2026-05-31 22:08:21.710106+00:00,6,6_blocks,118624,45.1,2,1,1,,,0.5,"xgb,lgb",0.4545454545454545,False,0.0,VALIDATED,,,7,6.1,10.0,9.5,1.0,1.0
2026-05-31 23:09:22.461440+00:00,1,1_block,113182,44.3,2,1,1,,,0.5,"xgb,lgb",0.4545454545454545,False,0.0,VALIDATED,,,3,2.16,3.0,2.94,1.0,1.0
2026-05-31 23:09:22.461440+00:00,3,3_blocks,113182,44.3,2,1,1,,,0.5,"xgb,lgb",0.4545454545454545,False,0.0,VALIDATED,,,5,4.79,8.0,7.32,1.0,1.0
2026-05-31 23:09:22.461440+00:00,6,6_blocks,113182,44.3,2,1,1,,,0.5,"xgb,lgb",0.5119047619047619,False,0.0,VALIDATED,,,5,4.79,8.0,7.32,1.0,1.0
2026-06-01 00:16:35.287241+00:00,1,1_block,112321,44.4,2,1,1,,,0.751,"xgb,lgb",1.0,False,0.0,VALIDATED,,,2,1.59,2.0,1.74,2.0,1.35
2026-06-01 00:16:35.287241+00:00,3,3_blocks,112321,44.4,2,1,1,,,0.55,"xgb,lgb",0.5119047619047619,False,0.0,VALIDATED,,,2,1.35,2.0,1.59,1.0,1.0
2026-06-01 00:16:35.287241+00:00,6,6_blocks,112321,44.4,2,1,1,,,0.546,"xgb,lgb",0.5119047619047619,False,0.0,VALIDATED,,,2,1.35,2.0,1.59,1.0,1.0
2026-06-01 05:18:44.500209+00:00,1,1_block,117739,46.9,3,3,3,,,0.5,"xgb,lgb",1.3041575492341355,False,0.0,VALIDATED,,,5,4.15,7.0,6.03,2.0,1.32
2026-06-01 05:18:44.500209+00:00,3,3_blocks,117739,46.9,3,3,3,,,0.5,"xgb,lgb",0.6885833831440527,False,0.0,VALIDATED,,,9,8.31,14.0,13.18,1.0,1.0
2026-06-01 05:18:44.500209+00:00,6,6_blocks,117739,46.9,3,3,3,,,0.5,"xgb,lgb",0.6885833831440527,False,0.0,VALIDATED,,,9,8.31,14.0,13.18,1.0,1.0
2026-06-01 10:34:00.490337+00:00,1,1_block,108714,43.5,1,1,1,,,1.0,"xgb,lgb",0.8611111111111112,False,0.0,VALIDATED,,,1,1.0,1.0,1.0,1.0,1.0
2026-06-01 10:34:00.490337+00:00,3,3_blocks,108714,43.5,1,1,1,,,0.5,"xgb,lgb",0.5714285714285714,False,0.0,VALIDATED,,,3,2.63,4.0,3.72,1.0,1.0
2026-06-01 10:34:00.490337+00:00,6,6_blocks,108714,43.5,1,1,1,,,0.5,"xgb,lgb",0.5357142857142857,False,0.0,VALIDATED,,,3,2.63,4.0,3.72,1.0,1.0
2026-06-01 16:27:35.682235+00:00,1,1_block,106254,43.1,2,2,1,,,0.5,"xgb,lgb",0.8611111111111112,False,0.0,VALIDATED,,,3,2.75,4.0,3.92,1.0,1.0
2026-06-01 16:27:35.682235+00:00,3,3_blocks,106254,43.1,2,2,1,,,0.5,"xgb,lgb",0.5714285714285714,False,0.0,VALIDATED,,,6,5.19,8.0,7.98,1.0,1.0
2026-06-01 16:27:35.682235+00:00,6,6_blocks,106254,43.1,2,2,1,,,0.5,"xgb,lgb",0.5357142857142857,False,0.0,VALIDATED,,,6,5.19,8.0,7.98,1.0,1.0
2026-06-01 20:43:03.843330+00:00,1,1_block,117284,45.8,2,2,1,,,0.5,"xgb,lgb",0.8611111111111112,False,0.0,VALIDATED,,,2,1.89,3.0,2.47,2.0,1.03
2026-06-01 20:43:03.843330+00:00,3,3_blocks,117284,45.8,2,2,1,,,0.5,"xgb,lgb",0.5714285714285714,False,0.0,VALIDATED,,,5,4.56,7.0,6.94,1.0,1.0
2026-06-01 20:43:03.843330+00:00,6,6_blocks,117284,45.8,2,2,1,,,0.5,"xgb,lgb",0.5357142857142857,False,0.0,VALIDATED,,,5,4.58,7.0,6.94,2.0,1.04
2026-06-01 22:53:29.557850+00:00,1,1_block,110429,44.0,1,1,1,,,1.0,"xgb,lgb",0.498220640569395,False,0.0,VALIDATED,,,1,1.0,1.0,1.0,1.0,1.0
2026-06-01 22:53:29.557850+00:00,3,3_blocks,110429,44.0,1,1,1,,,0.5,"xgb,lgb",0.498220640569395,False,0.0,VALIDATED,,,4,3.49,6.0,5.15,1.0,1.0
2026-06-01 22:53:29.557850+00:00,6,6_blocks,110429,44.0,1,1,1,,,0.5,"xgb,lgb",0.498220640569395,False,0.0,VALIDATED,,,4,3.49,6.0,5.15,1.0,1.0
2026-06-02 00:09:32.546312+00:00,1,1_block,104937,43.5,3,1,1,,,0.521,"xgb,lgb",1.2054794520547945,False,0.0,VALIDATED,,,2,1.38,2.0,1.63,1.0,1.0
2026-06-02 00:09:32.546312+00:00,3,3_blocks,104937,43.5,3,1,1,,,0.5,"xgb,lgb",0.45,False,0.0,VALIDATED,,,8,7.85,13.0,12.42,1.0,1.0
2026-06-02 00:09:32.546312+00:00,6,6_blocks,104937,43.5,3,1,1,,,0.5,"xgb,lgb",0.45,False,0.0,VALIDATED,,,8,7.85,13.0,12.42,1.0,1.0
2026-06-02 09:10:04.806838+00:00,1,1_block,107178,43.8,3,3,1,,,0.5,"xgb,lgb",2.475714285714285,False,0.0,VALIDATED,,,2,1.85,3.0,2.41,1.0,1.0
2026-06-02 09:10:04.806838+00:00,3,3_blocks,107178,43.8,3,3,1,,,0.5,"xgb,lgb",0.4571428571428571,False,0.0,VALIDATED,,,9,8.7,14.0,13.84,1.0,1.0
2026-06-02 09:10:04.806838+00:00,6,6_blocks,107178,43.8,3,3,1,,,0.5,"xgb,lgb",1.0,False,0.0,VALIDATED,,,9,8.73,14.0,13.84,2.0,1.07
2026-06-02 12:51:20.927618+00:00,1,1_block,114364,46.0,4,4,3,,,0.713,"xgb,lgb",1.0,False,0.0,VALIDATED,,,2,1.15,2.0,1.01,2.0,1.35
2026-06-02 12:51:20.927618+00:00,3,3_blocks,114364,46.0,4,4,3,,,0.5,"xgb,lgb",1.0,False,0.0,VALIDATED,,,6,5.63,9.0,8.72,1.0,1.0
2026-06-02 12:51:20.927618+00:00,6,6_blocks,114364,46.0,4,4,3,,,0.5,"xgb,lgb",1.0,False,0.0,VALIDATED,,,6,5.67,9.0,8.72,2.0,1.09
2026-06-02 17:16:23.230009+00:00,1,1_block,117354,46.8,5,4,3,,,0.5,"xgb,lgb",2.0090909090909093,False,0.0,VALIDATED,,,2,1.9,3.0,2.28,2.0,1.34
2026-06-02 17:16:23.230009+00:00,3,3_blocks,117354,46.8,5,4,3,,,0.5,"xgb,lgb",2.0090909090909093,False,0.0,VALIDATED,,,5,4.62,8.0,7.03,1.0,1.0
2026-06-02 17:16:23.230009+00:00,6,6_blocks,117354,46.8,5,4,3,,,0.5,"xgb,lgb",2.0090909090909093,False,0.0,VALIDATED,,,5,4.65,8.0,7.03,2.0,1.08
2026-06-02 20:21:52.041841+00:00,1,1_block,116225,47.3,4,4,3,,,0.5,"xgb,lgb",1.0857142857142856,False,0.0,VALIDATED,,,4,3.2,5.0,4.46,2.0,1.32
2026-06-02 20:21:52.041841+00:00,3,3_blocks,116225,47.3,4,4,3,,,0.5,"xgb,lgb",1.0857142857142856,False,0.0,VALIDATED,,,11,10.92,18.0,17.53,1.0,1.0
2026-06-02 20:21:52.041841+00:00,6,6_blocks,116225,47.3,4,4,3,,,0.5,"xgb,lgb",1.0857142857142856,False,0.0,VALIDATED,,,11,10.94,18.0,17.53,2.0,1.06
2026-06-02 22:33:21.847968+00:00,1,1_block,119938,47.5,6,6,5,,,0.719,"xgb,lgb",6.033898305084746,False,0.0,VALIDATED,,,2,1.13,1.0,1.0,2.0,1.33
2026-06-02 22:33:21.847968+00:00,3,3_blocks,119938,47.5,6,6,5,,,0.5,"xgb,lgb",5.0,False,0.0,VALIDATED,,,7,6.95,11.0,10.92,1.0,1.0
2026-06-02 22:33:21.847968+00:00,6,6_blocks,119938,47.5,6,6,5,,,0.5,"xgb,lgb",1.0,False,0.0,VALIDATED,,,7,6.98,11.0,10.92,2.0,1.07
2026-06-03 00:15:57.326986+00:00,1,1_block,112314,46.1,3,3,3,,,0.5,"xgb,lgb",3.602836879432624,False,0.0,VALIDATED,,,4,3.06,5.0,4.41,2.0,1.05
2026-06-03 00:15:57.326986+00:00,3,3_blocks,112314,46.1,3,3,3,,,0.5,"xgb,lgb",1.0,False,0.0,VALIDATED,,,8,7.87,13.0,12.44,1.0,1.0
2026-06-03 00:15:57.326986+00:00,6,6_blocks,112314,46.1,3,3,3,,,0.5,"xgb,lgb",1.0,False,0.0,VALIDATED,,,8,7.87,13.0,12.44,1.0,1.0
2026-06-03 05:20:31.674674+00:00,1,1_block,113542,45.3,4,3,1,,,0.752,"xgb,lgb",0.6818181818181818,False,0.0,VALIDATED,,,2,1.58,2.0,1.73,2.0,1.35
2026-06-03 05:20:31.674674+00:00,3,3_blocks,113542,45.3,4,3,1,,,0.5,"xgb,lgb",0.6512605042016807,False,0.0,VALIDATED,,,7,6.99,11.0,10.99,1.0,1.0
2026-06-03 05:20:31.674674+00:00,6,6_blocks,113542,45.3,4,3,1,,,0.5,"xgb,lgb",0.6512605042016807,False,0.0,VALIDATED,,,8,7.03,11.0,10.99,2.0,1.09
2026-06-03 10:12:54.216944+00:00,1,1_block,109160,44.4,2,1,1,,,0.5,"xgb,lgb",0.75,False,0.0,VALIDATED,,,2,1.65,3.0,2.09,1.0,1.0
2026-06-03 10:12:54.216944+00:00,3,3_blocks,109160,44.4,2,1,1,,,0.5,"xgb,lgb",0.5745062836624776,False,0.0,VALIDATED,,,3,2.23,4.0,3.05,1.0,1.0
2026-06-03 10:12:54.216944+00:00,6,6_blocks,109160,44.4,2,1,1,,,0.5,"xgb,lgb",0.5142857142857142,False,0.0,VALIDATED,,,3,2.23,4.0,3.05,1.0,1.0
2026-06-03 21:46:24.829312+00:00,1,1_block,114497,47.2,3,3,3,,,0.5,"xgb,lgb",2.0,False,0.0,VALIDATED,,,4,3.22,5.0,4.67,2.0,1.05
2026-06-03 21:46:24.829312+00:00,3,3_blocks,114497,47.2,3,3,3,,,0.5,"xgb,lgb",2.0,False,0.0,VALIDATED,,,11,10.93,18.0,17.56,1.0,1.0
2026-06-03 21:46:24.829312+00:00,6,6_blocks,114497,47.2,3,3,3,,,0.5,"xgb,lgb",2.0,False,0.0,VALIDATED,,,11,10.95,18.0,17.56,2.0,1.04
2026-06-03 23:24:48.175923+00:00,1,1_block,117351,48.1,6,5,4,,,0.5,"xgb,lgb",2.424489795918368,False,0.0,VALIDATED,,,2,1.94,3.0,2.34,2.0,1.33
2026-06-03 23:24:48.175923+00:00,3,3_blocks,117351,48.1,6,5,4,,,0.5,"xgb,lgb",2.127659574468085,False,0.0,VALIDATED,,,7,6.08,10.0,9.46,1.0,1.0
2026-06-03 23:24:48.175923+00:00,6,6_blocks,117351,48.1,6,5,4,,,0.5,"xgb,lgb",0.5285714285714286,False,0.0,VALIDATED,,,7,6.1,10.0,9.46,2.0,1.06
2026-06-04 02:04:47.808088+00:00,1,1_block,111119,44.8,2,1,1,,,0.5,"xgb,lgb",0.9924812030075189,False,0.0,VALIDATED,,,3,2.04,3.0,2.73,1.0,1.0
2026-06-04 02:04:47.808088+00:00,3,3_blocks,111119,44.8,2,1,1,,,0.5,"xgb,lgb",0.9924812030075189,False,0.0,VALIDATED,,,4,3.34,5.0,4.9,1.0,1.0
2026-06-04 02:04:47.808088+00:00,6,6_blocks,111119,44.8,2,1,1,,,0.5,"xgb,lgb",0.5285714285714286,False,0.0,VALIDATED,,,4,3.34,5.0,4.9,1.0,1.0
2026-06-04 06:55:31.820771+00:00,1,1_block,110248,44.2,3,1,1,,,0.5,"xgb,lgb",1.088235294117647,False,0.0,VALIDATED,,,3,2.91,5.0,4.19,1.0,1.0
2026-06-04 06:55:31.820771+00:00,3,3_blocks,110248,44.2,3,1,1,,,0.5,"xgb,lgb",1.032258064516129,False,0.0,VALIDATED,,,10,9.33,15.0,14.88,1.0,1.0
2026-06-04 06:55:31.820771+00:00,6,6_blocks,110248,44.2,3,1,1,,,0.5,"xgb,lgb",0.4811490125673249,False,0.0,VALIDATED,,,10,9.36,15.0,14.88,2.0,1.07
2026-06-04 10:36:39.843032+00:00,1,1_block,113844,45.1,6,4,1,,,0.5,"xgb,lgb",1.0,False,0.0,VALIDATED,,,2,1.51,2.0,1.85,1.0,1.0
2026-06-04 10:36:39.843032+00:00,3,3_blocks,113844,45.1,6,4,1,,,0.5,"xgb,lgb",0.5214285714285715,False,0.0,VALIDATED,,,3,2.91,5.0,4.18,1.0,1.0
2026-06-04 10:36:39.843032+00:00,6,6_blocks,113844,45.1,6,4,1,,,0.5,"xgb,lgb",0.5214285714285715,False,0.0,VALIDATED,,,3,2.91,5.0,4.18,1.0,1.0
2026-06-04 13:45:59.331256+00:00,1,1_block,101966,42.6,2,1,1,,,0.5,"xgb,lgb",1.0,False,0.0,VALIDATED,,,3,2.94,5.0,4.24,1.0,1.0
2026-06-04 13:45:59.331256+00:00,3,3_blocks,101966,42.6,2,1,1,,,0.5,"xgb,lgb",1.0,False,0.0,VALIDATED,,,10,9.16,15.0,14.6,1.0,1.0
2026-06-04 13:45:59.331256+00:00,6,6_blocks,101966,42.6,2,1,1,,,0.5,"xgb,lgb",1.0,False,0.0,VALIDATED,,,10,9.16,15.0,14.6,1.0,1.0
2026-06-04 16:38:37.270381+00:00,1,1_block,101194,42.5,1,1,1,,,1.0,"xgb,lgb",2.106194690265487,False,0.0,VALIDATED,,,1,1.0,1.0,1.0,1.0,1.0
2026-06-04 16:38:37.270381+00:00,3,3_blocks,101194,42.5,1,1,1,,,0.5,"xgb,lgb",2.106194690265487,False,0.0,VALIDATED,,,6,5.94,10.0,9.23,1.0,1.0
2026-06-04 16:38:37.270381+00:00,6,6_blocks,101194,42.5,1,1,1,,,0.5,"xgb,lgb",0.65,False,0.0,VALIDATED,,,6,5.94,10.0,9.23,1.0,1.0
2026-06-04 19:03:58.897300+00:00,1,1_block,109494,46.5,5,4,3,,,0.5,"xgb,lgb",1.0,False,0.0,VALIDATED,,,2,1.95,3.0,2.35,2.0,1.36
2026-06-04 19:03:58.897300+00:00,3,3_blocks,109494,46.5,5,4,3,,,0.5,"xgb,lgb",0.55,False,0.0,VALIDATED,,,3,2.27,4.0,3.11,1.0,1.0
2026-06-04 19:03:58.897300+00:00,6,6_blocks,109494,46.5,5,4,3,,,0.5,"xgb,lgb",0.55,False,0.0,VALIDATED,,,3,2.29,4.0,3.11,2.0,1.07
2026-06-04 21:04:20.326878+00:00,1,1_block,101910,42.7,1,1,1,,,0.664,"xgb,lgb",0.75,False,0.0,VALIDATED,,,2,1.24,2.0,1.4,1.0,1.0
2026-06-04 21:04:20.326878+00:00,3,3_blocks,101910,42.7,1,1,1,,,0.5,"xgb,lgb",0.552342524097736,False,0.0,VALIDATED,,,7,6.32,10.0,9.87,1.0,1.0
2026-06-04 21:04:20.326878+00:00,6,6_blocks,101910,42.7,1,1,1,,,0.5,"xgb,lgb",0.552342524097736,False,0.0,VALIDATED,,,7,6.32,10.0,9.87,1.0,1.0
2026-06-04 22:42:15.852400+00:00,1,1_block,104933,43.4,4,3,1,,,0.5,"xgb,lgb",1.0909090909090908,False,0.0,VALIDATED,,,3,2.33,4.0,3.22,1.0,1.0
2026-06-04 22:42:15.852400+00:00,3,3_blocks,104933,43.4,4,3,1,,,0.5,"xgb,lgb",0.5,False,0.0,VALIDATED,,,5,4.26,7.0,6.43,1.0,1.0
2026-06-04 22:42:15.852400+00:00,6,6_blocks,104933,43.4,4,3,1,,,0.5,"xgb,lgb",0.5,False,0.0,VALIDATED,,,5,4.26,7.0,6.43,1.0,1.0
2026-06-04 23:54:35.312205+00:00,1,1_block,104037,43.5,4,3,1,,,0.5,"xgb,lgb",1.0,False,0.0,VALIDATED,,,3,2.48,4.0,3.34,2.0,1.18
2026-06-04 23:54:35.312205+00:00,3,3_blocks,104037,43.5,4,3,1,,,0.5,"xgb,lgb",1.0,False,0.0,VALIDATED,,,3,2.35,4.0,3.25,1.0,1.0
2026-06-04 23:54:35.312205+00:00,6,6_blocks,104037,43.5,4,3,1,,,0.5,"xgb,lgb",0.786,False,0.0,VALIDATED,,,3,2.42,4.0,3.25,2.0,1.16
2026-06-05 02:48:41.683017+00:00,1,1_block,104443,43.0,2,1,1,,,0.5,"xgb,lgb",1.0,False,0.0,VALIDATED,,,4,3.85,6.0,5.75,1.0,1.0
2026-06-05 02:48:41.683017+00:00,3,3_blocks,104443,43.0,2,1,1,,,0.5,"xgb,lgb",1.0,False,0.0,VALIDATED,,,6,5.49,9.0,8.49,1.0,1.0
2026-06-05 02:48:41.683017+00:00,6,6_blocks,104443,43.0,2,1,1,,,0.5,"xgb,lgb",0.786,False,0.0,VALIDATED,,,6,5.49,9.0,8.49,1.0,1.0
2026-06-05 06:55:24.154098+00:00,1,1_block,106473,43.9,3,3,1,,,0.5,"xgb,lgb",3.0,False,0.0,VALIDATED,,,4,3.27,5.0,4.56,2.0,1.34
2026-06-05 06:55:24.154098+00:00,3,3_blocks,106473,43.9,3,3,1,,,1.0,"xgb,lgb",3.0,False,0.0,VALIDATED,,,1,1.0,1.0,1.0,1.0,1.0
2026-06-05 06:55:24.154098+00:00,6,6_blocks,106473,43.9,3,3,1,,,0.91,"xgb,lgb",0.5833333333333334,False,0.0,VALIDATED,,,2,1.04,1.0,1.0,2.0,1.09
2026-06-05 10:43:18.888477+00:00,1,1_block,105235,43.6,2,1,1,,,0.5,"xgb,lgb",0.45,False,0.0,VALIDATED,,,2,1.94,3.0,2.52,2.0,1.07
2026-06-05 10:43:18.888477+00:00,3,3_blocks,105235,43.6,2,1,1,,,0.5,"xgb,lgb",0.45,False,0.0,VALIDATED,,,5,4.33,7.0,6.55,1.0,1.0
2026-06-05 10:43:18.888477+00:00,6,6_blocks,105235,43.6,2,1,1,,,0.5,"xgb,lgb",0.45,False,0.0,VALIDATED,,,5,4.33,7.0,6.55,1.0,1.0
2026-06-05 13:45:22.841981+00:00,1,1_block,109849,44.6,4,4,3,,,0.661,"xgb,lgb",1.014388489208633,False,0.0,VALIDATED,,,2,1.24,2.0,1.41,1.0,1.0
2026-06-05 13:45:22.841981+00:00,3,3_blocks,109849,44.6,4,4,3,,,1.0,"xgb,lgb",1.014388489208633,False,0.0,VALIDATED,,,1,1.0,1.0,1.0,1.0,1.0
2026-06-05 13:45:22.841981+00:00,6,6_blocks,109849,44.6,4,4,3,,,1.0,"xgb,lgb",0.65,False,0.0,VALIDATED,,,1,1.0,1.0,1.0,1.0,1.0
2026-06-05 16:19:56.050897+00:00,1,1_block,111751,45.0,3,3,1,,,0.722,"xgb,lgb",4.560283687943262,False,0.0,VALIDATED,,,2,1.13,1.0,1.0,2.0,1.32
2026-06-05 16:19:56.050897+00:00,3,3_blocks,111751,45.0,3,3,1,,,1.0,"xgb,lgb",2.0372340425531914,False,0.0,VALIDATED,,,1,1.0,1.0,1.0,1.0,1.0
2026-06-05 16:19:56.050897+00:00,6,6_blocks,111751,45.0,3,3,1,,,1.0,"xgb,lgb",2.0372340425531914,False,0.0,VALIDATED,,,1,1.0,1.0,1.0,1.0,1.0
2026-06-05 18:16:59.138554+00:00,1,1_block,114556,46.5,4,4,3,,,1.0,"xgb,lgb",3.4070796460177,False,0.0,VALIDATED,,,1,1.0,1.0,1.0,1.0,1.0
2026-06-05 18:16:59.138554+00:00,3,3_blocks,114556,46.5,4,4,3,,,0.5,"xgb,lgb",2.0,False,0.0,VALIDATED,,,4,3.1,5.0,4.5,1.0,1.0
2026-06-05 18:16:59.138554+00:00,6,6_blocks,114556,46.5,4,4,3,,,0.5,"xgb,lgb",2.0,False,0.0,VALIDATED,,,4,3.1,5.0,4.5,1.0,1.0
2026-06-05 20:16:04.803736+00:00,1,1_block,110925,44.5,2,2,1,,,0.756,"xgb,lgb",1.2057761732851986,False,0.0,VALIDATED,,,2,1.17,2.0,1.28,1.0,1.0
2026-06-05 20:16:04.803736+00:00,3,3_blocks,110925,44.5,2,2,1,,,0.5,"xgb,lgb",0.6285714285714286,False,0.0,VALIDATED,,,3,2.17,3.0,2.94,1.0,1.0
2026-06-05 20:16:04.803736+00:00,6,6_blocks,110925,44.5,2,2,1,,,0.5,"xgb,lgb",0.5251798561151079,False,0.0,VALIDATED,,,3,2.17,3.0,2.94,1.0,1.0
2026-06-05 21:46:59.360443+00:00,1,1_block,108554,43.8,2,1,1,,,0.5,"xgb,lgb",3.153674832962138,False,0.0,VALIDATED,,,2,1.53,2.0,1.88,1.0,1.0
2026-06-05 21:46:59.360443+00:00,3,3_blocks,108554,43.8,2,1,1,,,0.5,"xgb,lgb",3.0,False,0.0,VALIDATED,,,3,2.68,4.0,3.8,1.0,1.0
2026-06-05 21:46:59.360443+00:00,6,6_blocks,108554,43.8,2,1,1,,,0.5,"xgb,lgb",0.5251798561151079,False,0.0,VALIDATED,,,3,2.68,4.0,3.8,1.0,1.0
2026-06-05 22:49:27.825115+00:00,1,1_block,112464,44.8,5,4,1,,,1.0,"xgb,lgb",3.153674832962138,False,0.0,VALIDATED,,,1,1.0,1.0,1.0,1.0,1.0
2026-06-05 22:49:27.825115+00:00,3,3_blocks,112464,44.8,5,4,1,,,1.0,"xgb,lgb",3.0,False,0.0,VALIDATED,,,1,1.0,1.0,1.0,1.0,1.0
2026-06-05 22:49:27.825115+00:00,6,6_blocks,112464,44.8,5,4,1,,,1.0,"xgb,lgb",0.5251798561151079,False,0.0,VALIDATED,,,1,1.0,1.0,1.0,1.0,1.0
2026-06-05 23:54:08.373878+00:00,1,1_block,113476,45.5,5,4,3,,,0.701,"xgb,lgb",4.0,False,0.0,VALIDATED,,,2,1.14,1.0,1.0,2.0,1.35
2026-06-05 23:54:08.373878+00:00,3,3_blocks,113476,45.5,5,4,3,,,0.5,"xgb,lgb",0.45,False,0.0,VALIDATED,,,4,3.23,5.0,4.72,1.0,1.0
2026-06-05 23:54:08.373878+00:00,6,6_blocks,113476,45.5,5,4,3,,,0.5,"xgb,lgb",0.45,False,0.0,VALIDATED,,,4,3.27,5.0,4.72,2.0,1.09
2026-06-06 02:35:28.884252+00:00,1,1_block,102360,42.6,1,1,1,,,1.0,"xgb,lgb",4.0,False,0.0,VALIDATED,,,1,1.0,1.0,1.0,1.0,1.0
2026-06-06 02:35:28.884252+00:00,3,3_blocks,102360,42.6,1,1,1,,,0.5,"xgb,lgb",0.45,False,0.0,VALIDATED,,,9,8.66,14.0,13.77,1.0,1.0
2026-06-06 02:35:28.884252+00:00,6,6_blocks,102360,42.6,1,1,1,,,0.5,"xgb,lgb",0.5642857142857143,False,0.0,VALIDATED,,,9,8.68,14.0,13.77,2.0,1.04
2026-06-06 06:10:04.806064+00:00,1,1_block,108416,43.9,3,1,1,,,0.5,"xgb,lgb",1.2307692307692308,False,0.0,VALIDATED,,,3,2.55,4.0,3.59,1.0,1.0
2026-06-06 06:10:04.806064+00:00,3,3_blocks,108416,43.9,3,1,1,,,1.0,"xgb,lgb",1.0,False,0.0,VALIDATED,,,1,1.0,1.0,1.0,1.0,1.0
2026-06-06 06:10:04.806064+00:00,6,6_blocks,108416,43.9,3,1,1,,,1.0,"xgb,lgb",1.0,False,0.0,VALIDATED,,,1,1.0,1.0,1.0,1.0,1.0
2026-06-06 08:46:25.536146+00:00,1,1_block,108393,43.9,3,1,1,,,0.5,"xgb,lgb",3.0,False,0.0,VALIDATED,,,2,1.8,3.0,2.25,2.0,1.12
2026-06-06 08:46:25.536146+00:00,3,3_blocks,108393,43.9,3,1,1,,,1.0,"xgb,lgb",0.7714285714285715,False,0.0,VALIDATED,,,1,1.0,1.0,1.0,1.0,1.0
2026-06-06 08:46:25.536146+00:00,6,6_blocks,108393,43.9,3,1,1,,,0.914,"xgb,lgb",0.7714285714285715,False,0.0,VALIDATED,,,2,1.04,1.0,1.0,2.0,1.09
2026-06-06 10:34:46.002925+00:00,1,1_block,103503,42.8,1,1,1,,,1.0,"xgb,lgb",0.7727272727272727,False,0.0,VALIDATED,,,1,1.0,1.0,1.0,1.0,1.0
2026-06-06 10:34:46.002925+00:00,3,3_blocks,103503,42.8,1,1,1,,,0.5,"xgb,lgb",0.7714285714285715,False,0.0,VALIDATED,,,3,2.56,4.0,3.6,1.0,1.0
2026-06-06 10:34:46.002925+00:00,6,6_blocks,103503,42.8,1,1,1,,,0.5,"xgb,lgb",0.6,False,0.0,VALIDATED,,,3,2.56,4.0,3.6,1.0,1.0
2026-06-06 12:00:06.678589+00:00,1,1_block,107606,44.0,3,3,1,,,0.5,"xgb,lgb",1.0161290322580645,False,0.0,VALIDATED,,,3,2.14,3.0,2.9,1.0,1.0
2026-06-06 12:00:06.678589+00:00,3,3_blocks,107606,44.0,3,3,1,,,0.5,"xgb,lgb",0.6,False,0.0,VALIDATED,,,2,1.67,3.0,2.12,1.0,1.0
2026-06-06 12:00:06.678589+00:00,6,6_blocks,107606,44.0,3,3,1,,,0.5,"xgb,lgb",1.0826010544815463,False,0.0,VALIDATED,,,2,1.7,3.0,2.12,2.0,1.07
2026-06-06 13:53:58.994064+00:00,1,1_block,104394,44.4,2,2,1,,,0.5,"xgb,lgb",2.242424242424242,False,0.0,VALIDATED,,,4,3.17,5.0,4.62,1.0,1.0
2026-06-06 13:53:58.994064+00:00,3,3_blocks,104394,44.4,2,2,1,,,0.5,"xgb,lgb",1.0928571428571427,False,0.0,VALIDATED,,,7,6.74,11.0,10.57,1.0,1.0
2026-06-06 13:53:58.994064+00:00,6,6_blocks,104394,44.4,2,2,1,,,0.5,"xgb,lgb",1.0826010544815463,False,0.0,VALIDATED,,,7,6.74,11.0,10.57,1.0,1.0
2026-06-06 15:09:26.895241+00:00,1,1_block,110248,45.6,4,3,3,,,0.621,"xgb,lgb",1.0,False,0.0,VALIDATED,,,2,1.73,2.0,1.98,2.0,1.35
2026-06-06 15:09:26.895241+00:00,3,3_blocks,110248,45.6,4,3,3,,,1.0,"xgb,lgb",1.0,False,0.0,VALIDATED,,,1,1.0,1.0,1.0,1.0,1.0
2026-06-06 15:09:26.895241+00:00,6,6_blocks,110248,45.6,4,3,3,,,0.966,"xgb,lgb",1.0,False,0.0,VALIDATED,,,2,1.01,1.0,1.0,2.0,1.03
2026-06-06 16:18:55.771502+00:00,1,1_block,106100,44.8,2,2,1,,,0.5,"xgb,lgb",1.0,False,0.0,VALIDATED,,,3,2.32,3.0,2.99,2.0,1.32
2026-06-06 16:18:55.771502+00:00,3,3_blocks,106100,44.8,2,2,1,,,0.5,"xgb,lgb",2.0056338028169014,False,0.0,VALIDATED,,,5,4.69,8.0,7.14,1.0,1.0
2026-06-06 16:18:55.771502+00:00,6,6_blocks,106100,44.8,2,2,1,,,0.5,"xgb,lgb",1.0,False,0.0,VALIDATED,,,5,4.69,8.0,7.14,1.0,1.0
2026-06-06 17:37:25.405985+00:00,1,1_block,108125,45.2,2,2,1,,,0.724,"xgb,lgb",2.0056338028169014,False,0.0,VALIDATED,,,2,1.13,1.0,1.0,2.0,1.32
2026-06-06 17:37:25.405985+00:00,3,3_blocks,108125,45.2,2,2,1,,,0.5,"xgb,lgb",0.7571428571428571,False,0.0,VALIDATED,,,3,2.34,4.0,3.23,1.0,1.0
2026-06-06 17:37:25.405985+00:00,6,6_blocks,108125,45.2,2,2,1,,,0.5,"xgb,lgb",0.7571428571428571,False,0.0,VALIDATED,,,3,2.34,4.0,3.23,1.0,1.0
2026-06-06 18:51:45.361093+00:00,1,1_block,107789,44.8,2,2,1,,,0.5,"xgb,lgb",0.7571428571428571,False,0.0,VALIDATED,,,2,1.82,3.0,2.27,2.0,1.15
2026-06-06 18:51:45.361093+00:00,3,3_blocks,107789,44.8,2,2,1,,,0.5,"xgb,lgb",0.7571428571428571,False,0.0,VALIDATED,,,3,2.76,4.0,3.93,1.0,1.0
2026-06-06 18:51:45.361093+00:00,6,6_blocks,107789,44.8,2,2,1,,,0.5,"xgb,lgb",0.7571428571428571,False,0.0,VALIDATED,,,3,2.79,4.0,3.93,2.0,1.09
2026-06-06 20:06:48.058191+00:00,1,1_block,108326,44.5,4,3,1,,,0.989,"xgb,lgb",3.0,False,0.0,VALIDATED,,,2,1.01,2.0,1.01,1.0,1.0
2026-06-06 20:06:48.058191+00:00,3,3_blocks,108326,44.5,4,3,1,,,0.5,"xgb,lgb",0.6071428571428571,False,0.0,VALIDATED,,,2,1.56,2.0,1.93,1.0,1.0
2026-06-06 20:06:48.058191+00:00,6,6_blocks,108326,44.5,4,3,1,,,0.5,"xgb,lgb",0.6071428571428571,False,0.0,VALIDATED,,,2,1.56,2.0,1.93,1.0,1.0
2026-06-06 21:15:36.623595+00:00,1,1_block,105843,43.7,3,1,1,,,0.5,"xgb,lgb",3.0,False,0.0,VALIDATED,,,3,2.51,4.0,3.43,2.0,1.13
2026-06-06 21:15:36.623595+00:00,3,3_blocks,105843,43.7,3,1,1,,,0.5,"xgb,lgb",0.65,False,0.0,VALIDATED,,,5,4.8,8.0,7.33,1.0,1.0
2026-06-06 21:15:36.623595+00:00,6,6_blocks,105843,43.7,3,1,1,,,0.5,"xgb,lgb",0.65,False,0.0,VALIDATED,,,5,4.84,8.0,7.33,2.0,1.09
2026-06-06 22:19:27.005420+00:00,1,1_block,108030,44.4,3,3,1,,,0.674,"xgb,lgb",0.65,False,0.0,VALIDATED,,,2,1.63,2.0,1.83,2.0,1.32
2026-06-06 22:19:27.005420+00:00,3,3_blocks,108030,44.4,3,3,1,,,0.922,"xgb,lgb",0.5285714285714286,False,0.0,VALIDATED,,,2,1.05,2.0,1.08,1.0,1.0
2026-06-06 22:19:27.005420+00:00,6,6_blocks,108030,44.4,3,3,1,,,0.986,"xgb,lgb",0.5285714285714286,False,0.0,VALIDATED,,,2,1.07,2.0,1.08,2.0,1.07
2026-06-06 23:32:06.803095+00:00,1,1_block,105855,43.8,3,1,1,,,0.5,"xgb,lgb",0.5285714285714286,False,0.0,VALIDATED,,,3,3.0,5.0,4.11,2.0,1.33
2026-06-06 23:32:06.803095+00:00,3,3_blocks,105855,43.8,3,1,1,,,0.5,"xgb,lgb",0.5285714285714286,False,0.0,VALIDATED,,,5,4.29,7.0,6.48,1.0,1.0
2026-06-06 23:32:06.803095+00:00,6,6_blocks,105855,43.8,3,1,1,,,0.5,"xgb,lgb",0.5285714285714286,False,0.0,VALIDATED,,,5,4.29,7.0,6.48,1.0,1.0
2026-06-07 01:52:28.029207+00:00,1,1_block,102977,43.0,1,1,1,,,1.0,"xgb,lgb",0.5673249551166966,False,0.0,VALIDATED,,,1,1.0,1.0,1.0,1.0,1.0
2026-06-07 01:52:28.029207+00:00,3,3_blocks,102977,43.0,1,1,1,,,0.5,"xgb,lgb",0.6613095238095238,False,0.0,VALIDATED,,,8,7.18,12.0,11.3,1.0,1.0
2026-06-07 01:52:28.029207+00:00,6,6_blocks,102977,43.0,1,1,1,,,0.5,"xgb,lgb",0.6613095238095238,False,0.0,VALIDATED,,,8,7.18,12.0,11.3,1.0,1.0
2026-06-07 06:18:39.837982+00:00,1,1_block,102974,42.9,1,1,1,,,0.5,"xgb,lgb",1.0,False,0.0,VALIDATED,,,2,1.87,3.0,2.37,2.0,1.13
2026-06-07 06:18:39.837982+00:00,3,3_blocks,102974,42.9,1,1,1,,,0.5,"xgb,lgb",0.75,False,0.0,VALIDATED,,,4,3.96,6.0,5.93,1.0,1.0
2026-06-07 06:18:39.837982+00:00,6,6_blocks,102974,42.9,1,1,1,,,0.5,"xgb,lgb",0.6142857142857143,False,0.0,VALIDATED,,,4,3.96,6.0,5.93,1.0,1.0
2026-06-07 09:42:33.765259+00:00,1,1_block,104634,43.5,2,1,1,,,0.5,"xgb,lgb",0.65,False,0.0,VALIDATED,,,3,2.59,4.0,3.65,1.0,1.0
2026-06-07 09:42:33.765259+00:00,3,3_blocks,104634,43.5,2,1,1,,,0.5,"xgb,lgb",0.65,False,0.0,VALIDATED,,,4,3.97,6.0,5.95,1.0,1.0
2026-06-07 09:42:33.765259+00:00,6,6_blocks,104634,43.5,2,1,1,,,0.5,"xgb,lgb",0.5285714285714286,False,0.0,VALIDATED,,,4,3.97,6.0,5.95,1.0,1.0
2026-06-07 11:28:26.294959+00:00,1,1_block,104943,43.4,2,1,1,,,0.848,"xgb,lgb",0.6535714285714286,False,0.0,VALIDATED,,,2,1.22,2.0,1.15,2.0,1.34
2026-06-07 11:28:26.294959+00:00,3,3_blocks,104943,43.4,2,1,1,,,0.5,"xgb,lgb",0.5642857142857143,False,0.0,VALIDATED,,,9,8.41,14.0,13.35,1.0,1.0
2026-06-07 11:28:26.294959+00:00,6,6_blocks,104943,43.4,2,1,1,,,0.5,"xgb,lgb",0.5135135135135135,False,0.0,VALIDATED,,,9,8.45,14.0,13.35,2.0,1.09
2026-06-07 13:03:19.975437+00:00,1,1_block,102644,43.1,2,1,1,,,0.895,"xgb,lgb",1.4363636363636365,False,0.0,VALIDATED,,,2,1.04,1.0,1.0,2.0,1.11
2026-06-07 13:03:19.975437+00:00,3,3_blocks,102644,43.1,2,1,1,,,0.5,"xgb,lgb",1.054054054054054,False,0.0,VALIDATED,,,6,5.3,9.0,8.17,1.0,1.0
2026-06-07 13:03:19.975437+00:00,6,6_blocks,102644,43.1,2,1,1,,,0.5,"xgb,lgb",0.75,False,0.0,VALIDATED,,,6,5.32,9.0,8.17,2.0,1.04
2026-06-07 14:58:44.402496+00:00,1,1_block,105261,43.7,2,1,1,,,0.5,"xgb,lgb",1.062124248496994,False,0.0,VALIDATED,,,3,2.18,3.0,2.75,2.0,1.32
2026-06-07 14:58:44.402496+00:00,3,3_blocks,105261,43.7,2,1,1,,,1.0,"xgb,lgb",1.062124248496994,False,0.0,VALIDATED,,,1,1.0,1.0,1.0,1.0,1.0
2026-06-07 14:58:44.402496+00:00,6,6_blocks,105261,43.7,2,1,1,,,0.917,"xgb,lgb",0.5376344086021505,False,0.0,VALIDATED,,,2,1.03,1.0,1.0,2.0,1.09
2026-06-07 16:18:38.515874+00:00,1,1_block,105336,44.1,4,4,1,,,0.5,"xgb,lgb",1.062124248496994,False,0.0,VALIDATED,,,4,3.75,6.0,5.59,1.0,1.0
2026-06-07 16:18:38.515874+00:00,3,3_blocks,105336,44.1,4,4,1,,,0.5,"xgb,lgb",1.062124248496994,False,0.0,VALIDATED,,,10,9.12,15.0,14.53,1.0,1.0
2026-06-07 16:18:38.515874+00:00,6,6_blocks,105336,44.1,4,4,1,,,0.5,"xgb,lgb",0.5357142857142857,False,0.0,VALIDATED,,,10,9.12,15.0,14.53,1.0,1.0
2026-06-07 17:43:07.877338+00:00,1,1_block,102756,43.1,2,1,1,,,0.5,"xgb,lgb",2.1723300970873787,False,0.0,VALIDATED,,,3,2.05,3.0,2.76,1.0,1.0
2026-06-07 17:43:07.877338+00:00,3,3_blocks,102756,43.1,2,1,1,,,0.5,"xgb,lgb",1.0,False,0.0,VALIDATED,,,7,6.07,10.0,9.45,1.0,1.0
2026-06-07 17:43:07.877338+00:00,6,6_blocks,102756,43.1,2,1,1,,,0.5,"xgb,lgb",0.5357142857142857,False,0.0,VALIDATED,,,7,6.07,10.0,9.45,1.0,1.0
2026-06-07 18:58:55.114059+00:00,1,1_block,104969,43.9,3,3,1,,,0.5,"xgb,lgb",1.0,False,0.0,VALIDATED,,,3,2.36,4.0,3.05,2.0,1.33
2026-06-07 18:58:55.114059+00:00,3,3_blocks,104969,43.9,3,3,1,,,0.5,"xgb,lgb",1.0,False,0.0,VALIDATED,,,5,4.25,7.0,6.42,1.0,1.0
2026-06-07 18:58:55.114059+00:00,6,6_blocks,104969,43.9,3,3,1,,,0.5,"xgb,lgb",0.539568345323741,False,0.0,VALIDATED,,,5,4.27,7.0,6.42,2.0,1.05
2026-06-07 20:13:32.544599+00:00,1,1_block,103786,43.4,3,1,1,,,0.5,"xgb,lgb",1.0,False,0.0,VALIDATED,,,3,2.87,5.0,4.11,1.0,1.0
2026-06-07 20:13:32.544599+00:00,3,3_blocks,103786,43.4,3,1,1,,,0.5,"xgb,lgb",1.0,False,0.0,VALIDATED,,,3,2.97,5.0,4.28,1.0,1.0
2026-06-07 20:13:32.544599+00:00,6,6_blocks,103786,43.4,3,1,1,,,0.5,"xgb,lgb",0.3636363636363636,False,0.0,VALIDATED,,,3,3.0,5.0,4.28,2.0,1.08
2026-06-07 21:38:08.755835+00:00,1,1_block,101241,42.6,1,1,1,,,0.5,"xgb,lgb",0.8046875,False,0.0,VALIDATED,,,2,1.6,3.0,2.01,1.0,1.0
2026-06-07 21:38:08.755835+00:00,3,3_blocks,101241,42.6,1,1,1,,,0.5,"xgb,lgb",0.539568345323741,False,0.0,VALIDATED,,,9,8.3,14.0,13.16,1.0,1.0
2026-06-07 21:38:08.755835+00:00,6,6_blocks,101241,42.6,1,1,1,,,0.5,"xgb,lgb",0.539568345323741,False,0.0,VALIDATED,,,9,8.3,14.0,13.16,1.0,1.0
2026-06-07 22:42:54.771620+00:00,1,1_block,103659,43.5,2,1,1,,,0.5,"xgb,lgb",0.539568345323741,False,0.0,VALIDATED,,,3,2.78,4.0,3.76,2.0,1.31
2026-06-07 22:42:54.771620+00:00,3,3_blocks,103659,43.5,2,1,1,,,0.5,"xgb,lgb",0.539568345323741,False,0.0,VALIDATED,,,5,4.79,8.0,7.32,1.0,1.0
2026-06-07 22:42:54.771620+00:00,6,6_blocks,103659,43.5,2,1,1,,,0.5,"xgb,lgb",0.539568345323741,False,0.0,VALIDATED,,,5,4.79,8.0,7.32,2.0,1.01
2026-06-07 23:48:20.452501+00:00,1,1_block,91487,41.2,1,1,1,,,0.5,"xgb,lgb",0.6818181818181818,False,0.0,VALIDATED,,,3,2.01,3.0,2.69,1.0,1.0
2026-06-07 23:48:20.452501+00:00,3,3_blocks,91487,41.2,1,1,1,,,0.5,"xgb,lgb",0.6818181818181818,False,0.0,VALIDATED,,,11,10.6,17.0,16.99,1.0,1.0
2026-06-07 23:48:20.452501+00:00,6,6_blocks,91487,41.2,1,1,1,,,0.5,"xgb,lgb",0.6818181818181818,False,0.0,VALIDATED,,,11,10.6,17.0,16.99,1.0,1.0
2026-06-08 02:04:53.083043+00:00,1,1_block,105289,43.7,2,1,1,,,0.5,"xgb,lgb",0.6818181818181818,False,0.0,VALIDATED,,,5,4.38,7.0,6.4,2.0,1.34
2026-06-08 02:04:53.083043+00:00,3,3_blocks,105289,43.7,2,1,1,,,0.5,"xgb,lgb",0.6818181818181818,False,0.0,VALIDATED,,,5,4.47,7.0,6.78,1.0,1.0
2026-06-08 02:04:53.083043+00:00,6,6_blocks,105289,43.7,2,1,1,,,0.5,"xgb,lgb",0.5428571428571428,False,0.0,VALIDATED,,,5,4.5,7.0,6.78,2.0,1.09
2026-06-08 06:59:04.623968+00:00,1,1_block,109634,44.6,2,1,1,,,0.5,"xgb,lgb",0.5428571428571428,False,0.0,VALIDATED,,,5,4.13,7.0,6.22,1.0,1.0
2026-06-08 06:59:04.623968+00:00,3,3_blocks,109634,44.6,2,1,1,,,0.5,"xgb,lgb",1.0,False,0.0,VALIDATED,,,9,8.74,14.0,13.91,1.0,1.0
2026-06-08 06:59:04.623968+00:00,6,6_blocks,109634,44.6,2,1,1,,,0.5,"xgb,lgb",1.0,False,0.0,VALIDATED,,,9,8.74,14.0,13.91,1.0,1.0
2026-06-08 12:02:39.885232+00:00,1,1_block,106908,44.5,3,3,1,,,0.5,"xgb,lgb",2.2577132486388383,False,0.0,VALIDATED,,,3,2.86,5.0,4.1,1.0,1.0
2026-06-08 12:02:39.885232+00:00,3,3_blocks,106908,44.5,3,3,1,,,0.5,"xgb,lgb",1.0,False,0.0,VALIDATED,,,12,11.26,19.0,18.1,1.0,1.0
2026-06-08 12:02:39.885232+00:00,6,6_blocks,106908,44.5,3,3,1,,,0.5,"xgb,lgb",1.0,False,0.0,VALIDATED,,,12,11.26,19.0,18.1,1.0,1.0
2026-06-08 16:00:46.971715+00:00,1,1_block,107268,44.3,3,3,1,,,0.5,"xgb,lgb",2.2577132486388383,False,0.0,VALIDATED,,,3,2.83,4.0,3.84,2.0,1.32
2026-06-08 16:00:46.971715+00:00,3,3_blocks,107268,44.3,3,3,1,,,0.5,"xgb,lgb",1.0,False,0.0,VALIDATED,,,3,2.22,4.0,3.04,1.0,1.0
2026-06-08 16:00:46.971715+00:00,6,6_blocks,107268,44.3,3,3,1,,,0.5,"xgb,lgb",0.6928571428571428,False,0.0,VALIDATED,,,3,2.25,4.0,3.04,2.0,1.07
2026-06-08 18:29:42.653465+00:00,1,1_block,112978,45.7,4,3,1,,,0.591,"xgb,lgb",3.0,False,0.0,VALIDATED,,,2,1.72,2.0,1.99,2.0,1.32
2026-06-08 18:29:42.653465+00:00,3,3_blocks,112978,45.7,4,3,1,,,0.5,"xgb,lgb",1.2972972972972974,False,0.0,VALIDATED,,,8,7.55,12.0,11.91,1.0,1.0
2026-06-08 18:29:42.653465+00:00,6,6_blocks,112978,45.7,4,3,1,,,0.5,"xgb,lgb",0.6928571428571428,False,0.0,VALIDATED,,,8,7.59,12.0,11.91,2.0,1.12
2026-06-08 20:40:57.449428+00:00,1,1_block,106283,44.3,4,3,1,,,0.5,"xgb,lgb",3.0,False,0.0,VALIDATED,,,4,3.55,6.0,5.03,2.0,1.32
2026-06-08 20:40:57.449428+00:00,3,3_blocks,106283,44.3,4,3,1,,,0.5,"xgb,lgb",1.2972972972972974,False,0.0,VALIDATED,,,9,8.28,14.0,13.14,1.0,1.0
2026-06-08 20:40:57.449428+00:00,6,6_blocks,106283,44.3,4,3,1,,,0.5,"xgb,lgb",0.5428571428571428,False,0.0,VALIDATED,,,9,8.33,14.0,13.14,2.0,1.12
2026-06-08 22:15:23.491252+00:00,1,1_block,105851,44.0,3,1,1,,,0.5,"xgb,lgb",0.5428571428571428,False,0.0,VALIDATED,,,6,5.48,9.0,8.26,2.0,1.32
2026-06-08 22:15:23.491252+00:00,3,3_blocks,105851,44.0,3,1,1,,,0.5,"xgb,lgb",0.5428571428571428,False,0.0,VALIDATED,,,3,2.82,5.0,4.04,1.0,1.0
2026-06-08 22:15:23.491252+00:00,6,6_blocks,105851,44.0,3,1,1,,,0.5,"xgb,lgb",0.5278350515463918,False,0.0,VALIDATED,,,3,2.82,5.0,4.04,1.0,1.0
2026-06-08 23:39:32.348138+00:00,1,1_block,103135,43.3,4,3,1,,,0.5,"xgb,lgb",0.6285714285714286,False,0.0,VALIDATED,,,4,3.92,6.0,5.65,2.0,1.32
2026-06-08 23:39:32.348138+00:00,3,3_blocks,103135,43.3,4,3,1,,,0.5,"xgb,lgb",0.5278350515463918,False,0.0,VALIDATED,,,7,6.39,10.0,9.99,1.0,1.0
2026-06-08 23:39:32.348138+00:00,6,6_blocks,103135,43.3,4,3,1,,,0.5,"xgb,lgb",0.5278350515463918,False,0.0,VALIDATED,,,7,6.44,10.0,9.99,2.0,1.12
2026-06-09 01:31:24.245792+00:00,1,1_block,104771,43.9,2,1,1,,,0.5,"xgb,lgb",0.6285714285714286,False,0.0,VALIDATED,,,5,4.16,7.0,6.05,2.0,1.32
2026-06-09 01:31:24.245792+00:00,3,3_blocks,104771,43.9,2,1,1,,,0.5,"xgb,lgb",0.6571428571428571,False,0.0,VALIDATED,,,5,4.26,7.0,6.44,1.0,1.0
2026-06-09 01:31:24.245792+00:00,6,6_blocks,104771,43.9,2,1,1,,,0.5,"xgb,lgb",0.65,False,0.0,VALIDATED,,,5,4.28,7.0,6.44,2.0,1.06
2026-06-09 05:51:20.829780+00:00,1,1_block,105432,42.4,2,2,1,,,0.5,"xgb,lgb",0.6739032923656589,False,0.0,VALIDATED,,,5,4.31,7.0,6.3,2.0,1.32
2026-06-09 05:51:20.829780+00:00,3,3_blocks,105432,42.4,2,2,1,,,0.5,"xgb,lgb",0.6739032923656589,False,0.0,VALIDATED,,,2,1.84,3.0,2.41,1.0,1.0
2026-06-09 05:51:20.829780+00:00,6,6_blocks,105432,42.4,2,2,1,,,0.5,"xgb,lgb",0.5571428571428572,False,0.0,VALIDATED,,,2,1.87,3.0,2.41,2.0,1.07
2026-06-09 09:31:01.851983+00:00,1,1_block,98753,42.6,1,1,1,,,0.5,"xgb,lgb",0.6739032923656589,False,0.0,VALIDATED,,,3,2.71,4.0,3.86,1.0,1.0
2026-06-09 09:31:01.851983+00:00,3,3_blocks,98753,42.6,1,1,1,,,0.5,"xgb,lgb",0.6739032923656589,False,0.0,VALIDATED,,,6,5.56,9.0,8.59,1.0,1.0
2026-06-09 09:31:01.851983+00:00,6,6_blocks,98753,42.6,1,1,1,,,0.5,"xgb,lgb",0.6928571428571428,False,0.0,VALIDATED,,,6,5.56,9.0,8.59,1.0,1.0
2026-06-09 12:23:17.942498+00:00,1,1_block,107443,44.7,4,3,1,,,0.5,"xgb,lgb",3.0,False,0.0,VALIDATED,,,3,2.76,4.0,3.72,2.0,1.32
2026-06-09 12:23:17.942498+00:00,3,3_blocks,107443,44.7,4,3,1,,,0.5,"xgb,lgb",1.2972972972972974,False,0.0,VALIDATED,,,9,8.16,13.0,12.94,1.0,1.0
2026-06-09 12:23:17.942498+00:00,6,6_blocks,107443,44.7,4,3,1,,,0.5,"xgb,lgb",0.6928571428571428,False,0.0,VALIDATED,,,9,8.21,13.0,12.94,2.0,1.12
2026-06-09 15:37:52.588129+00:00,1,1_block,106713,44.3,2,1,1,,,0.5,"xgb,lgb",3.0,False,0.0,VALIDATED,,,4,3.46,6.0,5.1,1.0,1.0
2026-06-09 15:37:52.588129+00:00,3,3_blocks,106713,44.3,2,1,1,,,0.5,"xgb,lgb",1.2972972972972974,False,0.0,VALIDATED,,,3,2.58,4.0,3.64,1.0,1.0
2026-06-09 15:37:52.588129+00:00,6,6_blocks,106713,44.3,2,1,1,,,0.5,"xgb,lgb",0.6928571428571428,False,0.0,VALIDATED,,,3,2.58,4.0,3.64,1.0,1.0
2026-06-09 17:35:49.541521+00:00,1,1_block,108827,44.6,4,3,1,,,0.5,"xgb,lgb",3.0,False,0.0,VALIDATED,,,3,2.78,4.0,3.76,2.0,1.32
2026-06-09 17:35:49.541521+00:00,3,3_blocks,108827,44.6,4,3,1,,,0.5,"xgb,lgb",1.2972972972972974,False,0.0,VALIDATED,,,9,8.43,14.0,13.38,1.0,1.0
2026-06-09 17:35:49.541521+00:00,6,6_blocks,108827,44.6,4,3,1,,,0.5,"xgb,lgb",0.6928571428571428,False,0.0,VALIDATED,,,9,8.48,14.0,13.38,2.0,1.12
2026-06-09 19:36:27.230914+00:00,1,1_block,112437,45.8,4,4,3,,,0.585,"xgb,lgb",0.5571428571428572,False,0.0,VALIDATED,,,2,1.79,3.0,2.07,2.0,1.36
2026-06-09 19:36:27.230914+00:00,3,3_blocks,112437,45.8,4,4,3,,,0.5,"xgb,lgb",0.5571428571428572,False,0.0,VALIDATED,,,6,5.54,9.0,8.56,1.0,1.0
2026-06-09 19:36:27.230914+00:00,6,6_blocks,112437,45.8,4,4,3,,,0.5,"xgb,lgb",0.5571428571428572,False,0.0,VALIDATED,,,6,5.57,9.0,8.56,2.0,1.09
2026-06-09 21:22:02.324958+00:00,1,1_block,95095,42.1,4,3,1,,,0.5,"xgb,lgb",0.6141078838174274,False,0.0,VALIDATED,,,5,4.1,6.0,5.96,2.0,1.32
2026-06-09 21:22:02.324958+00:00,3,3_blocks,95095,42.1,4,3,1,,,0.5,"xgb,lgb",0.5642857142857143,False,0.0,VALIDATED,,,7,6.48,11.0,10.13,1.0,1.0
2026-06-09 21:22:02.324958+00:00,6,6_blocks,95095,42.1,4,3,1,,,0.5,"xgb,lgb",0.5185185185185185,False,0.0,VALIDATED,,,7,6.53,11.0,10.13,2.0,1.12
2026-06-09 22:57:01.899717+00:00,1,1_block,98296,42.7,1,1,1,,,0.5,"xgb,lgb",3.0,False,0.0,VALIDATED,,,4,3.67,6.0,5.46,1.0,1.0
2026-06-09 22:57:01.899717+00:00,3,3_blocks,98296,42.7,1,1,1,,,0.5,"xgb,lgb",1.2972972972972974,False,0.0,VALIDATED,,,4,3.64,6.0,5.4,1.0,1.0
2026-06-09 22:57:01.899717+00:00,6,6_blocks,98296,42.7,1,1,1,,,0.5,"xgb,lgb",0.6928571428571428,False,0.0,VALIDATED,,,4,3.64,6.0,5.4,1.0,1.0
2026-06-10 00:20:10.949075+00:00,1,1_block,99451,42.8,1,1,1,,,0.5,"xgb,lgb",3.0,False,0.0,VALIDATED,,,3,2.63,4.0,3.48,2.0,1.35
2026-06-10 00:20:10.949075+00:00,3,3_blocks,99451,42.8,1,1,1,,,0.5,"xgb,lgb",1.2972972972972974,False,0.0,VALIDATED,,,2,1.95,3.0,2.58,1.0,1.0
2026-06-10 00:20:10.949075+00:00,6,6_blocks,99451,42.8,1,1,1,,,0.5,"xgb,lgb",0.6928571428571428,False,0.0,VALIDATED,,,2,1.95,3.0,2.58,1.0,1.0
2026-06-10 04:45:27.756550+00:00,1,1_block,103952,43.5,4,3,1,,,0.5,"xgb,lgb",3.0,False,0.0,VALIDATED,,,4,3.86,6.0,5.56,2.0,1.32
2026-06-10 04:45:27.756550+00:00,3,3_blocks,103952,43.5,4,3,1,,,0.5,"xgb,lgb",1.2972972972972974,False,0.0,VALIDATED,,,6,5.55,9.0,8.58,1.0,1.0
2026-06-10 04:45:27.756550+00:00,6,6_blocks,103952,43.5,4,3,1,,,0.5,"xgb,lgb",0.6928571428571428,False,0.0,VALIDATED,,,6,5.6,9.0,8.58,2.0,1.12
2026-06-10 08:38:37.340256+00:00,1,1_block,105147,44.2,2,1,1,,,0.653,"xgb,lgb",3.0,False,0.0,VALIDATED,,,2,1.64,2.0,1.86,2.0,1.31
2026-06-10 08:38:37.340256+00:00,3,3_blocks,105147,44.2,2,1,1,,,0.5,"xgb,lgb",1.2972972972972974,False,0.0,VALIDATED,,,7,6.14,10.0,9.57,1.0,1.0
2026-06-10 08:38:37.340256+00:00,6,6_blocks,105147,44.2,2,1,1,,,0.5,"xgb,lgb",0.6928571428571428,False,0.0,VALIDATED,,,7,6.14,10.0,9.57,1.0,1.0
2026-06-10 11:56:56.407211+00:00,1,1_block,103764,43.6,4,3,1,,,0.5,"xgb,lgb",1.0048939641109298,False,0.0,VALIDATED,,,3,2.63,4.0,3.51,2.0,1.32
2026-06-10 11:56:56.407211+00:00,3,3_blocks,103764,43.6,4,3,1,,,0.5,"xgb,lgb",0.7428571428571429,False,0.0,VALIDATED,,,8,7.92,13.0,12.54,1.0,1.0
2026-06-10 11:56:56.407211+00:00,6,6_blocks,103764,43.6,4,3,1,,,0.5,"xgb,lgb",0.7428571428571429,False,0.0,VALIDATED,,,8,7.97,13.0,12.54,2.0,1.12
2026-06-10 15:25:02.729805+00:00,1,1_block,104407,44.4,2,2,1,,,0.5,"xgb,lgb",1.014388489208633,False,0.0,VALIDATED,,,5,4.68,8.0,7.07,2.0,1.09
2026-06-10 15:25:02.729805+00:00,3,3_blocks,104407,44.4,2,2,1,,,0.5,"xgb,lgb",0.9952153110047848,False,0.0,VALIDATED,,,4,3.91,6.0,5.86,1.0,1.0
2026-06-10 15:25:02.729805+00:00,6,6_blocks,104407,44.4,2,2,1,,,0.5,"xgb,lgb",0.9952153110047848,False,0.0,VALIDATED,,,4,3.91,6.0,5.86,1.0,1.0
2026-06-10 18:13:25.571041+00:00,1,1_block,109323,45.7,3,3,1,,,0.5,"xgb,lgb",2.568493150684932,False,0.0,VALIDATED,,,4,3.05,5.0,4.2,2.0,1.32
2026-06-10 18:13:25.571041+00:00,3,3_blocks,109323,45.7,3,3,1,,,0.5,"xgb,lgb",2.009132420091324,False,0.0,VALIDATED,,,8,7.41,12.0,11.68,1.0,1.0
2026-06-10 18:13:25.571041+00:00,6,6_blocks,109323,45.7,3,3,1,,,0.5,"xgb,lgb",2.009132420091324,False,0.0,VALIDATED,,,8,7.41,12.0,11.68,1.0,1.0
2026-06-10 20:47:12.081747+00:00,1,1_block,109058,45.7,4,3,1,,,0.5,"xgb,lgb",1.003665987780041,False,0.0,VALIDATED,,,2,1.73,3.0,2.22,1.0,1.0
2026-06-10 20:47:12.081747+00:00,3,3_blocks,109058,45.7,4,3,1,,,0.5,"xgb,lgb",1.003665987780041,False,0.0,VALIDATED,,,6,5.79,9.0,8.98,1.0,1.0
2026-06-10 20:47:12.081747+00:00,6,6_blocks,109058,45.7,4,3,1,,,0.5,"xgb,lgb",1.003665987780041,False,0.0,VALIDATED,,,6,5.79,9.0,8.98,1.0,1.0
2026-06-10 22:32:35.329667+00:00,1,1_block,106693,44.9,2,2,1,,,0.5,"xgb,lgb",2.0,False,0.0,VALIDATED,,,5,4.24,7.0,6.41,1.0,1.0
2026-06-10 22:32:35.329667+00:00,3,3_blocks,106693,44.9,2,2,1,,,0.5,"xgb,lgb",2.0,False,0.0,VALIDATED,,,3,2.34,4.0,3.23,1.0,1.0
2026-06-10 22:32:35.329667+00:00,6,6_blocks,106693,44.9,2,2,1,,,0.5,"xgb,lgb",1.003665987780041,False,0.0,VALIDATED,,,3,2.34,4.0,3.23,1.0,1.0
2026-06-11 00:03:22.715992+00:00,1,1_block,109022,45.6,3,3,1,,,0.5,"xgb,lgb",0.7207207207207207,False,0.0,VALIDATED,,,5,4.66,7.0,6.89,2.0,1.32
2026-06-11 00:03:22.715992+00:00,3,3_blocks,109022,45.6,3,3,1,,,0.5,"xgb,lgb",0.7023809523809523,False,0.0,VALIDATED,,,7,6.32,10.0,9.86,1.0,1.0
2026-06-11 00:03:22.715992+00:00,6,6_blocks,109022,45.6,3,3,1,,,0.5,"xgb,lgb",0.7023809523809523,False,0.0,VALIDATED,,,7,6.32,10.0,9.86,1.0,1.0
2026-06-11 04:56:41.473885+00:00,1,1_block,106481,44.3,2,2,1,,,0.655,"xgb,lgb",0.7207207207207207,False,0.0,VALIDATED,,,2,1.67,2.0,1.89,2.0,1.34
2026-06-11 04:56:41.473885+00:00,3,3_blocks,106481,44.3,2,2,1,,,0.5,"xgb,lgb",0.5714285714285714,False,0.0,VALIDATED,,,2,1.46,2.0,1.76,1.0,1.0
2026-06-11 04:56:41.473885+00:00,6,6_blocks,106481,44.3,2,2,1,,,0.5,"xgb,lgb",0.5714285714285714,False,0.0,VALIDATED,,,2,1.46,2.0,1.76,1.0,1.0
2026-06-11 09:11:03.996835+00:00,1,1_block,111992,44.6,3,3,1,,,0.5,"xgb,lgb",0.5714285714285714,False,0.0,VALIDATED,,,5,4.05,7.0,6.09,1.0,1.0
2026-06-11 09:11:03.996835+00:00,3,3_blocks,111992,44.6,3,3,1,,,0.5,"xgb,lgb",0.5714285714285714,False,0.0,VALIDATED,,,7,6.82,11.0,10.7,1.0,1.0
2026-06-11 09:11:03.996835+00:00,6,6_blocks,111992,44.6,3,3,1,,,0.5,"xgb,lgb",0.5714285714285714,False,0.0,VALIDATED,,,7,6.82,11.0,10.7,1.0,1.0
2026-06-11 12:54:44.472881+00:00,1,1_block,106249,43.2,1,1,1,,,0.5,"xgb,lgb",3.418439716312057,False,0.0,VALIDATED,,,2,1.63,3.0,2.05,1.0,1.0
2026-06-11 12:54:44.472881+00:00,3,3_blocks,106249,43.2,1,1,1,,,0.958,"xgb,lgb",0.5714285714285714,False,0.0,VALIDATED,,,2,1.03,2.0,1.04,1.0,1.0
2026-06-11 12:54:44.472881+00:00,6,6_blocks,106249,43.2,1,1,1,,,0.958,"xgb,lgb",0.5714285714285714,False,0.0,VALIDATED,,,2,1.03,2.0,1.04,1.0,1.0
2026-06-11 16:48:16.979469+00:00,1,1_block,109359,46.2,2,2,2,,,0.5,"xgb,lgb",1.0,False,0.0,VALIDATED,,,6,5.03,8.0,7.72,1.0,1.0
2026-06-11 16:48:16.979469+00:00,3,3_blocks,109359,46.2,2,2,2,,,0.5,"xgb,lgb",1.0,False,0.0,VALIDATED,,,11,10.12,17.0,16.2,1.0,1.0
2026-06-11 16:48:16.979469+00:00,6,6_blocks,109359,46.2,2,2,2,,,0.5,"xgb,lgb",1.0,False,0.0,VALIDATED,,,11,10.12,17.0,16.2,1.0,1.0
2026-06-11 19:27:34.947627+00:00,1,1_block,116818,47.3,5,4,3,,,0.5,"xgb,lgb",3.145454545454545,False,0.0,VALIDATED,,,5,4.13,7.0,6.13,2.0,1.12
2026-06-11 19:27:34.947627+00:00,3,3_blocks,116818,47.3,5,4,3,,,0.5,"xgb,lgb",3.145454545454545,False,0.0,VALIDATED,,,8,7.39,12.0,11.64,1.0,1.0
2026-06-11 19:27:34.947627+00:00,6,6_blocks,116818,47.3,5,4,3,,,0.5,"xgb,lgb",3.145454545454545,False,0.0,VALIDATED,,,8,7.39,12.0,11.64,1.0,1.0
2026-06-11 21:34:53.652950+00:00,1,1_block,117334,48.2,5,4,4,,,0.5,"xgb,lgb",5.090909090909091,False,0.0,VALIDATED,,,5,4.92,8.0,7.31,2.0,1.33
2026-06-11 21:34:53.652950+00:00,3,3_blocks,117334,48.2,5,4,4,,,0.5,"xgb,lgb",5.0,False,0.0,VALIDATED,,,13,12.07,20.0,19.45,1.0,1.0
2026-06-11 21:34:53.652950+00:00,6,6_blocks,117334,48.2,5,4,4,,,0.5,"xgb,lgb",3.145454545454545,False,0.0,VALIDATED,,,13,12.07,20.0,19.45,1.0,1.0
2026-06-11 23:09:01.401289+00:00,1,1_block,122914,50.3,7,6,5,,,0.5,"xgb,lgb",1.0101010101010102,False,0.0,VALIDATED,,,9,8.13,13.0,12.66,2.0,1.34
2026-06-11 23:09:01.401289+00:00,3,3_blocks,122914,50.3,7,6,5,,,0.5,"xgb,lgb",1.0101010101010102,False,0.0,VALIDATED,,,11,10.67,18.0,17.11,1.0,1.0
2026-06-11 23:09:01.401289+00:00,6,6_blocks,122914,50.3,7,6,5,,,0.5,"xgb,lgb",0.9996428571428572,False,0.0,VALIDATED,,,11,10.67,18.0,17.11,1.0,1.0
2026-06-12 01:38:33.067191+00:00,1,1_block,111529,44.6,3,1,1,,,0.5,"xgb,lgb",1.0101010101010102,False,0.0,VALIDATED,,,8,7.01,12.0,11.01,1.0,1.0
2026-06-12 01:38:33.067191+00:00,3,3_blocks,111529,44.6,3,1,1,,,0.5,"xgb,lgb",1.00355871886121,False,0.0,VALIDATED,,,12,11.69,19.0,18.81,1.0,1.0
2026-06-12 01:38:33.067191+00:00,6,6_blocks,111529,44.6,3,1,1,,,0.5,"xgb,lgb",0.65,False,0.0,VALIDATED,,,12,11.69,19.0,18.81,1.0,1.0
2026-06-12 06:17:47.197805+00:00,1,1_block,113220,45.2,5,4,1,,,0.5,"xgb,lgb",1.00355871886121,False,0.0,VALIDATED,,,3,2.97,5.0,4.29,1.0,1.0
2026-06-12 06:17:47.197805+00:00,3,3_blocks,113220,45.2,5,4,1,,,0.5,"xgb,lgb",1.00355871886121,False,0.0,VALIDATED,,,8,7.73,13.0,12.22,1.0,1.0
2026-06-12 06:17:47.197805+00:00,6,6_blocks,113220,45.2,5,4,1,,,0.5,"xgb,lgb",0.5636363636363636,False,0.0,VALIDATED,,,8,7.73,13.0,12.22,1.0,1.0
2026-06-12 10:41:58.693566+00:00,1,1_block,101077,42.4,1,1,1,,,0.5,"xgb,lgb",0.6500569476082004,False,0.0,VALIDATED,,,3,2.76,4.0,3.93,1.0,1.0
2026-06-12 10:41:58.693566+00:00,3,3_blocks,101077,42.4,1,1,1,,,0.5,"xgb,lgb",0.5636363636363636,False,0.0,VALIDATED,,,8,7.79,13.0,12.32,1.0,1.0
2026-06-12 10:41:58.693566+00:00,6,6_blocks,101077,42.4,1,1,1,,,0.5,"xgb,lgb",1.0070921985815602,False,0.0,VALIDATED,,,8,7.79,13.0,12.32,1.0,1.0
2026-06-12 13:53:21.410679+00:00,1,1_block,108948,45.1,3,3,2,,,0.5,"xgb,lgb",2.0,False,0.0,VALIDATED,,,6,5.82,9.0,8.81,2.0,1.35
2026-06-12 13:53:21.410679+00:00,3,3_blocks,108948,45.1,3,3,2,,,0.5,"xgb,lgb",1.069042316258352,False,0.0,VALIDATED,,,9,8.58,14.0,13.63,1.0,1.0
2026-06-12 13:53:21.410679+00:00,6,6_blocks,108948,45.1,3,3,2,,,0.5,"xgb,lgb",1.069042316258352,False,0.0,VALIDATED,,,9,8.58,14.0,13.63,1.0,1.0
2026-06-12 16:40:55.167680+00:00,1,1_block,112338,46.2,4,4,3,,,0.5,"xgb,lgb",1.069042316258352,False,0.0,VALIDATED,,,3,2.41,4.0,3.14,2.0,1.32
2026-06-12 16:40:55.167680+00:00,3,3_blocks,112338,46.2,4,4,3,,,0.5,"xgb,lgb",1.069042316258352,False,0.0,VALIDATED,,,8,7.46,12.0,11.76,1.0,1.0
2026-06-12 16:40:55.167680+00:00,6,6_blocks,112338,46.2,4,4,3,,,0.5,"xgb,lgb",1.0101010101010102,False,0.0,VALIDATED,,,8,7.46,12.0,11.76,1.0,1.0
2026-06-12 18:30:21.736976+00:00,1,1_block,114258,46.2,3,3,3,,,0.5,"xgb,lgb",1.0311004784688995,False,0.0,VALIDATED,,,4,3.18,5.0,4.43,2.0,1.31
2026-06-12 18:30:21.736976+00:00,3,3_blocks,114258,46.2,3,3,3,,,0.5,"xgb,lgb",1.0101010101010102,False,0.0,VALIDATED,,,7,6.55,11.0,10.25,1.0,1.0
2026-06-12 18:30:21.736976+00:00,6,6_blocks,114258,46.2,3,3,3,,,0.5,"xgb,lgb",1.0101010101010102,False,0.0,VALIDATED,,,7,6.55,11.0,10.25,1.0,1.0
2026-06-12 20:37:11.695445+00:00,1,1_block,108643,44.3,4,3,1,,,0.5,"xgb,lgb",0.6820652173913043,False,0.0,VALIDATED,,,4,3.92,6.0,5.87,1.0,1.0
2026-06-12 20:37:11.695445+00:00,3,3_blocks,108643,44.3,4,3,1,,,0.5,"xgb,lgb",0.6820652173913043,False,0.0,VALIDATED,,,8,7.93,13.0,12.54,1.0,1.0
2026-06-12 20:37:11.695445+00:00,6,6_blocks,108643,44.3,4,3,1,,,0.5,"xgb,lgb",0.7808219178082192,False,0.0,VALIDATED,,,8,7.93,13.0,12.54,1.0,1.0
2026-06-12 22:12:52.213579+00:00,1,1_block,107726,44.3,4,3,1,,,0.5,"xgb,lgb",1.088235294117647,False,0.0,VALIDATED,,,4,3.48,6.0,5.13,1.0,1.0
2026-06-12 22:12:52.213579+00:00,3,3_blocks,107726,44.3,4,3,1,,,0.5,"xgb,lgb",1.088235294117647,False,0.0,VALIDATED,,,8,7.68,13.0,12.13,1.0,1.0
2026-06-12 22:12:52.213579+00:00,6,6_blocks,107726,44.3,4,3,1,,,0.5,"xgb,lgb",0.5888689407540395,False,0.0,VALIDATED,,,8,7.68,13.0,12.13,1.0,1.0
2026-06-12 23:54:58.966222+00:00,1,1_block,101813,42.7,1,1,1,,,0.5,"xgb,lgb",1.181818181818182,False,0.0,VALIDATED,,,2,1.69,3.0,2.15,1.0,1.0
2026-06-12 23:54:58.966222+00:00,3,3_blocks,101813,42.7,1,1,1,,,0.5,"xgb,lgb",1.0,False,0.0,VALIDATED,,,9,8.36,14.0,13.26,1.0,1.0
2026-06-12 23:54:58.966222+00:00,6,6_blocks,101813,42.7,1,1,1,,,0.5,"xgb,lgb",0.5888689407540395,False,0.0,VALIDATED,,,9,8.36,14.0,13.26,1.0,1.0
2026-06-13 02:47:25.498634+00:00,1,1_block,108617,44.3,3,3,1,,,0.5,"xgb,lgb",1.0,False,0.0,VALIDATED,,,3,2.69,4.0,3.61,2.0,1.32
2026-06-13 02:47:25.498634+00:00,3,3_blocks,108617,44.3,3,3,1,,,0.5,"xgb,lgb",1.0,False,0.0,VALIDATED,,,6,5.02,8.0,7.69,1.0,1.0
2026-06-13 02:47:25.498634+00:00,6,6_blocks,108617,44.3,3,3,1,,,0.5,"xgb,lgb",1.0,False,0.0,VALIDATED,,,6,5.02,8.0,7.69,1.0,1.0
2026-06-13 06:43:14.487054+00:00,1,1_block,106727,44.3,3,3,1,,,0.5,"xgb,lgb",1.0,False,0.0,VALIDATED,,,5,4.83,8.0,7.38,1.0,1.0
2026-06-13 06:43:14.487054+00:00,3,3_blocks,106727,44.3,3,3,1,,,0.5,"xgb,lgb",1.0,False,0.0,VALIDATED,,,8,7.82,13.0,12.37,1.0,1.0
2026-06-13 06:43:14.487054+00:00,6,6_blocks,106727,44.3,3,3,1,,,0.5,"xgb,lgb",0.7321428571428571,False,0.0,VALIDATED,,,8,7.82,13.0,12.37,1.0,1.0
2026-06-13 09:48:02.563038+00:00,1,1_block,103075,43.1,1,1,1,,,0.5,"xgb,lgb",0.60431654676259,False,0.0,VALIDATED,,,3,2.07,3.0,2.78,1.0,1.0
2026-06-13 09:48:02.563038+00:00,3,3_blocks,103075,43.1,1,1,1,,,0.5,"xgb,lgb",0.60431654676259,False,0.0,VALIDATED,,,4,3.21,5.0,4.68,1.0,1.0
2026-06-13 09:48:02.563038+00:00,6,6_blocks,103075,43.1,1,1,1,,,0.5,"xgb,lgb",0.60431654676259,False,0.0,VALIDATED,,,4,3.21,5.0,4.68,1.0,1.0
2026-06-13 11:34:08.999601+00:00,1,1_block,110814,44.4,2,1,1,,,0.5,"xgb,lgb",1.170854271356784,False,0.0,VALIDATED,,,2,1.6,2.0,1.92,2.0,1.13
2026-06-13 11:34:08.999601+00:00,3,3_blocks,110814,44.4,2,1,1,,,0.5,"xgb,lgb",0.5928571428571429,False,0.0,VALIDATED,,,5,4.69,8.0,7.15,1.0,1.0
2026-06-13 11:34:08.999601+00:00,6,6_blocks,110814,44.4,2,1,1,,,0.5,"xgb,lgb",0.5928571428571429,False,0.0,VALIDATED,,,5,4.69,8.0,7.15,1.0,1.0
2026-06-13 13:11:17.846948+00:00,1,1_block,108052,44.1,3,1,1,,,0.5,"xgb,lgb",3.0,False,0.0,VALIDATED,,,5,4.47,7.0,6.79,1.0,1.0
2026-06-13 13:11:17.846948+00:00,3,3_blocks,108052,44.1,3,1,1,,,0.5,"xgb,lgb",3.0,False,0.0,VALIDATED,,,6,5.71,9.0,8.85,1.0,1.0
2026-06-13 13:11:17.846948+00:00,6,6_blocks,108052,44.1,3,1,1,,,0.5,"xgb,lgb",0.6,False,0.0,VALIDATED,,,6,5.71,9.0,8.85,1.0,1.0
2026-06-13 15:13:09.133867+00:00,1,1_block,112434,45.5,4,4,3,,,0.5,"xgb,lgb",2.3721973094170403,False,0.0,VALIDATED,,,5,4.39,7.0,6.44,2.0,1.32
2026-06-13 15:13:09.133867+00:00,3,3_blocks,112434,45.5,4,4,3,,,0.5,"xgb,lgb",2.3721973094170403,False,0.0,VALIDATED,,,7,6.58,11.0,10.31,1.0,1.0
2026-06-13 15:13:09.133867+00:00,6,6_blocks,112434,45.5,4,4,3,,,0.5,"xgb,lgb",2.013071895424837,False,0.0,VALIDATED,,,7,6.58,11.0,10.31,1.0,1.0
2026-06-13 16:49:52.149854+00:00,1,1_block,116258,47.1,6,5,4,,,0.5,"xgb,lgb",0.6714285714285714,False,0.0,VALIDATED,,,5,4.55,7.0,6.84,2.0,1.11
2026-06-13 16:49:52.149854+00:00,3,3_blocks,116258,47.1,6,5,4,,,0.5,"xgb,lgb",0.6,False,0.0,VALIDATED,,,5,4.08,7.0,6.13,1.0,1.0
2026-06-13 16:49:52.149854+00:00,6,6_blocks,116258,47.1,6,5,4,,,0.5,"xgb,lgb",0.6,False,0.0,VALIDATED,,,5,4.08,7.0,6.13,1.0,1.0
2026-06-13 18:00:55.693897+00:00,1,1_block,105587,43.4,1,1,1,,,0.5,"xgb,lgb",0.6714285714285714,False,0.0,VALIDATED,,,2,1.46,2.0,1.76,1.0,1.0
2026-06-13 18:00:55.693897+00:00,3,3_blocks,105587,43.4,1,1,1,,,0.5,"xgb,lgb",0.6,False,0.0,VALIDATED,,,5,4.43,7.0,6.71,1.0,1.0
2026-06-13 18:00:55.693897+00:00,6,6_blocks,105587,43.4,1,1,1,,,0.5,"xgb,lgb",0.8014184397163121,False,0.0,VALIDATED,,,5,4.43,7.0,6.71,1.0,1.0
2026-06-13 19:45:54.119930+00:00,1,1_block,112761,45.8,7,6,4,,,0.5,"xgb,lgb",0.8014184397163121,False,0.0,VALIDATED,,,6,5.69,9.0,8.82,1.0,1.0
2026-06-13 19:45:54.119930+00:00,3,3_blocks,112761,45.8,7,6,4,,,0.5,"xgb,lgb",0.8014184397163121,False,0.0,VALIDATED,,,5,4.99,8.0,7.64,1.0,1.0
2026-06-13 19:45:54.119930+00:00,6,6_blocks,112761,45.8,7,6,4,,,0.5,"xgb,lgb",0.8014184397163121,False,0.0,VALIDATED,,,5,4.99,8.0,7.64,1.0,1.0
2026-06-13 20:55:08.431087+00:00,1,1_block,108523,44.3,3,3,1,,,0.5,"xgb,lgb",4.0,False,0.0,VALIDATED,,,5,4.3,7.0,6.5,1.0,1.0
2026-06-13 20:55:08.431087+00:00,3,3_blocks,108523,44.3,3,3,1,,,0.5,"xgb,lgb",4.0,False,0.0,VALIDATED,,,10,9.51,16.0,15.18,1.0,1.0
2026-06-13 20:55:08.431087+00:00,6,6_blocks,108523,44.3,3,3,1,,,0.5,"xgb,lgb",0.8014184397163121,False,0.0,VALIDATED,,,10,9.51,16.0,15.18,1.0,1.0
2026-06-13 21:59:07.938178+00:00,1,1_block,114395,46.1,6,6,5,,,0.5,"xgb,lgb",1.972972972972973,False,0.0,VALIDATED,,,7,6.84,11.0,10.52,2.0,1.32
2026-06-13 21:59:07.938178+00:00,3,3_blocks,114395,46.1,6,6,5,,,1.0,"xgb,lgb",1.972972972972973,False,0.0,VALIDATED,,,1,1.0,1.0,1.0,1.0,1.0
2026-06-13 21:59:07.938178+00:00,6,6_blocks,114395,46.1,6,6,5,,,1.0,"xgb,lgb",1.1075514874141876,False,0.0,VALIDATED,,,1,1.0,1.0,1.0,1.0,1.0
2026-06-13 23:12:02.963269+00:00,1,1_block,111861,45.3,6,5,4,,,0.5,"xgb,lgb",1.972972972972973,False,0.0,VALIDATED,,,7,6.7,11.0,10.46,2.0,1.08
2026-06-13 23:12:02.963269+00:00,3,3_blocks,111861,45.3,6,5,4,,,0.5,"xgb,lgb",1.972972972972973,False,0.0,VALIDATED,,,4,3.96,6.0,5.93,1.0,1.0
2026-06-13 23:12:02.963269+00:00,6,6_blocks,111861,45.3,6,5,4,,,0.5,"xgb,lgb",1.0,False,0.0,VALIDATED,,,4,3.96,6.0,5.93,1.0,1.0
2026-06-14 00:22:48.499477+00:00,1,1_block,108160,44.2,2,2,1,,,0.5,"xgb,lgb",1.0,False,0.0,VALIDATED,,,6,5.63,9.0,8.65,2.0,1.1
2026-06-14 00:22:48.499477+00:00,3,3_blocks,108160,44.2,2,2,1,,,0.5,"xgb,lgb",1.0,False,0.0,VALIDATED,,,6,5.49,9.0,8.49,1.0,1.0
2026-06-14 00:22:48.499477+00:00,6,6_blocks,108160,44.2,2,2,1,,,0.5,"xgb,lgb",1.0,False,0.0,VALIDATED,,,6,5.49,9.0,8.49,1.0,1.0
2026-06-14 05:12:31.682278+00:00,1,1_block,106817,43.7,1,1,1,,,0.5,"xgb,lgb",0.605286783042394,False,0.0,VALIDATED,,,6,5.08,8.0,7.81,1.0,1.0
2026-06-14 05:12:31.682278+00:00,3,3_blocks,106817,43.7,1,1,1,,,0.5,"xgb,lgb",0.6002621231979031,False,0.0,VALIDATED,,,3,2.09,3.0,2.82,1.0,1.0
2026-06-14 05:12:31.682278+00:00,6,6_blocks,106817,43.7,1,1,1,,,0.5,"xgb,lgb",0.6002621231979031,False,0.0,VALIDATED,,,3,2.09,3.0,2.82,1.0,1.0
2026-06-14 08:51:34.892651+00:00,1,1_block,106061,43.5,1,1,1,,,0.5,"xgb,lgb",0.6547619047619048,False,0.0,VALIDATED,,,2,1.4,2.0,1.67,1.0,1.0
2026-06-14 08:51:34.892651+00:00,3,3_blocks,106061,43.5,1,1,1,,,0.5,"xgb,lgb",0.6547619047619048,False,0.0,VALIDATED,,,6,5.46,9.0,8.43,1.0,1.0
2026-06-14 08:51:34.892651+00:00,6,6_blocks,106061,43.5,1,1,1,,,0.5,"xgb,lgb",0.6,False,0.0,VALIDATED,,,6,5.46,9.0,8.43,1.0,1.0
2026-06-14 11:26:54.756710+00:00,1,1_block,108701,44.5,2,2,1,,,0.924,"xgb,lgb",0.9053497942386832,False,0.0,VALIDATED,,,2,1.37,2.0,1.41,2.0,1.31
2026-06-14 11:26:54.756710+00:00,3,3_blocks,108701,44.5,2,2,1,,,0.5,"xgb,lgb",0.9053497942386832,False,0.0,VALIDATED,,,3,2.97,5.0,4.28,1.0,1.0
2026-06-14 11:26:54.756710+00:00,6,6_blocks,108701,44.5,2,2,1,,,0.5,"xgb,lgb",0.5585585585585585,False,0.0,VALIDATED,,,3,2.97,5.0,4.28,1.0,1.0
2026-06-14 13:12:49.748998+00:00,1,1_block,101229,42.7,1,1,1,,,0.5,"xgb,lgb",1.0,False,0.0,VALIDATED,,,2,1.72,3.0,2.19,1.0,1.0
2026-06-14 13:12:49.748998+00:00,3,3_blocks,101229,42.7,1,1,1,,,0.5,"xgb,lgb",1.0,False,0.0,VALIDATED,,,6,5.99,10.0,9.32,1.0,1.0
2026-06-14 13:12:49.748998+00:00,6,6_blocks,101229,42.7,1,1,1,,,0.5,"xgb,lgb",0.6214285714285714,False,0.0,VALIDATED,,,6,5.99,10.0,9.32,1.0,1.0
2026-06-14 15:19:49.193130+00:00,1,1_block,106349,43.7,2,1,1,,,0.727,"xgb,lgb",0.665,False,0.0,VALIDATED,,,2,1.13,1.0,1.0,2.0,1.32
2026-06-14 15:19:49.193130+00:00,3,3_blocks,106349,43.7,2,1,1,,,0.5,"xgb,lgb",0.65,False,0.0,VALIDATED,,,3,2.87,5.0,4.11,1.0,1.0
2026-06-14 15:19:49.193130+00:00,6,6_blocks,106349,43.7,2,1,1,,,0.5,"xgb,lgb",0.65,False,0.0,VALIDATED,,,3,2.87,5.0,4.11,1.0,1.0
2026-06-14 16:50:26.945551+00:00,1,1_block,104275,43.3,1,1,1,,,0.5,"xgb,lgb",1.2525252525252526,False,0.0,VALIDATED,,,3,2.32,4.0,3.19,1.0,1.0
2026-06-14 16:50:26.945551+00:00,3,3_blocks,104275,43.3,1,1,1,,,0.5,"xgb,lgb",0.9825581395348836,False,0.0,VALIDATED,,,10,9.05,15.0,14.41,1.0,1.0
2026-06-14 16:50:26.945551+00:00,6,6_blocks,104275,43.3,1,1,1,,,0.5,"xgb,lgb",0.6325581395348837,False,0.0,VALIDATED,,,10,9.05,15.0,14.41,1.0,1.0
2026-06-14 18:04:21.916449+00:00,1,1_block,103938,43.6,2,1,1,,,0.5,"xgb,lgb",1.2525252525252526,False,0.0,VALIDATED,,,4,3.21,5.0,4.68,1.0,1.0
2026-06-14 18:04:21.916449+00:00,3,3_blocks,103938,43.6,2,1,1,,,0.5,"xgb,lgb",0.9825581395348836,False,0.0,VALIDATED,,,2,1.51,2.0,1.84,1.0,1.0
2026-06-14 18:04:21.916449+00:00,6,6_blocks,103938,43.6,2,1,1,,,0.5,"xgb,lgb",0.5118463810930576,False,0.0,VALIDATED,,,2,1.5,2.0,1.84,1.0,1.0
2026-06-14 19:54:36.940608+00:00,1,1_block,99437,42.5,1,1,1,,,0.51,"xgb,lgb",0.65,False,0.0,VALIDATED,,,2,1.39,2.0,1.65,1.0,1.0
2026-06-14 19:54:36.940608+00:00,3,3_blocks,99437,42.5,1,1,1,,,0.5,"xgb,lgb",0.5118463810930576,False,0.0,VALIDATED,,,7,6.46,11.0,10.09,1.0,1.0
2026-06-14 19:54:36.940608+00:00,6,6_blocks,99437,42.5,1,1,1,,,0.5,"xgb,lgb",0.6545454545454545,False,0.0,VALIDATED,,,7,6.46,11.0,10.09,1.0,1.0
2026-06-14 21:04:16.751169+00:00,1,1_block,103284,43.7,3,3,1,,,0.5,"xgb,lgb",0.6642857142857143,False,0.0,VALIDATED,,,5,4.26,7.0,6.44,1.0,1.0
2026-06-14 21:04:16.751169+00:00,3,3_blocks,103284,43.7,3,3,1,,,0.5,"xgb,lgb",0.6545454545454545,False,0.0,VALIDATED,,,4,3.51,6.0,5.17,1.0,1.0
2026-06-14 21:04:16.751169+00:00,6,6_blocks,103284,43.7,3,3,1,,,0.5,"xgb,lgb",0.6,False,0.0,VALIDATED,,,4,3.5,6.0,5.17,1.0,1.0
2026-06-14 22:20:49.647654+00:00,1,1_block,101684,42.9,1,1,1,,,1.0,"xgb,lgb",0.6065573770491803,False,0.0,VALIDATED,,,1,1.0,1.0,1.0,1.0,1.0
2026-06-14 22:20:49.647654+00:00,3,3_blocks,101684,42.9,1,1,1,,,0.5,"xgb,lgb",0.6,False,0.0,VALIDATED,,,6,5.49,9.0,8.49,1.0,1.0
2026-06-14 22:20:49.647654+00:00,6,6_blocks,101684,42.9,1,1,1,,,0.5,"xgb,lgb",0.6,False,0.0,VALIDATED,,,6,5.49,9.0,8.49,1.0,1.0
2026-06-14 23:41:23.789739+00:00,1,1_block,97678,42.5,1,1,1,,,1.0,"xgb,lgb",2.015384615384616,False,0.0,VALIDATED,,,1,1.0,1.0,1.0,1.0,1.0
2026-06-14 23:41:23.789739+00:00,3,3_blocks,97678,42.5,1,1,1,,,0.5,"xgb,lgb",0.4785714285714286,False,0.0,VALIDATED,,,2,1.98,3.0,2.63,1.0,1.0
2026-06-14 23:41:23.789739+00:00,6,6_blocks,97678,42.5,1,1,1,,,0.5,"xgb,lgb",0.448512585812357,False,0.0,VALIDATED,,,2,1.98,3.0,2.63,1.0,1.0
2026-06-15 02:07:24.956725+00:00,1,1_block,104104,43.5,2,1,1,,,0.5,"xgb,lgb",2.015384615384616,False,0.0,VALIDATED,,,2,1.75,3.0,2.25,1.0,1.0
2026-06-15 02:07:24.956725+00:00,3,3_blocks,104104,43.5,2,1,1,,,0.5,"xgb,lgb",0.4785714285714286,False,0.0,VALIDATED,,,5,4.33,7.0,6.55,1.0,1.0
2026-06-15 02:07:24.956725+00:00,6,6_blocks,104104,43.5,2,1,1,,,0.5,"xgb,lgb",0.448512585812357,False,0.0,VALIDATED,,,5,4.33,7.0,6.55,1.0,1.0
2026-06-15 07:35:18.206697+00:00,1,1_block,102431,43.3,2,1,1,,,0.5,"xgb,lgb",1.018181818181818,False,0.0,VALIDATED,,,2,1.69,3.0,2.14,1.0,1.0
2026-06-15 07:35:18.206697+00:00,3,3_blocks,102431,43.3,2,1,1,,,0.5,"xgb,lgb",1.018181818181818,False,0.0,VALIDATED,,,6,5.63,9.0,8.72,1.0,1.0
2026-06-15 07:35:18.206697+00:00,6,6_blocks,102431,43.3,2,1,1,,,0.5,"xgb,lgb",0.85,False,0.0,VALIDATED,,,6,5.63,9.0,8.72,1.0,1.0
2026-06-15 13:36:29.492745+00:00,1,1_block,114157,45.5,3,3,1,,,0.5,"xgb,lgb",3.0,False,0.0,VALIDATED,,,3,2.13,3.0,2.88,1.0,1.0
2026-06-15 13:36:29.492745+00:00,3,3_blocks,114157,45.5,3,3,1,,,0.5,"xgb,lgb",3.0,False,0.0,VALIDATED,,,3,2.32,4.0,3.2,1.0,1.0
2026-06-15 13:36:29.492745+00:00,6,6_blocks,114157,45.5,3,3,1,,,0.5,"xgb,lgb",2.3363636363636364,False,0.0,VALIDATED,,,3,2.32,4.0,3.2,1.0,1.0
2026-06-15 18:14:07.201039+00:00,1,1_block,118719,46.1,2,2,1,,,0.5,"xgb,lgb",1.0413793103448277,False,0.0,VALIDATED,,,2,1.96,3.0,2.55,2.0,1.07
2026-06-15 18:14:07.201039+00:00,3,3_blocks,118719,46.1,2,2,1,,,0.5,"xgb,lgb",1.0413793103448277,False,0.0,VALIDATED,,,5,4.18,7.0,6.29,1.0,1.0
2026-06-15 18:14:07.201039+00:00,6,6_blocks,118719,46.1,2,2,1,,,0.5,"xgb,lgb",1.0413793103448277,False,0.0,VALIDATED,,,5,4.17,7.0,6.29,1.0,1.0
2026-06-15 21:24:45.674018+00:00,1,1_block,118919,45.5,2,1,1,,,0.5,"xgb,lgb",0.6571428571428571,False,0.0,VALIDATED,,,4,3.21,5.0,4.68,1.0,1.0
2026-06-15 21:24:45.674018+00:00,3,3_blocks,118919,45.5,2,1,1,,,0.996,"xgb,lgb",0.6571428571428571,False,0.0,VALIDATED,,,2,1.0,1.0,1.0,1.0,1.0
2026-06-15 21:24:45.674018+00:00,6,6_blocks,118919,45.5,2,1,1,,,1.0,"xgb,lgb",0.6428571428571429,False,0.0,VALIDATED,,,1,1.0,1.0,1.0,1.0,1.0
2026-06-15 23:16:20.878317+00:00,1,1_block,108265,43.6,1,1,1,,,0.5,"xgb,lgb",1.105263157894737,False,0.0,VALIDATED,,,2,1.93,3.0,2.56,1.0,1.0
2026-06-15 23:16:20.878317+00:00,3,3_blocks,108265,43.6,1,1,1,,,0.5,"xgb,lgb",0.6428571428571429,False,0.0,VALIDATED,,,5,4.73,8.0,7.22,1.0,1.0
2026-06-15 23:16:20.878317+00:00,6,6_blocks,108265,43.6,1,1,1,,,0.5,"xgb,lgb",0.7553366174055829,False,0.0,VALIDATED,,,5,4.73,8.0,7.22,1.0,1.0
2026-06-16 01:49:01.512689+00:00,1,1_block,110108,44.0,1,1,1,,,1.0,"xgb,lgb",1.0,False,0.0,VALIDATED,,,1,1.0,1.0,1.0,1.0,1.0
2026-06-16 01:49:01.512689+00:00,3,3_blocks,110108,44.0,1,1,1,,,0.996,"xgb,lgb",1.0,False,0.0,VALIDATED,,,2,1.0,1.0,1.0,1.0,1.0
2026-06-16 01:49:01.512689+00:00,6,6_blocks,110108,44.0,1,1,1,,,1.0,"xgb,lgb",0.7553366174055829,False,0.0,VALIDATED,,,1,1.0,1.0,1.0,1.0,1.0
2026-06-16 07:09:39.061364+00:00,1,1_block,111671,44.3,1,1,1,,,1.0,"xgb,lgb",0.6571428571428571,False,0.0,VALIDATED,,,1,1.0,1.0,1.0,1.0,1.0
2026-06-16 07:09:39.061364+00:00,3,3_blocks,111671,44.3,1,1,1,,,0.5,"xgb,lgb",0.6571428571428571,False,0.0,VALIDATED,,,7,6.57,11.0,10.28,1.0,1.0
2026-06-16 07:09:39.061364+00:00,6,6_blocks,111671,44.3,1,1,1,,,0.5,"xgb,lgb",0.6571428571428571,False,0.0,VALIDATED,,,7,6.57,11.0,10.28,1.0,1.0
2026-06-16 12:21:55.115166+00:00,1,1_block,117867,45.9,4,3,1,,,0.5,"xgb,lgb",1.0571428571428572,False,0.0,VALIDATED,,,6,5.03,8.0,7.72,1.0,1.0
2026-06-16 12:21:55.115166+00:00,3,3_blocks,117867,45.9,4,3,1,,,0.5,"xgb,lgb",0.75,False,0.0,VALIDATED,,,3,2.19,3.0,2.98,1.0,1.0
2026-06-16 12:21:55.115166+00:00,6,6_blocks,117867,45.9,4,3,1,,,0.5,"xgb,lgb",0.75,False,0.0,VALIDATED,,,3,2.19,3.0,2.98,1.0,1.0
2026-06-16 17:30:15.044675+00:00,1,1_block,114137,44.7,1,1,1,,,1.0,"xgb,lgb",1.0571428571428572,False,0.0,VALIDATED,,,1,1.0,1.0,1.0,1.0,1.0
2026-06-16 17:30:15.044675+00:00,3,3_blocks,114137,44.7,1,1,1,,,0.5,"xgb,lgb",0.7540394973070018,False,0.0,VALIDATED,,,3,2.62,4.0,3.7,1.0,1.0
2026-06-16 17:30:15.044675+00:00,6,6_blocks,114137,44.7,1,1,1,,,0.5,"xgb,lgb",0.7540394973070018,False,0.0,VALIDATED,,,3,2.62,4.0,3.7,1.0,1.0
2026-06-16 20:25:32.008597+00:00,1,1_block,115534,45.0,1,1,1,,,0.5,"xgb,lgb",1.2323232323232325,False,0.0,VALIDATED,,,3,2.14,3.0,2.9,1.0,1.0
2026-06-16 20:25:32.008597+00:00,3,3_blocks,115534,45.0,1,1,1,,,0.996,"xgb,lgb",0.6407322654462243,False,0.0,VALIDATED,,,2,1.0,1.0,1.0,1.0,1.0
2026-06-16 20:25:32.008597+00:00,6,6_blocks,115534,45.0,1,1,1,,,1.0,"xgb,lgb",0.6407322654462243,False,0.0,VALIDATED,,,1,1.0,1.0,1.0,1.0,1.0
2026-06-16 22:29:17.876924+00:00,1,1_block,116433,45.4,2,1,1,,,0.956,"xgb,lgb",1.0048076923076923,False,0.0,VALIDATED,,,2,1.02,1.0,1.0,2.0,1.04
2026-06-16 22:29:17.876924+00:00,3,3_blocks,116433,45.4,2,1,1,,,0.5,"xgb,lgb",0.6285714285714286,False,0.0,VALIDATED,,,2,1.95,3.0,2.58,1.0,1.0
2026-06-16 22:29:17.876924+00:00,6,6_blocks,116433,45.4,2,1,1,,,0.5,"xgb,lgb",0.6285714285714286,False,0.0,VALIDATED,,,2,1.95,3.0,2.58,1.0,1.0
2026-06-16 23:57:26.227734+00:00,1,1_block,110836,44.5,2,1,1,,,0.5,"xgb,lgb",0.6496428571428572,False,0.0,VALIDATED,,,3,2.05,3.0,2.75,1.0,1.0
2026-06-16 23:57:26.227734+00:00,3,3_blocks,110836,44.5,2,1,1,,,0.5,"xgb,lgb",0.6496428571428572,False,0.0,VALIDATED,,,3,2.74,4.0,3.9,1.0,1.0
2026-06-16 23:57:26.227734+00:00,6,6_blocks,110836,44.5,2,1,1,,,0.5,"xgb,lgb",0.6496428571428572,False,0.0,VALIDATED,,,3,2.74,4.0,3.9,1.0,1.0
2026-06-17 03:47:30.463299+00:00,1,1_block,122409,46.9,3,3,1,,,0.5,"xgb,lgb",0.6496428571428572,False,0.0,VALIDATED,,,2,1.64,3.0,2.07,1.0,1.0
2026-06-17 03:47:30.463299+00:00,3,3_blocks,122409,46.9,3,3,1,,,0.996,"xgb,lgb",0.6496428571428572,False,0.0,VALIDATED,,,2,1.0,1.0,1.0,1.0,1.0
2026-06-17 03:47:30.463299+00:00,6,6_blocks,122409,46.9,3,3,1,,,1.0,"xgb,lgb",0.6496428571428572,False,0.0,VALIDATED,,,1,1.0,1.0,1.0,1.0,1.0
2026-06-17 08:51:55.134636+00:00,1,1_block,113204,44.6,1,1,1,,,0.5,"xgb,lgb",1.0140845070422535,False,0.0,VALIDATED,,,2,1.69,3.0,2.15,1.0,1.0
2026-06-17 08:51:55.134636+00:00,3,3_blocks,113204,44.6,1,1,1,,,0.5,"xgb,lgb",0.875,False,0.0,VALIDATED,,,3,2.41,4.0,3.35,1.0,1.0
2026-06-17 08:51:55.134636+00:00,6,6_blocks,113204,44.6,1,1,1,,,0.5,"xgb,lgb",0.7727272727272727,False,0.0,VALIDATED,,,3,2.41,4.0,3.35,1.0,1.0
2026-06-17 12:47:57.905048+00:00,1,1_block,121671,47.5,3,3,2,,,0.5,"xgb,lgb",0.8172043010752689,False,0.0,VALIDATED,,,7,6.9,11.0,10.77,2.0,1.09
2026-06-17 12:47:57.905048+00:00,3,3_blocks,121671,47.5,3,3,2,,,0.5,"xgb,lgb",0.8172043010752689,False,0.0,VALIDATED,,,3,2.91,5.0,4.18,1.0,1.0
2026-06-17 12:47:57.905048+00:00,6,6_blocks,121671,47.5,3,3,2,,,0.5,"xgb,lgb",0.8172043010752689,False,0.0,VALIDATED,,,3,2.91,5.0,4.18,1.0,1.0
2026-06-17 16:30:48.590472+00:00,1,1_block,124589,47.8,3,3,1,,,0.5,"xgb,lgb",3.0404761904761903,False,0.0,VALIDATED,,,6,5.13,8.0,7.69,2.0,1.31
2026-06-17 16:30:48.590472+00:00,3,3_blocks,124589,47.8,3,3,1,,,0.5,"xgb,lgb",2.088888888888889,False,0.0,VALIDATED,,,6,5.07,8.0,7.79,1.0,1.0
2026-06-17 16:30:48.590472+00:00,6,6_blocks,124589,47.8,3,3,1,,,0.5,"xgb,lgb",2.0,False,0.0,VALIDATED,,,6,5.07,8.0,7.79,1.0,1.0
2026-06-17 19:08:09.041327+00:00,1,1_block,122342,48.0,2,2,1,,,0.5,"xgb,lgb",1.0101010101010102,False,0.0,VALIDATED,,,5,4.77,8.0,7.28,1.0,1.0
2026-06-17 19:08:09.041327+00:00,3,3_blocks,122342,48.0,2,2,1,,,0.5,"xgb,lgb",1.0101010101010102,False,0.0,VALIDATED,,,3,2.14,3.0,2.89,1.0,1.0
2026-06-17 19:08:09.041327+00:00,6,6_blocks,122342,48.0,2,2,1,,,0.5,"xgb,lgb",0.2994652406417112,False,0.0,VALIDATED,,,3,2.14,3.0,2.89,1.0,1.0
2026-06-17 21:20:12.736804+00:00,1,1_block,120408,47.0,2,2,1,,,0.5,"xgb,lgb",2.4220183486238533,False,0.0,VALIDATED,,,4,3.67,6.0,5.45,1.0,1.0
2026-06-17 21:20:12.736804+00:00,3,3_blocks,120408,47.0,2,2,1,,,0.5,"xgb,lgb",1.0,False,0.0,VALIDATED,,,6,5.97,10.0,9.28,1.0,1.0
2026-06-17 21:20:12.736804+00:00,6,6_blocks,120408,47.0,2,2,1,,,0.5,"xgb,lgb",1.0,False,0.0,VALIDATED,,,6,5.97,10.0,9.28,1.0,1.0
2026-06-17 22:56:10.426136+00:00,1,1_block,121580,47.6,2,2,1,,,0.5,"xgb,lgb",0.7871428571428571,False,0.0,VALIDATED,,,4,3.49,6.0,5.07,2.0,1.11
2026-06-17 22:56:10.426136+00:00,3,3_blocks,121580,47.6,2,2,1,,,0.5,"xgb,lgb",0.7871428571428571,False,0.0,VALIDATED,,,3,2.02,3.0,2.7,1.0,1.0
2026-06-17 22:56:10.426136+00:00,6,6_blocks,121580,47.6,2,2,1,,,0.5,"xgb,lgb",0.7871428571428571,False,0.0,VALIDATED,,,3,2.02,3.0,2.7,1.0,1.0
2026-06-18 00:12:20.869659+00:00,1,1_block,116399,45.9,1,1,1,,,0.5,"xgb,lgb",0.7871428571428571,False,0.0,VALIDATED,,,5,4.53,7.0,6.88,1.0,1.0
2026-06-18 00:12:20.869659+00:00,3,3_blocks,116399,45.9,1,1,1,,,0.5,"xgb,lgb",0.7871428571428571,False,0.0,VALIDATED,,,7,6.18,10.0,9.62,1.0,1.0
2026-06-18 00:12:20.869659+00:00,6,6_blocks,116399,45.9,1,1,1,,,0.5,"xgb,lgb",0.7871428571428571,False,0.0,VALIDATED,,,7,6.17,10.0,9.62,1.0,1.0
2026-06-18 05:05:11.363424+00:00,1,1_block,118983,45.8,2,1,1,,,0.5,"xgb,lgb",0.8714285714285714,False,0.0,VALIDATED,,,5,4.39,7.0,6.66,1.0,1.0
2026-06-18 05:05:11.363424+00:00,3,3_blocks,118983,45.8,2,1,1,,,0.5,"xgb,lgb",0.8198198198198198,False,0.0,VALIDATED,,,5,4.87,8.0,7.45,1.0,1.0
2026-06-18 05:05:11.363424+00:00,6,6_blocks,118983,45.8,2,1,1,,,0.5,"xgb,lgb",0.8198198198198198,False,0.0,VALIDATED,,,5,4.87,8.0,7.45,1.0,1.0
2026-06-18 09:24:03.489353+00:00,1,1_block,113922,44.8,2,1,1,,,0.5,"xgb,lgb",1.0,False,0.0,VALIDATED,,,5,4.49,7.0,6.82,1.0,1.0
2026-06-18 09:24:03.489353+00:00,3,3_blocks,113922,44.8,2,1,1,,,0.5,"xgb,lgb",1.0,False,0.0,VALIDATED,,,4,3.82,6.0,5.71,1.0,1.0
2026-06-18 09:24:03.489353+00:00,6,6_blocks,113922,44.8,2,1,1,,,0.5,"xgb,lgb",0.7571428571428571,False,0.0,VALIDATED,,,4,3.82,6.0,5.71,1.0,1.0
2026-06-18 12:36:55.933870+00:00,1,1_block,106556,43.8,1,1,1,,,0.5,"xgb,lgb",1.0,False,0.0,VALIDATED,,,2,1.76,3.0,2.27,1.0,1.0
2026-06-18 12:36:55.933870+00:00,3,3_blocks,106556,43.8,1,1,1,,,0.5,"xgb,lgb",0.822742474916388,False,0.0,VALIDATED,,,8,7.07,12.0,11.12,1.0,1.0
2026-06-18 12:36:55.933870+00:00,6,6_blocks,106556,43.8,1,1,1,,,0.5,"xgb,lgb",0.6428571428571429,False,0.0,VALIDATED,,,8,7.07,12.0,11.12,1.0,1.0
2026-06-18 16:03:57.072756+00:00,1,1_block,107578,44.7,2,2,1,,,0.5,"xgb,lgb",0.5357142857142857,False,0.0,VALIDATED,,,6,5.68,9.0,8.8,1.0,1.0
2026-06-18 16:03:57.072756+00:00,3,3_blocks,107578,44.7,2,2,1,,,0.5,"xgb,lgb",0.5214285714285715,False,0.0,VALIDATED,,,5,4.54,7.0,6.89,1.0,1.0
2026-06-18 16:03:57.072756+00:00,6,6_blocks,107578,44.7,2,2,1,,,0.5,"xgb,lgb",0.5214285714285715,False,0.0,VALIDATED,,,5,4.53,7.0,6.89,1.0,1.0
2026-06-18 18:33:56.147817+00:00,1,1_block,105831,44.5,3,3,1,,,0.5,"xgb,lgb",3.008174386920981,False,0.0,VALIDATED,,,6,5.22,8.0,7.99,2.0,1.07
2026-06-18 18:33:56.147817+00:00,3,3_blocks,105831,44.5,3,3,1,,,0.996,"xgb,lgb",0.7000435350457118,False,0.0,VALIDATED,,,2,1.0,1.0,1.0,1.0,1.0
2026-06-18 18:33:56.147817+00:00,6,6_blocks,105831,44.5,3,3,1,,,1.0,"xgb,lgb",0.7000435350457118,False,0.0,VALIDATED,,,1,1.0,1.0,1.0,1.0,1.0
2026-06-18 21:08:52.064650+00:00,1,1_block,106077,44.1,3,3,1,,,0.5,"xgb,lgb",1.8982346832814123,False,0.0,VALIDATED,,,5,4.03,7.0,6.05,1.0,1.0
2026-06-18 21:08:52.064650+00:00,3,3_blocks,106077,44.1,3,3,1,,,0.5,"xgb,lgb",0.7835051546391752,False,0.0,VALIDATED,,,3,2.73,4.0,3.88,1.0,1.0
2026-06-18 21:08:52.064650+00:00,6,6_blocks,106077,44.1,3,3,1,,,0.5,"xgb,lgb",0.7835051546391752,False,0.0,VALIDATED,,,3,2.73,4.0,3.88,1.0,1.0
2026-06-18 23:07:10.020752+00:00,1,1_block,105002,44.0,2,2,1,,,0.5,"xgb,lgb",1.0174418604651163,False,0.0,VALIDATED,,,5,4.15,7.0,6.24,1.0,1.0
2026-06-18 23:07:10.020752+00:00,3,3_blocks,105002,44.0,2,2,1,,,0.5,"xgb,lgb",1.0174418604651163,False,0.0,VALIDATED,,,2,1.65,3.0,2.08,1.0,1.0
2026-06-18 23:07:10.020752+00:00,6,6_blocks,105002,44.0,2,2,1,,,0.5,"xgb,lgb",1.0174418604651163,False,0.0,VALIDATED,,,2,1.65,3.0,2.08,1.0,1.0
2026-06-19 01:51:21.658030+00:00,1,1_block,111592,45.0,3,3,1,,,0.5,"xgb,lgb",1.0,False,0.0,VALIDATED,,,4,3.43,6.0,5.05,1.0,1.0
2026-06-19 01:51:21.658030+00:00,3,3_blocks,111592,45.0,3,3,1,,,0.996,"xgb,lgb",0.6642857142857143,False,0.0,VALIDATED,,,2,1.0,1.0,1.0,1.0,1.0
2026-06-19 01:51:21.658030+00:00,6,6_blocks,111592,45.0,3,3,1,,,1.0,"xgb,lgb",0.6642857142857143,False,0.0,VALIDATED,,,1,1.0,1.0,1.0,1.0,1.0
2026-06-19 07:01:06.693747+00:00,1,1_block,107668,43.8,1,1,1,,,0.5,"xgb,lgb",2.4545454545454546,False,0.0,VALIDATED,,,2,1.89,3.0,2.49,1.0,1.0
2026-06-19 07:01:06.693747+00:00,3,3_blocks,107668,43.8,1,1,1,,,0.5,"xgb,lgb",1.0,False,0.0,VALIDATED,,,2,1.43,2.0,1.72,1.0,1.0
2026-06-19 07:01:06.693747+00:00,6,6_blocks,107668,43.8,1,1,1,,,0.5,"xgb,lgb",0.2026143790849673,False,0.0,VALIDATED,,,2,1.43,2.0,1.72,1.0,1.0
2026-06-19 11:40:33.235088+00:00,1,1_block,116507,46.1,3,3,1,,,0.5,"xgb,lgb",1.014388489208633,False,0.0,VALIDATED,,,3,2.25,3.0,2.88,2.0,1.31
2026-06-19 11:40:33.235088+00:00,3,3_blocks,116507,46.1,3,3,1,,,0.563,"xgb,lgb",1.014388489208633,False,0.0,VALIDATED,,,2,1.34,2.0,1.57,1.0,1.0
2026-06-19 11:40:33.235088+00:00,6,6_blocks,116507,46.1,3,3,1,,,0.568,"xgb,lgb",1.014388489208633,False,0.0,VALIDATED,,,2,1.34,2.0,1.57,2.0,1.01
2026-06-19 14:28:22.895305+00:00,1,1_block,115144,46.1,4,3,1,,,0.5,"xgb,lgb",2.4757281553398056,False,0.0,VALIDATED,,,6,5.58,9.0,8.57,2.0,1.1
2026-06-19 14:28:22.895305+00:00,3,3_blocks,115144,46.1,4,3,1,,,0.5,"xgb,lgb",0.819672131147541,False,0.0,VALIDATED,,,6,5.38,9.0,8.3,1.0,1.0
2026-06-19 14:28:22.895305+00:00,6,6_blocks,115144,46.1,4,3,1,,,0.5,"xgb,lgb",0.819672131147541,False,0.0,VALIDATED,,,6,5.38,9.0,8.3,1.0,1.0
2026-06-19 16:58:40.635986+00:00,1,1_block,116255,45.9,4,3,1,,,0.5,"xgb,lgb",1.014388489208633,False,0.0,VALIDATED,,,4,3.14,5.0,4.57,1.0,1.0
2026-06-19 16:58:40.635986+00:00,3,3_blocks,116255,45.9,4,3,1,,,0.5,"xgb,lgb",1.014388489208633,False,0.0,VALIDATED,,,9,8.11,13.0,12.84,1.0,1.0
2026-06-19 16:58:40.635986+00:00,6,6_blocks,116255,45.9,4,3,1,,,0.5,"xgb,lgb",0.8,False,0.0,VALIDATED,,,9,8.11,13.0,12.84,1.0,1.0
2026-06-19 18:56:00.224293+00:00,1,1_block,111059,44.9,2,1,1,,,1.0,"xgb,lgb",1.014388489208633,False,0.0,VALIDATED,,,1,1.0,1.0,1.0,1.0,1.0
2026-06-19 18:56:00.224293+00:00,3,3_blocks,111059,44.9,2,1,1,,,0.5,"xgb,lgb",0.80043980208906,False,0.0,VALIDATED,,,12,11.38,19.0,18.29,1.0,1.0
2026-06-19 18:56:00.224293+00:00,6,6_blocks,111059,44.9,2,1,1,,,0.5,"xgb,lgb",0.7161290322580646,False,0.0,VALIDATED,,,12,11.38,19.0,18.29,1.0,1.0
2026-06-19 20:25:46.070523+00:00,1,1_block,112123,44.9,2,1,1,,,0.923,"xgb,lgb",1.0588235294117647,False,0.0,VALIDATED,,,2,1.03,1.0,1.0,2.0,1.08
2026-06-19 20:25:46.070523+00:00,3,3_blocks,112123,44.9,2,1,1,,,0.5,"xgb,lgb",0.6928104575163399,False,0.0,VALIDATED,,,8,8.0,13.0,12.66,1.0,1.0
2026-06-19 20:25:46.070523+00:00,6,6_blocks,112123,44.9,2,1,1,,,0.5,"xgb,lgb",0.6928104575163399,False,0.0,VALIDATED,,,8,8.0,13.0,12.66,1.0,1.0
2026-06-19 21:43:12.821955+00:00,1,1_block,112148,45.1,2,1,1,,,0.5,"xgb,lgb",0.6928104575163399,False,0.0,VALIDATED,,,2,1.53,2.0,1.89,1.0,1.0
2026-06-19 21:43:12.821955+00:00,3,3_blocks,112148,45.1,2,1,1,,,0.5,"xgb,lgb",0.5357142857142857,False,0.0,VALIDATED,,,8,7.55,12.0,11.91,1.0,1.0
2026-06-19 21:43:12.821955+00:00,6,6_blocks,112148,45.1,2,1,1,,,0.5,"xgb,lgb",0.5357142857142857,False,0.0,VALIDATED,,,8,7.55,12.0,11.91,1.0,1.0
2026-06-19 22:40:03.860135+00:00,1,1_block,111661,45.0,1,1,1,,,1.0,"xgb,lgb",0.6379542395693136,False,0.0,VALIDATED,,,1,1.0,1.0,1.0,1.0,1.0
2026-06-19 22:40:03.860135+00:00,3,3_blocks,111661,45.0,1,1,1,,,0.5,"xgb,lgb",0.5357142857142857,False,0.0,VALIDATED,,,6,5.22,9.0,8.03,1.0,1.0
2026-06-19 22:40:03.860135+00:00,6,6_blocks,111661,45.0,1,1,1,,,0.5,"xgb,lgb",0.5357142857142857,False,0.0,VALIDATED,,,6,5.22,9.0,8.03,1.0,1.0
2026-06-19 23:46:24.684969+00:00,1,1_block,100436,43.3,1,1,1,,,0.5,"xgb,lgb",0.6814285714285714,False,0.0,VALIDATED,,,3,2.36,4.0,3.26,1.0,1.0
2026-06-19 23:46:24.684969+00:00,3,3_blocks,100436,43.3,1,1,1,,,0.5,"xgb,lgb",0.6814285714285714,False,0.0,VALIDATED,,,16,15.98,26.0,25.97,1.0,1.0
2026-06-19 23:46:24.684969+00:00,6,6_blocks,100436,43.3,1,1,1,,,0.5,"xgb,lgb",0.5539568345323741,False,0.0,VALIDATED,,,16,15.98,26.0,25.97,1.0,1.0
2026-06-20 01:54:17.939597+00:00,1,1_block,102853,43.9,2,1,1,,,0.766,"xgb,lgb",0.6814285714285714,False,0.0,VALIDATED,,,2,1.51,2.0,1.65,2.0,1.3
2026-06-20 01:54:17.939597+00:00,3,3_blocks,102853,43.9,2,1,1,,,0.996,"xgb,lgb",0.6814285714285714,False,0.0,VALIDATED,,,2,1.0,1.0,1.0,1.0,1.0
2026-06-20 01:54:17.939597+00:00,6,6_blocks,102853,43.9,2,1,1,,,1.0,"xgb,lgb",0.2994652406417112,False,0.0,VALIDATED,,,1,1.0,1.0,1.0,1.0,1.0
2026-06-20 06:15:52.322589+00:00,1,1_block,103761,44.1,2,1,1,,,0.5,"xgb,lgb",0.7071428571428572,False,0.0,VALIDATED,,,3,2.2,3.0,3.0,1.0,1.0
2026-06-20 06:15:52.322589+00:00,3,3_blocks,103761,44.1,2,1,1,,,0.996,"xgb,lgb",0.4444444444444444,False,0.0,VALIDATED,,,2,1.0,1.0,1.0,1.0,1.0
2026-06-20 06:15:52.322589+00:00,6,6_blocks,103761,44.1,2,1,1,,,1.0,"xgb,lgb",0.4444444444444444,False,0.0,VALIDATED,,,1,1.0,1.0,1.0,1.0,1.0
2026-06-20 09:44:58.305373+00:00,1,1_block,91629,42.1,1,1,1,,,1.0,"xgb,lgb",1.03921568627451,False,0.0,VALIDATED,,,1,1.0,1.0,1.0,1.0,1.0
2026-06-20 09:44:58.305373+00:00,3,3_blocks,91629,42.1,1,1,1,,,0.5,"xgb,lgb",1.0186915887850467,False,0.0,VALIDATED,,,11,10.74,18.0,17.23,1.0,1.0
2026-06-20 09:44:58.305373+00:00,6,6_blocks,91629,42.1,1,1,1,,,0.5,"xgb,lgb",0.6071428571428571,False,0.0,VALIDATED,,,11,10.74,18.0,17.23,1.0,1.0
2026-06-20 11:45:46.719305+00:00,1,1_block,113251,44.7,2,1,1,,,1.0,"xgb,lgb",1.0101010101010102,False,0.0,VALIDATED,,,1,1.0,1.0,1.0,1.0,1.0
2026-06-20 11:45:46.719305+00:00,3,3_blocks,113251,44.7,2,1,1,,,0.5,"xgb,lgb",0.8202929617720615,False,0.0,VALIDATED,,,6,5.62,9.0,8.7,1.0,1.0
2026-06-20 11:45:46.719305+00:00,6,6_blocks,113251,44.7,2,1,1,,,0.5,"xgb,lgb",0.7987012987012987,False,0.0,VALIDATED,,,6,5.62,9.0,8.7,1.0,1.0
2026-06-20 13:14:56.653233+00:00,1,1_block,113156,44.7,2,1,1,,,0.564,"xgb,lgb",2.4043715846994536,False,0.0,VALIDATED,,,2,1.33,2.0,1.56,1.0,1.0
2026-06-20 13:14:56.653233+00:00,3,3_blocks,113156,44.7,2,1,1,,,0.5,"xgb,lgb",1.0,False,0.0,VALIDATED,,,3,2.05,3.0,2.74,1.0,1.0
2026-06-20 13:14:56.653233+00:00,6,6_blocks,113156,44.7,2,1,1,,,0.5,"xgb,lgb",0.7746478873239436,False,0.0,VALIDATED,,,3,2.05,3.0,2.74,1.0,1.0
2026-06-20 15:16:31.887245+00:00,1,1_block,117132,45.8,3,3,1,,,0.5,"xgb,lgb",2.018018018018018,False,0.0,VALIDATED,,,3,2.41,4.0,3.36,1.0,1.0
2026-06-20 15:16:31.887245+00:00,3,3_blocks,117132,45.8,3,3,1,,,0.996,"xgb,lgb",1.2181818181818185,False,0.0,VALIDATED,,,2,1.0,1.0,1.0,1.0,1.0
2026-06-20 15:16:31.887245+00:00,6,6_blocks,117132,45.8,3,3,1,,,1.0,"xgb,lgb",1.088235294117647,False,0.0,VALIDATED,,,1,1.0,1.0,1.0,1.0,1.0
2026-06-20 16:53:58.209234+00:00,1,1_block,118412,46.8,3,3,3,,,0.695,"xgb,lgb",2.018018018018018,False,0.0,VALIDATED,,,2,1.58,2.0,1.77,2.0,1.3
2026-06-20 16:53:58.209234+00:00,3,3_blocks,118412,46.8,3,3,3,,,0.996,"xgb,lgb",2.0503937007874016,False,0.0,VALIDATED,,,2,1.0,1.0,1.0,1.0,1.0
2026-06-20 16:53:58.209234+00:00,6,6_blocks,118412,46.8,3,3,3,,,1.0,"xgb,lgb",1.2454545454545454,False,0.0,VALIDATED,,,1,1.0,1.0,1.0,1.0,1.0
2026-06-20 18:07:19.286241+00:00,1,1_block,116384,46.3,3,3,3,,,0.5,"xgb,lgb",2.0503937007874016,False,0.0,VALIDATED,,,4,3.85,6.0,5.69,2.0,1.1
2026-06-20 18:07:19.286241+00:00,3,3_blocks,116384,46.3,3,3,3,,,0.5,"xgb,lgb",2.0503937007874016,False,0.0,VALIDATED,,,8,7.95,13.0,12.58,1.0,1.0
2026-06-20 18:07:19.286241+00:00,6,6_blocks,116384,46.3,3,3,3,,,0.5,"xgb,lgb",0.6,False,0.0,VALIDATED,,,8,7.95,13.0,12.58,2.0,1.01
2026-06-20 19:53:00.613847+00:00,1,1_block,111818,44.5,1,1,1,,,1.0,"xgb,lgb",1.086859688195991,False,0.0,VALIDATED,,,1,1.0,1.0,1.0,1.0,1.0
2026-06-20 19:53:00.613847+00:00,3,3_blocks,111818,44.5,1,1,1,,,0.5,"xgb,lgb",0.8454545454545455,False,0.0,VALIDATED,,,6,5.92,10.0,9.2,1.0,1.0
2026-06-20 19:53:00.613847+00:00,6,6_blocks,111818,44.5,1,1,1,,,0.5,"xgb,lgb",0.6,False,0.0,VALIDATED,,,6,5.92,10.0,9.2,1.0,1.0
2026-06-20 21:10:22.078600+00:00,1,1_block,114080,45.1,3,3,1,,,0.5,"xgb,lgb",0.8014285714285714,False,0.0,VALIDATED,,,5,4.09,7.0,6.15,1.0,1.0
2026-06-20 21:10:22.078600+00:00,3,3_blocks,114080,45.1,3,3,1,,,0.5,"xgb,lgb",0.5388127853881278,False,0.0,VALIDATED,,,4,3.15,5.0,4.59,1.0,1.0
2026-06-20 21:10:22.078600+00:00,6,6_blocks,114080,45.1,3,3,1,,,0.5,"xgb,lgb",0.5388127853881278,False,0.0,VALIDATED,,,4,3.15,5.0,4.59,1.0,1.0
2026-06-20 22:22:13.107853+00:00,1,1_block,110341,44.2,1,1,1,,,1.0,"xgb,lgb",0.8014285714285714,False,0.0,VALIDATED,,,1,1.0,1.0,1.0,1.0,1.0
2026-06-20 22:22:13.107853+00:00,3,3_blocks,110341,44.2,1,1,1,,,0.5,"xgb,lgb",0.5991031390134529,False,0.0,VALIDATED,,,6,5.23,9.0,8.05,1.0,1.0
2026-06-20 22:22:13.107853+00:00,6,6_blocks,110341,44.2,1,1,1,,,0.5,"xgb,lgb",0.2994652406417112,False,0.0,VALIDATED,,,6,5.23,9.0,8.05,1.0,1.0
2026-06-20 23:43:27.028084+00:00,1,1_block,107748,43.7,1,1,1,,,1.0,"xgb,lgb",0.6021505376344086,False,0.0,VALIDATED,,,1,1.0,1.0,1.0,1.0,1.0
2026-06-20 23:43:27.028084+00:00,3,3_blocks,107748,43.7,1,1,1,,,0.996,"xgb,lgb",0.2994652406417112,False,0.0,VALIDATED,,,2,1.0,1.0,1.0,1.0,1.0
2026-06-20 23:43:27.028084+00:00,6,6_blocks,107748,43.7,1,1,1,,,1.0,"xgb,lgb",0.2994652406417112,False,0.0,VALIDATED,,,1,1.0,1.0,1.0,1.0,1.0
2026-06-21 02:06:42.000226+00:00,1,1_block,111567,45.5,3,3,1,,,0.5,"xgb,lgb",0.6021505376344086,False,0.0,VALIDATED,,,4,3.95,6.0,5.71,2.0,1.31
2026-06-21 02:06:42.000226+00:00,3,3_blocks,111567,45.5,3,3,1,,,0.996,"xgb,lgb",0.2994652406417112,False,0.0,VALIDATED,,,2,1.0,1.0,1.0,1.0,1.0
2026-06-21 02:06:42.000226+00:00,6,6_blocks,111567,45.5,3,3,1,,,1.0,"xgb,lgb",0.2994652406417112,False,0.0,VALIDATED,,,1,1.0,1.0,1.0,1.0,1.0
2026-06-21 07:03:58.185479+00:00,1,1_block,104651,43.4,1,1,1,,,1.0,"xgb,lgb",0.6822262118491921,False,0.0,VALIDATED,,,1,1.0,1.0,1.0,1.0,1.0
2026-06-21 07:03:58.185479+00:00,3,3_blocks,104651,43.4,1,1,1,,,0.996,"xgb,lgb",0.65,False,0.0,VALIDATED,,,2,1.0,1.0,1.0,1.0,1.0
2026-06-21 07:03:58.185479+00:00,6,6_blocks,104651,43.4,1,1,1,,,1.0,"xgb,lgb",0.65,False,0.0,VALIDATED,,,1,1.0,1.0,1.0,1.0,1.0
2026-06-21 10:41:24.788558+00:00,1,1_block,98400,42.4,1,1,1,,,0.701,"xgb,lgb",0.2994652406417112,False,0.0,VALIDATED,,,2,1.21,2.0,1.35,1.0,1.0
2026-06-21 10:41:24.788558+00:00,3,3_blocks,98400,42.4,1,1,1,,,0.5,"xgb,lgb",0.2994652406417112,False,0.0,VALIDATED,,,4,3.71,6.0,5.52,1.0,1.0
2026-06-21 10:41:24.788558+00:00,6,6_blocks,98400,42.4,1,1,1,,,0.5,"xgb,lgb",0.2994652406417112,False,0.0,VALIDATED,,,4,3.71,6.0,5.52,1.0,1.0
2026-06-21 12:31:36.652971+00:00,1,1_block,104347,43.5,1,1,1,,,1.0,"xgb,lgb",0.8142857142857143,False,0.0,VALIDATED,,,1,1.0,1.0,1.0,1.0,1.0
2026-06-21 12:31:36.652971+00:00,3,3_blocks,104347,43.5,1,1,1,,,0.996,"xgb,lgb",0.8142857142857143,False,0.0,VALIDATED,,,2,1.0,1.0,1.0,1.0,1.0
2026-06-21 12:31:36.652971+00:00,6,6_blocks,104347,43.5,1,1,1,,,1.0,"xgb,lgb",0.65,False,0.0,VALIDATED,,,1,1.0,1.0,1.0,1.0,1.0
2026-06-21 15:00:06.136604+00:00,1,1_block,103340,43.3,1,1,1,,,1.0,"xgb,lgb",1.0070921985815602,False,0.0,VALIDATED,,,1,1.0,1.0,1.0,1.0,1.0
2026-06-21 15:00:06.136604+00:00,3,3_blocks,103340,43.3,1,1,1,,,0.5,"xgb,lgb",1.0,False,0.0,VALIDATED,,,5,4.0,6.0,6.0,1.0,1.0
2026-06-21 15:00:06.136604+00:00,6,6_blocks,103340,43.3,1,1,1,,,0.5,"xgb,lgb",1.0,False,0.0,VALIDATED,,,5,4.0,6.0,6.0,1.0,1.0
2026-06-21 16:48:24.444241+00:00,1,1_block,107585,44.8,2,2,1,,,0.5,"xgb,lgb",1.0070921985815602,False,0.0,VALIDATED,,,3,2.18,3.0,2.96,1.0,1.0
2026-06-21 16:48:24.444241+00:00,3,3_blocks,107585,44.8,2,2,1,,,0.996,"xgb,lgb",1.0275229357798166,False,0.0,VALIDATED,,,2,1.0,1.0,1.0,1.0,1.0
2026-06-21 16:48:24.444241+00:00,6,6_blocks,107585,44.8,2,2,1,,,1.0,"xgb,lgb",1.0275229357798166,False,0.0,VALIDATED,,,1,1.0,1.0,1.0,1.0,1.0
2026-06-21 18:11:12.417610+00:00,1,1_block,107214,45.0,2,2,1,,,0.5,"xgb,lgb",2.0,False,0.0,VALIDATED,,,6,5.28,8.0,7.93,2.0,1.31
2026-06-21 18:11:12.417610+00:00,3,3_blocks,107214,45.0,2,2,1,,,0.5,"xgb,lgb",1.0275229357798166,False,0.0,VALIDATED,,,5,4.42,7.0,6.7,1.0,1.0
2026-06-21 18:11:12.417610+00:00,6,6_blocks,107214,45.0,2,2,1,,,0.5,"xgb,lgb",0.7405660377358491,False,0.0,VALIDATED,,,5,4.42,7.0,6.7,1.0,1.0
2026-06-21 20:01:39.485951+00:00,1,1_block,103767,43.8,1,1,1,,,0.5,"xgb,lgb",1.0,False,0.0,VALIDATED,,,4,3.69,6.0,5.28,2.0,1.31
2026-06-21 20:01:39.485951+00:00,3,3_blocks,103767,43.8,1,1,1,,,0.5,"xgb,lgb",1.0,False,0.0,VALIDATED,,,2,1.74,3.0,2.23,1.0,1.0
2026-06-21 20:01:39.485951+00:00,6,6_blocks,103767,43.8,1,1,1,,,0.5,"xgb,lgb",0.6021505376344086,False,0.0,VALIDATED,,,2,1.74,3.0,2.23,1.0,1.0
2026-06-21 21:39:29.526852+00:00,1,1_block,107133,44.2,2,1,1,,,0.5,"xgb,lgb",1.0857142857142856,False,0.0,VALIDATED,,,4,3.08,5.0,4.39,2.0,1.13
2026-06-21 21:39:29.526852+00:00,3,3_blocks,107133,44.2,2,1,1,,,0.5,"xgb,lgb",0.6571428571428571,False,0.0,VALIDATED,,,8,7.63,13.0,12.05,1.0,1.0
2026-06-21 21:39:29.526852+00:00,6,6_blocks,107133,44.2,2,1,1,,,0.5,"xgb,lgb",0.6021505376344086,False,0.0,VALIDATED,,,8,7.63,13.0,12.05,1.0,1.0
2026-06-21 22:48:04.744352+00:00,1,1_block,105748,44.3,2,1,1,,,0.551,"xgb,lgb",0.6285714285714286,False,0.0,VALIDATED,,,2,1.79,3.0,2.1,2.0,1.33
2026-06-21 22:48:04.744352+00:00,3,3_blocks,105748,44.3,2,1,1,,,0.5,"xgb,lgb",0.6285714285714286,False,0.0,VALIDATED,,,12,11.11,18.0,17.84,1.0,1.0
2026-06-21 22:48:04.744352+00:00,6,6_blocks,105748,44.3,2,1,1,,,0.5,"xgb,lgb",0.6285714285714286,False,0.0,VALIDATED,,,12,11.1,18.0,17.84,1.0,1.0
2026-06-21 23:59:43.112878+00:00,1,1_block,104981,43.9,1,1,1,,,0.5,"xgb,lgb",1.070921985815603,False,0.0,VALIDATED,,,4,3.74,6.0,5.57,1.0,1.0
2026-06-21 23:59:43.112878+00:00,3,3_blocks,104981,43.9,1,1,1,,,0.5,"xgb,lgb",0.7071428571428572,False,0.0,VALIDATED,,,10,9.43,16.0,15.05,1.0,1.0
2026-06-21 23:59:43.112878+00:00,6,6_blocks,104981,43.9,1,1,1,,,0.5,"xgb,lgb",0.7071428571428572,False,0.0,VALIDATED,,,10,9.43,16.0,15.05,1.0,1.0
2026-06-22 04:47:00.233208+00:00,1,1_block,103061,43.6,1,1,1,,,1.0,"xgb,lgb",1.070921985815603,False,0.0,VALIDATED,,,1,1.0,1.0,1.0,1.0,1.0
2026-06-22 04:47:00.233208+00:00,3,3_blocks,103061,43.6,1,1,1,,,0.996,"xgb,lgb",0.7071428571428572,False,0.0,VALIDATED,,,2,1.0,1.0,1.0,1.0,1.0
2026-06-22 04:47:00.233208+00:00,6,6_blocks,103061,43.6,1,1,1,,,1.0,"xgb,lgb",0.7071428571428572,False,0.0,VALIDATED,,,1,1.0,1.0,1.0,1.0,1.0
2026-06-22 10:30:27.192874+00:00,1,1_block,107025,45.0,2,2,1,,,0.731,"xgb,lgb",0.7142857142857143,False,0.0,VALIDATED,,,2,1.12,1.0,1.0,2.0,1.31
2026-06-22 10:30:27.192874+00:00,3,3_blocks,107025,45.0,2,2,1,,,0.5,"xgb,lgb",0.7142857142857143,False,0.0,VALIDATED,,,6,5.52,9.0,8.53,1.0,1.0
2026-06-22 10:30:27.192874+00:00,6,6_blocks,107025,45.0,2,2,1,,,0.5,"xgb,lgb",0.6,False,0.0,VALIDATED,,,6,5.52,9.0,8.53,2.0,1.01
2026-06-22 15:36:36.860646+00:00,1,1_block,110215,46.1,2,2,2,,,0.642,"xgb,lgb",1.0,False,0.0,VALIDATED,,,2,1.26,2.0,1.44,1.0,1.0
2026-06-22 15:36:36.860646+00:00,3,3_blocks,110215,46.1,2,2,2,,,0.5,"xgb,lgb",1.0,False,0.0,VALIDATED,,,9,8.94,15.0,14.23,1.0,1.0
2026-06-22 15:36:36.860646+00:00,6,6_blocks,110215,46.1,2,2,2,,,0.5,"xgb,lgb",1.0,False,0.0,VALIDATED,,,9,8.94,15.0,14.23,1.0,1.0
2026-06-22 18:58:47.797086+00:00,1,1_block,108488,45.0,3,3,1,,,0.5,"xgb,lgb",0.6032315978456014,False,0.0,VALIDATED,,,5,4.7,8.0,7.17,1.0,1.0
2026-06-22 18:58:47.797086+00:00,3,3_blocks,108488,45.0,3,3,1,,,0.5,"xgb,lgb",0.6032315978456014,False,0.0,VALIDATED,,,8,7.44,12.0,11.74,1.0,1.0
2026-06-22 18:58:47.797086+00:00,6,6_blocks,108488,45.0,3,3,1,,,0.5,"xgb,lgb",0.6032315978456014,False,0.0,VALIDATED,,,8,7.44,12.0,11.74,1.0,1.0
2026-06-22 21:32:19.934205+00:00,1,1_block,102957,43.9,1,1,1,,,1.0,"xgb,lgb",0.8035714285714286,False,0.0,VALIDATED,,,1,1.0,1.0,1.0,1.0,1.0
2026-06-22 21:32:19.934205+00:00,3,3_blocks,102957,43.9,1,1,1,,,0.5,"xgb,lgb",0.7275862068965517,False,0.0,VALIDATED,,,4,3.75,6.0,5.59,1.0,1.0
2026-06-22 21:32:19.934205+00:00,6,6_blocks,102957,43.9,1,1,1,,,0.5,"xgb,lgb",0.7142857142857143,False,0.0,VALIDATED,,,4,3.75,6.0,5.59,1.0,1.0
2026-06-22 23:05:47.481834+00:00,1,1_block,107070,44.7,3,3,1,,,0.5,"xgb,lgb",1.0,False,0.0,VALIDATED,,,2,1.47,2.0,1.75,2.0,1.04
2026-06-22 23:05:47.481834+00:00,3,3_blocks,107070,44.7,3,3,1,,,0.5,"xgb,lgb",0.7142857142857143,False,0.0,VALIDATED,,,10,9.14,15.0,14.57,1.0,1.0
2026-06-22 23:05:47.481834+00:00,6,6_blocks,107070,44.7,3,3,1,,,0.5,"xgb,lgb",0.6041666666666666,False,0.0,VALIDATED,,,10,9.14,15.0,14.57,1.0,1.0
2026-06-23 00:18:26.599188+00:00,1,1_block,105111,43.8,1,1,1,,,1.0,"xgb,lgb",0.7567567567567568,False,0.0,VALIDATED,,,1,1.0,1.0,1.0,1.0,1.0
2026-06-23 00:18:26.599188+00:00,3,3_blocks,105111,43.8,1,1,1,,,0.5,"xgb,lgb",0.6883116883116883,False,0.0,VALIDATED,,,11,10.46,17.0,16.77,1.0,1.0
2026-06-23 00:18:26.599188+00:00,6,6_blocks,105111,43.8,1,1,1,,,0.5,"xgb,lgb",0.6041666666666666,False,0.0,VALIDATED,,,11,10.46,17.0,16.77,1.0,1.0
2026-06-23 04:33:30.475940+00:00,1,1_block,99261,43.0,1,1,1,,,0.957,"xgb,lgb",0.4444444444444444,False,0.0,VALIDATED,,,2,1.02,1.0,1.0,2.0,1.04
2026-06-23 04:33:30.475940+00:00,3,3_blocks,99261,43.0,1,1,1,,,0.5,"xgb,lgb",0.4444444444444444,False,0.0,VALIDATED,,,5,4.75,8.0,7.24,1.0,1.0
2026-06-23 04:33:30.475940+00:00,6,6_blocks,99261,43.0,1,1,1,,,0.5,"xgb,lgb",0.4444444444444444,False,0.0,VALIDATED,,,5,4.74,8.0,7.24,1.0,1.0
2026-06-23 08:07:10.071764+00:00,1,1_block,101971,43.8,2,1,1,,,0.5,"xgb,lgb",2.0026007802340704,False,0.0,VALIDATED,,,3,2.43,4.0,3.39,1.0,1.0
2026-06-23 08:07:10.071764+00:00,3,3_blocks,101971,43.8,2,1,1,,,0.5,"xgb,lgb",1.0785714285714283,False,0.0,VALIDATED,,,11,10.16,17.0,16.27,1.0,1.0
2026-06-23 08:07:10.071764+00:00,6,6_blocks,101971,43.8,2,1,1,,,0.5,"xgb,lgb",1.0019831068674256,False,0.0,VALIDATED,,,11,10.16,17.0,16.27,1.0,1.0
2026-06-23 11:28:22.502272+00:00,1,1_block,103408,46.6,3,3,1,,,0.5,"xgb,lgb",1.4421768707482994,False,0.0,VALIDATED,,,9,8.39,14.0,13.32,1.0,1.0
2026-06-23 11:28:22.502272+00:00,3,3_blocks,103408,46.6,3,3,1,,,0.996,"xgb,lgb",0.6,False,0.0,VALIDATED,,,2,1.0,1.0,1.0,1.0,1.0
2026-06-23 11:28:22.502272+00:00,6,6_blocks,103408,46.6,3,3,1,,,1.0,"xgb,lgb",0.6,False,0.0,VALIDATED,,,1,1.0,1.0,1.0,1.0,1.0
2026-06-23 13:59:23.930927+00:00,1,1_block,102689,45.7,3,1,1,,,0.5,"xgb,lgb",1.518181818181818,False,0.0,VALIDATED,,,5,4.64,8.0,7.06,1.0,1.0
2026-06-23 13:59:23.930927+00:00,3,3_blocks,102689,45.7,3,1,1,,,0.5,"xgb,lgb",1.018181818181818,False,0.0,VALIDATED,,,5,4.93,8.0,7.55,1.0,1.0
2026-06-23 13:59:23.930927+00:00,6,6_blocks,102689,45.7,3,1,1,,,0.5,"xgb,lgb",1.018181818181818,False,0.0,VALIDATED,,,5,4.93,8.0,7.55,1.0,1.0
2026-06-23 16:39:53.976871+00:00,1,1_block,103392,44.1,2,1,1,,,0.5,"xgb,lgb",1.0070921985815602,False,0.0,VALIDATED,,,3,2.51,4.0,3.51,1.0,1.0
2026-06-23 16:39:53.976871+00:00,3,3_blocks,103392,44.1,2,1,1,,,0.5,"xgb,lgb",1.0070921985815602,False,0.0,VALIDATED,,,6,5.86,10.0,9.1,1.0,1.0
2026-06-23 16:39:53.976871+00:00,6,6_blocks,103392,44.1,2,1,1,,,0.5,"xgb,lgb",0.5357142857142857,False,0.0,VALIDATED,,,6,5.86,10.0,9.1,1.0,1.0
2026-06-23 18:20:18.499982+00:00,1,1_block,90951,41.5,1,1,1,,,1.0,"xgb,lgb",1.0070921985815602,False,0.0,VALIDATED,,,1,1.0,1.0,1.0,1.0,1.0
2026-06-23 18:20:18.499982+00:00,3,3_blocks,90951,41.5,1,1,1,,,0.5,"xgb,lgb",1.0070921985815602,False,0.0,VALIDATED,,,9,8.29,14.0,13.15,1.0,1.0
2026-06-23 18:20:18.499982+00:00,6,6_blocks,90951,41.5,1,1,1,,,0.5,"xgb,lgb",0.5079365079365079,False,0.0,VALIDATED,,,9,8.29,14.0,13.15,1.0,1.0
2026-06-23 20:27:35.225139+00:00,1,1_block,101940,43.1,2,1,1,,,0.537,"xgb,lgb",0.5785714285714286,False,0.0,VALIDATED,,,2,1.36,2.0,1.6,1.0,1.0
2026-06-23 20:27:35.225139+00:00,3,3_blocks,101940,43.1,2,1,1,,,0.996,"xgb,lgb",0.5079365079365079,False,0.0,VALIDATED,,,2,1.0,1.0,1.0,1.0,1.0
2026-06-23 20:27:35.225139+00:00,6,6_blocks,101940,43.1,2,1,1,,,1.0,"xgb,lgb",0.4716553287981859,False,0.0,VALIDATED,,,1,1.0,1.0,1.0,1.0,1.0
2026-06-23 21:56:41.164609+00:00,1,1_block,104468,43.6,1,1,1,,,1.0,"xgb,lgb",0.7971274685816876,False,0.0,VALIDATED,,,1,1.0,1.0,1.0,1.0,1.0
2026-06-23 21:56:41.164609+00:00,3,3_blocks,104468,43.6,1,1,1,,,0.5,"xgb,lgb",0.7214285714285714,False,0.0,VALIDATED,,,3,2.58,4.0,3.63,1.0,1.0
2026-06-23 21:56:41.164609+00:00,6,6_blocks,104468,43.6,1,1,1,,,0.5,"xgb,lgb",0.5785714285714286,False,0.0,VALIDATED,,,3,2.58,4.0,3.63,1.0,1.0
2026-06-23 23:18:52.535617+00:00,1,1_block,105159,43.9,1,1,1,,,1.0,"xgb,lgb",0.6100478468899522,False,0.0,VALIDATED,,,1,1.0,1.0,1.0,1.0,1.0
2026-06-23 23:18:52.535617+00:00,3,3_blocks,105159,43.9,1,1,1,,,0.996,"xgb,lgb",0.6492063492063492,False,0.0,VALIDATED,,,2,1.0,1.0,1.0,1.0,1.0
2026-06-23 23:18:52.535617+00:00,6,6_blocks,105159,43.9,1,1,1,,,1.0,"xgb,lgb",0.6357142857142857,False,0.0,VALIDATED,,,1,1.0,1.0,1.0,1.0,1.0
2026-06-24 00:08:11.295565+00:00,1,1_block,103158,43.4,1,1,1,,,1.0,"xgb,lgb",0.8964285714285715,False,0.0,VALIDATED,,,1,1.0,1.0,1.0,1.0,1.0
2026-06-24 00:08:11.295565+00:00,3,3_blocks,103158,43.4,1,1,1,,,0.5,"xgb,lgb",0.6492063492063492,False,0.0,VALIDATED,,,7,6.09,10.0,9.48,1.0,1.0
2026-06-24 00:08:11.295565+00:00,6,6_blocks,103158,43.4,1,1,1,,,0.5,"xgb,lgb",0.6357142857142857,False,0.0,VALIDATED,,,7,6.09,10.0,9.48,1.0,1.0
2026-06-24 04:22:37.746450+00:00,1,1_block,102988,43.6,1,1,1,,,0.9,"xgb,lgb",0.4668192219679634,False,0.0,VALIDATED,,,2,1.04,1.0,1.0,2.0,1.11
2026-06-24 04:22:37.746450+00:00,3,3_blocks,102988,43.6,1,1,1,,,0.5,"xgb,lgb",0.4668192219679634,False,0.0,VALIDATED,,,2,1.48,2.0,1.79,1.0,1.0
2026-06-24 04:22:37.746450+00:00,6,6_blocks,102988,43.6,1,1,1,,,0.5,"xgb,lgb",0.4668192219679634,False,0.0,VALIDATED,,,2,1.47,2.0,1.79,1.0,1.0
2026-06-24 07:59:14.311850+00:00,1,1_block,101096,43.2,1,1,1,,,0.5,"xgb,lgb",2.0636363636363635,False,0.0,VALIDATED,,,3,2.27,4.0,3.12,1.0,1.0
2026-06-24 07:59:14.311850+00:00,3,3_blocks,101096,43.2,1,1,1,,,0.5,"xgb,lgb",0.5428571428571428,False,0.0,VALIDATED,,,9,8.64,14.0,13.72,1.0,1.0
2026-06-24 07:59:14.311850+00:00,6,6_blocks,101096,43.2,1,1,1,,,0.5,"xgb,lgb",0.4964539007092198,False,0.0,VALIDATED,,,9,8.63,14.0,13.72,1.0,1.0
2026-06-24 10:52:21.479124+00:00,1,1_block,101630,43.3,2,1,1,,,0.5,"xgb,lgb",1.108108108108108,False,0.0,VALIDATED,,,2,1.99,3.0,2.64,1.0,1.0
2026-06-24 10:52:21.479124+00:00,3,3_blocks,101630,43.3,2,1,1,,,0.5,"xgb,lgb",1.0052356020942408,False,0.0,VALIDATED,,,6,5.49,9.0,8.48,1.0,1.0
2026-06-24 10:52:21.479124+00:00,6,6_blocks,101630,43.3,2,1,1,,,0.5,"xgb,lgb",1.0052356020942408,False,0.0,VALIDATED,,,6,5.49,9.0,8.48,1.0,1.0
2026-06-24 13:15:01.051131+00:00,1,1_block,103796,43.9,2,1,1,,,0.901,"xgb,lgb",0.7419354838709677,False,0.0,VALIDATED,,,2,1.27,2.0,1.22,2.0,1.34
2026-06-24 13:15:01.051131+00:00,3,3_blocks,103796,43.9,2,1,1,,,0.5,"xgb,lgb",0.5827338129496403,False,0.0,VALIDATED,,,10,9.79,16.0,15.65,1.0,1.0
2026-06-24 13:15:01.051131+00:00,6,6_blocks,103796,43.9,2,1,1,,,0.5,"xgb,lgb",0.5827338129496403,False,0.0,VALIDATED,,,10,9.79,16.0,15.65,1.0,1.0
2026-06-24 15:40:00.083176+00:00,1,1_block,104494,44.1,2,1,1,,,0.5,"xgb,lgb",0.7419354838709677,False,0.0,VALIDATED,,,3,2.28,4.0,3.13,1.0,1.0
2026-06-24 15:40:00.083176+00:00,3,3_blocks,104494,44.1,2,1,1,,,0.5,"xgb,lgb",0.8828828828828829,False,0.0,VALIDATED,,,4,3.77,6.0,5.61,1.0,1.0
2026-06-24 15:40:00.083176+00:00,6,6_blocks,104494,44.1,2,1,1,,,0.5,"xgb,lgb",0.8547008547008547,False,0.0,VALIDATED,,,4,3.77,6.0,5.61,1.0,1.0
2026-06-24 17:31:31.217941+00:00,1,1_block,105829,44.8,3,3,1,,,0.629,"xgb,lgb",1.21,False,0.0,VALIDATED,,,2,1.36,2.0,1.56,2.0,1.07
2026-06-24 17:31:31.217941+00:00,3,3_blocks,105829,44.8,3,3,1,,,0.5,"xgb,lgb",0.8828828828828829,False,0.0,VALIDATED,,,11,10.74,18.0,17.23,1.0,1.0
2026-06-24 17:31:31.217941+00:00,6,6_blocks,105829,44.8,3,3,1,,,0.5,"xgb,lgb",0.7645161290322581,False,0.0,VALIDATED,,,11,10.74,18.0,17.23,1.0,1.0
2026-06-24 19:16:37.659247+00:00,1,1_block,108862,45.9,4,4,3,,,0.5,"xgb,lgb",1.237142857142857,False,0.0,VALIDATED,,,3,2.73,4.0,3.68,2.0,1.31
2026-06-24 19:16:37.659247+00:00,3,3_blocks,108862,45.9,4,4,3,,,0.5,"xgb,lgb",0.7645161290322581,False,0.0,VALIDATED,,,7,6.5,11.0,10.17,1.0,1.0
2026-06-24 19:16:37.659247+00:00,6,6_blocks,108862,45.9,4,4,3,,,0.5,"xgb,lgb",0.5428571428571428,False,0.0,VALIDATED,,,7,6.5,11.0,10.17,1.0,1.0
2026-06-24 21:01:10.979013+00:00,1,1_block,102700,43.6,2,1,1,,,1.0,"xgb,lgb",0.5571428571428572,False,0.0,VALIDATED,,,1,1.0,1.0,1.0,1.0,1.0
2026-06-24 21:01:10.979013+00:00,3,3_blocks,102700,43.6,2,1,1,,,0.5,"xgb,lgb",0.5571428571428572,False,0.0,VALIDATED,,,11,10.06,17.0,16.11,1.0,1.0
2026-06-24 21:01:10.979013+00:00,6,6_blocks,102700,43.6,2,1,1,,,0.5,"xgb,lgb",0.7575757575757576,False,0.0,VALIDATED,,,11,10.06,17.0,16.11,1.0,1.0
2026-06-24 22:26:29.854842+00:00,1,1_block,103261,43.6,2,1,1,,,0.5,"xgb,lgb",1.0,False,0.0,VALIDATED,,,2,1.65,3.0,2.08,1.0,1.0
2026-06-24 22:26:29.854842+00:00,3,3_blocks,103261,43.6,2,1,1,,,0.5,"xgb,lgb",1.0,False,0.0,VALIDATED,,,9,8.78,14.0,13.97,1.0,1.0
2026-06-24 22:26:29.854842+00:00,6,6_blocks,103261,43.6,2,1,1,,,0.5,"xgb,lgb",0.7575757575757576,False,0.0,VALIDATED,,,9,8.78,14.0,13.97,1.0,1.0
2026-06-24 23:38:02.006611+00:00,1,1_block,106023,44.4,3,3,1,,,0.5,"xgb,lgb",0.6707218167072182,False,0.0,VALIDATED,,,6,5.14,8.0,7.7,2.0,1.31
2026-06-24 23:38:02.006611+00:00,3,3_blocks,106023,44.4,3,3,1,,,0.5,"xgb,lgb",0.6707218167072182,False,0.0,VALIDATED,,,9,8.54,14.0,13.56,1.0,1.0
2026-06-24 23:38:02.006611+00:00,6,6_blocks,106023,44.4,3,3,1,,,0.5,"xgb,lgb",0.6707218167072182,False,0.0,VALIDATED,,,9,8.54,14.0,13.56,1.0,1.0
2026-06-25 01:36:24.177545+00:00,1,1_block,101580,43.2,2,1,1,,,0.5,"xgb,lgb",0.6707218167072182,False,0.0,VALIDATED,,,4,3.47,6.0,5.11,1.0,1.0
2026-06-25 01:36:24.177545+00:00,3,3_blocks,101580,43.2,2,1,1,,,1.0,"xgb,lgb",0.6707218167072182,False,0.0,VALIDATED,,,1,1.0,1.0,1.0,1.0,1.0
2026-06-25 01:36:24.177545+00:00,6,6_blocks,101580,43.2,2,1,1,,,1.0,"xgb,lgb",0.5857142857142857,False,0.0,VALIDATED,,,1,1.0,1.0,1.0,1.0,1.0
2026-06-25 05:49:46.602879+00:00,1,1_block,99506,43.0,1,1,1,,,0.5,"xgb,lgb",1.0,False,0.0,VALIDATED,,,4,3.17,5.0,4.62,1.0,1.0
2026-06-25 05:49:46.602879+00:00,3,3_blocks,99506,43.0,1,1,1,,,0.5,"xgb,lgb",0.5857142857142857,False,0.0,VALIDATED,,,4,3.36,5.0,4.94,1.0,1.0
2026-06-25 05:49:46.602879+00:00,6,6_blocks,99506,43.0,1,1,1,,,0.5,"xgb,lgb",0.5357142857142857,False,0.0,VALIDATED,,,4,3.36,5.0,4.94,1.0,1.0
2026-06-25 08:42:01.192867+00:00,1,1_block,101166,43.3,1,1,1,,,0.5,"xgb,lgb",1.0803418803418805,False,0.0,VALIDATED,,,2,1.42,2.0,1.7,1.0,1.0
2026-06-25 08:42:01.192867+00:00,3,3_blocks,101166,43.3,1,1,1,,,0.5,"xgb,lgb",0.6214285714285714,False,0.0,VALIDATED,,,3,2.82,5.0,4.04,1.0,1.0
2026-06-25 08:42:01.192867+00:00,6,6_blocks,101166,43.3,1,1,1,,,0.5,"xgb,lgb",0.5357142857142857,False,0.0,VALIDATED,,,3,2.82,5.0,4.04,1.0,1.0
2026-06-25 11:27:49.597769+00:00,1,1_block,104171,43.6,1,1,1,,,1.0,"xgb,lgb",1.0545454545454545,False,0.0,VALIDATED,,,1,1.0,1.0,1.0,1.0,1.0
2026-06-25 11:27:49.597769+00:00,3,3_blocks,104171,43.6,1,1,1,,,0.5,"xgb,lgb",1.0545454545454545,False,0.0,VALIDATED,,,9,8.84,15.0,14.07,1.0,1.0
2026-06-25 11:27:49.597769+00:00,6,6_blocks,104171,43.6,1,1,1,,,0.5,"xgb,lgb",0.6285714285714286,False,0.0,VALIDATED,,,9,8.84,15.0,14.07,1.0,1.0
2026-06-25 13:36:06.168682+00:00,1,1_block,103121,44.1,2,1,1,,,0.5,"xgb,lgb",1.1181818181818182,False,0.0,VALIDATED,,,4,3.23,5.0,4.5,2.0,1.33
2026-06-25 13:36:06.168682+00:00,3,3_blocks,103121,44.1,2,1,1,,,0.5,"xgb,lgb",0.7684729064039408,False,0.0,VALIDATED,,,4,3.15,5.0,4.58,1.0,1.0
2026-06-25 13:36:06.168682+00:00,6,6_blocks,103121,44.1,2,1,1,,,0.5,"xgb,lgb",0.6,False,0.0,VALIDATED,,,4,3.15,5.0,4.58,1.0,1.0
2026-06-25 16:07:33.847321+00:00,1,1_block,110389,45.1,3,3,1,,,0.5,"xgb,lgb",1.2036199095022624,False,0.0,VALIDATED,,,4,3.08,5.0,4.46,1.0,1.0
2026-06-25 16:07:33.847321+00:00,3,3_blocks,110389,45.1,3,3,1,,,0.5,"xgb,lgb",0.7612903225806451,False,0.0,VALIDATED,,,9,8.68,14.0,13.8,1.0,1.0
2026-06-25 16:07:33.847321+00:00,6,6_blocks,110389,45.1,3,3,1,,,0.5,"xgb,lgb",0.7612903225806451,False,0.0,VALIDATED,,,9,8.68,14.0,13.8,1.0,1.0
2026-06-25 18:24:00.784003+00:00,1,1_block,107809,44.9,2,2,1,,,1.0,"xgb,lgb",1.2036199095022624,False,0.0,VALIDATED,,,1,1.0,1.0,1.0,1.0,1.0
2026-06-25 18:24:00.784003+00:00,3,3_blocks,107809,44.9,2,2,1,,,0.5,"xgb,lgb",1.0,False,0.0,VALIDATED,,,14,13.26,22.0,21.43,1.0,1.0
2026-06-25 18:24:00.784003+00:00,6,6_blocks,107809,44.9,2,2,1,,,0.5,"xgb,lgb",0.6032315978456014,False,0.0,VALIDATED,,,14,13.26,22.0,21.43,1.0,1.0
2026-06-25 20:29:39.160062+00:00,1,1_block,105433,43.8,1,1,1,,,1.0,"xgb,lgb",1.0,False,0.0,VALIDATED,,,1,1.0,1.0,1.0,1.0,1.0
2026-06-25 20:29:39.160062+00:00,3,3_blocks,105433,43.8,1,1,1,,,0.5,"xgb,lgb",0.6168831168831169,False,0.0,VALIDATED,,,10,9.59,16.0,15.31,1.0,1.0
2026-06-25 20:29:39.160062+00:00,6,6_blocks,105433,43.8,1,1,1,,,0.5,"xgb,lgb",0.6168831168831169,False,0.0,VALIDATED,,,10,9.59,16.0,15.31,1.0,1.0
2026-06-25 22:04:47.896839+00:00,1,1_block,105988,44.0,2,1,1,,,0.5,"xgb,lgb",1.1,False,0.0,VALIDATED,,,4,3.36,5.0,4.94,1.0,1.0
2026-06-25 22:04:47.896839+00:00,3,3_blocks,105988,44.0,2,1,1,,,0.5,"xgb,lgb",0.6964285714285714,False,0.0,VALIDATED,,,7,6.72,11.0,10.54,1.0,1.0
2026-06-25 22:04:47.896839+00:00,6,6_blocks,105988,44.0,2,1,1,,,0.5,"xgb,lgb",0.6964285714285714,False,0.0,VALIDATED,,,7,6.72,11.0,10.54,1.0,1.0
2026-06-25 23:41:29.187723+00:00,1,1_block,105609,44.1,1,1,1,,,0.747,"xgb,lgb",1.1,False,0.0,VALIDATED,,,2,1.17,2.0,1.29,1.0,1.0
2026-06-25 23:41:29.187723+00:00,3,3_blocks,105609,44.1,1,1,1,,,0.5,"xgb,lgb",1.0,False,0.0,VALIDATED,,,12,11.04,18.0,17.73,1.0,1.0
2026-06-25 23:41:29.187723+00:00,6,6_blocks,105609,44.1,1,1,1,,,0.5,"xgb,lgb",0.6948051948051948,False,0.0,VALIDATED,,,12,11.04,18.0,17.73,1.0,1.0
2026-06-26 01:54:19.853817+00:00,1,1_block,107851,44.3,2,1,1,,,0.719,"xgb,lgb",1.0,False,0.0,VALIDATED,,,2,1.13,1.0,1.0,2.0,1.33
2026-06-26 01:54:19.853817+00:00,3,3_blocks,107851,44.3,2,1,1,,,0.5,"xgb,lgb",1.0,False,0.0,VALIDATED,,,5,4.13,7.0,6.21,1.0,1.0
2026-06-26 01:54:19.853817+00:00,6,6_blocks,107851,44.3,2,1,1,,,0.5,"xgb,lgb",0.6948051948051948,False,0.0,VALIDATED,,,5,4.13,7.0,6.21,1.0,1.0
2026-06-26 06:05:39.248789+00:00,1,1_block,105793,44.1,2,1,1,,,0.5,"xgb,lgb",0.7428571428571429,False,0.0,VALIDATED,,,3,2.11,3.0,2.85,1.0,1.0
2026-06-26 06:05:39.248789+00:00,3,3_blocks,105793,44.1,2,1,1,,,0.5,"xgb,lgb",0.7428571428571429,False,0.0,VALIDATED,,,2,1.57,2.0,1.95,1.0,1.0
2026-06-26 06:05:39.248789+00:00,6,6_blocks,105793,44.1,2,1,1,,,0.5,"xgb,lgb",0.7428571428571429,False,0.0,VALIDATED,,,2,1.57,2.0,1.95,1.0,1.0
2026-06-26 09:49:39.286464+00:00,1,1_block,116602,47.2,6,5,4,,,0.5,"xgb,lgb",1.0,False,0.0,VALIDATED,,,10,9.96,16.0,15.89,2.0,1.07
2026-06-26 09:49:39.286464+00:00,3,3_blocks,116602,47.2,6,5,4,,,0.5,"xgb,lgb",1.0,False,0.0,VALIDATED,,,5,4.46,7.0,6.76,1.0,1.0
2026-06-26 09:49:39.286464+00:00,6,6_blocks,116602,47.2,6,5,4,,,0.5,"xgb,lgb",0.6642857142857143,False,0.0,VALIDATED,,,5,4.46,7.0,6.76,1.0,1.0
2026-06-26 12:04:24.223578+00:00,1,1_block,102570,43.3,1,1,1,,,1.0,"xgb,lgb",0.7326530612244898,False,0.0,VALIDATED,,,1,1.0,1.0,1.0,1.0,1.0
2026-06-26 12:04:24.223578+00:00,3,3_blocks,102570,43.3,1,1,1,,,0.5,"xgb,lgb",0.6636363636363637,False,0.0,VALIDATED,,,7,6.35,10.0,9.92,1.0,1.0
2026-06-26 12:04:24.223578+00:00,6,6_blocks,102570,43.3,1,1,1,,,0.5,"xgb,lgb",0.6636363636363637,False,0.0,VALIDATED,,,7,6.35,10.0,9.92,1.0,1.0
2026-06-26 14:44:29.943317+00:00,1,1_block,107384,44.5,2,1,1,,,0.5,"xgb,lgb",1.05625,False,0.0,VALIDATED,,,4,3.51,6.0,5.18,1.0,1.0
2026-06-26 14:44:29.943317+00:00,3,3_blocks,107384,44.5,2,1,1,,,0.5,"xgb,lgb",0.6636363636363637,False,0.0,VALIDATED,,,9,8.35,14.0,13.24,1.0,1.0
2026-06-26 14:44:29.943317+00:00,6,6_blocks,107384,44.5,2,1,1,,,0.5,"xgb,lgb",0.6636363636363637,False,0.0,VALIDATED,,,9,8.35,14.0,13.24,1.0,1.0
2026-06-26 16:52:09.973442+00:00,1,1_block,105951,44.2,1,1,1,,,0.5,"xgb,lgb",3.8,False,0.0,VALIDATED,,,5,4.04,7.0,6.07,1.0,1.0
2026-06-26 16:52:09.973442+00:00,3,3_blocks,105951,44.2,1,1,1,,,0.5,"xgb,lgb",1.018181818181818,False,0.0,VALIDATED,,,6,5.69,9.0,8.82,1.0,1.0
2026-06-26 16:52:09.973442+00:00,6,6_blocks,105951,44.2,1,1,1,,,0.5,"xgb,lgb",0.7196110210696921,False,0.0,VALIDATED,,,6,5.69,9.0,8.82,1.0,1.0
2026-06-26 18:26:36.080748+00:00,1,1_block,106428,44.4,2,1,1,,,0.5,"xgb,lgb",0.5285714285714286,False,0.0,VALIDATED,,,6,5.53,9.0,8.31,2.0,1.35
2026-06-26 18:26:36.080748+00:00,3,3_blocks,106428,44.4,2,1,1,,,0.5,"xgb,lgb",0.5285714285714286,False,0.0,VALIDATED,,,6,5.06,8.0,7.76,1.0,1.0
2026-06-26 18:26:36.080748+00:00,6,6_blocks,106428,44.4,2,1,1,,,0.5,"xgb,lgb",0.5285714285714286,False,0.0,VALIDATED,,,6,5.06,8.0,7.76,1.0,1.0
2026-06-26 20:17:12.942566+00:00,1,1_block,105095,43.8,2,1,1,,,0.5,"xgb,lgb",1.985559566787004,False,0.0,VALIDATED,,,5,4.2,7.0,6.34,1.0,1.0
2026-06-26 20:17:12.942566+00:00,3,3_blocks,105095,43.8,2,1,1,,,0.5,"xgb,lgb",0.5109489051094891,False,0.0,VALIDATED,,,10,9.94,16.0,15.91,1.0,1.0
2026-06-26 20:17:12.942566+00:00,6,6_blocks,105095,43.8,2,1,1,,,0.5,"xgb,lgb",0.5109489051094891,False,0.0,VALIDATED,,,10,9.94,16.0,15.91,1.0,1.0
2026-06-26 21:42:56.701601+00:00,1,1_block,104167,43.6,1,1,1,,,1.0,"xgb,lgb",2.078291814946619,False,0.0,VALIDATED,,,1,1.0,1.0,1.0,1.0,1.0
2026-06-26 21:42:56.701601+00:00,3,3_blocks,104167,43.6,1,1,1,,,0.5,"xgb,lgb",0.7161290322580646,False,0.0,VALIDATED,,,6,5.55,9.0,8.58,1.0,1.0
2026-06-26 21:42:56.701601+00:00,6,6_blocks,104167,43.6,1,1,1,,,0.5,"xgb,lgb",0.7161290322580646,False,0.0,VALIDATED,,,6,5.55,9.0,8.58,1.0,1.0
2026-06-26 22:53:44.868378+00:00,1,1_block,107813,44.7,3,1,1,,,0.5,"xgb,lgb",0.5611510791366906,False,0.0,VALIDATED,,,2,2.0,3.0,2.66,1.0,1.0
2026-06-26 22:53:44.868378+00:00,3,3_blocks,107813,44.7,3,1,1,,,1.0,"xgb,lgb",0.5611510791366906,False,0.0,VALIDATED,,,1,1.0,1.0,1.0,1.0,1.0
2026-06-26 22:53:44.868378+00:00,6,6_blocks,107813,44.7,3,1,1,,,1.0,"xgb,lgb",0.5611510791366906,False,0.0,VALIDATED,,,1,1.0,1.0,1.0,1.0,1.0
2026-06-26 23:59:53.152042+00:00,1,1_block,111053,45.8,4,4,3,,,0.5,"xgb,lgb",0.5611510791366906,False,0.0,VALIDATED,,,5,4.73,7.0,6.98,2.0,1.35
2026-06-26 23:59:53.152042+00:00,3,3_blocks,111053,45.8,4,4,3,,,0.5,"xgb,lgb",0.5611510791366906,False,0.0,VALIDATED,,,7,6.68,11.0,10.47,1.0,1.0
2026-06-26 23:59:53.152042+00:00,6,6_blocks,111053,45.8,4,4,3,,,0.5,"xgb,lgb",0.5611510791366906,False,0.0,VALIDATED,,,7,6.68,11.0,10.47,1.0,1.0
2026-06-27 03:48:05.928833+00:00,1,1_block,103799,44.3,1,1,1,,,0.5,"xgb,lgb",0.6,False,0.0,VALIDATED,,,2,1.57,2.0,1.96,1.0,1.0
2026-06-27 03:48:05.928833+00:00,3,3_blocks,103799,44.3,1,1,1,,,0.5,"xgb,lgb",0.6,False,0.0,VALIDATED,,,9,8.03,13.0,12.71,1.0,1.0
2026-06-27 03:48:05.928833+00:00,6,6_blocks,103799,44.3,1,1,1,,,0.5,"xgb,lgb",0.6,False,0.0,VALIDATED,,,9,8.02,13.0,12.71,1.0,1.0
2026-06-27 06:44:50.773451+00:00,1,1_block,98683,43.9,2,1,1,,,1.0,"xgb,lgb",1.0,False,0.0,VALIDATED,,,1,1.0,1.0,1.0,1.0,1.0
2026-06-27 06:44:50.773451+00:00,3,3_blocks,98683,43.9,2,1,1,,,0.996,"xgb,lgb",0.4857142857142857,False,0.0,VALIDATED,,,2,1.0,1.0,1.0,1.0,1.0
2026-06-27 06:44:50.773451+00:00,6,6_blocks,98683,43.9,2,1,1,,,1.0,"xgb,lgb",0.4857142857142857,False,0.0,VALIDATED,,,1,1.0,1.0,1.0,1.0,1.0
2026-06-27 09:18:07.536915+00:00,1,1_block,100446,43.9,3,3,1,,,0.5,"xgb,lgb",0.6103896103896104,False,0.0,VALIDATED,,,5,4.9,8.0,7.5,1.0,1.0
2026-06-27 09:18:07.536915+00:00,3,3_blocks,100446,43.9,3,3,1,,,0.5,"xgb,lgb",0.5,False,0.0,VALIDATED,,,3,2.67,4.0,3.79,1.0,1.0
2026-06-27 09:18:07.536915+00:00,6,6_blocks,100446,43.9,3,3,1,,,0.5,"xgb,lgb",0.5,False,0.0,VALIDATED,,,3,2.67,4.0,3.79,1.0,1.0
2026-06-27 11:06:09.880535+00:00,1,1_block,93972,42.3,1,1,1,,,0.773,"xgb,lgb",0.5,False,0.0,VALIDATED,,,2,1.15,2.0,1.26,1.0,1.0
2026-06-27 11:06:09.880535+00:00,3,3_blocks,93972,42.3,1,1,1,,,0.5,"xgb,lgb",0.5,False,0.0,VALIDATED,,,10,9.98,16.0,15.96,1.0,1.0
2026-06-27 11:06:09.880535+00:00,6,6_blocks,93972,42.3,1,1,1,,,0.5,"xgb,lgb",0.5,False,0.0,VALIDATED,,,10,9.98,16.0,15.96,1.0,1.0
2026-06-27 12:16:15.218016+00:00,1,1_block,98266,43.2,2,1,1,,,0.5,"xgb,lgb",0.5,False,0.0,VALIDATED,,,4,3.39,5.0,4.99,1.0,1.0
2026-06-27 12:16:15.218016+00:00,3,3_blocks,98266,43.2,2,1,1,,,0.996,"xgb,lgb",0.5,False,0.0,VALIDATED,,,2,1.0,1.0,1.0,1.0,1.0
2026-06-27 12:16:15.218016+00:00,6,6_blocks,98266,43.2,2,1,1,,,1.0,"xgb,lgb",1.1299435028248588,False,0.0,VALIDATED,,,1,1.0,1.0,1.0,1.0,1.0
2026-06-27 14:08:30.721872+00:00,1,1_block,105896,44.7,4,3,2,,,0.5,"xgb,lgb",1.1299435028248588,False,0.0,VALIDATED,,,10,9.63,16.0,15.14,2.0,1.37
2026-06-27 14:08:30.721872+00:00,3,3_blocks,105896,44.7,4,3,2,,,0.5,"xgb,lgb",1.1299435028248588,False,0.0,VALIDATED,,,9,8.02,13.0,12.69,1.0,1.0
2026-06-27 14:08:30.721872+00:00,6,6_blocks,105896,44.7,4,3,2,,,0.5,"xgb,lgb",0.5214285714285715,False,0.0,VALIDATED,,,9,8.02,13.0,12.69,1.0,1.0
2026-06-27 15:37:26.561364+00:00,1,1_block,98138,42.7,2,1,1,,,1.0,"xgb,lgb",1.0,False,0.0,VALIDATED,,,1,1.0,1.0,1.0,1.0,1.0
2026-06-27 15:37:26.561364+00:00,3,3_blocks,98138,42.7,2,1,1,,,0.996,"xgb,lgb",0.5214285714285715,False,0.0,VALIDATED,,,2,1.0,1.0,1.0,1.0,1.0
2026-06-27 15:37:26.561364+00:00,6,6_blocks,98138,42.7,2,1,1,,,1.0,"xgb,lgb",0.5214285714285715,False,0.0,VALIDATED,,,1,1.0,1.0,1.0,1.0,1.0
2026-06-27 16:43:48.225910+00:00,1,1_block,105699,44.2,3,3,1,,,0.5,"xgb,lgb",0.6306306306306306,False,0.0,VALIDATED,,,6,5.07,8.0,7.78,1.0,1.0
2026-06-27 16:43:48.225910+00:00,3,3_blocks,105699,44.2,3,3,1,,,0.5,"xgb,lgb",0.6306306306306306,False,0.0,VALIDATED,,,7,6.76,11.0,10.59,1.0,1.0
2026-06-27 16:43:48.225910+00:00,6,6_blocks,105699,44.2,3,3,1,,,0.5,"xgb,lgb",0.5142857142857142,False,0.0,VALIDATED,,,7,6.76,11.0,10.59,1.0,1.0
2026-06-27 17:48:06.332884+00:00,1,1_block,101143,43.4,2,1,1,,,0.5,"xgb,lgb",0.5,False,0.0,VALIDATED,,,3,2.87,5.0,4.11,1.0,1.0
2026-06-27 17:48:06.332884+00:00,3,3_blocks,101143,43.4,2,1,1,,,0.5,"xgb,lgb",0.4714285714285714,False,0.0,VALIDATED,,,5,4.27,7.0,6.45,1.0,1.0
2026-06-27 17:48:06.332884+00:00,6,6_blocks,101143,43.4,2,1,1,,,0.5,"xgb,lgb",0.4444444444444444,False,0.0,VALIDATED,,,5,4.27,7.0,6.45,1.0,1.0
2026-06-27 18:56:04.264452+00:00,1,1_block,94548,42.1,1,1,1,,,0.541,"xgb,lgb",0.5161290322580645,False,0.0,VALIDATED,,,2,1.36,2.0,1.6,1.0,1.0
2026-06-27 18:56:04.264452+00:00,3,3_blocks,94548,42.1,1,1,1,,,0.996,"xgb,lgb",0.5161290322580645,False,0.0,VALIDATED,,,2,1.0,1.0,1.0,1.0,1.0
2026-06-27 18:56:04.264452+00:00,6,6_blocks,94548,42.1,1,1,1,,,1.0,"xgb,lgb",0.5,False,0.0,VALIDATED,,,1,1.0,1.0,1.0,1.0,1.0
2026-06-27 20:05:57.846845+00:00,1,1_block,101965,44.7,2,2,1,,,0.5,"xgb,lgb",0.5161290322580645,False,0.0,VALIDATED,,,8,7.57,12.0,11.94,1.0,1.0
2026-06-27 20:05:57.846845+00:00,3,3_blocks,101965,44.7,2,2,1,,,0.5,"xgb,lgb",0.5161290322580645,False,0.0,VALIDATED,,,16,15.38,25.0,24.97,1.0,1.0
2026-06-27 20:05:57.846845+00:00,6,6_blocks,101965,44.7,2,2,1,,,0.5,"xgb,lgb",0.4955116696588869,False,0.0,VALIDATED,,,16,15.38,25.0,24.97,1.0,1.0
2026-06-27 21:17:40.469789+00:00,1,1_block,100160,43.0,1,1,1,,,1.0,"xgb,lgb",0.4955116696588869,False,0.0,VALIDATED,,,1,1.0,1.0,1.0,1.0,1.0
2026-06-27 21:17:40.469789+00:00,3,3_blocks,100160,43.0,1,1,1,,,0.996,"xgb,lgb",0.5,False,0.0,VALIDATED,,,2,1.0,1.0,1.0,1.0,1.0
2026-06-27 21:17:40.469789+00:00,6,6_blocks,100160,43.0,1,1,1,,,1.0,"xgb,lgb",0.4936507936507937,False,0.0,VALIDATED,,,1,1.0,1.0,1.0,1.0,1.0
2026-06-27 22:19:21.184148+00:00,1,1_block,100058,43.1,2,1,1,,,1.0,"xgb,lgb",1.5575221238938053,False,0.0,VALIDATED,,,1,1.0,1.0,1.0,1.0,1.0
2026-06-27 22:19:21.184148+00:00,3,3_blocks,100058,43.1,2,1,1,,,0.5,"xgb,lgb",1.0,False,0.0,VALIDATED,,,10,9.23,15.0,14.72,1.0,1.0
2026-06-27 22:19:21.184148+00:00,6,6_blocks,100058,43.1,2,1,1,,,0.5,"xgb,lgb",0.5,False,0.0,VALIDATED,,,10,9.23,15.0,14.72,1.0,1.0
2026-06-27 23:32:02.145133+00:00,1,1_block,102106,43.9,2,1,1,,,0.5,"xgb,lgb",1.0,False,0.0,VALIDATED,,,3,2.31,3.0,2.94,2.0,1.35
2026-06-27 23:32:02.145133+00:00,3,3_blocks,102106,43.9,2,1,1,,,0.5,"xgb,lgb",0.7285714285714285,False,0.0,VALIDATED,,,10,9.09,15.0,14.47,1.0,1.0
2026-06-27 23:32:02.145133+00:00,6,6_blocks,102106,43.9,2,1,1,,,0.5,"xgb,lgb",0.5,False,0.0,VALIDATED,,,10,9.08,15.0,14.47,1.0,1.0
2026-06-28 01:37:54.296879+00:00,1,1_block,99453,43.1,2,1,1,,,0.883,"xgb,lgb",0.7285714285714285,False,0.0,VALIDATED,,,2,1.05,1.0,1.0,2.0,1.12
2026-06-28 01:37:54.296879+00:00,3,3_blocks,99453,43.1,2,1,1,,,0.5,"xgb,lgb",0.5722460658082976,False,0.0,VALIDATED,,,2,1.91,3.0,2.52,1.0,1.0
2026-06-28 01:37:54.296879+00:00,6,6_blocks,99453,43.1,2,1,1,,,0.5,"xgb,lgb",0.5722460658082976,False,0.0,VALIDATED,,,2,1.91,3.0,2.52,1.0,1.0
2026-06-28 06:00:51.541200+00:00,1,1_block,100356,43.3,2,1,1,,,0.5,"xgb,lgb",0.5722460658082976,False,0.0,VALIDATED,,,3,2.05,3.0,2.7,2.0,1.07
2026-06-28 06:00:51.541200+00:00,3,3_blocks,100356,43.3,2,1,1,,,0.5,"xgb,lgb",0.5722460658082976,False,0.0,VALIDATED,,,5,4.5,7.0,6.83,1.0,1.0
2026-06-28 06:00:51.541200+00:00,6,6_blocks,100356,43.3,2,1,1,,,0.5,"xgb,lgb",0.4353741496598639,False,0.0,VALIDATED,,,5,4.51,7.0,6.83,2.0,1.03
2026-06-28 09:21:36.228392+00:00,1,1_block,92191,41.6,1,1,1,,,0.5,"xgb,lgb",0.55,False,0.0,VALIDATED,,,4,3.24,5.0,4.54,2.0,1.3
2026-06-28 09:21:36.228392+00:00,3,3_blocks,92191,41.6,1,1,1,,,0.5,"xgb,lgb",0.5309734513274337,False,0.0,VALIDATED,,,6,5.93,10.0,9.22,1.0,1.0
2026-06-28 09:21:36.228392+00:00,6,6_blocks,92191,41.6,1,1,1,,,0.5,"xgb,lgb",0.4857142857142857,False,0.0,VALIDATED,,,6,5.93,10.0,9.22,1.0,1.0
2026-06-28 11:19:34.554029+00:00,1,1_block,96704,42.5,2,1,1,,,0.5,"xgb,lgb",0.5309734513274337,False,0.0,VALIDATED,,,6,5.58,9.0,8.43,2.0,1.3
2026-06-28 11:19:34.554029+00:00,3,3_blocks,96704,42.5,2,1,1,,,0.5,"xgb,lgb",1.0,False,0.0,VALIDATED,,,11,10.91,18.0,17.51,1.0,1.0
2026-06-28 11:19:34.554029+00:00,6,6_blocks,96704,42.5,2,1,1,,,0.5,"xgb,lgb",0.612,False,0.0,VALIDATED,,,11,10.9,18.0,17.51,1.0,1.0
2026-06-28 12:47:57.104290+00:00,1,1_block,96587,42.5,2,1,1,,,0.5,"xgb,lgb",1.0,False,0.0,VALIDATED,,,4,3.91,6.0,5.65,2.0,1.3
2026-06-28 12:47:57.104290+00:00,3,3_blocks,96587,42.5,2,1,1,,,0.5,"xgb,lgb",0.3636363636363636,False,0.0,VALIDATED,,,9,8.18,13.0,12.97,1.0,1.0
2026-06-28 12:47:57.104290+00:00,6,6_blocks,96587,42.5,2,1,1,,,0.5,"xgb,lgb",0.3636363636363636,False,0.0,VALIDATED,,,9,8.18,13.0,12.97,2.0,1.01
2026-06-28 14:28:35.870343+00:00,1,1_block,99931,42.9,3,1,1,,,0.5,"xgb,lgb",0.6258064516129033,False,0.0,VALIDATED,,,6,5.57,9.0,8.62,1.0,1.0
2026-06-28 14:28:35.870343+00:00,3,3_blocks,99931,42.9,3,1,1,,,0.5,"xgb,lgb",0.3636363636363636,False,0.0,VALIDATED,,,9,8.49,14.0,13.48,1.0,1.0
2026-06-28 14:28:35.870343+00:00,6,6_blocks,99931,42.9,3,1,1,,,0.5,"xgb,lgb",0.5818181818181818,False,0.0,VALIDATED,,,9,8.49,14.0,13.48,1.0,1.0
2026-06-28 15:50:28.807329+00:00,1,1_block,106060,44.1,3,3,1,,,0.5,"xgb,lgb",1.0,False,0.0,VALIDATED,,,6,5.11,8.0,7.63,2.0,1.32
2026-06-28 15:50:28.807329+00:00,3,3_blocks,106060,44.1,3,3,1,,,0.5,"xgb,lgb",0.5818181818181818,False,0.0,VALIDATED,,,7,6.95,11.0,10.91,1.0,1.0
2026-06-28 15:50:28.807329+00:00,6,6_blocks,106060,44.1,3,3,1,,,0.5,"xgb,lgb",0.6956521739130435,False,0.0,VALIDATED,,,7,6.95,11.0,10.91,2.0,1.01
2026-06-28 16:51:34.886474+00:00,1,1_block,104481,43.8,3,1,1,,,0.5,"xgb,lgb",0.6956521739130435,False,0.0,VALIDATED,,,6,5.22,9.0,8.03,1.0,1.0
2026-06-28 16:51:34.886474+00:00,3,3_blocks,104481,43.8,3,1,1,,,0.5,"xgb,lgb",0.6956521739130435,False,0.0,VALIDATED,,,17,16.87,28.0,27.44,1.0,1.0
2026-06-28 16:51:34.886474+00:00,6,6_blocks,104481,43.8,3,1,1,,,0.5,"xgb,lgb",0.4928571428571429,False,0.0,VALIDATED,,,17,16.86,28.0,27.44,1.0,1.0
2026-06-28 18:01:06.966181+00:00,1,1_block,102110,43.3,1,1,1,,,0.5,"xgb,lgb",0.6224256292906178,False,0.0,VALIDATED,,,3,2.21,3.0,2.94,2.0,1.1
2026-06-28 18:01:06.966181+00:00,3,3_blocks,102110,43.3,1,1,1,,,0.5,"xgb,lgb",0.4928571428571429,False,0.0,VALIDATED,,,2,1.98,3.0,2.62,1.0,1.0
2026-06-28 18:01:06.966181+00:00,6,6_blocks,102110,43.3,1,1,1,,,0.5,"xgb,lgb",0.4928571428571429,False,0.0,VALIDATED,,,2,1.97,3.0,2.62,1.0,1.0
2026-06-28 19:43:26.564038+00:00,1,1_block,102349,43.1,1,1,1,,,0.5,"xgb,lgb",0.5194805194805194,False,0.0,VALIDATED,,,4,3.04,5.0,4.39,1.0,1.0
2026-06-28 19:43:26.564038+00:00,3,3_blocks,102349,43.1,1,1,1,,,0.5,"xgb,lgb",0.5194805194805194,False,0.0,VALIDATED,,,6,5.0,8.0,7.67,1.0,1.0
2026-06-28 19:43:26.564038+00:00,6,6_blocks,102349,43.1,1,1,1,,,0.5,"xgb,lgb",0.5026929982046678,False,0.0,VALIDATED,,,5,5.0,8.0,7.67,1.0,1.0
2026-06-28 20:46:20.873129+00:00,1,1_block,96848,42.3,1,1,1,,,0.5,"xgb,lgb",0.6428571428571429,False,0.0,VALIDATED,,,3,2.17,3.0,2.96,1.0,1.0
2026-06-28 20:46:20.873129+00:00,3,3_blocks,96848,42.3,1,1,1,,,0.5,"xgb,lgb",0.55,False,0.0,VALIDATED,,,5,4.25,7.0,6.42,1.0,1.0
2026-06-28 20:46:20.873129+00:00,6,6_blocks,96848,42.3,1,1,1,,,0.5,"xgb,lgb",0.55,False,0.0,VALIDATED,,,5,4.25,7.0,6.42,1.0,1.0
2026-06-28 21:46:58.119616+00:00,1,1_block,101612,43.2,2,1,1,,,0.5,"xgb,lgb",0.6508928571428572,False,0.0,VALIDATED,,,3,2.38,4.0,3.3,1.0,1.0
2026-06-28 21:46:58.119616+00:00,3,3_blocks,101612,43.2,2,1,1,,,0.549,"xgb,lgb",0.6508928571428572,False,0.0,VALIDATED,,,2,1.35,2.0,1.59,1.0,1.0
2026-06-28 21:46:58.119616+00:00,6,6_blocks,101612,43.2,2,1,1,,,0.546,"xgb,lgb",0.5098646034816248,False,0.0,VALIDATED,,,2,1.35,2.0,1.59,1.0,1.0
2026-06-28 22:46:01.982532+00:00,1,1_block,101107,43.1,1,1,1,,,0.5,"xgb,lgb",0.5098646034816248,False,0.0,VALIDATED,,,4,3.35,5.0,4.7,2.0,1.34
2026-06-28 22:46:01.982532+00:00,3,3_blocks,101107,43.1,1,1,1,,,0.644,"xgb,lgb",0.5098646034816248,False,0.0,VALIDATED,,,2,1.26,2.0,1.44,1.0,1.0
2026-06-28 22:46:01.982532+00:00,6,6_blocks,101107,43.1,1,1,1,,,0.641,"xgb,lgb",0.5098646034816248,False,0.0,VALIDATED,,,2,1.26,2.0,1.44,1.0,1.0
2026-06-28 23:49:20.564613+00:00,1,1_block,96449,42.3,1,1,1,,,1.0,"xgb,lgb",1.0101010101010102,False,0.0,VALIDATED,,,1,1.0,1.0,1.0,1.0,1.0
2026-06-28 23:49:20.564613+00:00,3,3_blocks,96449,42.3,1,1,1,,,0.996,"xgb,lgb",1.0101010101010102,False,0.0,VALIDATED,,,2,1.0,1.0,1.0,1.0,1.0
2026-06-28 23:49:20.564613+00:00,6,6_blocks,96449,42.3,1,1,1,,,1.0,"xgb,lgb",0.9929078014184396,False,0.0,VALIDATED,,,1,1.0,1.0,1.0,1.0,1.0
2026-06-29 01:59:12.605938+00:00,1,1_block,101327,43.6,2,2,1,,,0.5,"xgb,lgb",1.0101010101010102,False,0.0,VALIDATED,,,5,4.12,6.0,5.99,2.0,1.32
2026-06-29 01:59:12.605938+00:00,3,3_blocks,101327,43.6,2,2,1,,,0.996,"xgb,lgb",1.0101010101010102,False,0.0,VALIDATED,,,2,1.0,1.0,1.0,1.0,1.0
2026-06-29 01:59:12.605938+00:00,6,6_blocks,101327,43.6,2,2,1,,,1.0,"xgb,lgb",0.9929078014184396,False,0.0,VALIDATED,,,1,1.0,1.0,1.0,1.0,1.0
2026-06-29 06:51:09.441760+00:00,1,1_block,95867,42.2,1,1,1,,,0.693,"xgb,lgb",0.5214285714285715,False,0.0,VALIDATED,,,2,1.22,2.0,1.36,1.0,1.0
2026-06-29 06:51:09.441760+00:00,3,3_blocks,95867,42.2,1,1,1,,,0.5,"xgb,lgb",0.5214285714285715,False,0.0,VALIDATED,,,5,4.35,7.0,6.58,1.0,1.0
2026-06-29 06:51:09.441760+00:00,6,6_blocks,95867,42.2,1,1,1,,,0.5,"xgb,lgb",0.5135135135135135,False,0.0,VALIDATED,,,5,4.35,7.0,6.58,1.0,1.0
2026-06-29 11:54:48.683028+00:00,1,1_block,94053,41.7,1,1,1,,,0.5,"xgb,lgb",0.7610294117647058,False,0.0,VALIDATED,,,3,2.85,5.0,4.08,1.0,1.0
2026-06-29 11:54:48.683028+00:00,3,3_blocks,94053,41.7,1,1,1,,,0.5,"xgb,lgb",0.7610294117647058,False,0.0,VALIDATED,,,5,4.41,7.0,6.68,1.0,1.0
2026-06-29 11:54:48.683028+00:00,6,6_blocks,94053,41.7,1,1,1,,,0.5,"xgb,lgb",1.198581560283688,False,0.0,VALIDATED,,,5,4.41,7.0,6.68,1.0,1.0
2026-06-29 15:36:26.769021+00:00,1,1_block,102499,46.8,4,4,4,,,0.5,"xgb,lgb",2.094240837696335,False,0.0,VALIDATED,,,10,9.94,16.0,15.68,2.0,1.32
2026-06-29 15:36:26.769021+00:00,3,3_blocks,102499,46.8,4,4,4,,,0.5,"xgb,lgb",1.198581560283688,False,0.0,VALIDATED,,,6,5.44,9.0,8.4,1.0,1.0
2026-06-29 15:36:26.769021+00:00,6,6_blocks,102499,46.8,4,4,4,,,0.5,"xgb,lgb",2.0,False,0.0,VALIDATED,,,6,5.44,9.0,8.4,2.0,1.01
2026-06-29 17:59:39.968057+00:00,1,1_block,112407,46.4,6,5,4,,,0.5,"xgb,lgb",2.0047732696897373,False,0.0,VALIDATED,,,7,6.0,10.0,9.13,2.0,1.31
2026-06-29 17:59:39.968057+00:00,3,3_blocks,112407,46.4,6,5,4,,,0.5,"xgb,lgb",2.0,False,0.0,VALIDATED,,,4,3.72,6.0,5.53,1.0,1.0
2026-06-29 17:59:39.968057+00:00,6,6_blocks,112407,46.4,6,5,4,,,0.5,"xgb,lgb",2.005208333333333,False,0.0,VALIDATED,,,4,3.72,6.0,5.53,1.0,1.0
2026-06-29 20:03:35.831270+00:00,1,1_block,106286,44.7,4,4,1,,,0.5,"xgb,lgb",2.005208333333333,False,0.0,VALIDATED,,,4,3.7,6.0,5.3,2.0,1.31
2026-06-29 20:03:35.831270+00:00,3,3_blocks,106286,44.7,4,4,1,,,0.5,"xgb,lgb",2.005208333333333,False,0.0,VALIDATED,,,13,12.4,20.0,19.99,1.0,1.0
2026-06-29 20:03:35.831270+00:00,6,6_blocks,106286,44.7,4,4,1,,,0.5,"xgb,lgb",0.6258064516129033,False,0.0,VALIDATED,,,13,12.4,20.0,19.99,1.0,1.0
2026-06-29 21:42:58.783418+00:00,1,1_block,100442,42.8,1,1,1,,,0.5,"xgb,lgb",0.6355785837651122,False,0.0,VALIDATED,,,2,1.53,2.0,1.88,1.0,1.0
2026-06-29 21:42:58.783418+00:00,3,3_blocks,100442,42.8,1,1,1,,,0.996,"xgb,lgb",0.6093189964157706,False,0.0,VALIDATED,,,2,1.0,1.0,1.0,1.0,1.0
2026-06-29 21:42:58.783418+00:00,6,6_blocks,100442,42.8,1,1,1,,,1.0,"xgb,lgb",0.6093189964157706,False,0.0,VALIDATED,,,1,1.0,1.0,1.0,1.0,1.0
2026-06-29 22:41:54.227794+00:00,1,1_block,107574,44.8,5,4,1,,,0.5,"xgb,lgb",0.672045076194135,False,0.0,VALIDATED,,,7,6.74,11.0,10.33,2.0,1.35
2026-06-29 22:41:54.227794+00:00,3,3_blocks,107574,44.8,5,4,1,,,0.5,"xgb,lgb",0.6093189964157706,False,0.0,VALIDATED,,,10,9.72,16.0,15.53,1.0,1.0
2026-06-29 22:41:54.227794+00:00,6,6_blocks,107574,44.8,5,4,1,,,0.5,"xgb,lgb",0.6093189964157706,False,0.0,VALIDATED,,,10,9.72,16.0,15.53,1.0,1.0
2026-06-29 23:44:25.794992+00:00,1,1_block,100231,42.7,1,1,1,,,0.581,"xgb,lgb",0.5673249551166966,False,0.0,VALIDATED,,,2,1.32,2.0,1.53,1.0,1.0
2026-06-29 23:44:25.794992+00:00,3,3_blocks,100231,42.7,1,1,1,,,0.996,"xgb,lgb",0.5285714285714286,False,0.0,VALIDATED,,,2,1.0,1.0,1.0,1.0,1.0
2026-06-29 23:44:25.794992+00:00,6,6_blocks,100231,42.7,1,1,1,,,1.0,"xgb,lgb",0.4716553287981859,False,0.0,VALIDATED,,,1,1.0,1.0,1.0,1.0,1.0
2026-06-30 01:51:46.028646+00:00,1,1_block,94973,41.9,1,1,1,,,0.5,"xgb,lgb",2.0,False,0.0,VALIDATED,,,3,2.52,4.0,3.54,1.0,1.0
2026-06-30 01:51:46.028646+00:00,3,3_blocks,94973,41.9,1,1,1,,,0.5,"xgb,lgb",0.5238095238095238,False,0.0,VALIDATED,,,2,1.57,2.0,1.95,1.0,1.0
2026-06-30 01:51:46.028646+00:00,6,6_blocks,94973,41.9,1,1,1,,,0.5,"xgb,lgb",0.5238095238095238,False,0.0,VALIDATED,,,2,1.57,2.0,1.95,1.0,1.0
2026-06-30 06:06:00.554563+00:00,1,1_block,94957,41.8,1,1,1,,,0.966,"xgb,lgb",2.0,False,0.0,VALIDATED,,,2,1.04,2.0,1.03,2.0,1.07
2026-06-30 06:06:00.554563+00:00,3,3_blocks,94957,41.8,1,1,1,,,0.5,"xgb,lgb",0.5170556552962298,False,0.0,VALIDATED,,,2,1.76,3.0,2.26,1.0,1.0
2026-06-30 06:06:00.554563+00:00,6,6_blocks,94957,41.8,1,1,1,,,0.5,"xgb,lgb",0.5170556552962298,False,0.0,VALIDATED,,,2,1.76,3.0,2.26,1.0,1.0
2026-06-30 09:58:21.877323+00:00,1,1_block,98806,42.7,2,1,1,,,0.5,"xgb,lgb",0.5170556552962298,False,0.0,VALIDATED,,,2,1.7,3.0,2.17,1.0,1.0
2026-06-30 09:58:21.877323+00:00,3,3_blocks,98806,42.7,2,1,1,,,0.5,"xgb,lgb",1.0,False,0.0,VALIDATED,,,4,3.37,5.0,4.95,1.0,1.0
2026-06-30 09:58:21.877323+00:00,6,6_blocks,98806,42.7,2,1,1,,,0.5,"xgb,lgb",0.6357142857142857,False,0.0,VALIDATED,,,4,3.37,5.0,4.95,1.0,1.0
2026-06-30 12:09:05.635829+00:00,1,1_block,97431,42.4,1,1,1,,,0.5,"xgb,lgb",2.036363636363636,False,0.0,VALIDATED,,,2,1.97,3.0,2.62,1.0,1.0
2026-06-30 12:09:05.635829+00:00,3,3_blocks,97431,42.4,1,1,1,,,0.996,"xgb,lgb",1.0,False,0.0,VALIDATED,,,2,1.0,1.0,1.0,1.0,1.0
2026-06-30 12:09:05.635829+00:00,6,6_blocks,97431,42.4,1,1,1,,,1.0,"xgb,lgb",1.0,False,0.0,VALIDATED,,,1,1.0,1.0,1.0,1.0,1.0
2026-06-30 14:41:47.207541+00:00,1,1_block,107720,45.3,4,3,3,,,0.5,"xgb,lgb",4.0,False,0.0,VALIDATED,,,7,6.23,10.0,9.72,1.0,1.0
2026-06-30 14:41:47.207541+00:00,3,3_blocks,107720,45.3,4,3,3,,,0.5,"xgb,lgb",4.0,False,0.0,VALIDATED,,,11,10.45,17.0,16.74,1.0,1.0
2026-06-30 14:41:47.207541+00:00,6,6_blocks,107720,45.3,4,3,3,,,0.5,"xgb,lgb",1.0,False,0.0,VALIDATED,,,11,10.44,17.0,16.74,1.0,1.0
2026-06-30 16:55:30.207058+00:00,1,1_block,111280,46.6,5,4,4,,,0.5,"xgb,lgb",1.099290780141844,False,0.0,VALIDATED,,,4,3.4,5.0,4.91,2.0,1.14
2026-06-30 16:55:30.207058+00:00,3,3_blocks,111280,46.6,5,4,4,,,0.996,"xgb,lgb",1.099290780141844,False,0.0,VALIDATED,,,2,1.0,1.0,1.0,1.0,1.0
2026-06-30 16:55:30.207058+00:00,6,6_blocks,111280,46.6,5,4,4,,,0.991,"xgb,lgb",1.099290780141844,False,0.0,VALIDATED,,,2,1.0,1.0,1.0,2.0,1.01
2026-06-30 18:52:51.831659+00:00,1,1_block,107317,45.3,3,3,1,,,0.555,"xgb,lgb",3.012693935119888,False,0.0,VALIDATED,,,2,1.76,3.0,2.06,2.0,1.31
2026-06-30 18:52:51.831659+00:00,3,3_blocks,107317,45.3,3,3,1,,,0.5,"xgb,lgb",2.0,False,0.0,VALIDATED,,,9,8.99,15.0,14.32,1.0,1.0
2026-06-30 18:52:51.831659+00:00,6,6_blocks,107317,45.3,3,3,1,,,0.5,"xgb,lgb",2.0,False,0.0,VALIDATED,,,9,8.99,15.0,14.32,1.0,1.0
2026-06-30 20:54:51.654668+00:00,1,1_block,107429,45.1,2,2,1,,,1.0,"xgb,lgb",0.6021505376344086,False,0.0,VALIDATED,,,1,1.0,1.0,1.0,1.0,1.0
2026-06-30 20:54:51.654668+00:00,3,3_blocks,107429,45.1,2,2,1,,,0.5,"xgb,lgb",0.3636363636363636,False,0.0,VALIDATED,,,14,13.94,23.0,22.56,1.0,1.0
2026-06-30 20:54:51.654668+00:00,6,6_blocks,107429,45.1,2,2,1,,,0.5,"xgb,lgb",0.3636363636363636,False,0.0,VALIDATED,,,14,13.94,23.0,22.56,1.0,1.0
2026-06-30 22:12:27.510448+00:00,1,1_block,96903,42.8,2,1,1,,,1.0,"xgb,lgb",0.6258064516129033,False,0.0,VALIDATED,,,1,1.0,1.0,1.0,1.0,1.0
2026-06-30 22:12:27.510448+00:00,3,3_blocks,96903,42.8,2,1,1,,,0.996,"xgb,lgb",0.6258064516129033,False,0.0,VALIDATED,,,2,1.0,1.0,1.0,1.0,1.0
2026-06-30 22:12:27.510448+00:00,6,6_blocks,96903,42.8,2,1,1,,,1.0,"xgb,lgb",0.6258064516129033,False,0.0,VALIDATED,,,1,1.0,1.0,1.0,1.0,1.0
2026-06-30 23:38:43.520080+00:00,1,1_block,98920,43.4,2,1,1,,,0.919,"xgb,lgb",2.0,False,0.0,VALIDATED,,,2,1.03,1.0,1.0,2.0,1.08
2026-06-30 23:38:43.520080+00:00,3,3_blocks,98920,43.4,2,1,1,,,0.996,"xgb,lgb",0.6288492706645057,False,0.0,VALIDATED,,,2,1.0,1.0,1.0,1.0,1.0
2026-06-30 23:38:43.520080+00:00,6,6_blocks,98920,43.4,2,1,1,,,1.0,"xgb,lgb",0.3636363636363636,False,0.0,VALIDATED,,,1,1.0,1.0,1.0,1.0,1.0
2026-07-01 01:55:24.910102+00:00,1,1_block,103401,43.9,3,1,1,,,0.98,"xgb,lgb",2.0,False,0.0,VALIDATED,,,2,1.01,2.0,1.02,1.0,1.0
2026-07-01 01:55:24.910102+00:00,3,3_blocks,103401,43.9,3,1,1,,,0.996,"xgb,lgb",0.6288492706645057,False,0.0,VALIDATED,,,2,1.0,1.0,1.0,1.0,1.0
2026-07-01 01:55:24.910102+00:00,6,6_blocks,103401,43.9,3,1,1,,,1.0,"xgb,lgb",0.4,False,0.0,VALIDATED,,,1,1.0,1.0,1.0,1.0,1.0
2026-07-01 06:20:45.245031+00:00,1,1_block,94992,43.3,2,1,1,,,0.5,"xgb,lgb",1.0,False,0.0,VALIDATED,,,2,1.52,2.0,1.86,1.0,1.0
2026-07-01 06:20:45.245031+00:00,3,3_blocks,94992,43.3,2,1,1,,,0.5,"xgb,lgb",1.0,False,0.0,VALIDATED,,,9,8.96,15.0,14.27,1.0,1.0
2026-07-01 06:20:45.245031+00:00,6,6_blocks,94992,43.3,2,1,1,,,0.5,"xgb,lgb",1.0818181818181818,False,0.0,VALIDATED,,,9,8.96,15.0,14.27,1.0,1.0
2026-07-01 10:27:03.903350+00:00,1,1_block,98580,44.7,3,3,1,,,0.5,"xgb,lgb",1.2054794520547945,False,0.0,VALIDATED,,,6,5.47,9.0,8.22,2.0,1.33
2026-07-01 10:27:03.903350+00:00,3,3_blocks,98580,44.7,3,3,1,,,0.5,"xgb,lgb",1.0,False,0.0,VALIDATED,,,5,4.19,7.0,6.31,1.0,1.0
2026-07-01 10:27:03.903350+00:00,6,6_blocks,98580,44.7,3,3,1,,,0.5,"xgb,lgb",0.4892086330935252,False,0.0,VALIDATED,,,5,4.18,7.0,6.31,1.0,1.0
2026-07-01 13:16:57.378520+00:00,1,1_block,94389,42.6,3,3,1,,,0.5,"xgb,lgb",2.98581560283688,False,0.0,VALIDATED,,,6,5.58,9.0,8.64,1.0,1.0
2026-07-01 13:16:57.378520+00:00,3,3_blocks,94389,42.6,3,3,1,,,0.5,"xgb,lgb",2.242424242424242,False,0.0,VALIDATED,,,12,11.93,20.0,19.22,1.0,1.0
2026-07-01 13:16:57.378520+00:00,6,6_blocks,94389,42.6,3,3,1,,,0.5,"xgb,lgb",1.0091743119266054,False,0.0,VALIDATED,,,12,11.93,20.0,19.22,1.0,1.0
2026-07-01 15:56:55.516793+00:00,1,1_block,96328,44.2,4,4,3,,,0.5,"xgb,lgb",1.0851063829787233,False,0.0,VALIDATED,,,8,7.98,13.0,12.64,1.0,1.0
2026-07-01 15:56:55.516793+00:00,3,3_blocks,96328,44.2,4,4,3,,,0.5,"xgb,lgb",0.6074074074074074,False,0.0,VALIDATED,,,10,9.62,16.0,15.36,1.0,1.0
2026-07-01 15:56:55.516793+00:00,6,6_blocks,96328,44.2,4,4,3,,,0.5,"xgb,lgb",0.6074074074074074,False,0.0,VALIDATED,,,10,9.61,16.0,15.36,1.0,1.0
2026-07-01 18:02:36.542281+00:00,1,1_block,102560,44.3,4,4,1,,,0.5,"xgb,lgb",1.0851063829787233,False,0.0,VALIDATED,,,7,6.22,10.0,9.7,1.0,1.0
2026-07-01 18:02:36.542281+00:00,3,3_blocks,102560,44.3,4,4,1,,,0.5,"xgb,lgb",0.6074074074074074,False,0.0,VALIDATED,,,16,15.25,25.0,24.75,1.0,1.0
2026-07-01 18:02:36.542281+00:00,6,6_blocks,102560,44.3,4,4,1,,,0.5,"xgb,lgb",0.9934640522875816,False,0.0,VALIDATED,,,16,15.25,25.0,24.75,1.0,1.0
2026-07-01 19:44:50.026423+00:00,1,1_block,105316,45.0,4,4,3,,,0.5,"xgb,lgb",0.9934640522875816,False,0.0,VALIDATED,,,7,6.26,10.0,9.56,2.0,1.31
2026-07-01 19:44:50.026423+00:00,3,3_blocks,105316,45.0,4,4,3,,,0.5,"xgb,lgb",0.9934640522875816,False,0.0,VALIDATED,,,11,10.69,18.0,17.15,1.0,1.0
2026-07-01 19:44:50.026423+00:00,6,6_blocks,105316,45.0,4,4,3,,,0.5,"xgb,lgb",0.527122641509434,False,0.0,VALIDATED,,,11,10.69,18.0,17.15,2.0,1.01
2026-07-01 21:12:48.129754+00:00,1,1_block,101529,43.9,3,1,1,,,0.5,"xgb,lgb",0.527122641509434,False,0.0,VALIDATED,,,5,4.15,7.0,6.24,1.0,1.0
2026-07-01 21:12:48.129754+00:00,3,3_blocks,101529,43.9,3,1,1,,,0.5,"xgb,lgb",0.527122641509434,False,0.0,VALIDATED,,,11,10.41,17.0,16.68,1.0,1.0
2026-07-01 21:12:48.129754+00:00,6,6_blocks,101529,43.9,3,1,1,,,0.5,"xgb,lgb",0.5,False,0.0,VALIDATED,,,11,10.41,17.0,16.68,1.0,1.0
2026-07-01 22:42:13.500851+00:00,1,1_block,98368,43.0,2,1,1,,,0.5,"xgb,lgb",0.5,False,0.0,VALIDATED,,,6,5.13,8.0,7.89,1.0,1.0
2026-07-01 22:42:13.500851+00:00,3,3_blocks,98368,43.0,2,1,1,,,0.5,"xgb,lgb",0.5,False,0.0,VALIDATED,,,13,12.72,21.0,20.53,1.0,1.0
2026-07-01 22:42:13.500851+00:00,6,6_blocks,98368,43.0,2,1,1,,,0.5,"xgb,lgb",0.5,False,0.0,VALIDATED,,,13,12.72,21.0,20.53,1.0,1.0
2026-07-01 23:57:30.345628+00:00,1,1_block,96021,42.4,1,1,1,,,0.589,"xgb,lgb",0.6357142857142857,False,0.0,VALIDATED,,,2,1.31,2.0,1.52,1.0,1.0
2026-07-01 23:57:30.345628+00:00,3,3_blocks,96021,42.4,1,1,1,,,0.5,"xgb,lgb",0.5428571428571428,False,0.0,VALIDATED,,,13,12.84,21.0,20.73,1.0,1.0
2026-07-01 23:57:30.345628+00:00,6,6_blocks,96021,42.4,1,1,1,,,0.5,"xgb,lgb",0.5428571428571428,False,0.0,VALIDATED,,,13,12.84,21.0,20.73,1.0,1.0
2026-07-02 02:57:47.017344+00:00,1,1_block,108331,45.4,4,4,3,,,0.5,"xgb,lgb",0.6357142857142857,False,0.0,VALIDATED,,,6,5.67,9.0,8.55,2.0,1.34
2026-07-02 02:57:47.017344+00:00,3,3_blocks,108331,45.4,4,4,3,,,0.5,"xgb,lgb",0.5428571428571428,False,0.0,VALIDATED,,,12,11.89,20.0,19.15,1.0,1.0
2026-07-02 02:57:47.017344+00:00,6,6_blocks,108331,45.4,4,4,3,,,0.5,"xgb,lgb",0.5428571428571428,False,0.0,VALIDATED,,,12,11.89,20.0,19.15,1.0,1.0
2026-07-02 06:50:09.570509+00:00,1,1_block,101742,43.2,1,1,1,,,1.0,"xgb,lgb",0.65,False,0.0,VALIDATED,,,1,1.0,1.0,1.0,1.0,1.0
2026-07-02 06:50:09.570509+00:00,3,3_blocks,101742,43.2,1,1,1,,,0.5,"xgb,lgb",0.5357142857142857,False,0.0,VALIDATED,,,3,2.95,5.0,4.25,1.0,1.0
2026-07-02 06:50:09.570509+00:00,6,6_blocks,101742,43.2,1,1,1,,,0.5,"xgb,lgb",0.5275590551181102,False,0.0,VALIDATED,,,3,2.95,5.0,4.25,1.0,1.0
2026-07-02 09:47:34.298582+00:00,1,1_block,105866,44.4,3,1,1,,,0.5,"xgb,lgb",1.509090909090909,False,0.0,VALIDATED,,,4,3.17,5.0,4.62,1.0,1.0
2026-07-02 09:47:34.298582+00:00,3,3_blocks,105866,44.4,3,1,1,,,0.5,"xgb,lgb",0.5275590551181102,False,0.0,VALIDATED,,,24,23.19,38.0,37.98,1.0,1.0
2026-07-02 09:47:34.298582+00:00,6,6_blocks,105866,44.4,3,1,1,,,0.5,"xgb,lgb",0.5,False,0.0,VALIDATED,,,24,23.19,38.0,37.98,1.0,1.0
2026-07-02 11:58:33.926795+00:00,1,1_block,102025,43.6,2,1,1,,,0.5,"xgb,lgb",1.2040816326530612,False,0.0,VALIDATED,,,2,1.71,3.0,2.18,1.0,1.0
2026-07-02 11:58:33.926795+00:00,3,3_blocks,102025,43.6,2,1,1,,,0.5,"xgb,lgb",0.5275590551181102,False,0.0,VALIDATED,,,11,10.27,17.0,16.44,1.0,1.0
2026-07-02 11:58:33.926795+00:00,6,6_blocks,102025,43.6,2,1,1,,,0.5,"xgb,lgb",0.5071428571428571,False,0.0,VALIDATED,,,11,10.27,17.0,16.44,1.0,1.0
2026-07-02 14:01:06.834500+00:00,1,1_block,101392,44.1,3,1,1,,,0.5,"xgb,lgb",3.0,False,0.0,VALIDATED,,,6,5.0,8.0,7.62,2.0,1.07
2026-07-02 14:01:06.834500+00:00,3,3_blocks,101392,44.1,3,1,1,,,0.5,"xgb,lgb",3.0,False,0.0,VALIDATED,,,6,5.43,9.0,8.37,1.0,1.0
2026-07-02 14:01:06.834500+00:00,6,6_blocks,101392,44.1,3,1,1,,,0.5,"xgb,lgb",2.0,False,0.0,VALIDATED,,,6,5.42,9.0,8.37,1.0,1.0
2026-07-02 16:09:09.268156+00:00,1,1_block,113494,47.9,6,6,5,,,0.5,"xgb,lgb",2.0,False,0.0,VALIDATED,,,5,4.67,7.0,6.9,2.0,1.32
2026-07-02 16:09:09.268156+00:00,3,3_blocks,113494,47.9,6,6,5,,,0.5,"xgb,lgb",2.0,False,0.0,VALIDATED,,,5,4.62,8.0,7.03,1.0,1.0
2026-07-02 16:09:09.268156+00:00,6,6_blocks,113494,47.9,6,6,5,,,0.5,"xgb,lgb",2.0,False,0.0,VALIDATED,,,5,4.62,8.0,7.03,1.0,1.0
2026-07-02 18:01:28.788872+00:00,1,1_block,108432,47.2,6,5,4,,,0.5,"xgb,lgb",2.0027972027972027,False,0.0,VALIDATED,,,10,9.36,15.0,14.72,2.0,1.32
2026-07-02 18:01:28.788872+00:00,3,3_blocks,108432,47.2,6,5,4,,,0.5,"xgb,lgb",2.0,False,0.0,VALIDATED,,,4,3.31,5.0,4.84,1.0,1.0
2026-07-02 18:01:28.788872+00:00,6,6_blocks,108432,47.2,6,5,4,,,0.5,"xgb,lgb",1.21,False,0.0,VALIDATED,,,4,3.31,5.0,4.84,1.0,1.0
2026-07-02 19:46:46.233076+00:00,1,1_block,105194,45.4,5,4,3,,,0.5,"xgb,lgb",4.0,False,0.0,VALIDATED,,,3,2.91,4.0,3.97,2.0,1.31
2026-07-02 19:46:46.233076+00:00,3,3_blocks,105194,45.4,5,4,3,,,0.5,"xgb,lgb",4.0,False,0.0,VALIDATED,,,8,7.12,12.0,11.2,1.0,1.0
2026-07-02 19:46:46.233076+00:00,6,6_blocks,105194,45.4,5,4,3,,,0.5,"xgb,lgb",1.0,False,0.0,VALIDATED,,,8,7.12,12.0,11.2,1.0,1.0
2026-07-02 20:46:12.338049+00:00,1,1_block,106841,46.4,5,4,3,,,0.5,"xgb,lgb",1.2035398230088497,False,0.0,VALIDATED,,,9,8.53,14.0,13.31,2.0,1.35
2026-07-02 20:46:12.338049+00:00,3,3_blocks,106841,46.4,5,4,3,,,0.5,"xgb,lgb",1.0,False,0.0,VALIDATED,,,18,17.83,30.0,29.05,1.0,1.0
2026-07-02 20:46:12.338049+00:00,6,6_blocks,106841,46.4,5,4,3,,,0.5,"xgb,lgb",1.0,False,0.0,VALIDATED,,,18,17.83,30.0,29.05,1.0,1.0
2026-07-02 21:51:32.119021+00:00,1,1_block,104104,44.6,5,4,1,,,0.5,"xgb,lgb",0.5161290322580645,False,0.0,VALIDATED,,,6,5.58,9.0,8.64,1.0,1.0
2026-07-02 21:51:32.119021+00:00,3,3_blocks,104104,44.6,5,4,1,,,0.5,"xgb,lgb",0.5,False,0.0,VALIDATED,,,12,11.29,19.0,18.15,1.0,1.0
2026-07-02 21:51:32.119021+00:00,6,6_blocks,104104,44.6,5,4,1,,,0.5,"xgb,lgb",0.35,False,0.0,VALIDATED,,,12,11.29,19.0,18.15,1.0,1.0
2026-07-03 00:14:14.828035+00:00,1,1_block,94641,42.9,3,1,1,,,0.5,"xgb,lgb",0.35,False,0.0,VALIDATED,,,2,1.71,3.0,2.12,2.0,1.1
2026-07-03 00:14:14.828035+00:00,3,3_blocks,94641,42.9,3,1,1,,,0.5,"xgb,lgb",0.35,False,0.0,VALIDATED,,,9,8.54,14.0,13.57,1.0,1.0
2026-07-03 00:14:14.828035+00:00,6,6_blocks,94641,42.9,3,1,1,,,0.5,"xgb,lgb",0.35,False,0.0,VALIDATED,,,9,8.54,14.0,13.57,1.0,1.0
2026-07-03 04:06:33.731078+00:00,1,1_block,90232,41.7,1,1,1,,,0.576,"xgb,lgb",0.35,False,0.0,VALIDATED,,,2,1.32,2.0,1.54,1.0,1.0
2026-07-03 04:06:33.731078+00:00,3,3_blocks,90232,41.7,1,1,1,,,0.5,"xgb,lgb",0.4357142857142857,False,0.0,VALIDATED,,,7,6.41,11.0,10.02,1.0,1.0
2026-07-03 04:06:33.731078+00:00,6,6_blocks,90232,41.7,1,1,1,,,0.5,"xgb,lgb",0.35,False,0.0,VALIDATED,,,7,6.41,11.0,10.02,1.0,1.0
2026-07-03 07:33:31.023542+00:00,1,1_block,90906,41.8,1,1,1,,,1.0,"xgb,lgb",0.4372759856630824,False,0.0,VALIDATED,,,1,1.0,1.0,1.0,1.0,1.0
2026-07-03 07:33:31.023542+00:00,3,3_blocks,90906,41.8,1,1,1,,,0.5,"xgb,lgb",0.4316546762589928,False,0.0,VALIDATED,,,5,4.84,8.0,7.4,1.0,1.0
2026-07-03 07:33:31.023542+00:00,6,6_blocks,90906,41.8,1,1,1,,,0.5,"xgb,lgb",0.4316546762589928,False,0.0,VALIDATED,,,5,4.84,8.0,7.4,1.0,1.0
2026-07-03 10:16:28.737429+00:00,1,1_block,97680,43.6,4,3,1,,,0.5,"xgb,lgb",0.5275590551181102,False,0.0,VALIDATED,,,5,4.2,7.0,6.13,2.0,1.31
2026-07-03 10:16:28.737429+00:00,3,3_blocks,97680,43.6,4,3,1,,,0.996,"xgb,lgb",0.5275590551181102,False,0.0,VALIDATED,,,2,1.0,1.0,1.0,1.0,1.0
2026-07-03 10:16:28.737429+00:00,6,6_blocks,97680,43.6,4,3,1,,,1.0,"xgb,lgb",0.4357142857142857,False,0.0,VALIDATED,,,1,1.0,1.0,1.0,1.0,1.0
2026-07-03 12:21:13.226478+00:00,1,1_block,93591,42.2,1,1,1,,,0.795,"xgb,lgb",0.5275590551181102,False,0.0,VALIDATED,,,2,1.14,2.0,1.23,1.0,1.0
2026-07-03 12:21:13.226478+00:00,3,3_blocks,93591,42.2,1,1,1,,,0.5,"xgb,lgb",1.2,False,0.0,VALIDATED,,,4,3.89,6.0,5.81,1.0,1.0
2026-07-03 12:21:13.226478+00:00,6,6_blocks,93591,42.2,1,1,1,,,0.5,"xgb,lgb",1.2,False,0.0,VALIDATED,,,4,3.88,6.0,5.81,1.0,1.0
2026-07-03 14:39:40.951993+00:00,1,1_block,101969,45.3,5,4,4,,,0.5,"xgb,lgb",1.2,False,0.0,VALIDATED,,,8,7.7,12.0,11.96,2.0,1.31
2026-07-03 14:39:40.951993+00:00,3,3_blocks,101969,45.3,5,4,4,,,0.5,"xgb,lgb",0.4444444444444444,False,0.0,VALIDATED,,,2,1.48,2.0,1.8,1.0,1.0
2026-07-03 14:39:40.951993+00:00,6,6_blocks,101969,45.3,5,4,4,,,0.5,"xgb,lgb",0.4444444444444444,False,0.0,VALIDATED,,,2,1.48,2.0,1.8,1.0,1.0
2026-07-03 16:11:59.980792+00:00,1,1_block,95700,43.0,3,3,1,,,0.5,"xgb,lgb",1.001934235976789,False,0.0,VALIDATED,,,4,3.95,6.0,5.92,1.0,1.0
2026-07-03 16:11:59.980792+00:00,3,3_blocks,95700,43.0,3,3,1,,,0.996,"xgb,lgb",1.001934235976789,False,0.0,VALIDATED,,,2,1.0,1.0,1.0,1.0,1.0
2026-07-03 16:11:59.980792+00:00,6,6_blocks,95700,43.0,3,3,1,,,1.0,"xgb,lgb",1.001934235976789,False,0.0,VALIDATED,,,1,1.0,1.0,1.0,1.0,1.0
2026-07-03 17:50:39.259924+00:00,1,1_block,97546,43.6,3,3,1,,,0.5,"xgb,lgb",0.4003574620196604,False,0.0,VALIDATED,,,5,4.61,8.0,7.01,1.0,1.0
2026-07-03 17:50:39.259924+00:00,3,3_blocks,97546,43.6,3,3,1,,,0.996,"xgb,lgb",0.3931947069943289,False,0.0,VALIDATED,,,2,1.0,1.0,1.0,1.0,1.0
2026-07-03 17:50:39.259924+00:00,6,6_blocks,97546,43.6,3,3,1,,,1.0,"xgb,lgb",0.3571428571428571,False,0.0,VALIDATED,,,1,1.0,1.0,1.0,1.0,1.0
2026-07-03 18:54:51.086077+00:00,1,1_block,95260,42.8,2,1,1,,,0.5,"xgb,lgb",0.4003574620196604,False,0.0,VALIDATED,,,5,4.01,7.0,6.02,1.0,1.0
2026-07-03 18:54:51.086077+00:00,3,3_blocks,95260,42.8,2,1,1,,,0.996,"xgb,lgb",0.3931947069943289,False,0.0,VALIDATED,,,2,1.0,1.0,1.0,1.0,1.0
2026-07-03 18:54:51.086077+00:00,6,6_blocks,95260,42.8,2,1,1,,,1.0,"xgb,lgb",0.3571428571428571,False,0.0,VALIDATED,,,1,1.0,1.0,1.0,1.0,1.0
2026-07-03 20:11:48.278843+00:00,1,1_block,91985,42.1,3,1,1,,,0.5,"xgb,lgb",0.4142857142857143,False,0.0,VALIDATED,,,4,3.64,6.0,5.4,1.0,1.0
2026-07-03 20:11:48.278843+00:00,3,3_blocks,91985,42.1,3,1,1,,,0.5,"xgb,lgb",0.4142857142857143,False,0.0,VALIDATED,,,11,10.15,17.0,16.25,1.0,1.0
2026-07-03 20:11:48.278843+00:00,6,6_blocks,91985,42.1,3,1,1,,,0.5,"xgb,lgb",0.4142857142857143,False,0.0,VALIDATED,,,11,10.15,17.0,16.25,1.0,1.0
2026-07-03 21:34:07.609801+00:00,1,1_block,92707,42.1,2,1,1,,,1.0,"xgb,lgb",0.4142857142857143,False,0.0,VALIDATED,,,1,1.0,1.0,1.0,1.0,1.0
2026-07-03 21:34:07.609801+00:00,3,3_blocks,92707,42.1,2,1,1,,,0.5,"xgb,lgb",0.4142857142857143,False,0.0,VALIDATED,,,5,4.19,7.0,6.32,1.0,1.0
2026-07-03 21:34:07.609801+00:00,6,6_blocks,92707,42.1,2,1,1,,,0.5,"xgb,lgb",0.4142857142857143,False,0.0,VALIDATED,,,5,4.19,7.0,6.32,1.0,1.0
2026-07-03 22:39:18.736635+00:00,1,1_block,95099,43.0,3,3,1,,,0.5,"xgb,lgb",0.5609756097560976,False,0.0,VALIDATED,,,4,3.54,6.0,5.18,2.0,1.08
2026-07-03 22:39:18.736635+00:00,3,3_blocks,95099,43.0,3,3,1,,,0.996,"xgb,lgb",0.4,False,0.0,VALIDATED,,,2,1.0,1.0,1.0,1.0,1.0
2026-07-03 22:39:18.736635+00:00,6,6_blocks,95099,43.0,3,3,1,,,1.0,"xgb,lgb",0.4,False,0.0,VALIDATED,,,1,1.0,1.0,1.0,1.0,1.0
2026-07-03 23:40:22.539648+00:00,1,1_block,89349,41.3,1,1,1,,,1.0,"xgb,lgb",0.422077922077922,False,0.0,VALIDATED,,,1,1.0,1.0,1.0,1.0,1.0
2026-07-03 23:40:22.539648+00:00,3,3_blocks,89349,41.3,1,1,1,,,0.996,"xgb,lgb",0.4,False,0.0,VALIDATED,,,2,1.0,1.0,1.0,1.0,1.0
2026-07-03 23:40:22.539648+00:00,6,6_blocks,89349,41.3,1,1,1,,,1.0,"xgb,lgb",0.4,False,0.0,VALIDATED,,,1,1.0,1.0,1.0,1.0,1.0
2026-07-04 01:15:22.829459+00:00,1,1_block,93283,42.4,2,1,1,,,0.96,"xgb,lgb",0.422077922077922,False,0.0,VALIDATED,,,2,1.27,2.0,1.25,2.0,1.3
2026-07-04 01:15:22.829459+00:00,3,3_blocks,93283,42.4,2,1,1,,,0.5,"xgb,lgb",0.3571428571428571,False,0.0,VALIDATED,,,4,3.12,5.0,4.54,1.0,1.0
2026-07-04 01:15:22.829459+00:00,6,6_blocks,93283,42.4,2,1,1,,,0.5,"xgb,lgb",0.3571428571428571,False,0.0,VALIDATED,,,4,3.12,5.0,4.54,1.0,1.0
2026-07-04 04:54:28.028230+00:00,1,1_block,92816,41.9,1,1,1,,,0.5,"xgb,lgb",0.4214285714285714,False,0.0,VALIDATED,,,2,1.68,3.0,2.13,1.0,1.0
2026-07-04 04:54:28.028230+00:00,3,3_blocks,92816,41.9,1,1,1,,,0.996,"xgb,lgb",0.3571428571428571,False,0.0,VALIDATED,,,2,1.0,1.0,1.0,1.0,1.0
2026-07-04 04:54:28.028230+00:00,6,6_blocks,92816,41.9,1,1,1,,,1.0,"xgb,lgb",0.3909090909090909,False,0.0,VALIDATED,,,1,1.0,1.0,1.0,1.0,1.0
2026-07-04 07:40:15.119138+00:00,1,1_block,93705,42.4,1,1,1,,,0.5,"xgb,lgb",0.4214285714285714,False,0.0,VALIDATED,,,3,2.29,4.0,3.09,2.0,1.09
2026-07-04 07:40:15.119138+00:00,3,3_blocks,93705,42.4,1,1,1,,,0.5,"xgb,lgb",0.3909090909090909,False,0.0,VALIDATED,,,4,3.49,6.0,5.14,1.0,1.0
2026-07-04 07:40:15.119138+00:00,6,6_blocks,93705,42.4,1,1,1,,,0.5,"xgb,lgb",0.3693693693693693,False,0.0,VALIDATED,,,4,3.48,6.0,5.14,1.0,1.0
2026-07-04 09:51:24.198331+00:00,1,1_block,102846,44.3,5,4,1,,,0.5,"xgb,lgb",1.0,False,0.0,VALIDATED,,,6,5.63,9.0,8.72,1.0,1.0
2026-07-04 09:51:24.198331+00:00,3,3_blocks,102846,44.3,5,4,1,,,0.996,"xgb,lgb",1.0,False,0.0,VALIDATED,,,2,1.0,1.0,1.0,1.0,1.0
2026-07-04 09:51:24.198331+00:00,6,6_blocks,102846,44.3,5,4,1,,,1.0,"xgb,lgb",0.4025974025974026,False,0.0,VALIDATED,,,1,1.0,1.0,1.0,1.0,1.0
2026-07-04 11:21:45.077323+00:00,1,1_block,95789,42.4,1,1,1,,,0.696,"xgb,lgb",0.4308797127468581,False,0.0,VALIDATED,,,2,1.57,2.0,1.75,2.0,1.29
2026-07-04 11:21:45.077323+00:00,3,3_blocks,95789,42.4,1,1,1,,,0.996,"xgb,lgb",0.3571428571428571,False,0.0,VALIDATED,,,2,1.0,1.0,1.0,1.0,1.0
2026-07-04 11:21:45.077323+00:00,6,6_blocks,95789,42.4,1,1,1,,,1.0,"xgb,lgb",0.3571428571428571,False,0.0,VALIDATED,,,1,1.0,1.0,1.0,1.0,1.0
2026-07-04 12:41:45.300227+00:00,1,1_block,92024,41.8,1,1,1,,,1.0,"xgb,lgb",0.4785714285714286,False,0.0,VALIDATED,,,1,1.0,1.0,1.0,1.0,1.0
2026-07-04 12:41:45.300227+00:00,3,3_blocks,92024,41.8,1,1,1,,,0.5,"xgb,lgb",0.3571428571428571,False,0.0,VALIDATED,,,5,4.82,8.0,7.37,1.0,1.0
2026-07-04 12:41:45.300227+00:00,6,6_blocks,92024,41.8,1,1,1,,,0.5,"xgb,lgb",0.4302059496567506,False,0.0,VALIDATED,,,5,4.82,8.0,7.37,1.0,1.0
2026-07-04 14:17:16.943323+00:00,1,1_block,89457,41.5,1,1,1,,,1.0,"xgb,lgb",0.4302059496567506,False,0.0,VALIDATED,,,1,1.0,1.0,1.0,1.0,1.0
2026-07-04 14:17:16.943323+00:00,3,3_blocks,89457,41.5,1,1,1,,,0.5,"xgb,lgb",0.4302059496567506,False,0.0,VALIDATED,,,4,3.29,5.0,4.81,1.0,1.0
2026-07-04 14:17:16.943323+00:00,6,6_blocks,89457,41.5,1,1,1,,,0.5,"xgb,lgb",0.3333333333333333,False,0.0,VALIDATED,,,4,3.29,5.0,4.81,1.0,1.0
2026-07-04 15:34:30.825148+00:00,1,1_block,98003,43.1,2,1,1,,,0.5,"xgb,lgb",1.0101010101010102,False,0.0,VALIDATED,,,4,3.37,5.0,4.94,1.0,1.0
2026-07-04 15:34:30.825148+00:00,3,3_blocks,98003,43.1,2,1,1,,,0.5,"xgb,lgb",1.1272321428571428,False,0.0,VALIDATED,,,4,3.98,6.0,5.97,1.0,1.0
2026-07-04 15:34:30.825148+00:00,6,6_blocks,98003,43.1,2,1,1,,,0.5,"xgb,lgb",1.0101010101010102,False,0.0,VALIDATED,,,4,3.98,6.0,5.97,1.0,1.0
2026-07-04 16:37:22.445242+00:00,1,1_block,102126,44.5,3,3,1,,,0.855,"xgb,lgb",0.5142857142857142,False,0.0,VALIDATED,,,2,1.42,2.0,1.5,2.0,1.3
2026-07-04 16:37:22.445242+00:00,3,3_blocks,102126,44.5,3,3,1,,,0.996,"xgb,lgb",0.5142857142857142,False,0.0,VALIDATED,,,2,1.0,1.0,1.0,1.0,1.0
2026-07-04 16:37:22.445242+00:00,6,6_blocks,102126,44.5,3,3,1,,,0.999,"xgb,lgb",0.4853741496598639,False,0.0,VALIDATED,,,2,1.0,1.0,1.0,1.0,1.0
2026-07-04 17:40:13.381228+00:00,1,1_block,96480,42.7,1,1,1,,,0.5,"xgb,lgb",0.6071428571428571,False,0.0,VALIDATED,,,3,2.3,4.0,3.16,1.0,1.0
2026-07-04 17:40:13.381228+00:00,3,3_blocks,96480,42.7,1,1,1,,,0.5,"xgb,lgb",0.5598214285714286,False,0.0,VALIDATED,,,5,4.41,7.0,6.67,1.0,1.0
2026-07-04 17:40:13.381228+00:00,6,6_blocks,96480,42.7,1,1,1,,,0.5,"xgb,lgb",0.5142857142857142,False,0.0,VALIDATED,,,5,4.4,7.0,6.67,1.0,1.0
2026-07-04 18:39:34.897554+00:00,1,1_block,93897,42.3,1,1,1,,,1.0,"xgb,lgb",0.6864988558352403,False,0.0,VALIDATED,,,1,1.0,1.0,1.0,1.0,1.0
2026-07-04 18:39:34.897554+00:00,3,3_blocks,93897,42.3,1,1,1,,,0.5,"xgb,lgb",0.4428571428571428,False,0.0,VALIDATED,,,5,4.22,7.0,6.37,1.0,1.0
2026-07-04 18:39:34.897554+00:00,6,6_blocks,93897,42.3,1,1,1,,,0.5,"xgb,lgb",0.4428571428571428,False,0.0,VALIDATED,,,5,4.22,7.0,6.37,1.0,1.0
2026-07-04 19:51:35.742192+00:00,1,1_block,97985,43.2,2,1,1,,,0.5,"xgb,lgb",0.7922077922077922,False,0.0,VALIDATED,,,2,1.5,2.0,1.84,1.0,1.0
2026-07-04 19:51:35.742192+00:00,3,3_blocks,97985,43.2,2,1,1,,,0.5,"xgb,lgb",0.4376681614349775,False,0.0,VALIDATED,,,2,1.62,3.0,2.02,1.0,1.0
2026-07-04 19:51:35.742192+00:00,6,6_blocks,97985,43.2,2,1,1,,,0.5,"xgb,lgb",0.4214285714285714,False,0.0,VALIDATED,,,2,1.61,3.0,2.02,1.0,1.0
2026-07-04 20:49:14.295180+00:00,1,1_block,100115,44.0,3,3,1,,,0.5,"xgb,lgb",0.7922077922077922,False,0.0,VALIDATED,,,8,7.77,13.0,12.28,1.0,1.0
2026-07-04 20:49:14.295180+00:00,3,3_blocks,100115,44.0,3,3,1,,,0.996,"xgb,lgb",0.4376681614349775,False,0.0,VALIDATED,,,2,1.0,1.0,1.0,1.0,1.0
2026-07-04 20:49:14.295180+00:00,6,6_blocks,100115,44.0,3,3,1,,,1.0,"xgb,lgb",0.4214285714285714,False,0.0,VALIDATED,,,1,1.0,1.0,1.0,1.0,1.0
2026-07-04 21:43:18.088128+00:00,1,1_block,93019,42.5,2,1,1,,,0.542,"xgb,lgb",0.4214285714285714,False,0.0,VALIDATED,,,2,1.36,2.0,1.59,1.0,1.0
2026-07-04 21:43:18.088128+00:00,3,3_blocks,93019,42.5,2,1,1,,,0.5,"xgb,lgb",0.4214285714285714,False,0.0,VALIDATED,,,3,2.25,4.0,3.08,1.0,1.0
2026-07-04 21:43:18.088128+00:00,6,6_blocks,93019,42.5,2,1,1,,,0.5,"xgb,lgb",0.3931947069943289,False,0.0,VALIDATED,,,3,2.25,4.0,3.08,1.0,1.0
2026-07-04 22:41:56.758788+00:00,1,1_block,94445,42.9,2,1,1,,,1.0,"xgb,lgb",0.3931947069943289,False,0.0,VALIDATED,,,1,1.0,1.0,1.0,1.0,1.0
2026-07-04 22:41:56.758788+00:00,3,3_blocks,94445,42.9,2,1,1,,,0.5,"xgb,lgb",0.3931947069943289,False,0.0,VALIDATED,,,13,12.22,20.0,19.69,1.0,1.0
2026-07-04 22:41:56.758788+00:00,6,6_blocks,94445,42.9,2,1,1,,,0.5,"xgb,lgb",0.3931947069943289,False,0.0,VALIDATED,,,13,12.22,20.0,19.69,1.0,1.0
2026-07-04 23:45:47.668400+00:00,1,1_block,92156,42.3,1,1,1,,,1.0,"xgb,lgb",0.5270081722144708,False,0.0,VALIDATED,,,1,1.0,1.0,1.0,1.0,1.0
2026-07-04 23:45:47.668400+00:00,3,3_blocks,92156,42.3,1,1,1,,,0.5,"xgb,lgb",0.4285714285714285,False,0.0,VALIDATED,,,8,7.05,12.0,11.08,1.0,1.0
2026-07-04 23:45:47.668400+00:00,6,6_blocks,92156,42.3,1,1,1,,,0.5,"xgb,lgb",0.4236983842010772,False,0.0,VALIDATED,,,8,7.05,12.0,11.08,1.0,1.0
2026-07-05 01:26:20.563221+00:00,1,1_block,93921,42.7,2,1,1,,,0.5,"xgb,lgb",0.5270081722144708,False,0.0,VALIDATED,,,5,4.0,6.0,5.79,2.0,1.32
2026-07-05 01:26:20.563221+00:00,3,3_blocks,93921,42.7,2,1,1,,,0.5,"xgb,lgb",0.3909090909090909,False,0.0,VALIDATED,,,8,7.29,12.0,11.47,1.0,1.0
2026-07-05 01:26:20.563221+00:00,6,6_blocks,93921,42.7,2,1,1,,,0.5,"xgb,lgb",0.3909090909090909,False,0.0,VALIDATED,,,8,7.28,12.0,11.47,1.0,1.0
2026-07-05 05:33:52.296192+00:00,1,1_block,94726,47.1,2,1,1,,,0.5,"xgb,lgb",0.3909090909090909,False,0.0,VALIDATED,,,5,4.74,8.0,7.24,1.0,1.0
2026-07-05 05:33:52.296192+00:00,3,3_blocks,94726,47.1,2,1,1,,,0.5,"xgb,lgb",0.4285714285714285,False,0.0,VALIDATED,,,17,16.45,27.0,26.75,1.0,1.0
2026-07-05 05:33:52.296192+00:00,6,6_blocks,94726,47.1,2,1,1,,,0.5,"xgb,lgb",0.4285714285714285,False,0.0,VALIDATED,,,17,16.45,27.0,26.75,1.0,1.0
2026-07-05 08:29:21.064111+00:00,1,1_block,93228,47.2,3,1,1,,,0.5,"xgb,lgb",0.5071428571428571,False,0.0,VALIDATED,,,7,6.8,11.0,10.67,1.0,1.0
2026-07-05 08:29:21.064111+00:00,3,3_blocks,93228,47.2,3,1,1,,,0.5,"xgb,lgb",0.5035714285714286,False,0.0,VALIDATED,,,5,4.63,8.0,7.05,1.0,1.0
2026-07-05 08:29:21.064111+00:00,6,6_blocks,93228,47.2,3,1,1,,,0.5,"xgb,lgb",0.5035714285714286,False,0.0,VALIDATED,,,5,4.63,8.0,7.05,1.0,1.0
2026-07-05 10:38:25.569061+00:00,1,1_block,89419,46.1,1,1,1,,,0.5,"xgb,lgb",0.5285714285714286,False,0.0,VALIDATED,,,3,2.19,3.0,2.79,2.0,1.3
2026-07-05 10:38:25.569061+00:00,3,3_blocks,89419,46.1,1,1,1,,,0.996,"xgb,lgb",0.5285714285714286,False,0.0,VALIDATED,,,2,1.0,1.0,1.0,1.0,1.0
2026-07-05 10:38:25.569061+00:00,6,6_blocks,89419,46.1,1,1,1,,,1.0,"xgb,lgb",0.3636363636363636,False,0.0,VALIDATED,,,1,1.0,1.0,1.0,1.0,1.0
2026-07-05 12:01:52.646856+00:00,1,1_block,88132,45.7,1,1,1,,,1.0,"xgb,lgb",2.0216606498194944,False,0.0,VALIDATED,,,1,1.0,1.0,1.0,1.0,1.0
2026-07-05 12:01:52.646856+00:00,3,3_blocks,88132,45.7,1,1,1,,,0.996,"xgb,lgb",1.03921568627451,False,0.0,VALIDATED,,,2,1.0,1.0,1.0,1.0,1.0
2026-07-05 12:01:52.646856+00:00,6,6_blocks,88132,45.7,1,1,1,,,1.0,"xgb,lgb",0.4357142857142857,False,0.0,VALIDATED,,,1,1.0,1.0,1.0,1.0,1.0
2026-07-05 14:03:27.208733+00:00,1,1_block,91976,47.5,3,3,1,,,0.5,"xgb,lgb",2.0216606498194944,False,0.0,VALIDATED,,,8,7.49,12.0,11.61,2.0,1.32
2026-07-05 14:03:27.208733+00:00,3,3_blocks,91976,47.5,3,3,1,,,0.5,"xgb,lgb",0.4355555555555555,False,0.0,VALIDATED,,,4,3.94,6.0,5.91,1.0,1.0
2026-07-05 14:03:27.208733+00:00,6,6_blocks,91976,47.5,3,3,1,,,0.5,"xgb,lgb",0.4355555555555555,False,0.0,VALIDATED,,,4,3.94,6.0,5.91,1.0,1.0
2026-07-05 15:24:39.404395+00:00,1,1_block,89080,46.5,2,1,1,,,0.5,"xgb,lgb",0.4355555555555555,False,0.0,VALIDATED,,,8,7.08,12.0,11.08,2.0,1.07
2026-07-05 15:24:39.404395+00:00,3,3_blocks,89080,46.5,2,1,1,,,0.5,"xgb,lgb",1.0068027210884354,False,0.0,VALIDATED,,,6,5.61,9.0,8.68,1.0,1.0
2026-07-05 15:24:39.404395+00:00,6,6_blocks,89080,46.5,2,1,1,,,0.5,"xgb,lgb",0.4355555555555555,False,0.0,VALIDATED,,,6,5.61,9.0,8.68,1.0,1.0
2026-07-05 16:33:17.578759+00:00,1,1_block,98745,48.0,3,1,1,,,0.5,"xgb,lgb",1.0068027210884354,False,0.0,VALIDATED,,,12,11.24,19.0,18.07,1.0,1.0
2026-07-05 16:33:17.578759+00:00,3,3_blocks,98745,48.0,3,1,1,,,0.5,"xgb,lgb",1.0068027210884354,False,0.0,VALIDATED,,,3,2.6,4.0,3.66,1.0,1.0
2026-07-05 16:33:17.578759+00:00,6,6_blocks,98745,48.0,3,1,1,,,0.5,"xgb,lgb",0.4357142857142857,False,0.0,VALIDATED,,,3,2.6,4.0,3.66,1.0,1.0
2026-07-05 17:41:29.523798+00:00,1,1_block,89593,46.1,1,1,1,,,0.5,"xgb,lgb",0.4444444444444444,False,0.0,VALIDATED,,,3,2.91,5.0,4.18,1.0,1.0
2026-07-05 17:41:29.523798+00:00,3,3_blocks,89593,46.1,1,1,1,,,0.5,"xgb,lgb",0.4444444444444444,False,0.0,VALIDATED,,,4,3.51,6.0,5.18,1.0,1.0
2026-07-05 17:41:29.523798+00:00,6,6_blocks,89593,46.1,1,1,1,,,0.5,"xgb,lgb",0.4357142857142857,False,0.0,VALIDATED,,,4,3.51,6.0,5.18,1.0,1.0
2026-07-05 18:48:08.648317+00:00,1,1_block,94322,46.8,1,1,1,,,0.5,"xgb,lgb",0.5527638190954773,False,0.0,VALIDATED,,,5,4.28,7.0,6.47,1.0,1.0
2026-07-05 18:48:08.648317+00:00,3,3_blocks,94322,46.8,1,1,1,,,0.5,"xgb,lgb",0.5527638190954773,False,0.0,VALIDATED,,,2,1.89,3.0,2.49,1.0,1.0
2026-07-05 18:48:08.648317+00:00,6,6_blocks,94322,46.8,1,1,1,,,0.5,"xgb,lgb",0.4288659793814433,False,0.0,VALIDATED,,,2,1.89,3.0,2.49,1.0,1.0
2026-07-05 20:02:39.706652+00:00,1,1_block,97514,47.7,3,1,1,,,0.5,"xgb,lgb",0.6428571428571429,False,0.0,VALIDATED,,,7,6.78,11.0,10.63,1.0,1.0
2026-07-05 20:02:39.706652+00:00,3,3_blocks,97514,47.7,3,1,1,,,0.5,"xgb,lgb",0.3636363636363636,False,0.0,VALIDATED,,,11,10.88,18.0,17.46,1.0,1.0
2026-07-05 20:02:39.706652+00:00,6,6_blocks,97514,47.7,3,1,1,,,0.5,"xgb,lgb",0.3636363636363636,False,0.0,VALIDATED,,,11,10.88,18.0,17.46,1.0,1.0
2026-07-05 21:16:24.107723+00:00,1,1_block,92711,46.8,2,1,1,,,0.5,"xgb,lgb",0.6428571428571429,False,0.0,VALIDATED,,,3,2.75,4.0,3.91,1.0,1.0
2026-07-05 21:16:24.107723+00:00,3,3_blocks,92711,46.8,2,1,1,,,0.996,"xgb,lgb",0.4165170556552962,False,0.0,VALIDATED,,,2,1.0,1.0,1.0,1.0,1.0
2026-07-05 21:16:24.107723+00:00,6,6_blocks,92711,46.8,2,1,1,,,1.0,"xgb,lgb",0.3636363636363636,False,0.0,VALIDATED,,,1,1.0,1.0,1.0,1.0,1.0
2026-07-05 22:15:30.669038+00:00,1,1_block,90848,46.3,1,1,1,,,0.742,"xgb,lgb",0.4165170556552962,False,0.0,VALIDATED,,,2,1.12,1.0,1.0,2.0,1.3
2026-07-05 22:15:30.669038+00:00,3,3_blocks,90848,46.3,1,1,1,,,0.5,"xgb,lgb",0.4805194805194805,False,0.0,VALIDATED,,,9,8.06,13.0,12.77,1.0,1.0
2026-07-05 22:15:30.669038+00:00,6,6_blocks,90848,46.3,1,1,1,,,0.5,"xgb,lgb",0.4165170556552962,False,0.0,VALIDATED,,,9,8.06,13.0,12.77,1.0,1.0
2026-07-05 23:30:01.355079+00:00,1,1_block,98504,48.3,4,3,1,,,0.5,"xgb,lgb",0.4805194805194805,False,0.0,VALIDATED,,,7,6.13,10.0,9.34,2.0,1.32
2026-07-05 23:30:01.355079+00:00,3,3_blocks,98504,48.3,4,3,1,,,0.996,"xgb,lgb",0.4214285714285714,False,0.0,VALIDATED,,,2,1.0,1.0,1.0,1.0,1.0
2026-07-05 23:30:01.355079+00:00,6,6_blocks,98504,48.3,4,3,1,,,1.0,"xgb,lgb",0.3858267716535433,False,0.0,VALIDATED,,,1,1.0,1.0,1.0,1.0,1.0
2026-07-06 01:16:47.309698+00:00,1,1_block,93800,47.1,2,1,1,,,0.5,"xgb,lgb",0.5035714285714286,False,0.0,VALIDATED,,,4,3.35,5.0,4.92,1.0,1.0
2026-07-06 01:16:47.309698+00:00,3,3_blocks,93800,47.1,2,1,1,,,0.5,"xgb,lgb",0.4214285714285714,False,0.0,VALIDATED,,,8,7.97,13.0,12.62,1.0,1.0
2026-07-06 01:16:47.309698+00:00,6,6_blocks,93800,47.1,2,1,1,,,0.5,"xgb,lgb",0.4142857142857143,False,0.0,VALIDATED,,,8,7.97,13.0,12.62,1.0,1.0
2026-07-06 05:39:02.018846+00:00,1,1_block,92377,46.6,1,1,1,,,1.0,"xgb,lgb",2.0,False,0.0,VALIDATED,,,1,1.0,1.0,1.0,1.0,1.0
2026-07-06 05:39:02.018846+00:00,3,3_blocks,92377,46.6,1,1,1,,,0.996,"xgb,lgb",0.5035714285714286,False,0.0,VALIDATED,,,2,1.0,1.0,1.0,1.0,1.0
2026-07-06 05:39:02.018846+00:00,6,6_blocks,92377,46.6,1,1,1,,,1.0,"xgb,lgb",0.5071428571428571,False,0.0,VALIDATED,,,1,1.0,1.0,1.0,1.0,1.0
2026-07-06 09:40:55.660907+00:00,1,1_block,96982,48.2,2,2,1,,,0.5,"xgb,lgb",0.5071428571428571,False,0.0,VALIDATED,,,7,6.05,10.0,9.37,2.0,1.08
2026-07-06 09:40:55.660907+00:00,3,3_blocks,96982,48.2,2,2,1,,,0.5,"xgb,lgb",0.5071428571428571,False,0.0,VALIDATED,,,19,18.07,30.0,29.45,1.0,1.0
2026-07-06 09:40:55.660907+00:00,6,6_blocks,96982,48.2,2,2,1,,,0.5,"xgb,lgb",0.5071428571428571,False,0.0,VALIDATED,,,19,18.07,30.0,29.45,2.0,1.01
2026-07-06 13:28:52.169849+00:00,1,1_block,101380,50.0,4,4,3,,,0.5,"xgb,lgb",0.6571428571428571,False,0.0,VALIDATED,,,12,11.45,19.0,18.2,2.0,1.31
2026-07-06 13:28:52.169849+00:00,3,3_blocks,101380,50.0,4,4,3,,,0.5,"xgb,lgb",0.6571428571428571,False,0.0,VALIDATED,,,6,5.87,10.0,9.11,1.0,1.0
2026-07-06 13:28:52.169849+00:00,6,6_blocks,101380,50.0,4,4,3,,,0.5,"xgb,lgb",0.6571428571428571,False,0.0,VALIDATED,,,6,5.87,10.0,9.11,1.0,1.0
2026-07-06 16:37:11.982280+00:00,1,1_block,94811,47.3,2,1,1,,,0.5,"xgb,lgb",0.5714285714285714,False,0.0,VALIDATED,,,3,2.75,4.0,3.91,1.0,1.0
2026-07-06 16:37:11.982280+00:00,3,3_blocks,94811,47.3,2,1,1,,,0.5,"xgb,lgb",0.486734693877551,False,0.0,VALIDATED,,,10,9.67,16.0,15.45,1.0,1.0
2026-07-06 16:37:11.982280+00:00,6,6_blocks,94811,47.3,2,1,1,,,0.5,"xgb,lgb",0.475177304964539,False,0.0,VALIDATED,,,10,9.67,16.0,15.45,1.0,1.0
2026-07-06 18:29:40.242597+00:00,1,1_block,97662,47.9,3,1,1,,,0.5,"xgb,lgb",4.0,False,0.0,VALIDATED,,,9,8.57,14.0,13.37,2.0,1.37
2026-07-06 18:29:40.242597+00:00,3,3_blocks,97662,47.9,3,1,1,,,0.5,"xgb,lgb",1.0,False,0.0,VALIDATED,,,13,12.75,21.0,20.58,1.0,1.0
2026-07-06 18:29:40.242597+00:00,6,6_blocks,97662,47.9,3,1,1,,,0.5,"xgb,lgb",1.0,False,0.0,VALIDATED,,,13,12.75,21.0,20.58,1.0,1.0
2026-07-06 20:26:13.748891+00:00,1,1_block,107530,51.2,6,6,5,,,0.5,"xgb,lgb",5.140845070422535,False,0.0,VALIDATED,,,11,10.35,17.0,16.36,2.0,1.35
2026-07-06 20:26:13.748891+00:00,3,3_blocks,107530,51.2,6,6,5,,,0.5,"xgb,lgb",5.140845070422535,False,0.0,VALIDATED,,,6,5.5,9.0,8.5,1.0,1.0
2026-07-06 20:26:13.748891+00:00,6,6_blocks,107530,51.2,6,6,5,,,0.5,"xgb,lgb",5.140845070422535,False,0.0,VALIDATED,,,6,5.5,9.0,8.5,1.0,1.0
2026-07-06 21:54:27.542388+00:00,1,1_block,116743,54.2,12,11,9,,,0.5,"xgb,lgb",7.779376498800959,False,0.0,VALIDATED,,,13,12.23,20.0,19.46,2.0,1.39
2026-07-06 21:54:27.542388+00:00,3,3_blocks,116743,54.2,12,11,9,,,0.996,"xgb,lgb",7.779376498800959,False,0.0,VALIDATED,,,2,1.0,1.0,1.0,1.0,1.0
2026-07-06 21:54:27.542388+00:00,6,6_blocks,116743,54.2,12,11,9,,,0.91,"xgb,lgb",2.306878306878307,False,0.0,VALIDATED,,,2,1.04,1.0,1.0,2.0,1.09
2026-07-06 23:01:34.102394+00:00,1,1_block,115532,54.3,13,11,9,,,0.5,"xgb,lgb",2.306878306878307,False,0.0,VALIDATED,,,9,8.96,15.0,14.04,2.0,1.36
2026-07-06 23:01:34.102394+00:00,3,3_blocks,115532,54.3,13,11,9,,,0.5,"xgb,lgb",2.306878306878307,False,0.0,VALIDATED,,,3,2.52,4.0,3.53,1.0,1.0
2026-07-06 23:01:34.102394+00:00,6,6_blocks,115532,54.3,13,11,9,,,0.5,"xgb,lgb",0.4230769230769231,False,0.0,VALIDATED,,,3,2.56,4.0,3.53,2.0,1.1
2026-07-07 00:18:13.703380+00:00,1,1_block,98114,49.5,3,3,3,,,0.5,"xgb,lgb",1.0,False,0.0,VALIDATED,,,12,11.98,20.0,19.3,1.0,1.0
2026-07-07 00:18:13.703380+00:00,3,3_blocks,98114,49.5,3,3,3,,,0.5,"xgb,lgb",0.4230769230769231,False,0.0,VALIDATED,,,4,3.22,5.0,4.7,1.0,1.0
2026-07-07 00:18:13.703380+00:00,6,6_blocks,98114,49.5,3,3,3,,,0.5,"xgb,lgb",0.4230769230769231,False,0.0,VALIDATED,,,4,3.22,5.0,4.7,1.0,1.0
2026-07-07 04:27:50.640780+00:00,1,1_block,86333,45.2,2,1,1,,,0.704,"xgb,lgb",0.5545454545454546,False,0.0,VALIDATED,,,2,1.14,1.0,1.0,2.0,1.35
2026-07-07 04:27:50.640780+00:00,3,3_blocks,86333,45.2,2,1,1,,,0.5,"xgb,lgb",0.4471428571428571,False,0.0,VALIDATED,,,4,3.8,6.0,5.67,1.0,1.0
2026-07-07 04:27:50.640780+00:00,6,6_blocks,86333,45.2,2,1,1,,,0.5,"xgb,lgb",0.3783783783783784,False,0.0,VALIDATED,,,4,3.8,6.0,5.67,1.0,1.0
2026-07-07 07:58:30.503150+00:00,1,1_block,96740,47.1,3,3,1,,,0.5,"xgb,lgb",1.2708333333333333,False,0.0,VALIDATED,,,10,9.11,15.0,14.26,2.0,1.39
2026-07-07 07:58:30.503150+00:00,3,3_blocks,96740,47.1,3,3,1,,,0.5,"xgb,lgb",0.3909774436090225,False,0.0,VALIDATED,,,10,9.51,16.0,15.19,1.0,1.0
2026-07-07 07:58:30.503150+00:00,6,6_blocks,96740,47.1,3,3,1,,,0.5,"xgb,lgb",0.3909774436090225,False,0.0,VALIDATED,,,10,9.51,16.0,15.19,1.0,1.0
2026-07-07 10:56:20.889231+00:00,1,1_block,92453,46.7,2,2,1,,,0.5,"xgb,lgb",0.4464285714285714,False,0.0,VALIDATED,,,6,5.82,9.0,8.8,2.0,1.36
2026-07-07 10:56:20.889231+00:00,3,3_blocks,92453,46.7,2,2,1,,,0.5,"xgb,lgb",0.4464285714285714,False,0.0,VALIDATED,,,11,10.96,18.0,17.61,1.0,1.0
2026-07-07 10:56:20.889231+00:00,6,6_blocks,92453,46.7,2,2,1,,,0.5,"xgb,lgb",0.4304932735426009,False,0.0,VALIDATED,,,11,10.96,18.0,17.61,1.0,1.0
2026-07-07 13:27:11.391836+00:00,1,1_block,92882,45.8,1,1,1,,,0.879,"xgb,lgb",0.3981900452488687,False,0.0,VALIDATED,,,2,1.05,1.0,1.0,2.0,1.13
2026-07-07 13:27:11.391836+00:00,3,3_blocks,92882,45.8,1,1,1,,,0.5,"xgb,lgb",0.3981900452488687,False,0.0,VALIDATED,,,4,3.01,5.0,4.36,1.0,1.0
2026-07-07 13:27:11.391836+00:00,6,6_blocks,92882,45.8,1,1,1,,,0.5,"xgb,lgb",0.3981900452488687,False,0.0,VALIDATED,,,4,3.01,5.0,4.36,1.0,1.0
2026-07-07 15:58:20.243761+00:00,1,1_block,93785,46.0,2,1,1,,,0.5,"xgb,lgb",1.0,False,0.0,VALIDATED,,,5,4.18,7.0,6.3,1.0,1.0
2026-07-07 15:58:20.243761+00:00,3,3_blocks,93785,46.0,2,1,1,,,0.5,"xgb,lgb",1.0,False,0.0,VALIDATED,,,3,2.33,4.0,3.22,1.0,1.0
2026-07-07 15:58:20.243761+00:00,6,6_blocks,93785,46.0,2,1,1,,,0.5,"xgb,lgb",1.0,False,0.0,VALIDATED,,,3,2.33,4.0,3.22,1.0,1.0
2026-07-07 17:59:17.856946+00:00,1,1_block,105630,49.3,8,7,5,,,0.5,"xgb,lgb",1.0,False,0.0,VALIDATED,,,11,10.05,17.0,16.09,1.0,1.0
2026-07-07 17:59:17.856946+00:00,3,3_blocks,105630,49.3,8,7,5,,,0.5,"xgb,lgb",1.0,False,0.0,VALIDATED,,,9,8.26,14.0,13.1,1.0,1.0
2026-07-07 17:59:17.856946+00:00,6,6_blocks,105630,49.3,8,7,5,,,0.5,"xgb,lgb",1.0,False,0.0,VALIDATED,,,9,8.26,14.0,13.1,1.0,1.0
2026-07-07 19:58:54.132753+00:00,1,1_block,95555,46.5,2,1,1,,,0.5,"xgb,lgb",1.0048076923076923,False,0.0,VALIDATED,,,6,5.92,10.0,9.2,1.0,1.0
2026-07-07 19:58:54.132753+00:00,3,3_blocks,95555,46.5,2,1,1,,,0.64,"xgb,lgb",1.0,False,0.0,VALIDATED,,,2,1.27,2.0,1.44,1.0,1.0
2026-07-07 19:58:54.132753+00:00,6,6_blocks,95555,46.5,2,1,1,,,0.636,"xgb,lgb",0.4108527131782946,False,0.0,VALIDATED,,,2,1.27,2.0,1.44,1.0,1.0
2026-07-07 21:25:50.262831+00:00,1,1_block,95730,46.4,2,1,1,,,0.5,"xgb,lgb",1.018181818181818,False,0.0,VALIDATED,,,7,6.43,11.0,10.05,1.0,1.0
2026-07-07 21:25:50.262831+00:00,3,3_blocks,95730,46.4,2,1,1,,,0.5,"xgb,lgb",0.4785714285714286,False,0.0,VALIDATED,,,7,6.61,11.0,10.35,1.0,1.0
2026-07-07 21:25:50.262831+00:00,6,6_blocks,95730,46.4,2,1,1,,,0.5,"xgb,lgb",0.3926940639269406,False,0.0,VALIDATED,,,7,6.61,11.0,10.35,1.0,1.0
2026-07-07 22:36:21.172200+00:00,1,1_block,94121,46.2,2,1,1,,,0.5,"xgb,lgb",0.4785714285714286,False,0.0,VALIDATED,,,6,5.71,9.0,8.86,1.0,1.0
2026-07-07 22:36:21.172200+00:00,3,3_blocks,94121,46.2,2,1,1,,,1.0,"xgb,lgb",0.4785714285714286,False,0.0,VALIDATED,,,1,1.0,1.0,1.0,1.0,1.0
2026-07-07 22:36:21.172200+00:00,6,6_blocks,94121,46.2,2,1,1,,,1.0,"xgb,lgb",0.3858267716535433,False,0.0,VALIDATED,,,1,1.0,1.0,1.0,1.0,1.0
2026-07-07 23:33:26.096374+00:00,1,1_block,91549,45.6,1,1,1,,,0.5,"xgb,lgb",0.4642857142857143,False,0.0,VALIDATED,,,4,3.22,5.0,4.42,2.0,1.42
2026-07-07 23:33:26.096374+00:00,3,3_blocks,91549,45.6,1,1,1,,,1.0,"xgb,lgb",0.4642857142857143,False,0.0,VALIDATED,,,1,1.0,1.0,1.0,1.0,1.0
2026-07-07 23:33:26.096374+00:00,6,6_blocks,91549,45.6,1,1,1,,,0.971,"xgb,lgb",0.3858267716535433,False,0.0,VALIDATED,,,2,1.01,1.0,1.0,2.0,1.03
2026-07-08 01:07:03.693754+00:00,1,1_block,89538,45.6,2,1,1,,,0.5,"xgb,lgb",0.4964285714285714,False,0.0,VALIDATED,,,4,3.13,5.0,4.3,2.0,1.37
2026-07-08 01:07:03.693754+00:00,3,3_blocks,89538,45.6,2,1,1,,,1.0,"xgb,lgb",0.4964285714285714,False,0.0,VALIDATED,,,1,1.0,1.0,1.0,1.0,1.0
2026-07-08 01:07:03.693754+00:00,6,6_blocks,89538,45.6,2,1,1,,,0.988,"xgb,lgb",0.4,False,0.0,VALIDATED,,,2,1.0,1.0,1.0,2.0,1.01
2026-07-08 04:28:18.067951+00:00,1,1_block,88664,45.2,1,1,1,,,0.5,"xgb,lgb",0.4964285714285714,False,0.0,VALIDATED,,,4,3.07,5.0,4.45,1.0,1.0
2026-07-08 04:28:18.067951+00:00,3,3_blocks,88664,45.2,1,1,1,,,0.5,"xgb,lgb",0.5,False,0.0,VALIDATED,,,4,3.15,5.0,4.58,1.0,1.0
2026-07-08 04:28:18.067951+00:00,6,6_blocks,88664,45.2,1,1,1,,,0.5,"xgb,lgb",0.415929203539823,False,0.0,VALIDATED,,,4,3.15,5.0,4.58,1.0,1.0
2026-07-08 07:04:17.373370+00:00,1,1_block,86257,45.0,1,1,1,,,0.5,"xgb,lgb",0.4142857142857143,False,0.0,VALIDATED,,,3,2.5,4.0,3.26,2.0,1.37
2026-07-08 07:04:17.373370+00:00,3,3_blocks,86257,45.0,1,1,1,,,0.5,"xgb,lgb",0.4,False,0.0,VALIDATED,,,3,2.78,4.0,3.96,1.0,1.0
2026-07-08 07:04:17.373370+00:00,6,6_blocks,86257,45.0,1,1,1,,,0.5,"xgb,lgb",0.4,False,0.0,VALIDATED,,,3,2.78,4.0,3.96,1.0,1.0
2026-07-08 09:32:22.519631+00:00,1,1_block,87901,45.4,2,1,1,,,0.5,"xgb,lgb",0.4142857142857143,False,0.0,VALIDATED,,,6,5.12,8.0,7.86,1.0,1.0
2026-07-08 09:32:22.519631+00:00,3,3_blocks,87901,45.4,2,1,1,,,0.5,"xgb,lgb",0.4857142857142857,False,0.0,VALIDATED,,,11,10.15,17.0,16.25,1.0,1.0
2026-07-08 09:32:22.519631+00:00,6,6_blocks,87901,45.4,2,1,1,,,0.5,"xgb,lgb",0.3450704225352112,False,0.0,VALIDATED,,,11,10.15,17.0,16.25,1.0,1.0
2026-07-08 11:27:10.165278+00:00,1,1_block,87670,44.0,3,1,1,,,0.5,"xgb,lgb",0.5614285714285714,False,0.0,VALIDATED,,,7,6.34,10.0,9.9,1.0,1.0
2026-07-08 11:27:10.165278+00:00,3,3_blocks,87670,44.0,3,1,1,,,0.5,"xgb,lgb",0.4857142857142857,False,0.0,VALIDATED,,,8,7.26,12.0,11.44,1.0,1.0
2026-07-08 11:27:10.165278+00:00,6,6_blocks,87670,44.0,3,1,1,,,0.5,"xgb,lgb",0.4436619718309859,False,0.0,VALIDATED,,,8,7.26,12.0,11.44,1.0,1.0
2026-07-08 13:00:17.957265+00:00,1,1_block,87779,43.7,3,1,1,,,0.5,"xgb,lgb",0.9941245593419508,False,0.0,VALIDATED,,,6,5.4,9.0,8.33,1.0,1.0
2026-07-08 13:00:17.957265+00:00,3,3_blocks,87779,43.7,3,1,1,,,0.5,"xgb,lgb",0.4436619718309859,False,0.0,VALIDATED,,,6,5.99,10.0,9.31,1.0,1.0
2026-07-08 13:00:17.957265+00:00,6,6_blocks,87779,43.7,3,1,1,,,0.5,"xgb,lgb",0.4436619718309859,False,0.0,VALIDATED,,,6,5.99,10.0,9.31,1.0,1.0
2026-07-08 15:26:52.444271+00:00,1,1_block,92800,44.3,2,1,1,,,0.5,"xgb,lgb",1.018181818181818,False,0.0,VALIDATED,,,4,3.76,6.0,5.6,1.0,1.0
2026-07-08 15:26:52.444271+00:00,3,3_blocks,92800,44.3,2,1,1,,,0.5,"xgb,lgb",0.4357142857142857,False,0.0,VALIDATED,,,3,2.21,4.0,3.02,1.0,1.0
2026-07-08 15:26:52.444271+00:00,6,6_blocks,92800,44.3,2,1,1,,,0.5,"xgb,lgb",0.4357142857142857,False,0.0,VALIDATED,,,3,2.21,4.0,3.02,1.0,1.0
2026-07-08 16:56:14.099586+00:00,1,1_block,93301,44.3,2,1,1,,,0.5,"xgb,lgb",1.018181818181818,False,0.0,VALIDATED,,,3,2.01,3.0,2.69,1.0,1.0
2026-07-08 16:56:14.099586+00:00,3,3_blocks,93301,44.3,2,1,1,,,0.5,"xgb,lgb",0.4719298245614035,False,0.0,VALIDATED,,,10,9.64,16.0,15.4,1.0,1.0
2026-07-08 16:56:14.099586+00:00,6,6_blocks,93301,44.3,2,1,1,,,0.5,"xgb,lgb",0.4247787610619469,False,0.0,VALIDATED,,,10,9.64,16.0,15.4,1.0,1.0
2026-07-08 18:14:43.193295+00:00,1,1_block,97287,45.3,3,3,1,,,0.5,"xgb,lgb",0.4719298245614035,False,0.0,VALIDATED,,,7,6.83,11.0,10.47,2.0,1.36
2026-07-08 18:14:43.193295+00:00,3,3_blocks,97287,45.3,3,3,1,,,0.5,"xgb,lgb",0.4719298245614035,False,0.0,VALIDATED,,,9,8.6,14.0,13.66,1.0,1.0
2026-07-08 18:14:43.193295+00:00,6,6_blocks,97287,45.3,3,3,1,,,0.5,"xgb,lgb",0.3931947069943289,False,0.0,VALIDATED,,,9,8.6,14.0,13.66,1.0,1.0
2026-07-08 19:57:42.699732+00:00,1,1_block,90402,43.4,1,1,1,,,0.5,"xgb,lgb",1.2057971014492754,False,0.0,VALIDATED,,,4,3.98,6.0,5.96,1.0,1.0
2026-07-08 19:57:42.699732+00:00,3,3_blocks,90402,43.4,1,1,1,,,0.5,"xgb,lgb",0.3931947069943289,False,0.0,VALIDATED,,,7,6.14,10.0,9.57,1.0,1.0
2026-07-08 19:57:42.699732+00:00,6,6_blocks,90402,43.4,1,1,1,,,0.5,"xgb,lgb",0.3931947069943289,False,0.0,VALIDATED,,,7,6.14,10.0,9.57,1.0,1.0
2026-07-08 21:13:36.529347+00:00,1,1_block,97074,45.3,4,3,1,,,0.5,"xgb,lgb",1.0,False,0.0,VALIDATED,,,8,7.72,13.0,12.12,2.0,1.12
2026-07-08 21:13:36.529347+00:00,3,3_blocks,97074,45.3,4,3,1,,,0.5,"xgb,lgb",1.0,False,0.0,VALIDATED,,,14,13.54,22.0,21.89,1.0,1.0
2026-07-08 21:13:36.529347+00:00,6,6_blocks,97074,45.3,4,3,1,,,0.5,"xgb,lgb",0.416289592760181,False,0.0,VALIDATED,,,14,13.54,22.0,21.89,1.0,1.0
2026-07-08 22:26:17.567374+00:00,1,1_block,92995,44.2,2,1,1,,,0.5,"xgb,lgb",1.0070921985815602,False,0.0,VALIDATED,,,8,7.32,12.0,11.44,2.0,1.15
2026-07-08 22:26:17.567374+00:00,3,3_blocks,92995,44.2,2,1,1,,,0.5,"xgb,lgb",0.6206278026905829,False,0.0,VALIDATED,,,18,17.78,29.0,28.96,1.0,1.0
2026-07-08 22:26:17.567374+00:00,6,6_blocks,92995,44.2,2,1,1,,,0.5,"xgb,lgb",0.6206278026905829,False,0.0,VALIDATED,,,18,17.78,29.0,28.96,1.0,1.0
2026-07-08 23:31:57.184103+00:00,1,1_block,92301,44.1,2,1,1,,,0.5,"xgb,lgb",1.9973890339425588,False,0.0,VALIDATED,,,4,3.55,6.0,5.03,2.0,1.32
2026-07-08 23:31:57.184103+00:00,3,3_blocks,92301,44.1,2,1,1,,,0.5,"xgb,lgb",0.6206278026905829,False,0.0,VALIDATED,,,7,6.19,10.0,9.64,1.0,1.0
2026-07-08 23:31:57.184103+00:00,6,6_blocks,92301,44.1,2,1,1,,,0.5,"xgb,lgb",0.4100719424460431,False,0.0,VALIDATED,,,7,6.19,10.0,9.64,1.0,1.0
2026-07-09 01:13:30.658194+00:00,1,1_block,92456,44.1,2,1,1,,,0.5,"xgb,lgb",0.4802867383512544,False,0.0,VALIDATED,,,5,4.31,7.0,6.39,2.0,1.21
2026-07-09 01:13:30.658194+00:00,3,3_blocks,92456,44.1,2,1,1,,,0.5,"xgb,lgb",0.4142857142857143,False,0.0,VALIDATED,,,10,10.0,16.0,15.99,1.0,1.0
2026-07-09 01:13:30.658194+00:00,6,6_blocks,92456,44.1,2,1,1,,,0.5,"xgb,lgb",0.4100719424460431,False,0.0,VALIDATED,,,10,10.0,16.0,15.99,1.0,1.0
2026-07-09 05:08:45.960439+00:00,1,1_block,95439,45.0,3,3,1,,,0.5,"xgb,lgb",1.053658536585366,False,0.0,VALIDATED,,,9,8.51,14.0,13.41,2.0,1.15
2026-07-09 05:08:45.960439+00:00,3,3_blocks,95439,45.0,3,3,1,,,0.5,"xgb,lgb",1.0,False,0.0,VALIDATED,,,17,16.94,28.0,27.56,1.0,1.0
2026-07-09 05:08:45.960439+00:00,6,6_blocks,95439,45.0,3,3,1,,,0.5,"xgb,lgb",0.4699551569506726,False,0.0,VALIDATED,,,17,16.94,28.0,27.56,1.0,1.0
2026-07-09 14:11:39.670148+00:00,1,1_block,95418,45.1,3,3,1,,,0.5,"xgb,lgb",1.0748299319727892,False,0.0,VALIDATED,,,6,5.56,9.0,8.36,2.0,1.36
2026-07-09 14:11:39.670148+00:00,3,3_blocks,95418,45.1,3,3,1,,,0.5,"xgb,lgb",0.45,False,0.0,VALIDATED,,,15,14.67,24.0,23.78,1.0,1.0
2026-07-09 14:11:39.670148+00:00,6,6_blocks,95418,45.1,3,3,1,,,0.5,"xgb,lgb",0.45,False,0.0,VALIDATED,,,15,14.67,24.0,23.78,1.0,1.0
2026-07-09 16:44:15.145483+00:00,1,1_block,90989,43.7,1,1,1,,,1.0,"xgb,lgb",1.0748299319727892,False,0.0,VALIDATED,,,1,1.0,1.0,1.0,1.0,1.0
2026-07-09 16:44:15.145483+00:00,3,3_blocks,90989,43.7,1,1,1,,,0.5,"xgb,lgb",0.5603495357728018,False,0.0,VALIDATED,,,9,8.48,14.0,13.46,1.0,1.0
2026-07-09 16:44:15.145483+00:00,6,6_blocks,90989,43.7,1,1,1,,,0.5,"xgb,lgb",0.5603495357728018,False,0.0,VALIDATED,,,9,8.48,14.0,13.46,1.0,1.0
2026-07-09 18:29:36.905303+00:00,1,1_block,93920,44.3,2,1,1,,,0.5,"xgb,lgb",1.0357142857142858,False,0.0,VALIDATED,,,7,6.88,11.0,10.8,1.0,1.0
2026-07-09 18:29:36.905303+00:00,3,3_blocks,93920,44.3,2,1,1,,,0.5,"xgb,lgb",0.5603495357728018,False,0.0,VALIDATED,,,13,12.42,21.0,20.04,1.0,1.0
2026-07-09 18:29:36.905303+00:00,6,6_blocks,93920,44.3,2,1,1,,,0.5,"xgb,lgb",0.4836734693877551,False,0.0,VALIDATED,,,13,12.42,21.0,20.04,1.0,1.0
2026-07-09 20:21:34.795835+00:00,1,1_block,98673,45.7,4,3,3,,,0.5,"xgb,lgb",2.0,False,0.0,VALIDATED,,,5,4.78,8.0,7.21,2.0,1.13
2026-07-09 20:21:34.795835+00:00,3,3_blocks,98673,45.7,4,3,3,,,0.5,"xgb,lgb",0.4836734693877551,False,0.0,VALIDATED,,,19,18.97,31.0,30.95,1.0,1.0
2026-07-09 20:21:34.795835+00:00,6,6_blocks,98673,45.7,4,3,3,,,0.5,"xgb,lgb",0.4357142857142857,False,0.0,VALIDATED,,,19,18.97,31.0,30.95,1.0,1.0
2026-07-09 21:54:43.693514+00:00,1,1_block,94109,45.3,2,1,1,,,0.5,"xgb,lgb",0.4357142857142857,False,0.0,VALIDATED,,,7,6.68,11.0,10.44,2.0,1.05
2026-07-09 21:54:43.693514+00:00,3,3_blocks,94109,45.3,2,1,1,,,0.5,"xgb,lgb",0.4357142857142857,False,0.0,VALIDATED,,,9,8.95,15.0,14.26,1.0,1.0
2026-07-09 21:54:43.693514+00:00,6,6_blocks,94109,45.3,2,1,1,,,0.5,"xgb,lgb",0.45,False,0.0,VALIDATED,,,9,8.95,15.0,14.26,1.0,1.0
2026-07-09 23:06:12.419477+00:00,1,1_block,95296,44.7,4,3,1,,,0.5,"xgb,lgb",0.4535714285714285,False,0.0,VALIDATED,,,7,6.93,11.0,10.88,1.0,1.0
2026-07-09 23:06:12.419477+00:00,3,3_blocks,95296,44.7,4,3,1,,,0.5,"xgb,lgb",0.4535714285714285,False,0.0,VALIDATED,,,23,22.75,38.0,37.26,1.0,1.0
2026-07-09 23:06:12.419477+00:00,6,6_blocks,95296,44.7,4,3,1,,,0.5,"xgb,lgb",0.45,False,0.0,VALIDATED,,,23,22.75,38.0,37.26,1.0,1.0
2026-07-10 00:16:01.756623+00:00,1,1_block,93572,44.1,3,1,1,,,0.5,"xgb,lgb",0.4535714285714285,False,0.0,VALIDATED,,,6,5.3,8.0,7.93,2.0,1.36
2026-07-10 00:16:01.756623+00:00,3,3_blocks,93572,44.1,3,1,1,,,0.5,"xgb,lgb",0.4535714285714285,False,0.0,VALIDATED,,,14,13.97,23.0,22.61,1.0,1.0
2026-07-10 00:16:01.756623+00:00,6,6_blocks,93572,44.1,3,1,1,,,0.5,"xgb,lgb",0.45,False,0.0,VALIDATED,,,14,13.97,23.0,22.61,1.0,1.0
2026-07-10 04:17:28.623434+00:00,1,1_block,93165,44.0,2,1,1,,,0.5,"xgb,lgb",0.6090909090909091,False,0.0,VALIDATED,,,4,3.81,6.0,5.68,1.0,1.0
2026-07-10 04:17:28.623434+00:00,3,3_blocks,93165,44.0,2,1,1,,,0.5,"xgb,lgb",0.6090909090909091,False,0.0,VALIDATED,,,10,9.1,15.0,14.5,1.0,1.0
2026-07-10 04:17:28.623434+00:00,6,6_blocks,93165,44.0,2,1,1,,,0.5,"xgb,lgb",0.4587813620071684,False,0.0,VALIDATED,,,10,9.1,15.0,14.5,1.0,1.0
2026-07-10 07:54:52.551013+00:00,1,1_block,92256,43.9,2,1,1,,,0.698,"xgb,lgb",1.1338028169014085,False,0.0,VALIDATED,,,2,1.14,1.0,1.0,2.0,1.36
2026-07-10 07:54:52.551013+00:00,3,3_blocks,92256,43.9,2,1,1,,,0.5,"xgb,lgb",0.5232974910394266,False,0.0,VALIDATED,,,13,12.15,20.0,19.58,1.0,1.0
2026-07-10 07:54:52.551013+00:00,6,6_blocks,92256,43.9,2,1,1,,,0.5,"xgb,lgb",1.0129870129870129,False,0.0,VALIDATED,,,13,12.15,20.0,19.58,1.0,1.0
2026-07-10 10:47:47.044250+00:00,1,1_block,96505,45.1,3,3,1,,,0.5,"xgb,lgb",1.0129870129870129,False,0.0,VALIDATED,,,7,6.2,10.0,9.66,1.0,1.0
2026-07-10 10:47:47.044250+00:00,3,3_blocks,96505,45.1,3,3,1,,,0.5,"xgb,lgb",1.0129870129870129,False,0.0,VALIDATED,,,16,15.4,25.0,24.99,1.0,1.0
2026-07-10 10:47:47.044250+00:00,6,6_blocks,96505,45.1,3,3,1,,,0.5,"xgb,lgb",0.3928571428571428,False,0.0,VALIDATED,,,16,15.4,25.0,24.99,1.0,1.0
2026-07-10 13:00:26.862415+00:00,1,1_block,92728,44.3,2,1,1,,,0.5,"xgb,lgb",0.45,False,0.0,VALIDATED,,,9,8.68,14.0,13.69,2.0,1.16
2026-07-10 13:00:26.862415+00:00,3,3_blocks,92728,44.3,2,1,1,,,0.5,"xgb,lgb",0.3928571428571428,False,0.0,VALIDATED,,,16,15.07,25.0,24.45,1.0,1.0
2026-07-10 13:00:26.862415+00:00,6,6_blocks,92728,44.3,2,1,1,,,0.5,"xgb,lgb",0.4353741496598639,False,0.0,VALIDATED,,,16,15.07,25.0,24.45,1.0,1.0
2026-07-10 15:34:47.400790+00:00,1,1_block,87699,42.9,1,1,1,,,0.783,"xgb,lgb",0.4393592677345537,False,0.0,VALIDATED,,,2,1.55,2.0,1.68,2.0,1.35
2026-07-10 15:34:47.400790+00:00,3,3_blocks,87699,42.9,1,1,1,,,0.5,"xgb,lgb",0.448051948051948,False,0.0,VALIDATED,,,5,4.82,8.0,7.37,1.0,1.0
2026-07-10 15:34:47.400790+00:00,6,6_blocks,87699,42.9,1,1,1,,,0.5,"xgb,lgb",0.448051948051948,False,0.0,VALIDATED,,,5,4.82,8.0,7.37,1.0,1.0
2026-07-10 17:23:27.543777+00:00,1,1_block,97342,45.2,4,3,1,,,0.5,"xgb,lgb",0.448051948051948,False,0.0,VALIDATED,,,3,2.01,3.0,2.68,1.0,1.0
2026-07-10 17:23:27.543777+00:00,3,3_blocks,97342,45.2,4,3,1,,,0.5,"xgb,lgb",0.448051948051948,False,0.0,VALIDATED,,,16,15.37,25.0,24.95,1.0,1.0
2026-07-10 17:23:27.543777+00:00,6,6_blocks,97342,45.2,4,3,1,,,0.5,"xgb,lgb",0.4142857142857143,False,0.0,VALIDATED,,,16,15.37,25.0,24.95,1.0,1.0
2026-07-10 18:57:09.048836+00:00,1,1_block,91196,43.6,1,1,1,,,0.5,"xgb,lgb",1.2056737588652482,False,0.0,VALIDATED,,,3,2.53,4.0,3.54,1.0,1.0
2026-07-10 18:57:09.048836+00:00,3,3_blocks,91196,43.6,1,1,1,,,0.5,"xgb,lgb",0.4142857142857143,False,0.0,VALIDATED,,,3,2.75,4.0,3.92,1.0,1.0
2026-07-10 18:57:09.048836+00:00,6,6_blocks,91196,43.6,1,1,1,,,0.5,"xgb,lgb",0.4142857142857143,False,0.0,VALIDATED,,,3,2.75,4.0,3.92,1.0,1.0
2026-07-10 20:30:17.747676+00:00,1,1_block,94863,44.4,2,1,1,,,0.5,"xgb,lgb",2.007067137809188,False,0.0,VALIDATED,,,7,6.24,10.0,9.73,1.0,1.0
2026-07-10 20:30:17.747676+00:00,3,3_blocks,94863,44.4,2,1,1,,,0.5,"xgb,lgb",0.4563279857397504,False,0.0,VALIDATED,,,13,12.22,20.0,19.7,1.0,1.0
2026-07-10 20:30:17.747676+00:00,6,6_blocks,94863,44.4,2,1,1,,,0.5,"xgb,lgb",0.4563279857397504,False,0.0,VALIDATED,,,13,12.22,20.0,19.7,1.0,1.0
2026-07-10 21:31:11.344520+00:00,1,1_block,96212,45.1,3,3,1,,,0.5,"xgb,lgb",1.0048076923076923,False,0.0,VALIDATED,,,7,6.83,11.0,10.62,2.0,1.13
2026-07-10 21:31:11.344520+00:00,3,3_blocks,96212,45.1,3,3,1,,,0.5,"xgb,lgb",1.0,False,0.0,VALIDATED,,,16,15.31,25.0,24.85,1.0,1.0
2026-07-10 21:31:11.344520+00:00,6,6_blocks,96212,45.1,3,3,1,,,0.5,"xgb,lgb",1.0,False,0.0,VALIDATED,,,16,15.31,25.0,24.85,1.0,1.0
2026-07-10 22:36:46.500130+00:00,1,1_block,95635,44.7,3,3,1,,,0.5,"xgb,lgb",0.4357142857142857,False,0.0,VALIDATED,,,7,6.76,11.0,10.5,2.0,1.16
2026-07-10 22:36:46.500130+00:00,3,3_blocks,95635,44.7,3,3,1,,,0.5,"xgb,lgb",0.4357142857142857,False,0.0,VALIDATED,,,13,12.16,20.0,19.6,1.0,1.0
2026-07-10 22:36:46.500130+00:00,6,6_blocks,95635,44.7,3,3,1,,,0.5,"xgb,lgb",0.3661327231121281,False,0.0,VALIDATED,,,13,12.16,20.0,19.6,1.0,1.0
2026-07-10 23:34:40.296453+00:00,1,1_block,93840,44.2,2,1,1,,,0.608,"xgb,lgb",0.3958762886597938,False,0.0,VALIDATED,,,2,1.72,2.0,1.98,2.0,1.33
2026-07-10 23:34:40.296453+00:00,3,3_blocks,93840,44.2,2,1,1,,,0.5,"xgb,lgb",0.3958762886597938,False,0.0,VALIDATED,,,8,7.42,12.0,11.7,1.0,1.0
2026-07-10 23:34:40.296453+00:00,6,6_blocks,93840,44.2,2,1,1,,,0.5,"xgb,lgb",0.3661327231121281,False,0.0,VALIDATED,,,8,7.42,12.0,11.7,1.0,1.0
2026-07-11 01:04:29.579521+00:00,1,1_block,90737,43.4,1,1,1,,,0.5,"xgb,lgb",0.3958762886597938,False,0.0,VALIDATED,,,5,4.07,7.0,6.12,1.0,1.0
2026-07-11 01:04:29.579521+00:00,3,3_blocks,90737,43.4,1,1,1,,,1.0,"xgb,lgb",0.506265664160401,False,0.0,VALIDATED,,,1,1.0,1.0,1.0,1.0,1.0
2026-07-11 01:04:29.579521+00:00,6,6_blocks,90737,43.4,1,1,1,,,1.0,"xgb,lgb",0.3545454545454545,False,0.0,VALIDATED,,,1,1.0,1.0,1.0,1.0,1.0
2026-07-11 04:23:24.197191+00:00,1,1_block,93095,43.6,2,1,1,,,0.5,"xgb,lgb",0.506265664160401,False,0.0,VALIDATED,,,4,3.93,6.0,5.88,1.0,1.0
2026-07-11 04:23:24.197191+00:00,3,3_blocks,93095,43.6,2,1,1,,,0.5,"xgb,lgb",0.4142857142857143,False,0.0,VALIDATED,,,4,3.45,6.0,5.08,1.0,1.0
2026-07-11 04:23:24.197191+00:00,6,6_blocks,93095,43.6,2,1,1,,,0.5,"xgb,lgb",0.4142857142857143,False,0.0,VALIDATED,,,4,3.45,6.0,5.08,1.0,1.0
2026-07-11 06:33:34.221554+00:00,1,1_block,91125,43.2,1,1,1,,,0.5,"xgb,lgb",0.4269841269841269,False,0.0,VALIDATED,,,4,3.77,6.0,5.48,2.0,1.2
2026-07-11 06:33:34.221554+00:00,3,3_blocks,91125,43.2,1,1,1,,,1.0,"xgb,lgb",0.4508196721311475,False,0.0,VALIDATED,,,1,1.0,1.0,1.0,1.0,1.0
2026-07-11 06:33:34.221554+00:00,6,6_blocks,91125,43.2,1,1,1,,,1.0,"xgb,lgb",0.4508196721311475,False,0.0,VALIDATED,,,1,1.0,1.0,1.0,1.0,1.0
2026-07-11 08:24:52.273118+00:00,1,1_block,91003,43.4,1,1,1,,,0.803,"xgb,lgb",0.4508196721311475,False,0.0,VALIDATED,,,2,1.3,2.0,1.4,2.0,1.15
2026-07-11 08:24:52.273118+00:00,3,3_blocks,91003,43.4,1,1,1,,,0.5,"xgb,lgb",0.4508196721311475,False,0.0,VALIDATED,,,7,6.04,10.0,9.4,1.0,1.0
2026-07-11 08:24:52.273118+00:00,6,6_blocks,91003,43.4,1,1,1,,,0.5,"xgb,lgb",0.4142857142857143,False,0.0,VALIDATED,,,7,6.04,10.0,9.4,1.0,1.0
2026-07-11 09:57:06.089217+00:00,1,1_block,91507,43.2,1,1,1,,,1.0,"xgb,lgb",0.5157750342935528,False,0.0,VALIDATED,,,1,1.0,1.0,1.0,1.0,1.0
2026-07-11 09:57:06.089217+00:00,3,3_blocks,91507,43.2,1,1,1,,,0.5,"xgb,lgb",0.4142857142857143,False,0.0,VALIDATED,,,5,4.74,8.0,7.23,1.0,1.0
2026-07-11 09:57:06.089217+00:00,6,6_blocks,91507,43.2,1,1,1,,,0.5,"xgb,lgb",0.4142857142857143,False,0.0,VALIDATED,,,5,4.74,8.0,7.23,1.0,1.0
2026-07-11 11:11:50.403531+00:00,1,1_block,94910,44.0,2,1,1,,,0.5,"xgb,lgb",0.4142857142857143,False,0.0,VALIDATED,,,9,8.52,14.0,13.29,2.0,1.37
2026-07-11 11:11:50.403531+00:00,3,3_blocks,94910,44.0,2,1,1,,,0.5,"xgb,lgb",0.4236983842010772,False,0.0,VALIDATED,,,3,2.96,5.0,4.26,1.0,1.0
2026-07-11 11:11:50.403531+00:00,6,6_blocks,94910,44.0,2,1,1,,,0.5,"xgb,lgb",0.3858267716535433,False,0.0,VALIDATED,,,3,2.96,5.0,4.26,1.0,1.0
2026-07-11 12:08:31.170703+00:00,1,1_block,92113,43.6,2,1,1,,,0.5,"xgb,lgb",0.4236983842010772,False,0.0,VALIDATED,,,4,3.84,6.0,5.73,1.0,1.0
2026-07-11 12:08:31.170703+00:00,3,3_blocks,92113,43.6,2,1,1,,,0.5,"xgb,lgb",0.4236983842010772,False,0.0,VALIDATED,,,8,7.64,13.0,12.07,1.0,1.0
2026-07-11 12:08:31.170703+00:00,6,6_blocks,92113,43.6,2,1,1,,,0.5,"xgb,lgb",0.5038759689922481,False,0.0,VALIDATED,,,8,7.64,13.0,12.07,1.0,1.0
2026-07-11 13:17:26.569452+00:00,1,1_block,93889,44.0,2,1,1,,,0.5,"xgb,lgb",1.0068027210884354,False,0.0,VALIDATED,,,7,6.99,11.0,10.98,1.0,1.0
2026-07-11 13:17:26.569452+00:00,3,3_blocks,93889,44.0,2,1,1,,,0.5,"xgb,lgb",1.0,False,0.0,VALIDATED,,,5,4.76,8.0,7.26,1.0,1.0
2026-07-11 13:17:26.569452+00:00,6,6_blocks,93889,44.0,2,1,1,,,0.5,"xgb,lgb",0.4100719424460431,False,0.0,VALIDATED,,,5,4.76,8.0,7.26,1.0,1.0
2026-07-11 14:33:49.755819+00:00,1,1_block,91343,43.4,1,1,1,,,0.512,"xgb,lgb",1.2,False,0.0,VALIDATED,,,2,1.62,2.0,1.92,2.0,1.17
2026-07-11 14:33:49.755819+00:00,3,3_blocks,91343,43.4,1,1,1,,,0.962,"xgb,lgb",0.4100719424460431,False,0.0,VALIDATED,,,2,1.02,2.0,1.04,1.0,1.0
2026-07-11 14:33:49.755819+00:00,6,6_blocks,91343,43.4,1,1,1,,,0.962,"xgb,lgb",1.065040650406504,False,0.0,VALIDATED,,,2,1.02,2.0,1.04,1.0,1.0
2026-07-11 15:35:15.812170+00:00,1,1_block,97722,45.0,3,3,1,,,0.5,"xgb,lgb",1.991111111111111,False,0.0,VALIDATED,,,9,8.98,15.0,14.31,1.0,1.0
2026-07-11 15:35:15.812170+00:00,3,3_blocks,97722,45.0,3,3,1,,,0.5,"xgb,lgb",1.065040650406504,False,0.0,VALIDATED,,,3,2.47,4.0,3.44,1.0,1.0
2026-07-11 15:35:15.812170+00:00,6,6_blocks,97722,45.0,3,3,1,,,0.5,"xgb,lgb",0.5818181818181818,False,0.0,VALIDATED,,,3,2.47,4.0,3.44,1.0,1.0
2026-07-11 16:30:34.350428+00:00,1,1_block,96625,44.9,3,3,1,,,0.5,"xgb,lgb",0.5818181818181818,False,0.0,VALIDATED,,,8,7.53,12.0,11.66,2.0,1.33
2026-07-11 16:30:34.350428+00:00,3,3_blocks,96625,44.9,3,3,1,,,0.5,"xgb,lgb",0.5818181818181818,False,0.0,VALIDATED,,,8,7.58,12.0,11.97,1.0,1.0
2026-07-11 16:30:34.350428+00:00,6,6_blocks,96625,44.9,3,3,1,,,0.5,"xgb,lgb",0.5818181818181818,False,0.0,VALIDATED,,,8,7.58,12.0,11.97,1.0,1.0
2026-07-11 17:31:48.853184+00:00,1,1_block,94428,44.2,2,1,1,,,0.5,"xgb,lgb",1.0101010101010102,False,0.0,VALIDATED,,,6,5.7,9.0,8.83,1.0,1.0
2026-07-11 17:31:48.853184+00:00,3,3_blocks,94428,44.2,2,1,1,,,0.5,"xgb,lgb",1.0101010101010102,False,0.0,VALIDATED,,,4,3.5,6.0,5.17,1.0,1.0
2026-07-11 17:31:48.853184+00:00,6,6_blocks,94428,44.2,2,1,1,,,0.5,"xgb,lgb",0.5818181818181818,False,0.0,VALIDATED,,,4,3.5,6.0,5.17,1.0,1.0
2026-07-11 18:31:32.804805+00:00,1,1_block,94171,44.0,2,1,1,,,0.5,"xgb,lgb",1.2695035460992907,False,0.0,VALIDATED,,,7,6.41,10.0,9.77,2.0,1.36
2026-07-11 18:31:32.804805+00:00,3,3_blocks,94171,44.0,2,1,1,,,0.5,"xgb,lgb",1.0,False,0.0,VALIDATED,,,5,4.65,8.0,7.08,1.0,1.0
2026-07-11 18:31:32.804805+00:00,6,6_blocks,94171,44.0,2,1,1,,,0.5,"xgb,lgb",1.0,False,0.0,VALIDATED,,,5,4.65,8.0,7.08,1.0,1.0
2026-07-11 19:48:26.921468+00:00,1,1_block,95662,44.6,2,1,1,,,0.5,"xgb,lgb",0.4429223744292237,False,0.0,VALIDATED,,,6,5.72,9.0,8.65,2.0,1.32
2026-07-11 19:48:26.921468+00:00,3,3_blocks,95662,44.6,2,1,1,,,0.5,"xgb,lgb",0.4429223744292237,False,0.0,VALIDATED,,,5,4.19,7.0,6.32,1.0,1.0
2026-07-11 19:48:26.921468+00:00,6,6_blocks,95662,44.6,2,1,1,,,0.5,"xgb,lgb",0.41,False,0.0,VALIDATED,,,5,4.19,7.0,6.32,1.0,1.0
2026-07-11 20:32:52.861207+00:00,1,1_block,91765,43.6,1,1,1,,,1.0,"xgb,lgb",0.41,False,0.0,VALIDATED,,,1,1.0,1.0,1.0,1.0,1.0
2026-07-11 20:32:52.861207+00:00,3,3_blocks,91765,43.6,1,1,1,,,1.0,"xgb,lgb",0.41,False,0.0,VALIDATED,,,1,1.0,1.0,1.0,1.0,1.0
2026-07-11 20:32:52.861207+00:00,6,6_blocks,91765,43.6,1,1,1,,,0.983,"xgb,lgb",0.3858267716535433,False,0.0,VALIDATED,,,2,1.01,1.0,1.0,2.0,1.02
2026-07-11 21:28:56.258733+00:00,1,1_block,93329,43.8,2,1,1,,,1.0,"xgb,lgb",0.4761904761904761,False,0.0,VALIDATED,,,1,1.0,1.0,1.0,1.0,1.0
2026-07-11 21:28:56.258733+00:00,3,3_blocks,93329,43.8,2,1,1,,,0.5,"xgb,lgb",0.4216795711733174,False,0.0,VALIDATED,,,4,4.0,6.0,6.0,1.0,1.0
2026-07-11 21:28:56.258733+00:00,6,6_blocks,93329,43.8,2,1,1,,,0.5,"xgb,lgb",0.303030303030303,False,0.0,VALIDATED,,,4,4.0,6.0,6.0,1.0,1.0
2026-07-11 22:23:11.718601+00:00,1,1_block,92684,43.8,2,1,1,,,0.5,"xgb,lgb",0.4285714285714285,False,0.0,VALIDATED,,,8,7.04,12.0,11.07,1.0,1.0
2026-07-11 22:23:11.718601+00:00,3,3_blocks,92684,43.8,2,1,1,,,0.5,"xgb,lgb",0.303030303030303,False,0.0,VALIDATED,,,7,6.31,10.0,9.85,1.0,1.0
2026-07-11 22:23:11.718601+00:00,6,6_blocks,92684,43.8,2,1,1,,,0.5,"xgb,lgb",0.303030303030303,False,0.0,VALIDATED,,,7,6.31,10.0,9.85,1.0,1.0
2026-07-11 23:24:18.973089+00:00,1,1_block,90041,43.0,1,1,1,,,0.767,"xgb,lgb",0.7092198581560284,False,0.0,VALIDATED,,,2,1.16,2.0,1.26,1.0,1.0
2026-07-11 23:24:18.973089+00:00,3,3_blocks,90041,43.0,1,1,1,,,0.5,"xgb,lgb",0.4165170556552962,False,0.0,VALIDATED,,,3,2.5,4.0,3.5,1.0,1.0
2026-07-11 23:24:18.973089+00:00,6,6_blocks,90041,43.0,1,1,1,,,0.5,"xgb,lgb",0.3858267716535433,False,0.0,VALIDATED,,,3,2.5,4.0,3.5,1.0,1.0
2026-07-12 01:03:10.674200+00:00,1,1_block,92435,43.7,2,1,1,,,0.5,"xgb,lgb",0.7092198581560284,False,0.0,VALIDATED,,,6,5.76,9.0,8.69,2.0,1.37
2026-07-12 01:03:10.674200+00:00,3,3_blocks,92435,43.7,2,1,1,,,1.0,"xgb,lgb",0.4214285714285714,False,0.0,VALIDATED,,,1,1.0,1.0,1.0,1.0,1.0
2026-07-12 01:03:10.674200+00:00,6,6_blocks,92435,43.7,2,1,1,,,1.0,"xgb,lgb",0.4214285714285714,False,0.0,VALIDATED,,,1,1.0,1.0,1.0,1.0,1.0
2026-07-12 04:33:39.491309+00:00,1,1_block,94632,43.9,1,1,1,,,0.5,"xgb,lgb",0.4387617765814266,False,0.0,VALIDATED,,,7,6.26,10.0,9.77,1.0,1.0
2026-07-12 04:33:39.491309+00:00,3,3_blocks,94632,43.9,1,1,1,,,0.5,"xgb,lgb",0.4214285714285714,False,0.0,VALIDATED,,,12,11.58,19.0,18.64,1.0,1.0
2026-07-12 04:33:39.491309+00:00,6,6_blocks,94632,43.9,1,1,1,,,0.5,"xgb,lgb",0.4214285714285714,False,0.0,VALIDATED,,,12,11.58,19.0,18.64,1.0,1.0
2026-07-12 07:12:02.805041+00:00,1,1_block,92207,43.6,1,1,1,,,0.5,"xgb,lgb",0.4214285714285714,False,0.0,VALIDATED,,,5,4.46,7.0,6.77,1.0,1.0
2026-07-12 07:12:02.805041+00:00,3,3_blocks,92207,43.6,1,1,1,,,0.5,"xgb,lgb",0.4214285714285714,False,0.0,VALIDATED,,,5,4.61,8.0,7.02,1.0,1.0
2026-07-12 07:12:02.805041+00:00,6,6_blocks,92207,43.6,1,1,1,,,0.5,"xgb,lgb",0.3858267716535433,False,0.0,VALIDATED,,,5,4.61,8.0,7.02,1.0,1.0
2026-07-12 09:18:31.087337+00:00,1,1_block,91344,43.4,1,1,1,,,0.5,"xgb,lgb",0.4357142857142857,False,0.0,VALIDATED,,,3,2.12,3.0,2.87,1.0,1.0
2026-07-12 09:18:31.087337+00:00,3,3_blocks,91344,43.4,1,1,1,,,0.5,"xgb,lgb",0.4714285714285714,False,0.0,VALIDATED,,,6,5.12,8.0,7.86,1.0,1.0
2026-07-12 09:18:31.087337+00:00,6,6_blocks,91344,43.4,1,1,1,,,0.5,"xgb,lgb",0.4214285714285714,False,0.0,VALIDATED,,,6,5.12,8.0,7.86,1.0,1.0
2026-07-12 10:46:29.213359+00:00,1,1_block,93149,43.7,1,1,1,,,0.5,"xgb,lgb",0.4778378378378378,False,0.0,VALIDATED,,,2,1.98,3.0,2.63,1.0,1.0
2026-07-12 10:46:29.213359+00:00,3,3_blocks,93149,43.7,1,1,1,,,0.5,"xgb,lgb",0.4214285714285714,False,0.0,VALIDATED,,,4,3.79,6.0,5.65,1.0,1.0
2026-07-12 10:46:29.213359+00:00,6,6_blocks,93149,43.7,1,1,1,,,0.5,"xgb,lgb",0.4214285714285714,False,0.0,VALIDATED,,,4,3.79,6.0,5.65,1.0,1.0
2026-07-12 11:46:02.705079+00:00,1,1_block,91509,43.4,1,1,1,,,0.5,"xgb,lgb",0.4778378378378378,False,0.0,VALIDATED,,,4,3.96,6.0,5.94,1.0,1.0
2026-07-12 11:46:02.705079+00:00,3,3_blocks,91509,43.4,1,1,1,,,0.5,"xgb,lgb",0.4214285714285714,False,0.0,VALIDATED,,,14,13.05,22.0,21.08,1.0,1.0
2026-07-12 11:46:02.705079+00:00,6,6_blocks,91509,43.4,1,1,1,,,0.5,"xgb,lgb",0.4214285714285714,False,0.0,VALIDATED,,,14,13.05,22.0,21.08,1.0,1.0
2026-07-12 12:40:25.544847+00:00,1,1_block,94411,44.0,2,1,1,,,0.5,"xgb,lgb",0.4308797127468581,False,0.0,VALIDATED,,,7,6.68,11.0,10.47,1.0,1.0
2026-07-12 12:40:25.544847+00:00,3,3_blocks,94411,44.0,2,1,1,,,0.5,"xgb,lgb",0.4214285714285714,False,0.0,VALIDATED,,,7,6.82,11.0,10.71,1.0,1.0
2026-07-12 12:40:25.544847+00:00,6,6_blocks,94411,44.0,2,1,1,,,0.5,"xgb,lgb",0.4214285714285714,False,0.0,VALIDATED,,,7,6.85,11.0,10.71,2.0,1.06
2026-07-12 14:12:48.563753+00:00,1,1_block,93272,43.9,1,1,1,,,0.5,"xgb,lgb",0.4214285714285714,False,0.0,VALIDATED,,,3,2.72,4.0,3.86,1.0,1.0
2026-07-12 14:12:48.563753+00:00,3,3_blocks,93272,43.9,1,1,1,,,1.0,"xgb,lgb",0.4214285714285714,False,0.0,VALIDATED,,,1,1.0,1.0,1.0,1.0,1.0
2026-07-12 14:12:48.563753+00:00,6,6_blocks,93272,43.9,1,1,1,,,1.0,"xgb,lgb",0.4214285714285714,False,0.0,VALIDATED,,,1,1.0,1.0,1.0,1.0,1.0
2026-07-12 15:18:37.632629+00:00,1,1_block,94664,44.1,1,1,1,,,0.5,"xgb,lgb",0.4214285714285714,False,0.0,VALIDATED,,,5,4.28,7.0,6.21,2.0,1.37
2026-07-12 15:18:37.632629+00:00,3,3_blocks,94664,44.1,1,1,1,,,1.0,"xgb,lgb",0.4214285714285714,False,0.0,VALIDATED,,,1,1.0,1.0,1.0,1.0,1.0
2026-07-12 15:18:37.632629+00:00,6,6_blocks,94664,44.1,1,1,1,,,1.0,"xgb,lgb",0.4214285714285714,False,0.0,VALIDATED,,,1,1.0,1.0,1.0,1.0,1.0
2026-07-12 16:15:48.189811+00:00,1,1_block,94957,44.1,2,1,1,,,0.5,"xgb,lgb",0.4214285714285714,False,0.0,VALIDATED,,,3,2.13,3.0,2.89,1.0,1.0
2026-07-12 16:15:48.189811+00:00,3,3_blocks,94957,44.1,2,1,1,,,0.5,"xgb,lgb",0.4893617021276595,False,0.0,VALIDATED,,,9,8.88,15.0,14.13,1.0,1.0
2026-07-12 16:15:48.189811+00:00,6,6_blocks,94957,44.1,2,1,1,,,0.5,"xgb,lgb",0.4214285714285714,False,0.0,VALIDATED,,,9,8.9,15.0,14.13,2.0,1.06
2026-07-12 17:27:25.299180+00:00,1,1_block,99931,45.9,5,4,3,,,0.5,"xgb,lgb",0.4893617021276595,False,0.0,VALIDATED,,,7,6.16,10.0,9.6,1.0,1.0
2026-07-12 17:27:25.299180+00:00,3,3_blocks,99931,45.9,5,4,3,,,0.5,"xgb,lgb",0.4214285714285714,False,0.0,VALIDATED,,,13,12.44,21.0,20.07,1.0,1.0
2026-07-12 17:27:25.299180+00:00,6,6_blocks,99931,45.9,5,4,3,,,0.5,"xgb,lgb",0.4214285714285714,False,0.0,VALIDATED,,,13,12.47,21.0,20.07,2.0,1.07
2026-07-12 18:26:37.348253+00:00,1,1_block,98346,44.5,1,1,1,,,1.0,"xgb,lgb",0.4236983842010772,False,0.0,VALIDATED,,,1,1.0,1.0,1.0,1.0,1.0
2026-07-12 18:26:37.348253+00:00,3,3_blocks,98346,44.5,1,1,1,,,0.996,"xgb,lgb",0.4214285714285714,False,0.0,VALIDATED,,,2,1.0,1.0,1.0,1.0,1.0
2026-07-12 18:26:37.348253+00:00,6,6_blocks,98346,44.5,1,1,1,,,1.0,"xgb,lgb",0.4214285714285714,False,0.0,VALIDATED,,,1,1.0,1.0,1.0,1.0,1.0
2026-07-12 19:37:33.603407+00:00,1,1_block,97058,44.2,1,1,1,,,0.5,"xgb,lgb",0.4236983842010772,False,0.0,VALIDATED,,,2,1.67,3.0,2.11,1.0,1.0
2026-07-12 19:37:33.603407+00:00,3,3_blocks,97058,44.2,1,1,1,,,0.5,"xgb,lgb",0.4236983842010772,False,0.0,VALIDATED,,,3,2.44,4.0,3.4,1.0,1.0
2026-07-12 19:37:33.603407+00:00,6,6_blocks,97058,44.2,1,1,1,,,0.5,"xgb,lgb",0.4236983842010772,False,0.0,VALIDATED,,,3,2.44,4.0,3.4,1.0,1.0
2026-07-12 20:24:59.544931+00:00,1,1_block,105275,46.3,4,3,1,,,0.5,"xgb,lgb",0.4236983842010772,False,0.0,VALIDATED,,,2,1.69,3.0,2.16,1.0,1.0
2026-07-12 20:24:59.544931+00:00,3,3_blocks,105275,46.3,4,3,1,,,0.5,"xgb,lgb",0.4214285714285714,False,0.0,VALIDATED,,,26,25.47,42.0,41.79,1.0,1.0
2026-07-12 20:24:59.544931+00:00,6,6_blocks,105275,46.3,4,3,1,,,0.5,"xgb,lgb",0.4214285714285714,False,0.0,VALIDATED,,,26,25.5,42.0,41.79,2.0,1.05
2026-07-12 21:14:06.023747+00:00,1,1_block,100830,45.3,3,1,1,,,0.5,"xgb,lgb",0.4214285714285714,False,0.0,VALIDATED,,,4,3.98,6.0,5.87,2.0,1.14
2026-07-12 21:14:06.023747+00:00,3,3_blocks,100830,45.3,3,1,1,,,0.5,"xgb,lgb",0.4142857142857143,False,0.0,VALIDATED,,,12,11.32,19.0,18.21,1.0,1.0
2026-07-12 21:14:06.023747+00:00,6,6_blocks,100830,45.3,3,1,1,,,0.5,"xgb,lgb",0.4142857142857143,False,0.0,VALIDATED,,,12,11.37,19.0,18.21,2.0,1.11
2026-07-12 22:09:41.959296+00:00,1,1_block,98007,44.5,1,1,1,,,0.5,"xgb,lgb",0.4142857142857143,False,0.0,VALIDATED,,,2,1.47,2.0,1.78,1.0,1.0
2026-07-12 22:09:41.959296+00:00,3,3_blocks,98007,44.5,1,1,1,,,0.5,"xgb,lgb",0.4054054054054054,False,0.0,VALIDATED,,,3,2.71,4.0,3.85,1.0,1.0
2026-07-12 22:09:41.959296+00:00,6,6_blocks,98007,44.5,1,1,1,,,0.5,"xgb,lgb",0.4054054054054054,False,0.0,VALIDATED,,,3,2.71,4.0,3.85,1.0,1.0
2026-07-12 23:07:24.423070+00:00,1,1_block,97999,44.9,2,1,1,,,0.5,"xgb,lgb",0.4054054054054054,False,0.0,VALIDATED,,,9,8.71,14.0,13.85,1.0,1.0
2026-07-12 23:07:24.423070+00:00,3,3_blocks,97999,44.9,2,1,1,,,0.5,"xgb,lgb",0.4174894217207334,False,0.0,VALIDATED,,,16,15.08,25.0,24.47,1.0,1.0
2026-07-12 23:07:24.423070+00:00,6,6_blocks,97999,44.9,2,1,1,,,0.5,"xgb,lgb",0.4142857142857143,False,0.0,VALIDATED,,,16,15.08,25.0,24.47,1.0,1.0
2026-07-13 00:07:44.709497+00:00,1,1_block,94514,43.9,1,1,1,,,0.565,"xgb,lgb",0.4174894217207334,False,0.0,VALIDATED,,,2,1.33,2.0,1.56,1.0,1.0
2026-07-13 00:07:44.709497+00:00,3,3_blocks,94514,43.9,1,1,1,,,0.5,"xgb,lgb",0.4174894217207334,False,0.0,VALIDATED,,,12,11.77,19.0,18.95,1.0,1.0
2026-07-13 00:07:44.709497+00:00,6,6_blocks,94514,43.9,1,1,1,,,0.5,"xgb,lgb",0.4142857142857143,False,0.0,VALIDATED,,,12,11.77,19.0,18.95,1.0,1.0
2026-07-13 03:53:48.892379+00:00,1,1_block,93572,43.8,1,1,1,,,0.5,"xgb,lgb",0.4236983842010772,False,0.0,VALIDATED,,,8,7.08,12.0,11.14,1.0,1.0
2026-07-13 03:53:48.892379+00:00,3,3_blocks,93572,43.8,1,1,1,,,0.5,"xgb,lgb",0.4236983842010772,False,0.0,VALIDATED,,,15,14.06,23.0,22.76,1.0,1.0
2026-07-13 03:53:48.892379+00:00,6,6_blocks,93572,43.8,1,1,1,,,0.5,"xgb,lgb",0.4214285714285714,False,0.0,VALIDATED,,,15,14.06,23.0,22.76,1.0,1.0
2026-07-13 06:48:20.688259+00:00,1,1_block,93921,44.0,1,1,1,,,0.5,"xgb,lgb",1.0,False,0.0,VALIDATED,,,7,6.53,10.0,9.95,2.0,1.4
2026-07-13 06:48:20.688259+00:00,3,3_blocks,93921,44.0,1,1,1,,,0.5,"xgb,lgb",0.4380610412926391,False,0.0,VALIDATED,,,14,13.29,22.0,21.48,1.0,1.0
2026-07-13 06:48:20.688259+00:00,6,6_blocks,93921,44.0,1,1,1,,,0.5,"xgb,lgb",0.4380610412926391,False,0.0,VALIDATED,,,14,13.29,22.0,21.48,1.0,1.0
2026-07-13 10:01:52.282630+00:00,1,1_block,90591,43.1,1,1,1,,,0.5,"xgb,lgb",0.4236983842010772,False,0.0,VALIDATED,,,4,3.21,5.0,4.68,1.0,1.0
2026-07-13 10:01:52.282630+00:00,3,3_blocks,90591,43.1,1,1,1,,,0.5,"xgb,lgb",0.4236983842010772,False,0.0,VALIDATED,,,14,13.63,23.0,22.06,1.0,1.0
2026-07-13 10:01:52.282630+00:00,6,6_blocks,90591,43.1,1,1,1,,,0.5,"xgb,lgb",0.4214285714285714,False,0.0,VALIDATED,,,14,13.63,23.0,22.06,1.0,1.0
2026-07-13 12:40:45.410936+00:00,1,1_block,90675,43.7,2,2,1,,,0.5,"xgb,lgb",2.180555555555556,False,0.0,VALIDATED,,,8,7.42,12.0,11.45,2.0,1.37
2026-07-13 12:40:45.410936+00:00,3,3_blocks,90675,43.7,2,2,1,,,0.5,"xgb,lgb",1.0176470588235291,False,0.0,VALIDATED,,,6,5.75,9.0,8.91,1.0,1.0
2026-07-13 12:40:45.410936+00:00,6,6_blocks,90675,43.7,2,2,1,,,0.5,"xgb,lgb",1.0150375939849623,False,0.0,VALIDATED,,,6,5.75,9.0,8.91,1.0,1.0
2026-07-13 15:34:39.866467+00:00,1,1_block,88465,43.3,3,3,1,,,0.5,"xgb,lgb",1.0163177584971743,False,0.0,VALIDATED,,,5,4.49,7.0,6.82,1.0,1.0
2026-07-13 15:34:39.866467+00:00,3,3_blocks,88465,43.3,3,3,1,,,0.5,"xgb,lgb",0.3423423423423423,False,0.0,VALIDATED,,,9,8.85,15.0,14.09,1.0,1.0
2026-07-13 15:34:39.866467+00:00,6,6_blocks,88465,43.3,3,3,1,,,0.5,"xgb,lgb",0.4509803921568627,False,0.0,VALIDATED,,,9,8.85,15.0,14.09,1.0,1.0
2026-07-13 17:34:31.876150+00:00,1,1_block,94384,43.9,3,1,1,,,0.5,"xgb,lgb",0.4509803921568627,False,0.0,VALIDATED,,,5,4.95,8.0,7.58,1.0,1.0
2026-07-13 17:34:31.876150+00:00,3,3_blocks,94384,43.9,3,1,1,,,0.5,"xgb,lgb",0.4509803921568627,False,0.0,VALIDATED,,,14,13.74,23.0,22.23,1.0,1.0
2026-07-13 17:34:31.876150+00:00,6,6_blocks,94384,43.9,3,1,1,,,0.5,"xgb,lgb",0.4609929078014184,False,0.0,VALIDATED,,,14,13.74,23.0,22.23,1.0,1.0
2026-07-13 19:02:06.727545+00:00,1,1_block,92317,43.3,2,1,1,,,1.0,"xgb,lgb",0.5897435897435898,False,0.0,VALIDATED,,,1,1.0,1.0,1.0,1.0,1.0
2026-07-13 19:02:06.727545+00:00,3,3_blocks,92317,43.3,2,1,1,,,0.5,"xgb,lgb",0.4609929078014184,False,0.0,VALIDATED,,,10,9.76,16.0,15.6,1.0,1.0
2026-07-13 19:02:06.727545+00:00,6,6_blocks,92317,43.3,2,1,1,,,0.5,"xgb,lgb",0.5897435897435898,False,0.0,VALIDATED,,,10,9.76,16.0,15.6,1.0,1.0
2026-07-13 20:23:23.148473+00:00,1,1_block,92507,43.4,2,1,1,,,0.5,"xgb,lgb",1.2035398230088497,False,0.0,VALIDATED,,,4,3.7,6.0,5.5,1.0,1.0
2026-07-13 20:23:23.148473+00:00,3,3_blocks,92507,43.4,2,1,1,,,0.5,"xgb,lgb",0.6029173419773096,False,0.0,VALIDATED,,,7,6.74,11.0,10.57,1.0,1.0
2026-07-13 20:23:23.148473+00:00,6,6_blocks,92507,43.4,2,1,1,,,0.5,"xgb,lgb",0.5897435897435898,False,0.0,VALIDATED,,,7,6.74,11.0,10.57,1.0,1.0
2026-07-13 21:27:47.088090+00:00,1,1_block,92242,43.5,2,1,1,,,0.5,"xgb,lgb",0.4785714285714286,False,0.0,VALIDATED,,,4,3.59,6.0,5.12,2.0,1.3
2026-07-13 21:27:47.088090+00:00,3,3_blocks,92242,43.5,2,1,1,,,0.5,"xgb,lgb",0.4785714285714286,False,0.0,VALIDATED,,,17,16.96,28.0,27.6,1.0,1.0
2026-07-13 21:27:47.088090+00:00,6,6_blocks,92242,43.5,2,1,1,,,0.5,"xgb,lgb",0.4785714285714286,False,0.0,VALIDATED,,,17,16.96,28.0,27.6,2.0,1.01
2026-07-13 22:27:13.257670+00:00,1,1_block,91194,43.1,2,1,1,,,0.5,"xgb,lgb",0.5925925925925926,False,0.0,VALIDATED,,,2,1.85,3.0,2.36,2.0,1.08
2026-07-13 22:27:13.257670+00:00,3,3_blocks,91194,43.1,2,1,1,,,0.5,"xgb,lgb",0.5925925925925926,False,0.0,VALIDATED,,,11,10.44,17.0,16.74,1.0,1.0
2026-07-13 22:27:13.257670+00:00,6,6_blocks,91194,43.1,2,1,1,,,0.5,"xgb,lgb",0.4785714285714286,False,0.0,VALIDATED,,,11,10.44,17.0,16.74,1.0,1.0
2026-07-13 23:25:59.038661+00:00,1,1_block,90854,43.1,1,1,1,,,0.5,"xgb,lgb",0.4350282485875706,False,0.0,VALIDATED,,,5,4.12,6.0,6.0,2.0,1.3
2026-07-13 23:25:59.038661+00:00,3,3_blocks,90854,43.1,1,1,1,,,0.5,"xgb,lgb",0.3622047244094488,False,0.0,VALIDATED,,,7,6.24,10.0,9.72,1.0,1.0
2026-07-13 23:25:59.038661+00:00,6,6_blocks,90854,43.1,1,1,1,,,0.5,"xgb,lgb",0.3622047244094488,False,0.0,VALIDATED,,,7,6.23,10.0,9.72,1.0,1.0
2026-07-14 00:14:05.425994+00:00,1,1_block,91143,43.0,2,1,1,,,0.5,"xgb,lgb",0.4350282485875706,False,0.0,VALIDATED,,,2,1.85,3.0,2.41,1.0,1.0
2026-07-14 00:14:05.425994+00:00,3,3_blocks,91143,43.0,2,1,1,,,0.5,"xgb,lgb",0.3622047244094488,False,0.0,VALIDATED,,,11,10.2,17.0,16.32,1.0,1.0
2026-07-14 00:14:05.425994+00:00,6,6_blocks,91143,43.0,2,1,1,,,0.5,"xgb,lgb",0.4454545454545454,False,0.0,VALIDATED,,,11,10.19,17.0,16.32,1.0,1.0
2026-07-14 03:38:54.481590+00:00,1,1_block,91897,42.3,1,1,1,,,0.5,"xgb,lgb",0.6962233169129721,False,0.0,VALIDATED,,,5,4.07,7.0,6.11,1.0,1.0
2026-07-14 03:38:54.481590+00:00,3,3_blocks,91897,42.3,1,1,1,,,0.5,"xgb,lgb",0.4454545454545454,False,0.0,VALIDATED,,,4,3.76,6.0,5.6,1.0,1.0
2026-07-14 03:38:54.481590+00:00,6,6_blocks,91897,42.3,1,1,1,,,0.5,"xgb,lgb",0.4688995215311005,False,0.0,VALIDATED,,,4,3.76,6.0,5.6,1.0,1.0
2026-07-14 05:56:06.417719+00:00,1,1_block,93527,43.8,1,1,1,,,0.5,"xgb,lgb",1.198581560283688,False,0.0,VALIDATED,,,5,4.9,8.0,7.27,2.0,1.33
2026-07-14 05:56:06.417719+00:00,3,3_blocks,93527,43.8,1,1,1,,,0.5,"xgb,lgb",1.0,False,0.0,VALIDATED,,,2,1.81,3.0,2.35,1.0,1.0
2026-07-14 05:56:06.417719+00:00,6,6_blocks,93527,43.8,1,1,1,,,0.5,"xgb,lgb",0.4285714285714285,False,0.0,VALIDATED,,,2,1.81,3.0,2.35,1.0,1.0
2026-07-14 07:52:17.198046+00:00,1,1_block,94411,43.9,1,1,1,,,0.5,"xgb,lgb",0.4285714285714285,False,0.0,VALIDATED,,,7,6.35,10.0,9.92,1.0,1.0
2026-07-14 07:52:17.198046+00:00,3,3_blocks,94411,43.9,1,1,1,,,0.5,"xgb,lgb",0.4285714285714285,False,0.0,VALIDATED,,,17,16.53,27.0,26.88,1.0,1.0
2026-07-14 07:52:17.198046+00:00,6,6_blocks,94411,43.9,1,1,1,,,0.5,"xgb,lgb",0.4285714285714285,False,0.0,VALIDATED,,,17,16.53,27.0,26.88,1.0,1.0
2026-07-14 09:51:45.161864+00:00,1,1_block,95310,44.0,2,1,1,,,0.5,"xgb,lgb",0.3858267716535433,False,0.0,VALIDATED,,,4,3.94,6.0,5.91,1.0,1.0
2026-07-14 09:51:45.161864+00:00,3,3_blocks,95310,44.0,2,1,1,,,0.5,"xgb,lgb",0.3537414965986394,False,0.0,VALIDATED,,,15,14.31,24.0,23.18,1.0,1.0
2026-07-14 09:51:45.161864+00:00,6,6_blocks,95310,44.0,2,1,1,,,0.5,"xgb,lgb",0.3537414965986394,False,0.0,VALIDATED,,,15,14.31,24.0,23.18,1.0,1.0
2026-07-14 11:21:32.986716+00:00,1,1_block,93508,43.8,1,1,1,,,1.0,"xgb,lgb",0.9660377358490566,False,0.0,VALIDATED,,,1,1.0,1.0,1.0,1.0,1.0
2026-07-14 11:21:32.986716+00:00,3,3_blocks,93508,43.8,1,1,1,,,0.996,"xgb,lgb",0.9660377358490566,False,0.0,VALIDATED,,,2,1.0,1.0,1.0,1.0,1.0
2026-07-14 11:21:32.986716+00:00,6,6_blocks,93508,43.8,1,1,1,,,1.0,"xgb,lgb",0.3858267716535433,False,0.0,VALIDATED,,,1,1.0,1.0,1.0,1.0,1.0
2026-07-14 12:46:36.539480+00:00,1,1_block,97458,44.9,3,1,1,,,0.5,"xgb,lgb",1.070938215102975,False,0.0,VALIDATED,,,7,6.11,10.0,9.52,1.0,1.0
2026-07-14 12:46:36.539480+00:00,3,3_blocks,97458,44.9,3,1,1,,,0.5,"xgb,lgb",0.3928571428571428,False,0.0,VALIDATED,,,15,14.1,23.0,22.84,1.0,1.0
2026-07-14 12:46:36.539480+00:00,6,6_blocks,97458,44.9,3,1,1,,,0.5,"xgb,lgb",0.3858267716535433,False,0.0,VALIDATED,,,15,14.1,23.0,22.84,1.0,1.0
2026-07-14 14:30:21.420118+00:00,1,1_block,93962,43.6,1,1,1,,,0.5,"xgb,lgb",1.070938215102975,False,0.0,VALIDATED,,,6,5.49,9.0,8.48,1.0,1.0
2026-07-14 14:30:21.420118+00:00,3,3_blocks,93962,43.6,1,1,1,,,0.5,"xgb,lgb",0.3928571428571428,False,0.0,VALIDATED,,,2,1.43,2.0,1.71,1.0,1.0
2026-07-14 14:30:21.420118+00:00,6,6_blocks,93962,43.6,1,1,1,,,0.5,"xgb,lgb",0.4100719424460431,False,0.0,VALIDATED,,,2,1.43,2.0,1.71,1.0,1.0
2026-07-14 15:59:44.163828+00:00,1,1_block,102298,45.4,2,1,1,,,0.5,"xgb,lgb",3.0936863543788187,False,0.0,VALIDATED,,,8,7.37,12.0,11.61,1.0,1.0
2026-07-14 15:59:44.163828+00:00,3,3_blocks,102298,45.4,2,1,1,,,0.5,"xgb,lgb",1.2056737588652482,False,0.0,VALIDATED,,,13,12.93,21.0,20.89,1.0,1.0
2026-07-14 15:59:44.163828+00:00,6,6_blocks,102298,45.4,2,1,1,,,0.5,"xgb,lgb",2.015384615384616,False,0.0,VALIDATED,,,13,12.93,21.0,20.89,1.0,1.0
2026-07-14 17:20:45.778178+00:00,1,1_block,110505,48.0,4,4,3,,,0.5,"xgb,lgb",2.015384615384616,False,0.0,VALIDATED,,,11,10.69,17.0,16.91,2.0,1.35
2026-07-14 17:20:45.778178+00:00,3,3_blocks,110505,48.0,4,4,3,,,0.5,"xgb,lgb",2.015384615384616,False,0.0,VALIDATED,,,22,21.25,35.0,34.75,1.0,1.0
2026-07-14 17:20:45.778178+00:00,6,6_blocks,110505,48.0,4,4,3,,,0.5,"xgb,lgb",0.4214285714285714,False,0.0,VALIDATED,,,22,21.25,35.0,34.75,1.0,1.0
2026-07-14 18:19:08.818268+00:00,1,1_block,103757,46.6,2,2,1,,,0.5,"xgb,lgb",1.4397163120567376,False,0.0,VALIDATED,,,6,5.58,9.0,8.63,1.0,1.0
2026-07-14 18:19:08.818268+00:00,3,3_blocks,103757,46.6,2,2,1,,,0.5,"xgb,lgb",0.5,False,0.0,VALIDATED,,,8,7.37,12.0,11.62,1.0,1.0
2026-07-14 18:19:08.818268+00:00,6,6_blocks,103757,46.6,2,2,1,,,0.5,"xgb,lgb",0.4214285714285714,False,0.0,VALIDATED,,,8,7.37,12.0,11.62,1.0,1.0
2026-07-14 19:48:13.957107+00:00,1,1_block,100528,44.8,2,1,1,,,0.5,"xgb,lgb",0.4326923076923077,False,0.0,VALIDATED,,,3,2.45,4.0,3.42,1.0,1.0
2026-07-14 19:48:13.957107+00:00,3,3_blocks,100528,44.8,2,1,1,,,0.5,"xgb,lgb",0.4326923076923077,False,0.0,VALIDATED,,,7,6.73,11.0,10.54,1.0,1.0
2026-07-14 19:48:13.957107+00:00,6,6_blocks,100528,44.8,2,1,1,,,0.5,"xgb,lgb",0.4326923076923077,False,0.0,VALIDATED,,,7,6.72,11.0,10.54,1.0,1.0
2026-07-14 20:46:10.797751+00:00,1,1_block,97312,44.1,1,1,1,,,0.5,"xgb,lgb",0.4326923076923077,False,0.0,VALIDATED,,,5,4.18,7.0,6.29,1.0,1.0
2026-07-14 20:46:10.797751+00:00,3,3_blocks,97312,44.1,1,1,1,,,0.5,"xgb,lgb",0.4326923076923077,False,0.0,VALIDATED,,,6,5.11,8.0,7.85,1.0,1.0
2026-07-14 20:46:10.797751+00:00,6,6_blocks,97312,44.1,1,1,1,,,0.5,"xgb,lgb",0.4118993135011441,False,0.0,VALIDATED,,,6,5.11,8.0,7.85,1.0,1.0
2026-07-14 21:40:38.399574+00:00,1,1_block,96212,43.9,1,1,1,,,0.5,"xgb,lgb",1.75177304964539,False,0.0,VALIDATED,,,5,4.71,8.0,7.18,1.0,1.0
2026-07-14 21:40:38.399574+00:00,3,3_blocks,96212,43.9,1,1,1,,,0.5,"xgb,lgb",0.4428571428571428,False,0.0,VALIDATED,,,9,8.03,13.0,12.71,1.0,1.0
2026-07-14 21:40:38.399574+00:00,6,6_blocks,96212,43.9,1,1,1,,,0.5,"xgb,lgb",0.4118993135011441,False,0.0,VALIDATED,,,9,8.02,13.0,12.71,1.0,1.0
2026-07-14 22:38:47.709159+00:00,1,1_block,101489,45.3,3,2,1,,,0.5,"xgb,lgb",0.7871657754010695,False,0.0,VALIDATED,,,7,6.52,11.0,10.16,2.0,1.08
2026-07-14 22:38:47.709159+00:00,3,3_blocks,101489,45.3,3,2,1,,,0.5,"xgb,lgb",0.7871657754010695,False,0.0,VALIDATED,,,9,8.84,15.0,14.07,1.0,1.0
2026-07-14 22:38:47.709159+00:00,6,6_blocks,101489,45.3,3,2,1,,,0.5,"xgb,lgb",0.7651006711409396,False,0.0,VALIDATED,,,9,8.84,15.0,14.07,1.0,1.0
2026-07-14 23:30:50.316402+00:00,1,1_block,103030,45.6,4,3,1,,,0.5,"xgb,lgb",1.0,False,0.0,VALIDATED,,,4,3.83,6.0,5.66,2.0,1.09
2026-07-14 23:30:50.316402+00:00,3,3_blocks,103030,45.6,4,3,1,,,0.5,"xgb,lgb",0.7651006711409396,False,0.0,VALIDATED,,,18,17.46,29.0,28.43,1.0,1.0
2026-07-14 23:30:50.316402+00:00,6,6_blocks,103030,45.6,4,3,1,,,0.5,"xgb,lgb",0.7651006711409396,False,0.0,VALIDATED,,,18,17.46,29.0,28.43,2.0,1.01
2026-07-15 00:53:32.833099+00:00,1,1_block,102376,45.5,3,3,1,,,0.5,"xgb,lgb",1.0,False,0.0,VALIDATED,,,2,1.82,3.0,2.3,2.0,1.1
2026-07-15 00:53:32.833099+00:00,3,3_blocks,102376,45.5,3,3,1,,,0.5,"xgb,lgb",1.0,False,0.0,VALIDATED,,,12,11.07,18.0,17.78,1.0,1.0
2026-07-15 00:53:32.833099+00:00,6,6_blocks,102376,45.5,3,3,1,,,0.5,"xgb,lgb",0.5906735751295337,False,0.0,VALIDATED,,,12,11.07,18.0,17.78,1.0,1.0
2026-07-15 03:54:44.026854+00:00,1,1_block,99888,45.2,2,1,1,,,0.5,"xgb,lgb",1.0,False,0.0,VALIDATED,,,7,6.03,10.0,9.38,1.0,1.0
2026-07-15 03:54:44.026854+00:00,3,3_blocks,99888,45.2,2,1,1,,,0.5,"xgb,lgb",1.0,False,0.0,VALIDATED,,,11,10.89,18.0,17.47,1.0,1.0
2026-07-15 03:54:44.026854+00:00,6,6_blocks,99888,45.2,2,1,1,,,0.5,"xgb,lgb",0.4219308700834326,False,0.0,VALIDATED,,,11,10.88,18.0,17.47,1.0,1.0
2026-07-15 06:10:04.002330+00:00,1,1_block,101251,45.6,3,3,1,,,0.689,"xgb,lgb",0.4219308700834326,False,0.0,VALIDATED,,,2,1.22,2.0,1.37,1.0,1.0
2026-07-15 06:10:04.002330+00:00,3,3_blocks,101251,45.6,3,3,1,,,0.5,"xgb,lgb",0.4219308700834326,False,0.0,VALIDATED,,,9,8.92,15.0,14.2,1.0,1.0
2026-07-15 06:10:04.002330+00:00,6,6_blocks,101251,45.6,3,3,1,,,0.5,"xgb,lgb",0.4292237442922374,False,0.0,VALIDATED,,,9,8.92,15.0,14.2,1.0,1.0
2026-07-15 08:34:23.908690+00:00,1,1_block,96086,44.3,2,1,1,,,0.5,"xgb,lgb",0.4292237442922374,False,0.0,VALIDATED,,,3,2.3,4.0,3.17,1.0,1.0
2026-07-15 08:34:23.908690+00:00,3,3_blocks,96086,44.3,2,1,1,,,0.5,"xgb,lgb",0.4292237442922374,False,0.0,VALIDATED,,,12,11.93,20.0,19.21,1.0,1.0
2026-07-15 08:34:23.908690+00:00,6,6_blocks,96086,44.3,2,1,1,,,0.5,"xgb,lgb",0.4292237442922374,False,0.0,VALIDATED,,,12,11.93,20.0,19.21,1.0,1.0
2026-07-15 10:26:29.889639+00:00,1,1_block,93993,43.6,1,1,1,,,1.0,"xgb,lgb",1.1601423487544484,False,0.0,VALIDATED,,,1,1.0,1.0,1.0,1.0,1.0
2026-07-15 10:26:29.889639+00:00,3,3_blocks,93993,43.6,1,1,1,,,0.5,"xgb,lgb",0.5062388591800356,False,0.0,VALIDATED,,,7,6.88,11.0,10.8,1.0,1.0
2026-07-15 10:26:29.889639+00:00,6,6_blocks,93993,43.6,1,1,1,,,0.5,"xgb,lgb",1.0,False,0.0,VALIDATED,,,7,6.88,11.0,10.8,1.0,1.0
2026-07-15 11:57:04.602956+00:00,1,1_block,98312,45.8,3,3,1,,,0.5,"xgb,lgb",2.9911504424778763,False,0.0,VALIDATED,,,5,4.7,7.0,6.96,2.0,1.31
2026-07-15 11:57:04.602956+00:00,3,3_blocks,98312,45.8,3,3,1,,,0.5,"xgb,lgb",1.0,False,0.0,VALIDATED,,,16,15.0,25.0,24.33,1.0,1.0
2026-07-15 11:57:04.602956+00:00,6,6_blocks,98312,45.8,3,3,1,,,0.5,"xgb,lgb",1.3061224489795915,False,0.0,VALIDATED,,,16,15.0,25.0,24.33,1.0,1.0
2026-07-15 13:35:44.234544+00:00,1,1_block,97078,45.5,2,2,1,,,0.5,"xgb,lgb",2.0,False,0.0,VALIDATED,,,3,2.58,4.0,3.57,2.0,1.08
2026-07-15 13:35:44.234544+00:00,3,3_blocks,97078,45.5,2,2,1,,,0.5,"xgb,lgb",2.0,False,0.0,VALIDATED,,,8,7.61,13.0,12.02,1.0,1.0
2026-07-15 13:35:44.234544+00:00,6,6_blocks,97078,45.5,2,2,1,,,0.5,"xgb,lgb",1.3061224489795915,False,0.0,VALIDATED,,,8,7.61,13.0,12.02,1.0,1.0
2026-07-15 15:08:14.393591+00:00,1,1_block,105674,48.2,5,4,3,,,0.5,"xgb,lgb",3.0098360655737704,False,0.0,VALIDATED,,,6,5.41,9.0,8.17,2.0,1.28
2026-07-15 15:08:14.393591+00:00,3,3_blocks,105674,48.2,5,4,3,,,0.5,"xgb,lgb",1.4454545454545455,False,0.0,VALIDATED,,,20,19.62,33.0,32.03,1.0,1.0
2026-07-15 15:08:14.393591+00:00,6,6_blocks,105674,48.2,5,4,3,,,0.5,"xgb,lgb",1.4454545454545455,False,0.0,VALIDATED,,,20,19.62,33.0,32.03,1.0,1.0
2026-07-15 16:42:46.059075+00:00,1,1_block,103772,48.0,5,4,3,,,0.5,"xgb,lgb",3.0098360655737704,False,0.0,VALIDATED,,,6,5.32,9.0,8.2,1.0,1.0
2026-07-15 16:42:46.059075+00:00,3,3_blocks,103772,48.0,5,4,3,,,0.5,"xgb,lgb",0.4597701149425287,False,0.0,VALIDATED,,,21,20.6,34.0,33.66,1.0,1.0
2026-07-15 16:42:46.059075+00:00,6,6_blocks,103772,48.0,5,4,3,,,0.5,"xgb,lgb",0.4597701149425287,False,0.0,VALIDATED,,,21,20.59,34.0,33.66,1.0,1.0
2026-07-15 17:57:14.908602+00:00,1,1_block,101713,47.0,3,3,3,,,0.5,"xgb,lgb",1.505050505050505,False,0.0,VALIDATED,,,6,5.49,9.0,8.48,1.0,1.0
2026-07-15 17:57:14.908602+00:00,3,3_blocks,101713,47.0,3,3,3,,,0.5,"xgb,lgb",0.4597701149425287,False,0.0,VALIDATED,,,10,9.6,16.0,15.34,1.0,1.0
2026-07-15 17:57:14.908602+00:00,6,6_blocks,101713,47.0,3,3,3,,,0.5,"xgb,lgb",0.4597701149425287,False,0.0,VALIDATED,,,10,9.6,16.0,15.34,1.0,1.0
2026-07-15 19:14:15.173914+00:00,1,1_block,103666,46.7,4,4,3,,,0.5,"xgb,lgb",2.090909090909091,False,0.0,VALIDATED,,,4,3.36,5.0,4.93,1.0,1.0
2026-07-15 19:14:15.173914+00:00,3,3_blocks,103666,46.7,4,4,3,,,0.5,"xgb,lgb",0.4597701149425287,False,0.0,VALIDATED,,,14,13.88,23.0,22.46,1.0,1.0
2026-07-15 19:14:15.173914+00:00,6,6_blocks,103666,46.7,4,4,3,,,0.5,"xgb,lgb",0.4388489208633093,False,0.0,VALIDATED,,,14,13.87,23.0,22.46,1.0,1.0
2026-07-15 20:17:46.968567+00:00,1,1_block,100120,46.2,3,3,1,,,0.5,"xgb,lgb",1.0,False,0.0,VALIDATED,,,2,1.74,3.0,2.22,2.0,1.02
2026-07-15 20:17:46.968567+00:00,3,3_blocks,100120,46.2,3,3,1,,,0.5,"xgb,lgb",0.4388489208633093,False,0.0,VALIDATED,,,8,7.38,12.0,11.64,1.0,1.0
2026-07-15 20:17:46.968567+00:00,6,6_blocks,100120,46.2,3,3,1,,,0.5,"xgb,lgb",0.4857142857142857,False,0.0,VALIDATED,,,8,7.38,12.0,11.64,1.0,1.0
2026-07-15 21:17:52.789963+00:00,1,1_block,98291,44.9,2,1,1,,,1.0,"xgb,lgb",1.0056285178236395,False,0.0,VALIDATED,,,1,1.0,1.0,1.0,1.0,1.0
2026-07-15 21:17:52.789963+00:00,3,3_blocks,98291,44.9,2,1,1,,,0.5,"xgb,lgb",1.0056285178236395,False,0.0,VALIDATED,,,11,10.33,17.0,16.54,1.0,1.0
2026-07-15 21:17:52.789963+00:00,6,6_blocks,98291,44.9,2,1,1,,,0.5,"xgb,lgb",0.4857142857142857,False,0.0,VALIDATED,,,11,10.33,17.0,16.54,1.0,1.0
2026-07-15 22:16:35.205148+00:00,1,1_block,101285,45.8,4,3,1,,,0.726,"xgb,lgb",1.0056285178236395,False,0.0,VALIDATED,,,2,1.13,1.0,1.0,2.0,1.32
2026-07-15 22:16:35.205148+00:00,3,3_blocks,101285,45.8,4,3,1,,,0.5,"xgb,lgb",0.4388489208633093,False,0.0,VALIDATED,,,13,12.59,21.0,20.32,1.0,1.0
2026-07-15 22:16:35.205148+00:00,6,6_blocks,101285,45.8,4,3,1,,,0.5,"xgb,lgb",0.4388489208633093,False,0.0,VALIDATED,,,13,12.59,21.0,20.32,1.0,1.0
2026-07-15 23:14:40.626156+00:00,1,1_block,100754,45.6,3,3,1,,,0.5,"xgb,lgb",1.6832151300236406,False,0.0,VALIDATED,,,3,2.34,4.0,3.16,2.0,1.1
2026-07-15 23:14:40.626156+00:00,3,3_blocks,100754,45.6,3,3,1,,,0.5,"xgb,lgb",1.0,False,0.0,VALIDATED,,,10,9.97,16.0,15.95,1.0,1.0
2026-07-15 23:14:40.626156+00:00,6,6_blocks,100754,45.6,3,3,1,,,0.5,"xgb,lgb",0.4214285714285714,False,0.0,VALIDATED,,,10,9.97,16.0,15.95,1.0,1.0
2026-07-16 00:12:09.285493+00:00,1,1_block,100669,45.1,2,1,1,,,1.0,"xgb,lgb",2.0338983050847457,False,0.0,VALIDATED,,,1,1.0,1.0,1.0,1.0,1.0
2026-07-16 00:12:09.285493+00:00,3,3_blocks,100669,45.1,2,1,1,,,0.5,"xgb,lgb",1.0,False,0.0,VALIDATED,,,11,10.62,18.0,17.02,1.0,1.0
2026-07-16 00:12:09.285493+00:00,6,6_blocks,100669,45.1,2,1,1,,,0.5,"xgb,lgb",0.4214285714285714,False,0.0,VALIDATED,,,11,10.61,18.0,17.02,1.0,1.0
2026-07-16 03:41:18.061183+00:00,1,1_block,99218,44.9,1,1,1,,,1.0,"xgb,lgb",1.0,False,0.0,VALIDATED,,,1,1.0,1.0,1.0,1.0,1.0
2026-07-16 03:41:18.061183+00:00,3,3_blocks,99218,44.9,1,1,1,,,0.996,"xgb,lgb",0.4642857142857143,False,0.0,VALIDATED,,,2,1.0,1.0,1.0,1.0,1.0
2026-07-16 03:41:18.061183+00:00,6,6_blocks,99218,44.9,1,1,1,,,1.0,"xgb,lgb",0.3636363636363636,False,0.0,VALIDATED,,,1,1.0,1.0,1.0,1.0,1.0
2026-07-16 06:06:02.394689+00:00,1,1_block,100570,45.1,2,1,1,,,0.5,"xgb,lgb",0.45,False,0.0,VALIDATED,,,2,1.56,2.0,1.94,1.0,1.0
2026-07-16 06:06:02.394689+00:00,3,3_blocks,100570,45.1,2,1,1,,,0.5,"xgb,lgb",0.45,False,0.0,VALIDATED,,,15,14.85,25.0,24.09,1.0,1.0
2026-07-16 06:06:02.394689+00:00,6,6_blocks,100570,45.1,2,1,1,,,0.5,"xgb,lgb",0.4607142857142857,False,0.0,VALIDATED,,,15,14.85,25.0,24.09,1.0,1.0
2026-07-16 08:30:01.054886+00:00,1,1_block,100602,45.0,2,1,1,,,0.741,"xgb,lgb",0.6285046728971962,False,0.0,VALIDATED,,,2,1.18,2.0,1.3,1.0,1.0
2026-07-16 08:30:01.054886+00:00,3,3_blocks,100602,45.0,2,1,1,,,0.5,"xgb,lgb",0.4714285714285714,False,0.0,VALIDATED,,,16,15.53,26.0,25.21,1.0,1.0
2026-07-16 08:30:01.054886+00:00,6,6_blocks,100602,45.0,2,1,1,,,0.5,"xgb,lgb",0.4607142857142857,False,0.0,VALIDATED,,,16,15.53,26.0,25.21,1.0,1.0
2026-07-16 10:28:41.830238+00:00,1,1_block,92808,43.6,1,1,1,,,0.927,"xgb,lgb",2.014705882352941,False,0.0,VALIDATED,,,2,1.03,1.0,1.0,2.0,1.08
2026-07-16 10:28:41.830238+00:00,3,3_blocks,92808,43.6,1,1,1,,,0.5,"xgb,lgb",0.4285714285714285,False,0.0,VALIDATED,,,7,6.78,11.0,10.63,1.0,1.0
2026-07-16 10:28:41.830238+00:00,6,6_blocks,92808,43.6,1,1,1,,,0.5,"xgb,lgb",1.0075187969924813,False,0.0,VALIDATED,,,7,6.78,11.0,10.63,1.0,1.0
2026-07-16 12:01:38.705156+00:00,1,1_block,104189,46.9,4,3,3,,,0.5,"xgb,lgb",1.0075187969924813,False,0.0,VALIDATED,,,3,2.99,5.0,4.12,2.0,1.31
2026-07-16 12:01:38.705156+00:00,3,3_blocks,104189,46.9,4,3,3,,,0.5,"xgb,lgb",1.0075187969924813,False,0.0,VALIDATED,,,23,22.74,38.0,37.23,1.0,1.0
2026-07-16 12:01:38.705156+00:00,6,6_blocks,104189,46.9,4,3,3,,,0.5,"xgb,lgb",1.0075187969924813,False,0.0,VALIDATED,,,23,22.74,38.0,37.23,1.0,1.0
2026-07-16 14:16:56.467978+00:00,1,1_block,107570,47.7,3,3,3,,,0.5,"xgb,lgb",2.0,False,0.0,VALIDATED,,,7,6.22,10.0,9.5,2.0,1.31
2026-07-16 14:16:56.467978+00:00,3,3_blocks,107570,47.7,3,3,3,,,0.5,"xgb,lgb",2.0,False,0.0,VALIDATED,,,22,21.11,35.0,34.52,1.0,1.0
2026-07-16 14:16:56.467978+00:00,6,6_blocks,107570,47.7,3,3,3,,,0.5,"xgb,lgb",1.1779448621553883,False,0.0,VALIDATED,,,22,21.11,35.0,34.52,1.0,1.0
2026-07-16 15:49:18.769545+00:00,1,1_block,110397,48.4,4,4,3,,,0.5,"xgb,lgb",1.1779448621553883,False,0.0,VALIDATED,,,10,9.29,15.0,14.61,2.0,1.31
2026-07-16 15:49:18.769545+00:00,3,3_blocks,110397,48.4,4,4,3,,,0.5,"xgb,lgb",1.1779448621553883,False,0.0,VALIDATED,,,12,11.43,19.0,18.39,1.0,1.0
2026-07-16 15:49:18.769545+00:00,6,6_blocks,110397,48.4,4,4,3,,,0.5,"xgb,lgb",1.1779448621553883,False,0.0,VALIDATED,,,12,11.43,19.0,18.39,1.0,1.0
2026-07-16 16:56:28.284302+00:00,1,1_block,108556,47.7,4,3,3,,,0.5,"xgb,lgb",4.125,False,0.0,VALIDATED,,,7,6.91,11.0,10.85,1.0,1.0
2026-07-16 16:56:28.284302+00:00,3,3_blocks,108556,47.7,4,3,3,,,0.5,"xgb,lgb",1.0,False,0.0,VALIDATED,,,18,17.11,28.0,27.85,1.0,1.0
2026-07-16 16:56:28.284302+00:00,6,6_blocks,108556,47.7,4,3,3,,,0.5,"xgb,lgb",1.0,False,0.0,VALIDATED,,,18,17.11,28.0,27.85,1.0,1.0
2026-07-16 18:14:03.292648+00:00,1,1_block,114178,48.5,7,6,4,,,0.5,"xgb,lgb",4.125,False,0.0,VALIDATED,,,8,7.5,12.0,11.84,1.0,1.0
2026-07-16 18:14:03.292648+00:00,3,3_blocks,114178,48.5,7,6,4,,,0.5,"xgb,lgb",1.0,False,0.0,VALIDATED,,,17,16.05,27.0,26.08,1.0,1.0
2026-07-16 18:14:03.292648+00:00,6,6_blocks,114178,48.5,7,6,4,,,0.5,"xgb,lgb",1.0,False,0.0,VALIDATED,,,17,16.05,27.0,26.08,1.0,1.0
2026-07-16 19:32:22.306859+00:00,1,1_block,106682,47.2,3,3,1,,,0.5,"xgb,lgb",1.0015948963317385,False,0.0,VALIDATED,,,12,11.44,19.0,18.4,1.0,1.0
2026-07-16 19:32:22.306859+00:00,3,3_blocks,106682,47.2,3,3,1,,,0.5,"xgb,lgb",1.0,False,0.0,VALIDATED,,,14,13.73,23.0,22.22,1.0,1.0
2026-07-16 19:32:22.306859+00:00,6,6_blocks,106682,47.2,3,3,1,,,0.5,"xgb,lgb",1.0,False,0.0,VALIDATED,,,14,13.73,23.0,22.22,1.0,1.0
2026-07-16 20:31:34.761245+00:00,1,1_block,105570,46.2,3,1,1,,,0.5,"xgb,lgb",0.4454545454545454,False,0.0,VALIDATED,,,12,11.08,18.0,17.8,1.0,1.0
2026-07-16 20:31:34.761245+00:00,3,3_blocks,105570,46.2,3,1,1,,,0.5,"xgb,lgb",0.4454545454545454,False,0.0,VALIDATED,,,15,14.02,23.0,22.7,1.0,1.0
2026-07-16 20:31:34.761245+00:00,6,6_blocks,105570,46.2,3,1,1,,,0.5,"xgb,lgb",0.4454545454545454,False,0.0,VALIDATED,,,15,14.02,23.0,22.7,1.0,1.0
2026-07-16 21:41:26.418452+00:00,1,1_block,102969,45.5,3,1,1,,,0.5,"xgb,lgb",1.0,False,0.0,VALIDATED,,,4,3.77,6.0,5.61,1.0,1.0
2026-07-16 21:41:26.418452+00:00,3,3_blocks,102969,45.5,3,1,1,,,0.5,"xgb,lgb",1.0,False,0.0,VALIDATED,,,4,3.79,6.0,5.64,1.0,1.0
2026-07-16 21:41:26.418452+00:00,6,6_blocks,102969,45.5,3,1,1,,,0.5,"xgb,lgb",1.0,False,0.0,VALIDATED,,,4,3.78,6.0,5.64,1.0,1.0
2026-07-17 01:08:34.657013+00:00,1,1_block,105686,47.7,4,4,3,,,0.5,"xgb,lgb",0.5089605734767025,False,0.0,VALIDATED,,,6,5.32,8.0,7.95,2.0,1.37
2026-07-17 01:08:34.657013+00:00,3,3_blocks,105686,47.7,4,4,3,,,0.5,"xgb,lgb",0.5089605734767025,False,0.0,VALIDATED,,,21,20.82,35.0,34.03,1.0,1.0
2026-07-17 01:08:34.657013+00:00,6,6_blocks,105686,47.7,4,4,3,,,0.5,"xgb,lgb",0.4280936454849498,False,0.0,VALIDATED,,,21,20.82,35.0,34.03,1.0,1.0
2026-07-17 04:20:55.486896+00:00,1,1_block,99839,45.4,2,1,1,,,0.5,"xgb,lgb",0.5089605734767025,False,0.0,VALIDATED,,,3,2.4,4.0,3.33,1.0,1.0
2026-07-17 04:20:55.486896+00:00,3,3_blocks,99839,45.4,2,1,1,,,0.5,"xgb,lgb",0.4285714285714285,False,0.0,VALIDATED,,,5,4.75,8.0,7.24,1.0,1.0
2026-07-17 04:20:55.486896+00:00,6,6_blocks,99839,45.4,2,1,1,,,0.5,"xgb,lgb",0.4285714285714285,False,0.0,VALIDATED,,,5,4.75,8.0,7.24,1.0,1.0
2026-07-17 06:32:50.224362+00:00,1,1_block,98762,44.9,2,1,1,,,0.74,"xgb,lgb",0.4928571428571429,False,0.0,VALIDATED,,,2,1.12,1.0,1.0,2.0,1.3
2026-07-17 06:32:50.224362+00:00,3,3_blocks,98762,44.9,2,1,1,,,0.996,"xgb,lgb",0.4928571428571429,False,0.0,VALIDATED,,,2,1.0,1.0,1.0,1.0,1.0
2026-07-17 06:32:50.224362+00:00,6,6_blocks,98762,44.9,2,1,1,,,1.0,"xgb,lgb",0.4928571428571429,False,0.0,VALIDATED,,,1,1.0,1.0,1.0,1.0,1.0
2026-07-17 08:39:29.963733+00:00,1,1_block,100951,45.7,3,2,1,,,0.5,"xgb,lgb",0.4928571428571429,False,0.0,VALIDATED,,,6,5.45,9.0,8.36,2.0,1.09
2026-07-17 08:39:29.963733+00:00,3,3_blocks,100951,45.7,3,2,1,,,0.5,"xgb,lgb",0.4928571428571429,False,0.0,VALIDATED,,,10,9.55,16.0,15.24,1.0,1.0
2026-07-17 08:39:29.963733+00:00,6,6_blocks,100951,45.7,3,2,1,,,0.5,"xgb,lgb",0.4571428571428571,False,0.0,VALIDATED,,,10,9.55,16.0,15.24,2.0,1.01
2026-07-17 10:24:58.943515+00:00,1,1_block,99664,45.1,2,1,1,,,0.5,"xgb,lgb",0.5170556552962298,False,0.0,VALIDATED,,,5,4.1,7.0,6.16,1.0,1.0
2026-07-17 10:24:58.943515+00:00,3,3_blocks,99664,45.1,2,1,1,,,0.5,"xgb,lgb",0.4571428571428571,False,0.0,VALIDATED,,,8,7.07,12.0,11.12,1.0,1.0
2026-07-17 10:24:58.943515+00:00,6,6_blocks,99664,45.1,2,1,1,,,0.5,"xgb,lgb",0.4225352112676056,False,0.0,VALIDATED,,,8,7.07,12.0,11.12,1.0,1.0
2026-07-17 11:50:15.789069+00:00,1,1_block,98659,44.7,1,1,1,,,0.927,"xgb,lgb",0.4366197183098591,False,0.0,VALIDATED,,,2,1.03,1.0,1.0,2.0,1.08
2026-07-17 11:50:15.789069+00:00,3,3_blocks,98659,44.7,1,1,1,,,0.5,"xgb,lgb",0.4366197183098591,False,0.0,VALIDATED,,,14,13.55,22.0,21.91,1.0,1.0
2026-07-17 11:50:15.789069+00:00,6,6_blocks,98659,44.7,1,1,1,,,0.5,"xgb,lgb",0.4225352112676056,False,0.0,VALIDATED,,,14,13.55,22.0,21.91,1.0,1.0
2026-07-17 12:52:12.416691+00:00,1,1_block,95213,44.1,1,1,1,,,1.0,"xgb,lgb",3.0047343503419253,False,0.0,VALIDATED,,,1,1.0,1.0,1.0,1.0,1.0
2026-07-17 12:52:12.416691+00:00,3,3_blocks,95213,44.1,1,1,1,,,0.5,"xgb,lgb",0.4380610412926391,False,0.0,VALIDATED,,,9,8.3,14.0,13.17,1.0,1.0
2026-07-17 12:52:12.416691+00:00,6,6_blocks,95213,44.1,1,1,1,,,0.5,"xgb,lgb",0.4380610412926391,False,0.0,VALIDATED,,,9,8.3,14.0,13.17,1.0,1.0
2026-07-17 14:27:50.479286+00:00,1,1_block,101815,46.1,4,3,1,,,0.5,"xgb,lgb",1.0,False,0.0,VALIDATED,,,7,6.84,11.0,10.53,2.0,1.31
2026-07-17 14:27:50.479286+00:00,3,3_blocks,101815,46.1,4,3,1,,,0.5,"xgb,lgb",1.0,False,0.0,VALIDATED,,,28,27.68,46.0,45.47,1.0,1.0
2026-07-17 14:27:50.479286+00:00,6,6_blocks,101815,46.1,4,3,1,,,0.5,"xgb,lgb",1.0,False,0.0,VALIDATED,,,28,27.68,46.0,45.47,2.0,1.01
2026-07-17 15:55:39.262820+00:00,1,1_block,98837,45.5,3,3,1,,,0.5,"xgb,lgb",3.0357142857142856,False,0.0,VALIDATED,,,8,7.44,12.0,11.73,1.0,1.0
2026-07-17 15:55:39.262820+00:00,3,3_blocks,98837,45.5,3,3,1,,,0.5,"xgb,lgb",1.0,False,0.0,VALIDATED,,,13,12.86,21.0,20.77,1.0,1.0
2026-07-17 15:55:39.262820+00:00,6,6_blocks,98837,45.5,3,3,1,,,0.5,"xgb,lgb",1.0,False,0.0,VALIDATED,,,13,12.86,21.0,20.77,1.0,1.0
2026-07-17 17:06:18.535920+00:00,1,1_block,99742,45.7,4,3,1,,,0.5,"xgb,lgb",3.0357142857142856,False,0.0,VALIDATED,,,11,10.0,16.0,16.0,1.0,1.0
2026-07-17 17:06:18.535920+00:00,3,3_blocks,99742,45.7,4,3,1,,,0.5,"xgb,lgb",1.0,False,0.0,VALIDATED,,,21,20.08,33.0,32.79,1.0,1.0
2026-07-17 17:06:18.535920+00:00,6,6_blocks,99742,45.7,4,3,1,,,0.5,"xgb,lgb",1.0,False,0.0,VALIDATED,,,21,20.08,33.0,32.79,1.0,1.0
2026-07-17 18:15:26.964461+00:00,1,1_block,107687,47.9,6,5,4,,,0.5,"xgb,lgb",5.0,False,0.0,VALIDATED,,,5,4.88,8.0,7.25,2.0,1.31
2026-07-17 18:15:26.964461+00:00,3,3_blocks,107687,47.9,6,5,4,,,0.5,"xgb,lgb",1.2013888888888888,False,0.0,VALIDATED,,,28,27.92,46.0,45.87,1.0,1.0
2026-07-17 18:15:26.964461+00:00,6,6_blocks,107687,47.9,6,5,4,,,0.5,"xgb,lgb",1.2013888888888888,False,0.0,VALIDATED,,,28,27.92,46.0,45.87,1.0,1.0
2026-07-17 19:35:03.552037+00:00,1,1_block,103438,47.6,3,3,3,,,0.5,"xgb,lgb",1.2013888888888888,False,0.0,VALIDATED,,,2,1.82,3.0,2.31,2.0,1.08
2026-07-17 19:35:03.552037+00:00,3,3_blocks,103438,47.6,3,3,3,,,0.5,"xgb,lgb",1.087248322147651,False,0.0,VALIDATED,,,14,13.75,23.0,22.25,1.0,1.0
2026-07-17 19:35:03.552037+00:00,6,6_blocks,103438,47.6,3,3,3,,,0.5,"xgb,lgb",1.087248322147651,False,0.0,VALIDATED,,,14,13.75,23.0,22.25,1.0,1.0
2026-07-17 20:30:47.367764+00:00,1,1_block,102931,47.0,4,3,1,,,0.5,"xgb,lgb",2.007692307692308,False,0.0,VALIDATED,,,3,2.82,5.0,4.03,1.0,1.0
2026-07-17 20:30:47.367764+00:00,3,3_blocks,102931,47.0,4,3,1,,,0.5,"xgb,lgb",2.007692307692308,False,0.0,VALIDATED,,,19,18.84,31.0,30.74,1.0,1.0
2026-07-17 20:30:47.367764+00:00,6,6_blocks,102931,47.0,4,3,1,,,0.5,"xgb,lgb",2.0,False,0.0,VALIDATED,,,19,18.84,31.0,30.74,1.0,1.0
2026-07-17 21:23:41.910554+00:00,1,1_block,102291,47.2,3,3,2,,,0.5,"xgb,lgb",2.0,False,0.0,VALIDATED,,,7,6.31,10.0,9.64,2.0,1.31
2026-07-17 21:23:41.910554+00:00,3,3_blocks,102291,47.2,3,3,2,,,0.5,"xgb,lgb",2.0,False,0.0,VALIDATED,,,9,8.26,14.0,13.09,1.0,1.0
2026-07-17 21:23:41.910554+00:00,6,6_blocks,102291,47.2,3,3,2,,,0.5,"xgb,lgb",2.0,False,0.0,VALIDATED,,,9,8.26,14.0,13.09,1.0,1.0
2026-07-17 22:12:57.581287+00:00,1,1_block,107778,48.7,7,6,4,,,0.5,"xgb,lgb",2.0,False,0.0,VALIDATED,,,10,9.51,16.0,15.09,2.0,1.15
2026-07-17 22:12:57.581287+00:00,3,3_blocks,107778,48.7,7,6,4,,,0.5,"xgb,lgb",1.080091533180778,False,0.0,VALIDATED,,,16,15.69,26.0,25.49,1.0,1.0
2026-07-17 22:12:57.581287+00:00,6,6_blocks,107778,48.7,7,6,4,,,0.5,"xgb,lgb",1.080091533180778,False,0.0,VALIDATED,,,16,15.69,26.0,25.49,1.0,1.0
2026-07-17 23:11:06.330434+00:00,1,1_block,102597,47.4,3,3,3,,,0.765,"xgb,lgb",1.080091533180778,False,0.0,VALIDATED,,,2,1.11,1.0,1.0,2.0,1.27
2026-07-17 23:11:06.330434+00:00,3,3_blocks,102597,47.4,3,3,3,,,0.5,"xgb,lgb",0.4642857142857143,False,0.0,VALIDATED,,,5,4.57,7.0,6.95,1.0,1.0
2026-07-17 23:11:06.330434+00:00,6,6_blocks,102597,47.4,3,3,3,,,0.5,"xgb,lgb",0.4214285714285714,False,0.0,VALIDATED,,,5,4.57,7.0,6.95,1.0,1.0
2026-07-18 00:07:50.008960+00:00,1,1_block,97857,45.2,1,1,1,,,0.929,"xgb,lgb",1.004566210045662,False,0.0,VALIDATED,,,2,1.03,1.0,1.0,2.0,1.07
2026-07-18 00:07:50.008960+00:00,3,3_blocks,97857,45.2,1,1,1,,,0.5,"xgb,lgb",0.4642857142857143,False,0.0,VALIDATED,,,4,3.03,5.0,4.37,1.0,1.0
2026-07-18 00:07:50.008960+00:00,6,6_blocks,97857,45.2,1,1,1,,,0.5,"xgb,lgb",0.4214285714285714,False,0.0,VALIDATED,,,4,3.02,5.0,4.37,1.0,1.0
2026-07-18 03:26:17.175330+00:00,1,1_block,99653,45.6,3,3,1,,,0.5,"xgb,lgb",0.4214285714285714,False,0.0,VALIDATED,,,5,4.71,8.0,7.11,2.0,1.11
2026-07-18 03:26:17.175330+00:00,3,3_blocks,99653,45.6,3,3,1,,,0.5,"xgb,lgb",0.4214285714285714,False,0.0,VALIDATED,,,6,5.09,8.0,7.82,1.0,1.0
2026-07-18 03:26:17.175330+00:00,6,6_blocks,99653,45.6,3,3,1,,,0.5,"xgb,lgb",0.4214285714285714,False,0.0,VALIDATED,,,6,5.11,8.0,7.82,2.0,1.04
2026-07-18 05:41:47.086435+00:00,1,1_block,97355,44.8,1,1,1,,,0.5,"xgb,lgb",0.5017921146953405,False,0.0,VALIDATED,,,7,6.61,11.0,10.35,1.0,1.0
2026-07-18 05:41:47.086435+00:00,3,3_blocks,97355,44.8,1,1,1,,,0.996,"xgb,lgb",0.4214285714285714,False,0.0,VALIDATED,,,2,1.0,1.0,1.0,1.0,1.0
2026-07-18 05:41:47.086435+00:00,6,6_blocks,97355,44.8,1,1,1,,,1.0,"xgb,lgb",0.4214285714285714,False,0.0,VALIDATED,,,1,1.0,1.0,1.0,1.0,1.0
2026-07-18 07:20:38.598581+00:00,1,1_block,99946,45.3,2,1,1,,,0.5,"xgb,lgb",0.4285714285714285,False,0.0,VALIDATED,,,4,3.9,6.0,5.83,1.0,1.0
2026-07-18 07:20:38.598581+00:00,3,3_blocks,99946,45.3,2,1,1,,,0.5,"xgb,lgb",0.4285714285714285,False,0.0,VALIDATED,,,8,7.62,13.0,12.04,1.0,1.0
2026-07-18 07:20:38.598581+00:00,6,6_blocks,99946,45.3,2,1,1,,,0.5,"xgb,lgb",0.3858267716535433,False,0.0,VALIDATED,,,8,7.62,13.0,12.04,1.0,1.0
2026-07-18 09:03:19.742312+00:00,1,1_block,96970,44.6,1,1,1,,,0.5,"xgb,lgb",0.4388489208633093,False,0.0,VALIDATED,,,3,2.91,5.0,4.19,1.0,1.0
2026-07-18 09:03:19.742312+00:00,3,3_blocks,96970,44.6,1,1,1,,,0.5,"xgb,lgb",0.3858267716535433,False,0.0,VALIDATED,,,3,2.43,4.0,3.38,1.0,1.0
2026-07-18 09:03:19.742312+00:00,6,6_blocks,96970,44.6,1,1,1,,,0.5,"xgb,lgb",0.52,False,0.0,VALIDATED,,,3,2.43,4.0,3.38,1.0,1.0
2026-07-18 10:37:02.107330+00:00,1,1_block,91371,43.8,1,1,1,,,1.0,"xgb,lgb",1.0211267605633805,False,0.0,VALIDATED,,,1,1.0,1.0,1.0,1.0,1.0
2026-07-18 10:37:02.107330+00:00,3,3_blocks,91371,43.8,1,1,1,,,0.996,"xgb,lgb",1.0182926829268293,False,0.0,VALIDATED,,,2,1.0,1.0,1.0,1.0,1.0
2026-07-18 10:37:02.107330+00:00,6,6_blocks,91371,43.8,1,1,1,,,1.0,"xgb,lgb",0.4454545454545454,False,0.0,VALIDATED,,,1,1.0,1.0,1.0,1.0,1.0
2026-07-18 11:33:36.941929+00:00,1,1_block,94605,44.6,2,2,1,,,0.5,"xgb,lgb",0.4454545454545454,False,0.0,VALIDATED,,,10,9.51,15.0,14.94,2.0,1.35
2026-07-18 11:33:36.941929+00:00,3,3_blocks,94605,44.6,2,2,1,,,0.5,"xgb,lgb",0.4454545454545454,False,0.0,VALIDATED,,,10,9.64,16.0,15.4,1.0,1.0
2026-07-18 11:33:36.941929+00:00,6,6_blocks,94605,44.6,2,2,1,,,0.5,"xgb,lgb",0.4454545454545454,False,0.0,VALIDATED,,,10,9.64,16.0,15.4,1.0,1.0
2026-07-18 12:32:59.010799+00:00,1,1_block,95153,44.6,2,1,1,,,0.5,"xgb,lgb",0.5223214285714286,False,0.0,VALIDATED,,,12,11.91,19.0,18.99,2.0,1.3
2026-07-18 12:32:59.010799+00:00,3,3_blocks,95153,44.6,2,1,1,,,0.5,"xgb,lgb",0.5071428571428571,False,0.0,VALIDATED,,,14,13.71,23.0,22.19,1.0,1.0
2026-07-18 12:32:59.010799+00:00,6,6_blocks,95153,44.6,2,1,1,,,0.5,"xgb,lgb",0.3687943262411347,False,0.0,VALIDATED,,,14,13.72,23.0,22.19,2.0,1.01
2026-07-18 14:04:03.524646+00:00,1,1_block,90110,43.3,1,1,1,,,1.0,"xgb,lgb",0.4316546762589928,False,0.0,VALIDATED,,,1,1.0,1.0,1.0,1.0,1.0
2026-07-18 14:04:03.524646+00:00,3,3_blocks,90110,43.3,1,1,1,,,0.996,"xgb,lgb",0.4316546762589928,False,0.0,VALIDATED,,,2,1.0,1.0,1.0,1.0,1.0
2026-07-18 14:04:03.524646+00:00,6,6_blocks,90110,43.3,1,1,1,,,1.0,"xgb,lgb",0.4316546762589928,False,0.0,VALIDATED,,,1,1.0,1.0,1.0,1.0,1.0
2026-07-18 15:09:12.717231+00:00,1,1_block,91478,43.8,2,1,1,,,0.5,"xgb,lgb",0.4316546762589928,False,0.0,VALIDATED,,,8,7.15,12.0,11.25,1.0,1.0
2026-07-18 15:09:12.717231+00:00,3,3_blocks,91478,43.8,2,1,1,,,0.5,"xgb,lgb",0.4214285714285714,False,0.0,VALIDATED,,,13,12.28,20.0,19.79,1.0,1.0
2026-07-18 15:09:12.717231+00:00,6,6_blocks,91478,43.8,2,1,1,,,0.5,"xgb,lgb",0.4214285714285714,False,0.0,VALIDATED,,,13,12.27,20.0,19.79,1.0,1.0
2026-07-18 16:08:35.653649+00:00,1,1_block,88989,43.1,1,1,1,,,0.5,"xgb,lgb",0.4357142857142857,False,0.0,VALIDATED,,,5,4.63,8.0,7.06,1.0,1.0
2026-07-18 16:08:35.653649+00:00,3,3_blocks,88989,43.1,1,1,1,,,0.5,"xgb,lgb",0.4244604316546763,False,0.0,VALIDATED,,,10,9.27,15.0,14.79,1.0,1.0
2026-07-18 16:08:35.653649+00:00,6,6_blocks,88989,43.1,1,1,1,,,0.5,"xgb,lgb",0.4181818181818181,False,0.0,VALIDATED,,,10,9.27,15.0,14.79,1.0,1.0
2026-07-18 17:10:38.310903+00:00,1,1_block,80067,41.8,1,1,1,,,0.5,"xgb,lgb",0.6357142857142857,False,0.0,VALIDATED,,,2,1.88,3.0,2.46,1.0,1.0
2026-07-18 17:10:38.310903+00:00,3,3_blocks,80067,41.8,1,1,1,,,0.5,"xgb,lgb",0.466786355475763,False,0.0,VALIDATED,,,12,11.47,19.0,18.44,1.0,1.0
2026-07-18 17:10:38.310903+00:00,6,6_blocks,80067,41.8,1,1,1,,,0.5,"xgb,lgb",0.4448275862068965,False,0.0,VALIDATED,,,12,11.46,19.0,18.44,1.0,1.0
2026-07-18 18:06:25.252102+00:00,1,1_block,88729,43.0,1,1,1,,,0.5,"xgb,lgb",0.5964343598055105,False,0.0,VALIDATED,,,4,3.76,6.0,5.61,1.0,1.0
2026-07-18 18:06:25.252102+00:00,3,3_blocks,88729,43.0,1,1,1,,,0.5,"xgb,lgb",0.4214285714285714,False,0.0,VALIDATED,,,5,4.33,7.0,6.54,1.0,1.0
2026-07-18 18:06:25.252102+00:00,6,6_blocks,88729,43.0,1,1,1,,,0.5,"xgb,lgb",0.4214285714285714,False,0.0,VALIDATED,,,5,4.32,7.0,6.54,1.0,1.0
2026-07-18 19:20:20.674526+00:00,1,1_block,92661,44.1,3,1,1,,,0.5,"xgb,lgb",0.4214285714285714,False,0.0,VALIDATED,,,7,6.33,10.0,9.88,1.0,1.0
2026-07-18 19:20:20.674526+00:00,3,3_blocks,92661,44.1,3,1,1,,,0.5,"xgb,lgb",0.4214285714285714,False,0.0,VALIDATED,,,17,16.56,27.0,26.93,1.0,1.0
2026-07-18 19:20:20.674526+00:00,6,6_blocks,92661,44.1,3,1,1,,,0.5,"xgb,lgb",0.4214285714285714,False,0.0,VALIDATED,,,17,16.56,27.0,26.93,1.0,1.0
2026-07-18 20:14:57.531418+00:00,1,1_block,95747,45.1,4,4,3,,,0.5,"xgb,lgb",4.219081272084805,False,0.0,VALIDATED,,,10,9.53,16.0,15.21,1.0,1.0
2026-07-18 20:14:57.531418+00:00,3,3_blocks,95747,45.1,4,4,3,,,0.5,"xgb,lgb",0.4357142857142857,False,0.0,VALIDATED,,,18,17.08,28.0,27.79,1.0,1.0
2026-07-18 20:14:57.531418+00:00,6,6_blocks,95747,45.1,4,4,3,,,0.5,"xgb,lgb",0.4357142857142857,False,0.0,VALIDATED,,,18,17.07,28.0,27.79,1.0,1.0
2026-07-18 21:04:01.729710+00:00,1,1_block,88945,43.2,1,1,1,,,0.5,"xgb,lgb",0.4711779448621553,False,0.0,VALIDATED,,,2,1.52,2.0,1.82,2.0,1.06
2026-07-18 21:04:01.729710+00:00,3,3_blocks,88945,43.2,1,1,1,,,0.5,"xgb,lgb",0.4244604316546763,False,0.0,VALIDATED,,,6,5.93,10.0,9.21,1.0,1.0
2026-07-18 21:04:01.729710+00:00,6,6_blocks,88945,43.2,1,1,1,,,0.5,"xgb,lgb",0.4244604316546763,False,0.0,VALIDATED,,,6,5.93,10.0,9.21,1.0,1.0
2026-07-18 22:02:44.178333+00:00,1,1_block,90708,43.8,2,1,1,,,0.5,"xgb,lgb",0.4704081632653061,False,0.0,VALIDATED,,,5,4.81,8.0,7.35,1.0,1.0
2026-07-18 22:02:44.178333+00:00,3,3_blocks,90708,43.8,2,1,1,,,0.5,"xgb,lgb",0.4524236983842011,False,0.0,VALIDATED,,,11,10.38,17.0,16.63,1.0,1.0
2026-07-18 22:02:44.178333+00:00,6,6_blocks,90708,43.8,2,1,1,,,0.5,"xgb,lgb",0.4118993135011441,False,0.0,VALIDATED,,,11,10.38,17.0,16.63,1.0,1.0
2026-07-18 23:04:57.080524+00:00,1,1_block,88529,43.1,1,1,1,,,0.5,"xgb,lgb",0.4642857142857143,False,0.0,VALIDATED,,,5,4.93,8.0,7.33,2.0,1.33
2026-07-18 23:04:57.080524+00:00,3,3_blocks,88529,43.1,1,1,1,,,0.996,"xgb,lgb",0.4428571428571428,False,0.0,VALIDATED,,,2,1.0,1.0,1.0,1.0,1.0
2026-07-18 23:04:57.080524+00:00,6,6_blocks,88529,43.1,1,1,1,,,1.0,"xgb,lgb",0.4236983842010772,False,0.0,VALIDATED,,,1,1.0,1.0,1.0,1.0,1.0
2026-07-19 00:04:27.964059+00:00,1,1_block,90226,43.6,2,1,1,,,0.5,"xgb,lgb",0.4428571428571428,False,0.0,VALIDATED,,,6,5.81,10.0,9.02,1.0,1.0
2026-07-19 00:04:27.964059+00:00,3,3_blocks,90226,43.6,2,1,1,,,0.5,"xgb,lgb",0.4428571428571428,False,0.0,VALIDATED,,,8,7.71,13.0,12.17,1.0,1.0
2026-07-19 00:04:27.964059+00:00,6,6_blocks,90226,43.6,2,1,1,,,0.5,"xgb,lgb",0.4236983842010772,False,0.0,VALIDATED,,,8,7.7,13.0,12.17,1.0,1.0
2026-07-19 03:46:17.800730+00:00,1,1_block,89039,43.2,1,1,1,,,0.896,"xgb,lgb",0.4028776978417266,False,0.0,VALIDATED,,,2,1.04,1.0,1.0,2.0,1.11
2026-07-19 03:46:17.800730+00:00,3,3_blocks,89039,43.2,1,1,1,,,0.5,"xgb,lgb",0.4028776978417266,False,0.0,VALIDATED,,,14,13.19,22.0,21.31,1.0,1.0
2026-07-19 03:46:17.800730+00:00,6,6_blocks,89039,43.2,1,1,1,,,0.5,"xgb,lgb",0.4028776978417266,False,0.0,VALIDATED,,,14,13.19,22.0,21.31,2.0,1.01
2026-07-19 06:17:45.005630+00:00,1,1_block,79331,41.7,1,1,1,,,0.5,"xgb,lgb",0.3958762886597938,False,0.0,VALIDATED,,,2,1.78,3.0,2.3,1.0,1.0
2026-07-19 06:17:45.005630+00:00,3,3_blocks,79331,41.7,1,1,1,,,0.5,"xgb,lgb",0.3958762886597938,False,0.0,VALIDATED,,,5,4.1,7.0,6.16,1.0,1.0
2026-07-19 06:17:45.005630+00:00,6,6_blocks,79331,41.7,1,1,1,,,0.5,"xgb,lgb",0.4214285714285714,False,0.0,VALIDATED,,,5,4.09,7.0,6.16,1.0,1.0
2026-07-19 08:36:56.731710+00:00,1,1_block,82684,42.2,1,1,1,,,0.5,"xgb,lgb",0.5142857142857142,False,0.0,VALIDATED,,,3,2.55,4.0,3.58,1.0,1.0
2026-07-19 08:36:56.731710+00:00,3,3_blocks,82684,42.2,1,1,1,,,0.996,"xgb,lgb",0.4214285714285714,False,0.0,VALIDATED,,,2,1.0,1.0,1.0,1.0,1.0
2026-07-19 08:36:56.731710+00:00,6,6_blocks,82684,42.2,1,1,1,,,1.0,"xgb,lgb",0.4214285714285714,False,0.0,VALIDATED,,,1,1.0,1.0,1.0,1.0,1.0
2026-07-19 10:11:25.899284+00:00,1,1_block,82832,42.6,2,1,1,,,0.5,"xgb,lgb",0.6038961038961039,False,0.0,VALIDATED,,,3,2.67,4.0,3.79,1.0,1.0
2026-07-19 10:11:25.899284+00:00,3,3_blocks,82832,42.6,2,1,1,,,0.5,"xgb,lgb",0.4357142857142857,False,0.0,VALIDATED,,,7,6.83,11.0,10.72,1.0,1.0
2026-07-19 10:11:25.899284+00:00,6,6_blocks,82832,42.6,2,1,1,,,0.5,"xgb,lgb",0.3909090909090909,False,0.0,VALIDATED,,,7,6.83,11.0,10.72,1.0,1.0
2026-07-19 11:32:51.123522+00:00,1,1_block,80053,42.2,2,1,1,,,1.0,"xgb,lgb",0.4428571428571428,False,0.0,VALIDATED,,,1,1.0,1.0,1.0,1.0,1.0
2026-07-19 11:32:51.123522+00:00,3,3_blocks,80053,42.2,2,1,1,,,0.996,"xgb,lgb",0.3909090909090909,False,0.0,VALIDATED,,,2,1.0,1.0,1.0,1.0,1.0
2026-07-19 11:32:51.123522+00:00,6,6_blocks,80053,42.2,2,1,1,,,1.0,"xgb,lgb",0.3909090909090909,False,0.0,VALIDATED,,,1,1.0,1.0,1.0,1.0,1.0
2026-07-19 12:32:40.381737+00:00,1,1_block,77861,41.7,1,1,1,,,0.5,"xgb,lgb",1.0,False,0.0,VALIDATED,,,2,1.68,3.0,2.13,1.0,1.0
2026-07-19 12:32:40.381737+00:00,3,3_blocks,77861,41.7,1,1,1,,,0.996,"xgb,lgb",1.0,False,0.0,VALIDATED,,,2,1.0,1.0,1.0,1.0,1.0
2026-07-19 12:32:40.381737+00:00,6,6_blocks,77861,41.7,1,1,1,,,1.0,"xgb,lgb",0.4214285714285714,False,0.0,VALIDATED,,,1,1.0,1.0,1.0,1.0,1.0
2026-07-19 14:08:31.671826+00:00,1,1_block,89090,43.7,2,1,1,,,0.5,"xgb,lgb",1.211009174311927,False,0.0,VALIDATED,,,6,5.24,9.0,8.07,1.0,1.0
2026-07-19 14:08:31.671826+00:00,3,3_blocks,89090,43.7,2,1,1,,,0.5,"xgb,lgb",1.211009174311927,False,0.0,VALIDATED,,,6,5.64,9.0,8.73,1.0,1.0
2026-07-19 14:08:31.671826+00:00,6,6_blocks,89090,43.7,2,1,1,,,0.5,"xgb,lgb",1.0,False,0.0,VALIDATED,,,6,5.64,9.0,8.73,1.0,1.0
2026-07-19 15:11:50.575510+00:00,1,1_block,96174,45.0,3,3,1,,,0.5,"xgb,lgb",1.211009174311927,False,0.0,VALIDATED,,,7,6.23,10.0,9.48,2.0,1.35
2026-07-19 15:11:50.575510+00:00,3,3_blocks,96174,45.0,3,3,1,,,0.996,"xgb,lgb",0.5,False,0.0,VALIDATED,,,2,1.0,1.0,1.0,1.0,1.0
2026-07-19 15:11:50.575510+00:00,6,6_blocks,96174,45.0,3,3,1,,,1.0,"xgb,lgb",0.4285714285714285,False,0.0,VALIDATED,,,1,1.0,1.0,1.0,1.0,1.0
2026-07-19 16:12:31.247650+00:00,1,1_block,84868,42.6,1,1,1,,,0.5,"xgb,lgb",1.0124777183600713,False,0.0,VALIDATED,,,7,6.3,10.0,9.83,1.0,1.0
2026-07-19 16:12:31.247650+00:00,3,3_blocks,84868,42.6,1,1,1,,,0.996,"xgb,lgb",0.5,False,0.0,VALIDATED,,,2,1.0,1.0,1.0,1.0,1.0
2026-07-19 16:12:31.247650+00:00,6,6_blocks,84868,42.6,1,1,1,,,1.0,"xgb,lgb",0.4285714285714285,False,0.0,VALIDATED,,,1,1.0,1.0,1.0,1.0,1.0
2026-07-19 17:18:30.281935+00:00,1,1_block,95831,45.1,4,3,1,,,0.5,"xgb,lgb",4.0,False,0.0,VALIDATED,,,9,8.58,14.0,13.63,1.0,1.0
2026-07-19 17:18:30.281935+00:00,3,3_blocks,95831,45.1,4,3,1,,,0.5,"xgb,lgb",0.4363636363636363,False,0.0,VALIDATED,,,8,7.88,13.0,12.47,1.0,1.0
2026-07-19 17:18:30.281935+00:00,6,6_blocks,95831,45.1,4,3,1,,,0.5,"xgb,lgb",0.4363636363636363,False,0.0,VALIDATED,,,8,7.88,13.0,12.47,1.0,1.0
2026-07-19 18:11:48.885163+00:00,1,1_block,95320,44.2,1,1,1,,,0.5,"xgb,lgb",1.0212014134275618,False,0.0,VALIDATED,,,9,8.06,13.0,12.76,1.0,1.0
2026-07-19 18:11:48.885163+00:00,3,3_blocks,95320,44.2,1,1,1,,,0.5,"xgb,lgb",0.4727272727272727,False,0.0,VALIDATED,,,14,13.63,23.0,22.05,1.0,1.0
2026-07-19 18:11:48.885163+00:00,6,6_blocks,95320,44.2,1,1,1,,,0.5,"xgb,lgb",0.4727272727272727,False,0.0,VALIDATED,,,14,13.63,23.0,22.05,1.0,1.0
2026-07-19 19:34:48.200659+00:00,1,1_block,98409,44.9,2,1,1,,,0.5,"xgb,lgb",0.4727272727272727,False,0.0,VALIDATED,,,7,6.85,11.0,10.66,2.0,1.14
2026-07-19 19:34:48.200659+00:00,3,3_blocks,98409,44.9,2,1,1,,,0.5,"xgb,lgb",0.4357142857142857,False,0.0,VALIDATED,,,5,4.06,7.0,6.1,1.0,1.0
2026-07-19 19:34:48.200659+00:00,6,6_blocks,98409,44.9,2,1,1,,,0.5,"xgb,lgb",0.4357142857142857,False,0.0,VALIDATED,,,5,4.06,7.0,6.1,1.0,1.0
2026-07-19 20:26:38.861956+00:00,1,1_block,99828,45.1,2,1,1,,,0.5,"xgb,lgb",0.5595667870036101,False,0.0,VALIDATED,,,10,9.55,16.0,15.25,1.0,1.0
2026-07-19 20:26:38.861956+00:00,3,3_blocks,99828,45.1,2,1,1,,,0.5,"xgb,lgb",0.4357142857142857,False,0.0,VALIDATED,,,15,14.45,24.0,23.41,1.0,1.0
2026-07-19 20:26:38.861956+00:00,6,6_blocks,99828,45.1,2,1,1,,,0.5,"xgb,lgb",0.4357142857142857,False,0.0,VALIDATED,,,15,14.45,24.0,23.41,1.0,1.0
2026-07-19 21:14:46.511548+00:00,1,1_block,91827,43.6,1,1,1,,,0.5,"xgb,lgb",0.5595667870036101,False,0.0,VALIDATED,,,2,1.77,3.0,2.24,2.0,1.07
2026-07-19 21:14:46.511548+00:00,3,3_blocks,91827,43.6,1,1,1,,,0.5,"xgb,lgb",0.4357142857142857,False,0.0,VALIDATED,,,7,6.07,10.0,9.45,1.0,1.0
2026-07-19 21:14:46.511548+00:00,6,6_blocks,91827,43.6,1,1,1,,,0.5,"xgb,lgb",0.4357142857142857,False,0.0,VALIDATED,,,7,6.07,10.0,9.45,1.0,1.0
2026-07-19 22:11:16.702576+00:00,1,1_block,93838,43.9,1,1,1,,,0.5,"xgb,lgb",0.5527638190954773,False,0.0,VALIDATED,,,7,6.32,10.0,9.87,1.0,1.0
2026-07-19 22:11:16.702576+00:00,3,3_blocks,93838,43.9,1,1,1,,,0.5,"xgb,lgb",0.4380610412926391,False,0.0,VALIDATED,,,4,3.17,5.0,4.61,1.0,1.0
2026-07-19 22:11:16.702576+00:00,6,6_blocks,93838,43.9,1,1,1,,,0.5,"xgb,lgb",0.4380610412926391,False,0.0,VALIDATED,,,4,3.17,5.0,4.61,1.0,1.0
2026-07-19 23:14:21.953588+00:00,1,1_block,95859,44.6,2,1,1,,,0.5,"xgb,lgb",1.6060037523452158,False,0.0,VALIDATED,,,5,4.51,7.0,6.85,1.0,1.0
2026-07-19 23:14:21.953588+00:00,3,3_blocks,95859,44.6,2,1,1,,,0.5,"xgb,lgb",0.4388489208633093,False,0.0,VALIDATED,,,11,10.34,17.0,16.56,1.0,1.0
2026-07-19 23:14:21.953588+00:00,6,6_blocks,95859,44.6,2,1,1,,,0.5,"xgb,lgb",0.4388489208633093,False,0.0,VALIDATED,,,11,10.34,17.0,16.56,1.0,1.0
2026-07-20 00:15:00.707054+00:00,1,1_block,94810,44.3,2,1,1,,,0.5,"xgb,lgb",1.0,False,0.0,VALIDATED,,,8,7.72,13.0,12.2,1.0,1.0
2026-07-20 00:15:00.707054+00:00,3,3_blocks,94810,44.3,2,1,1,,,0.5,"xgb,lgb",0.4388489208633093,False,0.0,VALIDATED,,,13,12.39,20.0,19.98,1.0,1.0
2026-07-20 00:15:00.707054+00:00,6,6_blocks,94810,44.3,2,1,1,,,0.5,"xgb,lgb",0.4388489208633093,False,0.0,VALIDATED,,,13,12.39,20.0,19.98,1.0,1.0
2026-07-20 04:07:41.154154+00:00,1,1_block,94833,44.3,1,1,1,,,0.5,"xgb,lgb",0.4285714285714285,False,0.0,VALIDATED,,,13,12.92,21.0,20.86,1.0,1.0
2026-07-20 04:07:41.154154+00:00,3,3_blocks,94833,44.3,1,1,1,,,0.5,"xgb,lgb",0.4285714285714285,False,0.0,VALIDATED,,,13,12.43,21.0,20.04,1.0,1.0
2026-07-20 04:07:41.154154+00:00,6,6_blocks,94833,44.3,1,1,1,,,0.5,"xgb,lgb",0.4285714285714285,False,0.0,VALIDATED,,,13,12.43,21.0,20.04,1.0,1.0
2026-07-20 07:24:48.906075+00:00,1,1_block,93231,44.2,2,1,1,,,0.5,"xgb,lgb",0.4452380952380952,False,0.0,VALIDATED,,,9,8.56,14.0,13.52,2.0,1.11
2026-07-20 07:24:48.906075+00:00,3,3_blocks,93231,44.2,2,1,1,,,0.5,"xgb,lgb",0.4214285714285714,False,0.0,VALIDATED,,,10,9.25,15.0,14.74,1.0,1.0
2026-07-20 07:24:48.906075+00:00,6,6_blocks,93231,44.2,2,1,1,,,0.5,"xgb,lgb",0.4214285714285714,False,0.0,VALIDATED,,,10,9.25,15.0,14.74,1.0,1.0
2026-07-20 10:24:32.755443+00:00,1,1_block,79588,41.6,1,1,1,,,0.5,"xgb,lgb",0.5214285714285715,False,0.0,VALIDATED,,,7,6.91,11.0,10.85,1.0,1.0
2026-07-20 10:24:32.755443+00:00,3,3_blocks,79588,41.6,1,1,1,,,0.5,"xgb,lgb",0.4316546762589928,False,0.0,VALIDATED,,,5,4.83,8.0,7.39,1.0,1.0
2026-07-20 10:24:32.755443+00:00,6,6_blocks,79588,41.6,1,1,1,,,0.5,"xgb,lgb",0.4285714285714285,False,0.0,VALIDATED,,,5,4.83,8.0,7.39,1.0,1.0
2026-07-20 12:30:52.746595+00:00,1,1_block,89420,43.1,1,1,1,,,0.5,"xgb,lgb",0.4308797127468581,False,0.0,VALIDATED,,,5,4.45,7.0,6.75,1.0,1.0
2026-07-20 12:30:52.746595+00:00,3,3_blocks,89420,43.1,1,1,1,,,0.5,"xgb,lgb",0.4285714285714285,False,0.0,VALIDATED,,,5,4.98,8.0,7.64,1.0,1.0
2026-07-20 12:30:52.746595+00:00,6,6_blocks,89420,43.1,1,1,1,,,0.5,"xgb,lgb",0.4285714285714285,False,0.0,VALIDATED,,,5,4.98,8.0,7.64,1.0,1.0
2026-07-20 14:41:05.675645+00:00,1,1_block,88462,43.7,2,1,1,,,0.5,"xgb,lgb",0.5548549810844893,False,0.0,VALIDATED,,,3,2.6,4.0,3.45,2.0,1.32
2026-07-20 14:41:05.675645+00:00,3,3_blocks,88462,43.7,2,1,1,,,0.5,"xgb,lgb",0.4870345446388515,False,0.0,VALIDATED,,,4,3.24,5.0,4.73,1.0,1.0
2026-07-20 14:41:05.675645+00:00,6,6_blocks,88462,43.7,2,1,1,,,0.5,"xgb,lgb",0.4316546762589928,False,0.0,VALIDATED,,,4,3.24,5.0,4.73,1.0,1.0
2026-07-20 16:14:26.490021+00:00,1,1_block,95359,45.1,4,4,3,,,0.5,"xgb,lgb",0.4928571428571429,False,0.0,VALIDATED,,,11,10.34,17.0,16.57,1.0,1.0
2026-07-20 16:14:26.490021+00:00,3,3_blocks,95359,45.1,4,4,3,,,0.5,"xgb,lgb",0.4928571428571429,False,0.0,VALIDATED,,,16,15.76,26.0,25.59,1.0,1.0
2026-07-20 16:14:26.490021+00:00,6,6_blocks,95359,45.1,4,4,3,,,0.5,"xgb,lgb",0.4331883157240522,False,0.0,VALIDATED,,,16,15.75,26.0,25.59,1.0,1.0
2026-07-20 18:22:09.983040+00:00,1,1_block,88182,43.0,1,1,1,,,0.5,"xgb,lgb",2.00242718446602,False,0.0,VALIDATED,,,5,4.28,7.0,6.47,1.0,1.0
2026-07-20 18:22:09.983040+00:00,3,3_blocks,88182,43.0,1,1,1,,,0.996,"xgb,lgb",1.0,False,0.0,VALIDATED,,,2,1.0,1.0,1.0,1.0,1.0
2026-07-20 18:22:09.983040+00:00,6,6_blocks,88182,43.0,1,1,1,,,1.0,"xgb,lgb",1.0,False,0.0,VALIDATED,,,1,1.0,1.0,1.0,1.0,1.0
2026-07-20 20:05:20.215823+00:00,1,1_block,95017,45.5,5,4,3,,,0.5,"xgb,lgb",4.0,False,0.0,VALIDATED,,,13,12.59,21.0,20.1,2.0,1.34
2026-07-20 20:05:20.215823+00:00,3,3_blocks,95017,45.5,5,4,3,,,0.5,"xgb,lgb",2.004576659038902,False,0.0,VALIDATED,,,7,6.51,11.0,10.19,1.0,1.0
2026-07-20 20:05:20.215823+00:00,6,6_blocks,95017,45.5,5,4,3,,,0.5,"xgb,lgb",2.0,False,0.0,VALIDATED,,,7,6.51,11.0,10.19,1.0,1.0
2026-07-20 21:20:03.706951+00:00,1,1_block,91880,44.8,3,3,1,,,0.5,"xgb,lgb",2.0,False,0.0,VALIDATED,,,8,7.81,13.0,12.18,2.0,1.25
2026-07-20 21:20:03.706951+00:00,3,3_blocks,91880,44.8,3,3,1,,,0.996,"xgb,lgb",1.0,False,0.0,VALIDATED,,,2,1.0,1.0,1.0,1.0,1.0
2026-07-20 21:20:03.706951+00:00,6,6_blocks,91880,44.8,3,3,1,,,1.0,"xgb,lgb",1.0,False,0.0,VALIDATED,,,1,1.0,1.0,1.0,1.0,1.0
2026-07-20 22:17:00.340165+00:00,1,1_block,90906,44.5,2,2,1,,,0.5,"xgb,lgb",1.0,False,0.0,VALIDATED,,,8,7.41,12.0,11.48,2.0,1.31
2026-07-20 22:17:00.340165+00:00,3,3_blocks,90906,44.5,2,2,1,,,0.5,"xgb,lgb",1.0,False,0.0,VALIDATED,,,5,4.75,8.0,7.25,1.0,1.0
2026-07-20 22:17:00.340165+00:00,6,6_blocks,90906,44.5,2,2,1,,,0.5,"xgb,lgb",1.0,False,0.0,VALIDATED,,,5,4.75,8.0,7.25,1.0,1.0
2026-07-20 23:17:45.300349+00:00,1,1_block,95830,45.6,5,5,4,,,0.5,"xgb,lgb",3.0,False,0.0,VALIDATED,,,17,16.26,27.0,26.39,2.0,1.05
2026-07-20 23:17:45.300349+00:00,3,3_blocks,95830,45.6,5,5,4,,,0.5,"xgb,lgb",0.4316546762589928,False,0.0,VALIDATED,,,4,3.6,6.0,5.33,1.0,1.0
2026-07-20 23:17:45.300349+00:00,6,6_blocks,95830,45.6,5,5,4,,,0.5,"xgb,lgb",0.4316546762589928,False,0.0,VALIDATED,,,4,3.6,6.0,5.33,1.0,1.0
2026-07-21 00:13:46.320006+00:00,1,1_block,94166,45.5,4,4,3,,,0.5,"xgb,lgb",0.4316546762589928,False,0.0,VALIDATED,,,9,8.57,14.0,13.36,2.0,1.37
2026-07-21 00:13:46.320006+00:00,3,3_blocks,94166,45.5,4,4,3,,,0.5,"xgb,lgb",0.4316546762589928,False,0.0,VALIDATED,,,11,10.46,17.0,16.76,1.0,1.0
2026-07-21 00:13:46.320006+00:00,6,6_blocks,94166,45.5,4,4,3,,,0.5,"xgb,lgb",0.4316546762589928,False,0.0,VALIDATED,,,11,10.46,17.0,16.76,1.0,1.0
2026-07-21 03:49:00.598147+00:00,1,1_block,88203,43.7,2,1,1,,,0.5,"xgb,lgb",0.4359058207979071,False,0.0,VALIDATED,,,6,5.1,8.0,7.63,2.0,1.3
2026-07-21 03:49:00.598147+00:00,3,3_blocks,88203,43.7,2,1,1,,,0.5,"xgb,lgb",0.4359058207979071,False,0.0,VALIDATED,,,4,3.5,6.0,5.16,1.0,1.0
2026-07-21 03:49:00.598147+00:00,6,6_blocks,88203,43.7,2,1,1,,,0.5,"xgb,lgb",0.4357142857142857,False,0.0,VALIDATED,,,4,3.5,6.0,5.16,1.0,1.0
2026-07-21 06:18:39.958858+00:00,1,1_block,83337,42.2,1,1,1,,,0.5,"xgb,lgb",1.0,False,0.0,VALIDATED,,,7,6.88,11.0,10.59,2.0,1.32
2026-07-21 06:18:39.958858+00:00,3,3_blocks,83337,42.2,1,1,1,,,0.5,"xgb,lgb",0.4357142857142857,False,0.0,VALIDATED,,,11,10.4,17.0,16.67,1.0,1.0
2026-07-21 06:18:39.958858+00:00,6,6_blocks,83337,42.2,1,1,1,,,0.5,"xgb,lgb",0.4357142857142857,False,0.0,VALIDATED,,,11,10.4,17.0,16.67,1.0,1.0
2026-07-21 09:04:57.839111+00:00,1,1_block,89881,44.2,3,3,1,,,0.5,"xgb,lgb",1.7473958333333333,False,0.0,VALIDATED,,,6,5.13,8.0,7.66,2.0,1.35
2026-07-21 09:04:57.839111+00:00,3,3_blocks,89881,44.2,3,3,1,,,0.5,"xgb,lgb",1.4464285714285714,False,0.0,VALIDATED,,,4,3.34,5.0,4.9,1.0,1.0
2026-07-21 09:04:57.839111+00:00,6,6_blocks,89881,44.2,3,3,1,,,0.5,"xgb,lgb",0.4388489208633093,False,0.0,VALIDATED,,,4,3.34,5.0,4.9,1.0,1.0
2026-07-21 11:17:08.731618+00:00,1,1_block,85964,43.1,2,1,1,,,0.5,"xgb,lgb",0.4388489208633093,False,0.0,VALIDATED,,,9,8.67,14.0,13.57,2.0,1.33
2026-07-21 11:17:08.731618+00:00,3,3_blocks,85964,43.1,2,1,1,,,0.5,"xgb,lgb",0.4388489208633093,False,0.0,VALIDATED,,,13,12.77,21.0,20.61,1.0,1.0
2026-07-21 11:17:08.731618+00:00,6,6_blocks,85964,43.1,2,1,1,,,0.5,"xgb,lgb",0.4646017699115044,False,0.0,VALIDATED,,,13,12.77,21.0,20.61,1.0,1.0
2026-07-21 12:45:43.594456+00:00,1,1_block,90911,44.4,4,3,1,,,0.5,"xgb,lgb",1.0,False,0.0,VALIDATED,,,13,12.3,20.0,19.84,1.0,1.0
2026-07-21 12:45:43.594456+00:00,3,3_blocks,90911,44.4,4,3,1,,,0.5,"xgb,lgb",0.4646017699115044,False,0.0,VALIDATED,,,19,18.8,31.0,30.67,1.0,1.0
2026-07-21 12:45:43.594456+00:00,6,6_blocks,90911,44.4,4,3,1,,,0.5,"xgb,lgb",0.4646017699115044,False,0.0,VALIDATED,,,19,18.8,31.0,30.67,1.0,1.0
2026-07-21 14:49:40.381939+00:00,1,1_block,91083,45.8,4,3,1,,,0.5,"xgb,lgb",0.4680851063829787,False,0.0,VALIDATED,,,8,7.96,13.0,12.6,1.0,1.0
2026-07-21 14:49:40.381939+00:00,3,3_blocks,91083,45.8,4,3,1,,,0.5,"xgb,lgb",0.4680851063829787,False,0.0,VALIDATED,,,26,25.65,43.0,42.09,1.0,1.0
2026-07-21 14:49:40.381939+00:00,6,6_blocks,91083,45.8,4,3,1,,,0.5,"xgb,lgb",0.459605026929982,False,0.0,VALIDATED,,,26,25.65,43.0,42.09,1.0,1.0
2026-07-21 16:09:30.687634+00:00,1,1_block,88423,45.4,3,1,1,,,0.5,"xgb,lgb",4.0625,False,0.0,VALIDATED,,,3,2.57,4.0,3.62,1.0,1.0
2026-07-21 16:09:30.687634+00:00,3,3_blocks,88423,45.4,3,1,1,,,0.5,"xgb,lgb",0.5025380710659898,False,0.0,VALIDATED,,,17,16.95,28.0,27.57,1.0,1.0
2026-07-21 16:09:30.687634+00:00,6,6_blocks,88423,45.4,3,1,1,,,0.5,"xgb,lgb",0.5025380710659898,False,0.0,VALIDATED,,,17,16.94,28.0,27.57,1.0,1.0
2026-07-21 17:42:27.602016+00:00,1,1_block,94984,46.7,5,4,3,,,0.5,"xgb,lgb",4.0625,False,0.0,VALIDATED,,,3,2.59,4.0,3.65,1.0,1.0
2026-07-21 17:42:27.602016+00:00,3,3_blocks,94984,46.7,5,4,3,,,0.5,"xgb,lgb",0.4468085106382978,False,0.0,VALIDATED,,,21,20.11,33.0,32.85,1.0,1.0
2026-07-21 17:42:27.602016+00:00,6,6_blocks,94984,46.7,5,4,3,,,0.5,"xgb,lgb",0.4468085106382978,False,0.0,VALIDATED,,,21,20.11,33.0,32.85,1.0,1.0
2026-07-21 18:57:48.955122+00:00,1,1_block,89560,45.4,2,1,1,,,1.0,"xgb,lgb",0.6314285714285715,False,0.0,VALIDATED,,,1,1.0,1.0,1.0,1.0,1.0
2026-07-21 18:57:48.955122+00:00,3,3_blocks,89560,45.4,2,1,1,,,0.5,"xgb,lgb",0.4468085106382978,False,0.0,VALIDATED,,,21,20.62,34.0,33.7,1.0,1.0
2026-07-21 18:57:48.955122+00:00,6,6_blocks,89560,45.4,2,1,1,,,0.5,"xgb,lgb",0.4468085106382978,False,0.0,VALIDATED,,,21,20.62,34.0,33.7,1.0,1.0
2026-07-21 20:17:54.670203+00:00,1,1_block,89197,45.2,2,1,1,,,0.5,"xgb,lgb",0.4731182795698925,False,0.0,VALIDATED,,,9,8.43,14.0,13.38,1.0,1.0
2026-07-21 20:17:54.670203+00:00,3,3_blocks,89197,45.2,2,1,1,,,0.5,"xgb,lgb",0.4731182795698925,False,0.0,VALIDATED,,,13,12.14,20.0,19.56,1.0,1.0
2026-07-21 20:17:54.670203+00:00,6,6_blocks,89197,45.2,2,1,1,,,0.5,"xgb,lgb",0.4731182795698925,False,0.0,VALIDATED,,,13,12.14,20.0,19.56,1.0,1.0
2026-07-21 21:35:52.517416+00:00,1,1_block,85487,44.4,1,1,1,,,0.5,"xgb,lgb",0.4933333333333333,False,0.0,VALIDATED,,,5,4.44,7.0,6.74,1.0,1.0
2026-07-21 21:35:52.517416+00:00,3,3_blocks,85487,44.4,1,1,1,,,0.5,"xgb,lgb",0.3744292237442922,False,0.0,VALIDATED,,,3,2.65,4.0,3.75,1.0,1.0
2026-07-21 21:35:52.517416+00:00,6,6_blocks,85487,44.4,1,1,1,,,0.5,"xgb,lgb",0.3710407239819004,False,0.0,VALIDATED,,,3,2.65,4.0,3.75,1.0,1.0
2026-07-21 22:31:59.695096+00:00,1,1_block,86448,43.8,1,1,1,,,0.5,"xgb,lgb",0.3710407239819004,False,0.0,VALIDATED,,,4,3.34,5.0,4.89,1.0,1.0
2026-07-21 22:31:59.695096+00:00,3,3_blocks,86448,43.8,1,1,1,,,0.5,"xgb,lgb",0.3710407239819004,False,0.0,VALIDATED,,,6,5.55,9.0,8.57,1.0,1.0
2026-07-21 22:31:59.695096+00:00,6,6_blocks,86448,43.8,1,1,1,,,0.5,"xgb,lgb",0.3710407239819004,False,0.0,VALIDATED,,,6,5.54,9.0,8.57,1.0,1.0
2026-07-21 23:36:03.814291+00:00,1,1_block,85510,43.6,1,1,1,,,0.522,"xgb,lgb",1.0,False,0.0,VALIDATED,,,2,1.38,2.0,1.63,1.0,1.0
2026-07-21 23:36:03.814291+00:00,3,3_blocks,85510,43.6,1,1,1,,,0.5,"xgb,lgb",1.0,False,0.0,VALIDATED,,,5,4.16,7.0,6.26,1.0,1.0
2026-07-21 23:36:03.814291+00:00,6,6_blocks,85510,43.6,1,1,1,,,0.5,"xgb,lgb",0.45,False,0.0,VALIDATED,,,5,4.16,7.0,6.26,1.0,1.0
2026-07-22 01:03:29.742510+00:00,1,1_block,88672,43.7,2,1,1,,,0.5,"xgb,lgb",1.0,False,0.0,VALIDATED,,,4,3.71,6.0,5.52,1.0,1.0
2026-07-22 01:03:29.742510+00:00,3,3_blocks,88672,43.7,2,1,1,,,0.5,"xgb,lgb",0.4811490125673249,False,0.0,VALIDATED,,,15,14.42,24.0,23.37,1.0,1.0
2026-07-22 01:03:29.742510+00:00,6,6_blocks,88672,43.7,2,1,1,,,0.5,"xgb,lgb",0.4811490125673249,False,0.0,VALIDATED,,,15,14.42,24.0,23.37,1.0,1.0
2026-07-22 04:28:58.611655+00:00,1,1_block,88594,43.8,2,1,1,,,0.727,"xgb,lgb",1.2267441860465116,False,0.0,VALIDATED,,,2,1.13,1.0,1.0,2.0,1.32
2026-07-22 04:28:58.611655+00:00,3,3_blocks,88594,43.8,2,1,1,,,0.5,"xgb,lgb",0.4677142857142857,False,0.0,VALIDATED,,,11,10.59,17.0,16.97,1.0,1.0
2026-07-22 04:28:58.611655+00:00,6,6_blocks,88594,43.8,2,1,1,,,0.5,"xgb,lgb",0.4677142857142857,False,0.0,VALIDATED,,,11,10.58,17.0,16.97,1.0,1.0
2026-07-22 07:12:15.945222+00:00,1,1_block,92651,44.7,3,3,1,,,0.726,"xgb,lgb",1.12,False,0.0,VALIDATED,,,2,1.13,1.0,1.0,2.0,1.32
2026-07-22 07:12:15.945222+00:00,3,3_blocks,92651,44.7,3,3,1,,,0.996,"xgb,lgb",1.12,False,0.0,VALIDATED,,,2,1.0,1.0,1.0,1.0,1.0
2026-07-22 07:12:15.945222+00:00,6,6_blocks,92651,44.7,3,3,1,,,0.987,"xgb,lgb",1.0,False,0.0,VALIDATED,,,2,1.01,1.0,1.0,2.0,1.01
2026-07-22 09:40:32.343533+00:00,1,1_block,91754,44.5,2,2,1,,,0.727,"xgb,lgb",1.12,False,0.0,VALIDATED,,,2,1.13,1.0,1.0,2.0,1.32
2026-07-22 09:40:32.343533+00:00,3,3_blocks,91754,44.5,2,2,1,,,0.5,"xgb,lgb",1.0,False,0.0,VALIDATED,,,24,23.41,39.0,38.34,1.0,1.0
2026-07-22 09:40:32.343533+00:00,6,6_blocks,91754,44.5,2,2,1,,,0.5,"xgb,lgb",1.0,False,0.0,VALIDATED,,,24,23.41,39.0,38.34,2.0,1.01
2026-07-22 11:29:24.689125+00:00,1,1_block,93299,44.9,3,3,1,,,0.733,"xgb,lgb",1.03921568627451,False,0.0,VALIDATED,,,2,1.12,1.0,1.0,2.0,1.31
2026-07-22 11:29:24.689125+00:00,3,3_blocks,93299,44.9,3,3,1,,,0.5,"xgb,lgb",1.0,False,0.0,VALIDATED,,,13,12.48,21.0,20.13,1.0,1.0
2026-07-22 11:29:24.689125+00:00,6,6_blocks,93299,44.9,3,3,1,,,0.5,"xgb,lgb",0.457516339869281,False,0.0,VALIDATED,,,13,12.48,21.0,20.13,2.0,1.01
2026-07-22 12:59:32.364142+00:00,1,1_block,91032,44.4,3,2,1,,,1.0,"xgb,lgb",1.0049586776859505,False,0.0,VALIDATED,,,1,1.0,1.0,1.0,1.0,1.0
2026-07-22 12:59:32.364142+00:00,3,3_blocks,91032,44.4,3,2,1,,,0.5,"xgb,lgb",0.457516339869281,False,0.0,VALIDATED,,,22,21.01,35.0,34.34,1.0,1.0
2026-07-22 12:59:32.364142+00:00,6,6_blocks,91032,44.4,3,2,1,,,0.5,"xgb,lgb",0.457516339869281,False,0.0,VALIDATED,,,22,21.0,35.0,34.34,1.0,1.0
2026-07-22 15:06:45.061431+00:00,1,1_block,87807,43.6,2,1,1,,,0.5,"xgb,lgb",1.208237986270023,False,0.0,VALIDATED,,,5,4.99,8.0,7.65,1.0,1.0
2026-07-22 15:06:45.061431+00:00,3,3_blocks,87807,43.6,2,1,1,,,0.5,"xgb,lgb",0.4357142857142857,False,0.0,VALIDATED,,,13,12.73,21.0,20.55,1.0,1.0
2026-07-22 15:06:45.061431+00:00,6,6_blocks,87807,43.6,2,1,1,,,0.5,"xgb,lgb",0.4466338259441708,False,0.0,VALIDATED,,,13,12.73,21.0,20.55,1.0,1.0
2026-07-22 16:41:08.837564+00:00,1,1_block,84386,42.5,2,1,1,,,0.5,"xgb,lgb",1.3103448275862069,False,0.0,VALIDATED,,,7,6.93,11.0,10.89,1.0,1.0
2026-07-22 16:41:08.837564+00:00,3,3_blocks,84386,42.5,2,1,1,,,0.5,"xgb,lgb",1.3103448275862069,False,0.0,VALIDATED,,,6,5.89,10.0,9.15,1.0,1.0
2026-07-22 16:41:08.837564+00:00,6,6_blocks,84386,42.5,2,1,1,,,0.5,"xgb,lgb",0.4466338259441708,False,0.0,VALIDATED,,,6,5.89,10.0,9.15,1.0,1.0
2026-07-22 17:53:33.902576+00:00,1,1_block,85301,43.3,2,2,1,,,0.704,"xgb,lgb",3.0,False,0.0,VALIDATED,,,2,1.14,1.0,1.0,2.0,1.35
2026-07-22 17:53:33.902576+00:00,3,3_blocks,85301,43.3,2,2,1,,,0.996,"xgb,lgb",1.2546045503791985,False,0.0,VALIDATED,,,2,1.0,1.0,1.0,1.0,1.0
2026-07-22 17:53:33.902576+00:00,6,6_blocks,85301,43.3,2,2,1,,,1.0,"xgb,lgb",1.2546045503791985,False,0.0,VALIDATED,,,1,1.0,1.0,1.0,1.0,1.0
2026-07-22 19:03:40.344895+00:00,1,1_block,88267,44.4,4,3,3,,,0.79,"xgb,lgb",3.0,False,0.0,VALIDATED,,,2,1.55,2.0,1.68,2.0,1.36
2026-07-22 19:03:40.344895+00:00,3,3_blocks,88267,44.4,4,3,3,,,0.996,"xgb,lgb",0.4357142857142857,False,0.0,VALIDATED,,,2,1.0,1.0,1.0,1.0,1.0
2026-07-22 19:03:40.344895+00:00,6,6_blocks,88267,44.4,4,3,3,,,1.0,"xgb,lgb",0.4357142857142857,False,0.0,VALIDATED,,,1,1.0,1.0,1.0,1.0,1.0
2026-07-22 20:19:32.009724+00:00,1,1_block,82199,42.0,1,1,1,,,0.5,"xgb,lgb",0.4357142857142857,False,0.0,VALIDATED,,,5,4.18,7.0,6.3,1.0,1.0
2026-07-22 20:19:32.009724+00:00,3,3_blocks,82199,42.0,1,1,1,,,0.5,"xgb,lgb",1.0909090909090908,False,0.0,VALIDATED,,,8,7.96,13.0,12.6,1.0,1.0
2026-07-22 20:19:32.009724+00:00,6,6_blocks,82199,42.0,1,1,1,,,0.5,"xgb,lgb",0.4357142857142857,False,0.0,VALIDATED,,,8,7.96,13.0,12.6,1.0,1.0
2026-07-22 21:37:46.969038+00:00,1,1_block,87368,43.1,2,1,1,,,0.5,"xgb,lgb",1.0,False,0.0,VALIDATED,,,4,3.97,6.0,5.94,1.0,1.0
2026-07-22 21:37:46.969038+00:00,3,3_blocks,87368,43.1,2,1,1,,,1.0,"xgb,lgb",1.0,False,0.0,VALIDATED,,,1,1.0,1.0,1.0,1.0,1.0
2026-07-22 21:37:46.969038+00:00,6,6_blocks,87368,43.1,2,1,1,,,1.0,"xgb,lgb",0.4436619718309859,False,0.0,VALIDATED,,,1,1.0,1.0,1.0,1.0,1.0
2026-07-22 22:38:36.530012+00:00,1,1_block,88004,43.5,2,1,1,,,0.5,"xgb,lgb",0.4535714285714285,False,0.0,VALIDATED,,,5,4.69,7.0,6.89,2.0,1.37
2026-07-22 22:38:36.530012+00:00,3,3_blocks,88004,43.5,2,1,1,,,0.5,"xgb,lgb",0.4535714285714285,False,0.0,VALIDATED,,,11,10.82,18.0,17.36,1.0,1.0
2026-07-22 22:38:36.530012+00:00,6,6_blocks,88004,43.5,2,1,1,,,0.5,"xgb,lgb",0.4436619718309859,False,0.0,VALIDATED,,,11,10.82,18.0,17.36,1.0,1.0
2026-07-22 23:37:23.017386+00:00,1,1_block,87806,43.1,2,1,1,,,1.0,"xgb,lgb",1.7272727272727273,False,0.0,VALIDATED,,,1,1.0,1.0,1.0,1.0,1.0
2026-07-22 23:37:23.017386+00:00,3,3_blocks,87806,43.1,2,1,1,,,1.0,"xgb,lgb",1.2115812917594655,False,0.0,VALIDATED,,,1,1.0,1.0,1.0,1.0,1.0
2026-07-22 23:37:23.017386+00:00,6,6_blocks,87806,43.1,2,1,1,,,1.0,"xgb,lgb",0.4535714285714285,False,0.0,VALIDATED,,,1,1.0,1.0,1.0,1.0,1.0
2026-07-23 01:08:14.849042+00:00,1,1_block,92694,44.2,3,3,1,,,0.5,"xgb,lgb",1.7272727272727273,False,0.0,VALIDATED,,,10,9.22,15.0,14.7,1.0,1.0
2026-07-23 01:08:14.849042+00:00,3,3_blocks,92694,44.2,3,3,1,,,0.57,"xgb,lgb",0.460431654676259,False,0.0,VALIDATED,,,2,1.33,2.0,1.55,1.0,1.0
2026-07-23 01:08:14.849042+00:00,6,6_blocks,92694,44.2,3,3,1,,,0.57,"xgb,lgb",0.460431654676259,False,0.0,VALIDATED,,,2,1.33,2.0,1.55,1.0,1.0
2026-07-23 04:29:23.015550+00:00,1,1_block,89670,43.6,2,1,1,,,0.5,"xgb,lgb",0.460431654676259,False,0.0,VALIDATED,,,12,11.01,18.0,17.46,2.0,1.33
2026-07-23 04:29:23.015550+00:00,3,3_blocks,89670,43.6,2,1,1,,,0.5,"xgb,lgb",0.460431654676259,False,0.0,VALIDATED,,,16,15.82,26.0,25.71,1.0,1.0
2026-07-23 04:29:23.015550+00:00,6,6_blocks,89670,43.6,2,1,1,,,0.5,"xgb,lgb",0.5899513776337115,False,0.0,VALIDATED,,,16,15.82,26.0,25.71,1.0,1.0
2026-07-23 07:07:11.648054+00:00,1,1_block,87153,42.9,1,1,1,,,0.954,"xgb,lgb",0.7785714285714286,False,0.0,VALIDATED,,,2,1.02,1.0,1.0,2.0,1.05
2026-07-23 07:07:11.648054+00:00,3,3_blocks,87153,42.9,1,1,1,,,0.5,"xgb,lgb",0.6710984488762266,False,0.0,VALIDATED,,,2,1.97,3.0,2.62,1.0,1.0
2026-07-23 07:07:11.648054+00:00,6,6_blocks,87153,42.9,1,1,1,,,0.5,"xgb,lgb",0.5527638190954773,False,0.0,VALIDATED,,,2,1.97,3.0,2.62,1.0,1.0
2026-07-23 09:32:26.458841+00:00,1,1_block,91586,44.4,3,3,1,,,0.5,"xgb,lgb",2.0,False,0.0,VALIDATED,,,6,5.78,9.0,8.97,1.0,1.0
2026-07-23 09:32:26.458841+00:00,3,3_blocks,91586,44.4,3,3,1,,,0.5,"xgb,lgb",2.0,False,0.0,VALIDATED,,,9,8.37,14.0,13.28,1.0,1.0
2026-07-23 09:32:26.458841+00:00,6,6_blocks,91586,44.4,3,3,1,,,0.5,"xgb,lgb",0.5527638190954773,False,0.0,VALIDATED,,,9,8.37,14.0,13.28,1.0,1.0
2026-07-23 11:29:28.908859+00:00,1,1_block,91361,44.3,2,2,1,,,0.5,"xgb,lgb",0.4545454545454545,False,0.0,VALIDATED,,,8,7.24,12.0,11.17,2.0,1.35
2026-07-23 11:29:28.908859+00:00,3,3_blocks,91361,44.3,2,2,1,,,0.5,"xgb,lgb",0.4545454545454545,False,0.0,VALIDATED,,,4,3.18,5.0,4.63,1.0,1.0
2026-07-23 11:29:28.908859+00:00,6,6_blocks,91361,44.3,2,2,1,,,0.5,"xgb,lgb",0.4507042253521127,False,0.0,VALIDATED,,,4,3.18,5.0,4.63,1.0,1.0
2026-07-23 13:01:54.210229+00:00,1,1_block,87753,43.1,1,1,1,,,0.5,"xgb,lgb",0.4507042253521127,False,0.0,VALIDATED,,,4,3.42,6.0,5.04,1.0,1.0
2026-07-23 13:01:54.210229+00:00,3,3_blocks,87753,43.1,1,1,1,,,0.5,"xgb,lgb",0.4507042253521127,False,0.0,VALIDATED,,,3,2.02,3.0,2.69,1.0,1.0
2026-07-23 13:01:54.210229+00:00,6,6_blocks,87753,43.1,1,1,1,,,0.5,"xgb,lgb",0.4507042253521127,False,0.0,VALIDATED,,,3,2.02,3.0,2.69,1.0,1.0
2026-07-23 15:21:06.376959+00:00,1,1_block,88752,42.9,1,1,1,,,0.5,"xgb,lgb",2.0,False,0.0,VALIDATED,,,6,5.71,9.0,8.86,1.0,1.0
2026-07-23 15:21:06.376959+00:00,3,3_blocks,88752,42.9,1,1,1,,,0.5,"xgb,lgb",1.0101010101010102,False,0.0,VALIDATED,,,6,5.08,8.0,7.8,1.0,1.0
2026-07-23 15:21:06.376959+00:00,6,6_blocks,88752,42.9,1,1,1,,,0.5,"xgb,lgb",0.4512195121951219,False,0.0,VALIDATED,,,6,5.08,8.0,7.8,1.0,1.0
2026-07-23 16:51:43.626385+00:00,1,1_block,92864,44.4,3,3,1,,,0.5,"xgb,lgb",0.4522968197879858,False,0.0,VALIDATED,,,4,3.95,6.0,5.7,2.0,1.32
2026-07-23 16:51:43.626385+00:00,3,3_blocks,92864,44.4,3,3,1,,,0.5,"xgb,lgb",0.4512195121951219,False,0.0,VALIDATED,,,10,9.13,15.0,14.56,1.0,1.0
2026-07-23 16:51:43.626385+00:00,6,6_blocks,92864,44.4,3,3,1,,,0.5,"xgb,lgb",0.4512195121951219,False,0.0,VALIDATED,,,10,9.13,15.0,14.56,1.0,1.0
2026-07-23 18:09:00.638352+00:00,1,1_block,90427,43.4,2,1,1,,,0.5,"xgb,lgb",0.8727272727272727,False,0.0,VALIDATED,,,7,6.71,11.0,10.51,1.0,1.0
2026-07-23 18:09:00.638352+00:00,3,3_blocks,90427,43.4,2,1,1,,,0.5,"xgb,lgb",0.5026737967914439,False,0.0,VALIDATED,,,16,15.36,25.0,24.93,1.0,1.0
2026-07-23 18:09:00.638352+00:00,6,6_blocks,90427,43.4,2,1,1,,,0.5,"xgb,lgb",0.5026737967914439,False,0.0,VALIDATED,,,16,15.36,25.0,24.93,1.0,1.0
2026-07-23 19:42:16.722471+00:00,1,1_block,90889,43.6,2,1,1,,,0.5,"xgb,lgb",0.8727272727272727,False,0.0,VALIDATED,,,11,10.9,18.0,17.5,1.0,1.0
2026-07-23 19:42:16.722471+00:00,3,3_blocks,90889,43.6,2,1,1,,,0.5,"xgb,lgb",0.4444444444444444,False,0.0,VALIDATED,,,13,12.75,21.0,20.58,1.0,1.0
2026-07-23 19:42:16.722471+00:00,6,6_blocks,90889,43.6,2,1,1,,,0.5,"xgb,lgb",0.4444444444444444,False,0.0,VALIDATED,,,13,12.75,21.0,20.58,1.0,1.0
2026-07-23 20:44:39.093008+00:00,1,1_block,93348,44.2,3,3,1,,,0.5,"xgb,lgb",0.4444444444444444,False,0.0,VALIDATED,,,7,6.54,11.0,10.23,1.0,1.0
2026-07-23 20:44:39.093008+00:00,3,3_blocks,93348,44.2,3,3,1,,,0.5,"xgb,lgb",0.4444444444444444,False,0.0,VALIDATED,,,5,4.18,7.0,6.3,1.0,1.0
2026-07-23 20:44:39.093008+00:00,6,6_blocks,93348,44.2,3,3,1,,,0.5,"xgb,lgb",0.4444444444444444,False,0.0,VALIDATED,,,5,4.18,7.0,6.3,1.0,1.0
2026-07-23 21:46:30.175436+00:00,1,1_block,92425,44.0,2,1,1,,,0.5,"xgb,lgb",0.4444444444444444,False,0.0,VALIDATED,,,10,9.27,15.0,14.57,2.0,1.32
2026-07-23 21:46:30.175436+00:00,3,3_blocks,92425,44.0,2,1,1,,,0.5,"xgb,lgb",0.4444444444444444,False,0.0,VALIDATED,,,18,17.94,30.0,29.23,1.0,1.0
2026-07-23 21:46:30.175436+00:00,6,6_blocks,92425,44.0,2,1,1,,,0.5,"xgb,lgb",0.4635346756152125,False,0.0,VALIDATED,,,18,17.94,30.0,29.23,1.0,1.0
2026-07-23 22:40:09.033512+00:00,1,1_block,89491,43.2,1,1,1,,,0.5,"xgb,lgb",0.4635346756152125,False,0.0,VALIDATED,,,8,7.06,12.0,11.06,2.0,1.06
2026-07-23 22:40:09.033512+00:00,3,3_blocks,89491,43.2,1,1,1,,,0.5,"xgb,lgb",0.4635346756152125,False,0.0,VALIDATED,,,4,3.4,5.0,5.0,1.0,1.0
2026-07-23 22:40:09.033512+00:00,6,6_blocks,89491,43.2,1,1,1,,,0.5,"xgb,lgb",0.4357142857142857,False,0.0,VALIDATED,,,4,3.4,5.0,5.0,1.0,1.0
2026-07-23 23:36:27.727366+00:00,1,1_block,90965,43.5,2,1,1,,,0.5,"xgb,lgb",0.4642857142857143,False,0.0,VALIDATED,,,8,7.91,13.0,12.52,1.0,1.0
2026-07-23 23:36:27.727366+00:00,3,3_blocks,90965,43.5,2,1,1,,,0.5,"xgb,lgb",0.4426229508196721,False,0.0,VALIDATED,,,10,9.64,16.0,15.41,1.0,1.0
2026-07-23 23:36:27.727366+00:00,6,6_blocks,90965,43.5,2,1,1,,,0.5,"xgb,lgb",0.4357142857142857,False,0.0,VALIDATED,,,10,9.64,16.0,15.41,1.0,1.0
2026-07-24 01:03:21.058177+00:00,1,1_block,88698,43.2,2,1,1,,,0.5,"xgb,lgb",0.4642857142857143,False,0.0,VALIDATED,,,11,10.65,18.0,17.09,1.0,1.0
2026-07-24 01:03:21.058177+00:00,3,3_blocks,88698,43.2,2,1,1,,,0.5,"xgb,lgb",0.4357142857142857,False,0.0,VALIDATED,,,6,5.2,8.0,8.0,1.0,1.0
2026-07-24 01:03:21.058177+00:00,6,6_blocks,88698,43.2,2,1,1,,,0.5,"xgb,lgb",0.4357142857142857,False,0.0,VALIDATED,,,6,5.2,8.0,8.0,1.0,1.0
2026-07-24 04:26:43.567393+00:00,1,1_block,86028,42.6,1,1,1,,,1.0,"xgb,lgb",0.4357142857142857,False,0.0,VALIDATED,,,1,1.0,1.0,1.0,1.0,1.0
2026-07-24 04:26:43.567393+00:00,3,3_blocks,86028,42.6,1,1,1,,,0.5,"xgb,lgb",0.7622950819672131,False,0.0,VALIDATED,,,8,7.04,12.0,11.07,1.0,1.0
2026-07-24 04:26:43.567393+00:00,6,6_blocks,86028,42.6,1,1,1,,,0.5,"xgb,lgb",0.7622950819672131,False,0.0,VALIDATED,,,8,7.04,12.0,11.07,1.0,1.0
2026-07-24 07:04:56.781075+00:00,1,1_block,89316,44.8,2,2,1,,,0.74,"xgb,lgb",0.7622950819672131,False,0.0,VALIDATED,,,2,1.12,1.0,1.0,2.0,1.3
2026-07-24 07:04:56.781075+00:00,3,3_blocks,89316,44.8,2,2,1,,,0.5,"xgb,lgb",0.3661327231121281,False,0.0,VALIDATED,,,2,1.97,3.0,2.62,1.0,1.0
2026-07-24 07:04:56.781075+00:00,6,6_blocks,89316,44.8,2,2,1,,,0.5,"xgb,lgb",0.3661327231121281,False,0.0,VALIDATED,,,2,1.97,3.0,2.62,1.0,1.0
2026-07-24 09:29:03.402555+00:00,1,1_block,87829,43.0,2,1,1,,,1.0,"xgb,lgb",0.5527638190954773,False,0.0,VALIDATED,,,1,1.0,1.0,1.0,1.0,1.0
2026-07-24 09:29:03.402555+00:00,3,3_blocks,87829,43.0,2,1,1,,,0.5,"xgb,lgb",0.5035460992907801,False,0.0,VALIDATED,,,12,11.21,19.0,18.02,1.0,1.0
2026-07-24 09:29:03.402555+00:00,6,6_blocks,87829,43.0,2,1,1,,,0.5,"xgb,lgb",0.5035460992907801,False,0.0,VALIDATED,,,12,11.21,19.0,18.02,1.0,1.0
2026-07-24 11:17:51.223099+00:00,1,1_block,84122,42.5,1,1,1,,,0.5,"xgb,lgb",1.2035398230088497,False,0.0,VALIDATED,,,2,1.77,3.0,2.24,2.0,1.07
2026-07-24 11:17:51.223099+00:00,3,3_blocks,84122,42.5,1,1,1,,,0.5,"xgb,lgb",0.5035460992907801,False,0.0,VALIDATED,,,10,9.69,16.0,15.48,1.0,1.0
2026-07-24 11:17:51.223099+00:00,6,6_blocks,84122,42.5,1,1,1,,,0.5,"xgb,lgb",1.0,False,0.0,VALIDATED,,,10,9.69,16.0,15.48,1.0,1.0
2026-07-24 12:48:19.752898+00:00,1,1_block,89402,43.9,3,3,1,,,0.5,"xgb,lgb",2.0285714285714285,False,0.0,VALIDATED,,,3,2.94,5.0,4.02,2.0,1.32
2026-07-24 12:48:19.752898+00:00,3,3_blocks,89402,43.9,3,3,1,,,0.5,"xgb,lgb",2.017777777777778,False,0.0,VALIDATED,,,4,3.42,6.0,5.03,1.0,1.0
2026-07-24 12:48:19.752898+00:00,6,6_blocks,89402,43.9,3,3,1,,,0.5,"xgb,lgb",1.0,False,0.0,VALIDATED,,,4,3.42,6.0,5.03,1.0,1.0
2026-07-24 14:27:58.655000+00:00,1,1_block,90968,44.2,3,3,1,,,0.5,"xgb,lgb",1.0,False,0.0,VALIDATED,,,4,3.37,5.0,4.96,1.0,1.0
2026-07-24 14:27:58.655000+00:00,3,3_blocks,90968,44.2,3,3,1,,,0.5,"xgb,lgb",1.0,False,0.0,VALIDATED,,,18,17.68,29.0,28.8,1.0,1.0
2026-07-24 14:27:58.655000+00:00,6,6_blocks,90968,44.2,3,3,1,,,0.5,"xgb,lgb",0.5047619047619047,False,0.0,VALIDATED,,,18,17.68,29.0,28.8,1.0,1.0
2026-07-24 15:54:39.325981+00:00,1,1_block,87511,43.9,2,2,1,,,0.5,"xgb,lgb",1.0,False,0.0,VALIDATED,,,3,2.99,5.0,4.32,1.0,1.0
2026-07-24 15:54:39.325981+00:00,3,3_blocks,87511,43.9,2,2,1,,,0.5,"xgb,lgb",1.0,False,0.0,VALIDATED,,,8,7.13,12.0,11.21,1.0,1.0
2026-07-24 15:54:39.325981+00:00,6,6_blocks,87511,43.9,2,2,1,,,0.5,"xgb,lgb",0.5047619047619047,False,0.0,VALIDATED,,,8,7.13,12.0,11.21,1.0,1.0
2026-07-24 17:24:10.516040+00:00,1,1_block,85685,42.7,1,1,1,,,0.5,"xgb,lgb",1.0,False,0.0,VALIDATED,,,3,2.43,4.0,3.38,1.0,1.0
2026-07-24 17:24:10.516040+00:00,3,3_blocks,85685,42.7,1,1,1,,,0.5,"xgb,lgb",1.0,False,0.0,VALIDATED,,,2,1.7,3.0,2.16,1.0,1.0
2026-07-24 17:24:10.516040+00:00,6,6_blocks,85685,42.7,1,1,1,,,0.5,"xgb,lgb",0.4785714285714286,False,0.0,VALIDATED,,,2,1.7,3.0,2.16,1.0,1.0
2026-07-24 18:55:31.866986+00:00,1,1_block,87565,43.1,1,1,1,,,1.0,"xgb,lgb",0.4785714285714286,False,0.0,VALIDATED,,,1,1.0,1.0,1.0,1.0,1.0
2026-07-24 18:55:31.866986+00:00,3,3_blocks,87565,43.1,1,1,1,,,0.5,"xgb,lgb",0.4785714285714286,False,0.0,VALIDATED,,,9,8.14,13.0,12.91,1.0,1.0
2026-07-24 18:55:31.866986+00:00,6,6_blocks,87565,43.1,1,1,1,,,0.5,"xgb,lgb",0.4785714285714286,False,0.0,VALIDATED,,,9,8.14,13.0,12.91,1.0,1.0
2026-07-24 20:14:56.910115+00:00,1,1_block,88501,43.1,2,1,1,,,0.5,"xgb,lgb",2.4242424242424243,False,0.0,VALIDATED,,,8,7.41,12.0,11.68,1.0,1.0
2026-07-24 20:14:56.910115+00:00,3,3_blocks,88501,43.1,2,1,1,,,0.5,"xgb,lgb",2.4242424242424243,False,0.0,VALIDATED,,,10,9.35,15.0,14.92,1.0,1.0
2026-07-24 20:14:56.910115+00:00,6,6_blocks,88501,43.1,2,1,1,,,0.5,"xgb,lgb",0.4357142857142857,False,0.0,VALIDATED,,,10,9.35,15.0,14.92,1.0,1.0
2026-07-24 21:30:46.154905+00:00,1,1_block,89219,44.0,3,3,1,,,0.5,"xgb,lgb",2.4242424242424243,False,0.0,VALIDATED,,,6,5.13,8.0,7.68,2.0,1.32
2026-07-24 21:30:46.154905+00:00,3,3_blocks,89219,44.0,3,3,1,,,1.0,"xgb,lgb",0.4357142857142857,False,0.0,VALIDATED,,,1,1.0,1.0,1.0,1.0,1.0
2026-07-24 21:30:46.154905+00:00,6,6_blocks,89219,44.0,3,3,1,,,1.0,"xgb,lgb",0.4357142857142857,False,0.0,VALIDATED,,,1,1.0,1.0,1.0,1.0,1.0
2026-07-24 22:36:45.500541+00:00,1,1_block,85239,42.5,1,1,1,,,0.5,"xgb,lgb",3.0,False,0.0,VALIDATED,,,4,3.87,6.0,5.79,1.0,1.0
2026-07-24 22:36:45.500541+00:00,3,3_blocks,85239,42.5,1,1,1,,,0.5,"xgb,lgb",0.6301369863013698,False,0.0,VALIDATED,,,17,16.62,28.0,27.04,1.0,1.0
2026-07-24 22:36:45.500541+00:00,6,6_blocks,85239,42.5,1,1,1,,,0.5,"xgb,lgb",0.4357142857142857,False,0.0,VALIDATED,,,17,16.62,28.0,27.04,1.0,1.0
2026-07-24 23:38:33.626428+00:00,1,1_block,90564,44.1,4,3,1,,,0.5,"xgb,lgb",0.4571428571428571,False,0.0,VALIDATED,,,6,5.45,9.0,8.42,1.0,1.0
2026-07-24 23:38:33.626428+00:00,3,3_blocks,90564,44.1,4,3,1,,,0.5,"xgb,lgb",0.4535714285714285,False,0.0,VALIDATED,,,19,18.38,30.0,29.97,1.0,1.0
2026-07-24 23:38:33.626428+00:00,6,6_blocks,90564,44.1,4,3,1,,,0.5,"xgb,lgb",0.4397163120567376,False,0.0,VALIDATED,,,19,18.38,30.0,29.97,1.0,1.0
2026-07-25 01:07:27.240587+00:00,1,1_block,82609,42.2,1,1,1,,,0.546,"xgb,lgb",0.4571428571428571,False,0.0,VALIDATED,,,2,1.35,2.0,1.59,1.0,1.0
2026-07-25 01:07:27.240587+00:00,3,3_blocks,82609,42.2,1,1,1,,,0.5,"xgb,lgb",0.4454545454545454,False,0.0,VALIDATED,,,7,6.52,11.0,10.2,1.0,1.0
2026-07-25 01:07:27.240587+00:00,6,6_blocks,82609,42.2,1,1,1,,,0.5,"xgb,lgb",0.4454545454545454,False,0.0,VALIDATED,,,7,6.52,11.0,10.2,1.0,1.0
2026-07-25 04:23:31.152918+00:00,1,1_block,85256,42.8,1,1,1,,,0.735,"xgb,lgb",0.4571428571428571,False,0.0,VALIDATED,,,2,1.12,1.0,1.0,2.0,1.31
2026-07-25 04:23:31.152918+00:00,3,3_blocks,85256,42.8,1,1,1,,,0.5,"xgb,lgb",0.4370748299319728,False,0.0,VALIDATED,,,8,7.43,12.0,11.71,1.0,1.0
2026-07-25 04:23:31.152918+00:00,6,6_blocks,85256,42.8,1,1,1,,,0.5,"xgb,lgb",0.4370748299319728,False,0.0,VALIDATED,,,8,7.43,12.0,11.71,1.0,1.0
2026-07-25 06:36:50.044563+00:00,1,1_block,81495,41.6,2,1,1,,,0.5,"xgb,lgb",0.5527638190954773,False,0.0,VALIDATED,,,4,3.55,6.0,5.25,1.0,1.0
2026-07-25 06:36:50.044563+00:00,3,3_blocks,81495,41.6,2,1,1,,,1.0,"xgb,lgb",0.5527638190954773,False,0.0,VALIDATED,,,1,1.0,1.0,1.0,1.0,1.0
2026-07-25 06:36:50.044563+00:00,6,6_blocks,81495,41.6,2,1,1,,,1.0,"xgb,lgb",0.5071428571428571,False,0.0,VALIDATED,,,1,1.0,1.0,1.0,1.0,1.0
2026-07-25 08:35:13.080539+00:00,1,1_block,84152,41.5,1,1,1,,,0.5,"xgb,lgb",0.9019607843137256,False,0.0,VALIDATED,,,5,4.14,7.0,6.2,2.0,1.05
2026-07-25 08:35:13.080539+00:00,3,3_blocks,84152,41.5,1,1,1,,,1.0,"xgb,lgb",0.5527638190954773,False,0.0,VALIDATED,,,1,1.0,1.0,1.0,1.0,1.0
2026-07-25 08:35:13.080539+00:00,6,6_blocks,84152,41.5,1,1,1,,,1.0,"xgb,lgb",0.4357142857142857,False,0.0,VALIDATED,,,1,1.0,1.0,1.0,1.0,1.0
2026-07-25 10:13:56.519544+00:00,1,1_block,85168,41.8,2,1,1,,,0.5,"xgb,lgb",0.4545454545454545,False,0.0,VALIDATED,,,5,4.57,7.0,6.75,2.0,1.3
2026-07-25 10:13:56.519544+00:00,3,3_blocks,85168,41.8,2,1,1,,,1.0,"xgb,lgb",0.4388489208633093,False,0.0,VALIDATED,,,1,1.0,1.0,1.0,1.0,1.0
2026-07-25 10:13:56.519544+00:00,6,6_blocks,85168,41.8,2,1,1,,,1.0,"xgb,lgb",0.4454545454545454,False,0.0,VALIDATED,,,1,1.0,1.0,1.0,1.0,1.0
2026-07-25 11:37:50.484232+00:00,1,1_block,85262,41.8,2,1,1,,,0.5,"xgb,lgb",0.4571428571428571,False,0.0,VALIDATED,,,11,10.52,17.0,16.87,1.0,1.0
2026-07-25 11:37:50.484232+00:00,3,3_blocks,85262,41.8,2,1,1,,,0.5,"xgb,lgb",0.4357142857142857,False,0.0,VALIDATED,,,5,4.08,7.0,6.13,1.0,1.0
2026-07-25 11:37:50.484232+00:00,6,6_blocks,85262,41.8,2,1,1,,,0.5,"xgb,lgb",0.4357142857142857,False,0.0,VALIDATED,,,5,4.08,7.0,6.13,1.0,1.0
2026-07-25 12:41:06.810828+00:00,1,1_block,83367,41.5,1,1,1,,,0.5,"xgb,lgb",0.45,False,0.0,VALIDATED,,,8,7.67,13.0,12.11,1.0,1.0
2026-07-25 12:41:06.810828+00:00,3,3_blocks,83367,41.5,1,1,1,,,1.0,"xgb,lgb",0.4357142857142857,False,0.0,VALIDATED,,,1,1.0,1.0,1.0,1.0,1.0
2026-07-25 12:41:06.810828+00:00,6,6_blocks,83367,41.5,1,1,1,,,1.0,"xgb,lgb",0.4357142857142857,False,0.0,VALIDATED,,,1,1.0,1.0,1.0,1.0,1.0
2026-07-25 14:16:58.266031+00:00,1,1_block,86074,42.1,2,1,1,,,0.5,"xgb,lgb",1.0182926829268293,False,0.0,VALIDATED,,,10,9.03,15.0,14.39,1.0,1.0
2026-07-25 14:16:58.266031+00:00,3,3_blocks,86074,42.1,2,1,1,,,0.5,"xgb,lgb",0.5116796440489433,False,0.0,VALIDATED,,,2,1.99,3.0,2.65,1.0,1.0
2026-07-25 14:16:58.266031+00:00,6,6_blocks,86074,42.1,2,1,1,,,0.5,"xgb,lgb",0.4690265486725664,False,0.0,VALIDATED,,,2,1.99,3.0,2.65,1.0,1.0
2026-07-25 15:31:00.625099+00:00,1,1_block,85047,41.8,2,1,1,,,0.5,"xgb,lgb",1.0182926829268293,False,0.0,VALIDATED,,,3,2.17,3.0,2.95,1.0,1.0
2026-07-25 15:31:00.625099+00:00,3,3_blocks,85047,41.8,2,1,1,,,0.5,"xgb,lgb",0.4727272727272727,False,0.0,VALIDATED,,,6,5.46,9.0,8.44,1.0,1.0
2026-07-25 15:31:00.625099+00:00,6,6_blocks,85047,41.8,2,1,1,,,0.5,"xgb,lgb",0.4727272727272727,False,0.0,VALIDATED,,,6,5.46,9.0,8.44,1.0,1.0
2026-07-25 16:27:32.182738+00:00,1,1_block,85417,41.9,2,1,1,,,1.0,"xgb,lgb",0.4666666666666667,False,0.0,VALIDATED,,,1,1.0,1.0,1.0,1.0,1.0
2026-07-25 16:27:32.182738+00:00,3,3_blocks,85417,41.9,2,1,1,,,0.5,"xgb,lgb",0.4666666666666667,False,0.0,VALIDATED,,,12,11.07,18.0,17.79,1.0,1.0
2026-07-25 16:27:32.182738+00:00,6,6_blocks,85417,41.9,2,1,1,,,0.5,"xgb,lgb",0.4666666666666667,False,0.0,VALIDATED,,,12,11.07,18.0,17.79,1.0,1.0
2026-07-25 17:30:07.128132+00:00,1,1_block,86530,42.2,2,1,1,,,0.5,"xgb,lgb",1.2028985507246377,False,0.0,VALIDATED,,,8,7.87,13.0,12.45,1.0,1.0
2026-07-25 17:30:07.128132+00:00,3,3_blocks,86530,42.2,2,1,1,,,0.5,"xgb,lgb",0.4357142857142857,False,0.0,VALIDATED,,,4,3.57,6.0,5.29,1.0,1.0
2026-07-25 17:30:07.128132+00:00,6,6_blocks,86530,42.2,2,1,1,,,0.5,"xgb,lgb",0.4357142857142857,False,0.0,VALIDATED,,,4,3.57,6.0,5.29,1.0,1.0
2026-07-25 18:28:22.068632+00:00,1,1_block,87482,42.5,3,1,1,,,0.5,"xgb,lgb",0.4883720930232558,False,0.0,VALIDATED,,,9,8.19,13.0,12.99,1.0,1.0
2026-07-25 18:28:22.068632+00:00,3,3_blocks,87482,42.5,3,1,1,,,0.5,"xgb,lgb",0.475177304964539,False,0.0,VALIDATED,,,13,12.31,20.0,19.85,1.0,1.0
2026-07-25 18:28:22.068632+00:00,6,6_blocks,87482,42.5,3,1,1,,,0.5,"xgb,lgb",0.475177304964539,False,0.0,VALIDATED,,,13,12.31,20.0,19.85,1.0,1.0
2026-07-25 19:43:21.876757+00:00,1,1_block,83437,41.6,1,1,1,,,0.769,"xgb,lgb",0.4883720930232558,False,0.0,VALIDATED,,,2,1.54,2.0,1.68,2.0,1.33
2026-07-25 19:43:21.876757+00:00,3,3_blocks,83437,41.6,1,1,1,,,0.67,"xgb,lgb",1.0,False,0.0,VALIDATED,,,2,1.24,2.0,1.39,1.0,1.0
2026-07-25 19:43:21.876757+00:00,6,6_blocks,83437,41.6,1,1,1,,,0.67,"xgb,lgb",0.4571428571428571,False,0.0,VALIDATED,,,2,1.24,2.0,1.39,1.0,1.0
2026-07-25 20:34:53.791739+00:00,1,1_block,87732,42.6,3,1,1,,,0.5,"xgb,lgb",1.00355871886121,False,0.0,VALIDATED,,,7,6.62,11.0,10.37,1.0,1.0
2026-07-25 20:34:53.791739+00:00,3,3_blocks,87732,42.6,3,1,1,,,0.5,"xgb,lgb",1.0,False,0.0,VALIDATED,,,15,14.68,24.0,23.8,1.0,1.0
2026-07-25 20:34:53.791739+00:00,6,6_blocks,87732,42.6,3,1,1,,,0.5,"xgb,lgb",0.4619047619047619,False,0.0,VALIDATED,,,15,14.68,24.0,23.8,1.0,1.0
2026-07-25 21:30:52.230128+00:00,1,1_block,86966,42.2,1,1,1,,,0.5,"xgb,lgb",0.4683673469387755,False,0.0,VALIDATED,,,5,4.81,8.0,7.14,2.0,1.31
2026-07-25 21:30:52.230128+00:00,3,3_blocks,86966,42.2,1,1,1,,,0.5,"xgb,lgb",0.4619047619047619,False,0.0,VALIDATED,,,7,6.92,11.0,10.87,1.0,1.0
2026-07-25 21:30:52.230128+00:00,6,6_blocks,86966,42.2,1,1,1,,,0.5,"xgb,lgb",0.4619047619047619,False,0.0,VALIDATED,,,7,6.92,11.0,10.87,1.0,1.0
2026-07-25 22:29:17.131579+00:00,1,1_block,86654,42.3,2,1,1,,,0.5,"xgb,lgb",0.5548549810844893,False,0.0,VALIDATED,,,7,6.03,10.0,9.39,1.0,1.0
2026-07-25 22:29:17.131579+00:00,3,3_blocks,86654,42.3,2,1,1,,,0.5,"xgb,lgb",0.4619047619047619,False,0.0,VALIDATED,,,21,20.08,33.0,32.8,1.0,1.0
2026-07-25 22:29:17.131579+00:00,6,6_blocks,86654,42.3,2,1,1,,,0.5,"xgb,lgb",0.4619047619047619,False,0.0,VALIDATED,,,21,20.08,33.0,32.8,1.0,1.0
2026-07-25 23:32:53.996368+00:00,1,1_block,91467,43.2,3,3,1,,,0.5,"xgb,lgb",0.4696428571428571,False,0.0,VALIDATED,,,13,12.15,20.0,19.58,1.0,1.0
2026-07-25 23:32:53.996368+00:00,3,3_blocks,91467,43.2,3,3,1,,,0.5,"xgb,lgb",0.4383561643835616,False,0.0,VALIDATED,,,13,12.86,21.0,20.77,1.0,1.0
2026-07-25 23:32:53.996368+00:00,6,6_blocks,91467,43.2,3,3,1,,,0.5,"xgb,lgb",0.4383561643835616,False,0.0,VALIDATED,,,13,12.86,21.0,20.77,1.0,1.0
2026-07-26 01:11:19.843822+00:00,1,1_block,84497,41.6,1,1,1,,,1.0,"xgb,lgb",0.5571428571428572,False,0.0,VALIDATED,,,1,1.0,1.0,1.0,1.0,1.0
2026-07-26 01:11:19.843822+00:00,3,3_blocks,84497,41.6,1,1,1,,,0.5,"xgb,lgb",0.4571428571428571,False,0.0,VALIDATED,,,15,14.39,24.0,23.31,1.0,1.0
2026-07-26 01:11:19.843822+00:00,6,6_blocks,84497,41.6,1,1,1,,,0.5,"xgb,lgb",0.4388489208633093,False,0.0,VALIDATED,,,15,14.39,24.0,23.31,1.0,1.0
2026-07-26 04:44:42.794051+00:00,1,1_block,88683,42.3,1,1,1,,,0.5,"xgb,lgb",0.5571428571428572,False,0.0,VALIDATED,,,14,13.35,22.0,21.59,1.0,1.0
2026-07-26 04:44:42.794051+00:00,3,3_blocks,88683,42.3,1,1,1,,,0.5,"xgb,lgb",0.4880382775119617,False,0.0,VALIDATED,,,14,13.1,22.0,21.17,1.0,1.0
2026-07-26 04:44:42.794051+00:00,6,6_blocks,88683,42.3,1,1,1,,,0.5,"xgb,lgb",0.37,False,0.0,VALIDATED,,,14,13.1,22.0,21.17,1.0,1.0
2026-07-26 07:24:26.058830+00:00,1,1_block,85798,42.3,2,1,1,,,0.5,"xgb,lgb",0.4880382775119617,False,0.0,VALIDATED,,,10,9.36,15.0,14.93,1.0,1.0
2026-07-26 07:24:26.058830+00:00,3,3_blocks,85798,42.3,2,1,1,,,0.5,"xgb,lgb",0.4880382775119617,False,0.0,VALIDATED,,,8,7.53,12.0,11.87,1.0,1.0
2026-07-26 07:24:26.058830+00:00,6,6_blocks,85798,42.3,2,1,1,,,0.5,"xgb,lgb",0.4883720930232558,False,0.0,VALIDATED,,,8,7.52,12.0,11.87,1.0,1.0
2026-07-26 09:31:06.153213+00:00,1,1_block,86460,42.2,2,1,1,,,0.5,"xgb,lgb",0.5347938144329897,False,0.0,VALIDATED,,,13,12.4,20.0,19.8,2.0,1.3
2026-07-26 09:31:06.153213+00:00,3,3_blocks,86460,42.2,2,1,1,,,0.5,"xgb,lgb",0.4883720930232558,False,0.0,VALIDATED,,,12,11.88,20.0,19.13,1.0,1.0
2026-07-26 09:31:06.153213+00:00,6,6_blocks,86460,42.2,2,1,1,,,0.5,"xgb,lgb",0.439163179916318,False,0.0,VALIDATED,,,12,11.88,20.0,19.13,1.0,1.0
2026-07-26 11:05:05.011036+00:00,1,1_block,85685,42.1,2,1,1,,,0.5,"xgb,lgb",0.439163179916318,False,0.0,VALIDATED,,,6,5.7,9.0,8.83,1.0,1.0
2026-07-26 11:05:05.011036+00:00,3,3_blocks,85685,42.1,2,1,1,,,0.5,"xgb,lgb",0.439163179916318,False,0.0,VALIDATED,,,15,14.01,23.0,22.68,1.0,1.0
2026-07-26 11:05:05.011036+00:00,6,6_blocks,85685,42.1,2,1,1,,,0.5,"xgb,lgb",0.439163179916318,False,0.0,VALIDATED,,,15,14.01,23.0,22.68,1.0,1.0
2026-07-26 12:12:34.796956+00:00,1,1_block,85585,42.1,2,1,1,,,0.5,"xgb,lgb",0.5527638190954773,False,0.0,VALIDATED,,,11,10.56,17.0,16.93,1.0,1.0
2026-07-26 12:12:34.796956+00:00,3,3_blocks,85585,42.1,2,1,1,,,0.5,"xgb,lgb",0.439163179916318,False,0.0,VALIDATED,,,14,13.36,22.0,21.6,1.0,1.0
2026-07-26 12:12:34.796956+00:00,6,6_blocks,85585,42.1,2,1,1,,,0.5,"xgb,lgb",0.4427860696517413,False,0.0,VALIDATED,,,14,13.36,22.0,21.6,1.0,1.0
2026-07-26 14:00:15.338894+00:00,1,1_block,85534,42.2,2,1,1,,,0.5,"xgb,lgb",0.4571428571428571,False,0.0,VALIDATED,,,6,5.41,9.0,8.34,1.0,1.0
2026-07-26 14:00:15.338894+00:00,3,3_blocks,85534,42.2,2,1,1,,,0.5,"xgb,lgb",0.4791666666666667,False,0.0,VALIDATED,,,17,16.59,27.0,26.99,1.0,1.0
2026-07-26 14:00:15.338894+00:00,6,6_blocks,85534,42.2,2,1,1,,,0.5,"xgb,lgb",0.4785714285714286,False,0.0,VALIDATED,,,17,16.59,27.0,26.99,1.0,1.0
2026-07-26 15:12:09.028205+00:00,1,1_block,87504,42.6,3,1,1,,,0.5,"xgb,lgb",0.5741935483870968,False,0.0,VALIDATED,,,5,4.09,7.0,6.16,1.0,1.0
2026-07-26 15:12:09.028205+00:00,3,3_blocks,87504,42.6,3,1,1,,,0.5,"xgb,lgb",0.4791666666666667,False,0.0,VALIDATED,,,24,23.5,39.0,38.5,1.0,1.0
2026-07-26 15:12:09.028205+00:00,6,6_blocks,87504,42.6,3,1,1,,,0.5,"xgb,lgb",0.4785714285714286,False,0.0,VALIDATED,,,24,23.5,39.0,38.5,1.0,1.0
2026-07-26 16:16:48.523720+00:00,1,1_block,85472,42.2,1,1,1,,,0.5,"xgb,lgb",0.4928571428571429,False,0.0,VALIDATED,,,3,2.82,5.0,4.04,1.0,1.0
2026-07-26 16:16:48.523720+00:00,3,3_blocks,85472,42.2,1,1,1,,,0.5,"xgb,lgb",0.5827338129496403,False,0.0,VALIDATED,,,9,8.16,13.0,12.93,1.0,1.0
2026-07-26 16:16:48.523720+00:00,6,6_blocks,85472,42.2,1,1,1,,,0.5,"xgb,lgb",0.5827338129496403,False,0.0,VALIDATED,,,9,8.16,13.0,12.93,1.0,1.0
2026-07-26 17:18:13.495405+00:00,1,1_block,90530,43.5,4,3,1,,,0.5,"xgb,lgb",0.5827338129496403,False,0.0,VALIDATED,,,13,12.67,21.0,20.24,2.0,1.32
2026-07-26 17:18:13.495405+00:00,3,3_blocks,90530,43.5,4,3,1,,,0.5,"xgb,lgb",0.4680851063829787,False,0.0,VALIDATED,,,21,20.57,34.0,33.61,1.0,1.0
2026-07-26 17:18:13.495405+00:00,6,6_blocks,90530,43.5,4,3,1,,,0.5,"xgb,lgb",0.4668192219679634,False,0.0,VALIDATED,,,21,20.57,34.0,33.61,1.0,1.0
2026-07-26 18:15:12.416815+00:00,1,1_block,85060,42.2,1,1,1,,,0.5,"xgb,lgb",1.206896551724138,False,0.0,VALIDATED,,,5,4.25,7.0,6.42,1.0,1.0
2026-07-26 18:15:12.416815+00:00,3,3_blocks,85060,42.2,1,1,1,,,0.5,"xgb,lgb",0.5143540669856459,False,0.0,VALIDATED,,,14,13.24,22.0,21.4,1.0,1.0
2026-07-26 18:15:12.416815+00:00,6,6_blocks,85060,42.2,1,1,1,,,0.5,"xgb,lgb",0.5143540669856459,False,0.0,VALIDATED,,,14,13.24,22.0,21.4,1.0,1.0
2026-07-26 19:37:18.186272+00:00,1,1_block,88640,43.5,3,3,1,,,0.5,"xgb,lgb",0.5143540669856459,False,0.0,VALIDATED,,,11,10.51,17.0,16.6,2.0,1.37
2026-07-26 19:37:18.186272+00:00,3,3_blocks,88640,43.5,3,3,1,,,0.996,"xgb,lgb",0.4426229508196721,False,0.0,VALIDATED,,,2,1.0,1.0,1.0,1.0,1.0
2026-07-26 19:37:18.186272+00:00,6,6_blocks,88640,43.5,3,3,1,,,1.0,"xgb,lgb",0.4426229508196721,False,0.0,VALIDATED,,,1,1.0,1.0,1.0,1.0,1.0
2026-07-26 20:33:48.175202+00:00,1,1_block,84393,42.0,1,1,1,,,0.5,"xgb,lgb",0.4571428571428571,False,0.0,VALIDATED,,,5,4.46,7.0,6.76,1.0,1.0
2026-07-26 20:33:48.175202+00:00,3,3_blocks,84393,42.0,1,1,1,,,0.5,"xgb,lgb",0.4426229508196721,False,0.0,VALIDATED,,,8,7.16,12.0,11.27,1.0,1.0
2026-07-26 20:33:48.175202+00:00,6,6_blocks,84393,42.0,1,1,1,,,0.5,"xgb,lgb",0.4426229508196721,False,0.0,VALIDATED,,,8,7.16,12.0,11.27,1.0,1.0
2026-07-26 21:32:53.388341+00:00,1,1_block,85943,42.2,1,1,1,,,0.5,"xgb,lgb",0.4420677361853832,False,0.0,VALIDATED,,,6,5.96,10.0,9.26,1.0,1.0
2026-07-26 21:32:53.388341+00:00,3,3_blocks,85943,42.2,1,1,1,,,0.5,"xgb,lgb",0.4420677361853832,False,0.0,VALIDATED,,,13,12.82,21.0,20.69,1.0,1.0
2026-07-26 21:32:53.388341+00:00,6,6_blocks,85943,42.2,1,1,1,,,0.5,"xgb,lgb",0.4420677361853832,False,0.0,VALIDATED,,,13,12.81,21.0,20.69,1.0,1.0
2026-07-26 22:37:09.029137+00:00,1,1_block,86599,42.5,2,1,1,,,0.915,"xgb,lgb",1.0845070422535212,False,0.0,VALIDATED,,,2,1.04,1.0,1.0,2.0,1.09
2026-07-26 22:37:09.029137+00:00,3,3_blocks,86599,42.5,2,1,1,,,0.5,"xgb,lgb",0.4397590361445783,False,0.0,VALIDATED,,,15,14.25,24.0,23.07,1.0,1.0
2026-07-26 22:37:09.029137+00:00,6,6_blocks,86599,42.5,2,1,1,,,0.5,"xgb,lgb",0.4397590361445783,False,0.0,VALIDATED,,,15,14.24,24.0,23.07,1.0,1.0
2026-07-26 23:36:17.765253+00:00,1,1_block,84545,42.2,2,1,1,,,0.5,"xgb,lgb",1.0,False,0.0,VALIDATED,,,8,7.76,13.0,12.27,1.0,1.0
2026-07-26 23:36:17.765253+00:00,3,3_blocks,84545,42.2,2,1,1,,,0.996,"xgb,lgb",1.0,False,0.0,VALIDATED,,,2,1.0,1.0,1.0,1.0,1.0
2026-07-26 23:36:17.765253+00:00,6,6_blocks,84545,42.2,2,1,1,,,1.0,"xgb,lgb",0.4397590361445783,False,0.0,VALIDATED,,,1,1.0,1.0,1.0,1.0,1.0
2026-07-27 01:14:53.026228+00:00,1,1_block,89640,43.5,4,3,1,,,0.5,"xgb,lgb",1.0,False,0.0,VALIDATED,,,15,14.67,24.0,23.78,1.0,1.0
2026-07-27 01:14:53.026228+00:00,3,3_blocks,89640,43.5,4,3,1,,,0.5,"xgb,lgb",0.4369565217391304,False,0.0,VALIDATED,,,20,19.24,32.0,31.41,1.0,1.0
2026-07-27 01:14:53.026228+00:00,6,6_blocks,89640,43.5,4,3,1,,,0.5,"xgb,lgb",0.4369565217391304,False,0.0,VALIDATED,,,20,19.24,32.0,31.41,1.0,1.0
2026-07-27 04:54:45.201439+00:00,1,1_block,84118,41.9,1,1,1,,,0.508,"xgb,lgb",0.4369565217391304,False,0.0,VALIDATED,,,2,1.53,2.0,1.82,2.0,1.1
2026-07-27 04:54:45.201439+00:00,3,3_blocks,84118,41.9,1,1,1,,,0.996,"xgb,lgb",0.4369565217391304,False,0.0,VALIDATED,,,2,1.0,1.0,1.0,1.0,1.0
2026-07-27 04:54:45.201439+00:00,6,6_blocks,84118,41.9,1,1,1,,,1.0,"xgb,lgb",0.3982300884955752,False,0.0,VALIDATED,,,1,1.0,1.0,1.0,1.0,1.0
2026-07-27 08:24:56.421661+00:00,1,1_block,84477,42.2,2,1,1,,,1.0,"xgb,lgb",0.4748201438848921,False,0.0,VALIDATED,,,1,1.0,1.0,1.0,1.0,1.0
2026-07-27 08:24:56.421661+00:00,3,3_blocks,84477,42.2,2,1,1,,,0.5,"xgb,lgb",0.4642857142857143,False,0.0,VALIDATED,,,17,16.95,28.0,27.59,1.0,1.0
2026-07-27 08:24:56.421661+00:00,6,6_blocks,84477,42.2,2,1,1,,,0.5,"xgb,lgb",0.3636363636363636,False,0.0,VALIDATED,,,17,16.95,28.0,27.59,1.0,1.0
2026-07-27 11:49:24.822061+00:00,1,1_block,86337,42.3,1,1,1,,,0.5,"xgb,lgb",0.4775413711583924,False,0.0,VALIDATED,,,9,8.49,14.0,13.48,1.0,1.0
2026-07-27 11:49:24.822061+00:00,3,3_blocks,86337,42.3,1,1,1,,,0.5,"xgb,lgb",0.3636363636363636,False,0.0,VALIDATED,,,12,11.92,20.0,19.21,1.0,1.0
2026-07-27 11:49:24.822061+00:00,6,6_blocks,86337,42.3,1,1,1,,,0.5,"xgb,lgb",2.0048076923076925,False,0.0,VALIDATED,,,12,11.92,20.0,19.21,1.0,1.0
2026-07-27 14:01:35.088408+00:00,1,1_block,93596,44.9,4,4,3,,,0.5,"xgb,lgb",2.0048076923076925,False,0.0,VALIDATED,,,22,21.23,35.0,34.49,2.0,1.34
2026-07-27 14:01:35.088408+00:00,3,3_blocks,93596,44.9,4,4,3,,,0.5,"xgb,lgb",2.0048076923076925,False,0.0,VALIDATED,,,44,43.62,73.0,72.03,1.0,1.0
2026-07-27 14:01:35.088408+00:00,6,6_blocks,93596,44.9,4,4,3,,,0.5,"xgb,lgb",2.0048076923076925,False,0.0,VALIDATED,,,44,43.62,73.0,72.03,1.0,1.0
2026-07-27 16:31:39.542711+00:00,1,1_block,89884,44.2,2,2,1,,,0.5,"xgb,lgb",1.2049910873440286,False,0.0,VALIDATED,,,11,10.87,18.0,17.46,1.0,1.0
2026-07-27 16:31:39.542711+00:00,3,3_blocks,89884,44.2,2,2,1,,,0.5,"xgb,lgb",1.2049910873440286,False,0.0,VALIDATED,,,34,33.27,55.0,54.79,1.0,1.0
2026-07-27 16:31:39.542711+00:00,6,6_blocks,89884,44.2,2,2,1,,,0.5,"xgb,lgb",0.4714232902033272,False,0.0,VALIDATED,,,34,33.27,55.0,54.79,1.0,1.0
2026-07-27 18:09:59.532026+00:00,1,1_block,94473,44.2,5,4,1,,,0.5,"xgb,lgb",1.0044642857142858,False,0.0,VALIDATED,,,19,18.11,30.0,29.44,2.0,1.11
2026-07-27 18:09:59.532026+00:00,3,3_blocks,94473,44.2,5,4,1,,,0.5,"xgb,lgb",0.4714232902033272,False,0.0,VALIDATED,,,43,42.75,71.0,70.58,1.0,1.0
2026-07-27 18:09:59.532026+00:00,6,6_blocks,94473,44.2,5,4,1,,,0.5,"xgb,lgb",0.4690265486725664,False,0.0,VALIDATED,,,43,42.75,71.0,70.58,1.0,1.0
2026-07-27 19:52:17.687514+00:00,1,1_block,87015,42.6,1,1,1,,,1.0,"xgb,lgb",0.5,False,0.0,VALIDATED,,,1,1.0,1.0,1.0,1.0,1.0
2026-07-27 19:52:17.687514+00:00,3,3_blocks,87015,42.6,1,1,1,,,0.5,"xgb,lgb",0.4690265486725664,False,0.0,VALIDATED,,,17,16.49,27.0,26.81,1.0,1.0
2026-07-27 19:52:17.687514+00:00,6,6_blocks,87015,42.6,1,1,1,,,0.5,"xgb,lgb",0.4690265486725664,False,0.0,VALIDATED,,,17,16.49,27.0,26.81,1.0,1.0
2026-07-27 21:05:15.317967+00:00,1,1_block,86811,42.6,2,1,1,,,0.5,"xgb,lgb",2.0,False,0.0,VALIDATED,,,4,3.02,5.0,4.3,2.0,1.11
2026-07-27 21:05:15.317967+00:00,3,3_blocks,86811,42.6,2,1,1,,,0.5,"xgb,lgb",0.4722222222222222,False,0.0,VALIDATED,,,36,35.26,59.0,58.1,1.0,1.0
2026-07-27 21:05:15.317967+00:00,6,6_blocks,86811,42.6,2,1,1,,,0.5,"xgb,lgb",0.4363636363636363,False,0.0,VALIDATED,,,36,35.26,59.0,58.1,1.0,1.0
2026-07-27 22:15:30.207290+00:00,1,1_block,89179,43.6,3,1,1,,,0.5,"xgb,lgb",0.5660377358490566,False,0.0,VALIDATED,,,12,11.18,18.0,17.74,2.0,1.35
2026-07-27 22:15:30.207290+00:00,3,3_blocks,89179,43.6,3,1,1,,,0.5,"xgb,lgb",0.4460431654676259,False,0.0,VALIDATED,,,27,26.52,44.0,43.53,1.0,1.0
2026-07-27 22:15:30.207290+00:00,6,6_blocks,89179,43.6,3,1,1,,,0.5,"xgb,lgb",0.4363636363636363,False,0.0,VALIDATED,,,27,26.52,44.0,43.53,1.0,1.0
2026-07-27 23:29:03.135630+00:00,1,1_block,86504,42.4,1,1,1,,,0.5,"xgb,lgb",0.5660377358490566,False,0.0,VALIDATED,,,7,6.84,11.0,10.74,1.0,1.0
2026-07-27 23:29:03.135630+00:00,3,3_blocks,86504,42.4,1,1,1,,,0.5,"xgb,lgb",0.4646464646464646,False,0.0,VALIDATED,,,14,13.18,22.0,21.3,1.0,1.0
2026-07-27 23:29:03.135630+00:00,6,6_blocks,86504,42.4,1,1,1,,,0.5,"xgb,lgb",0.4460431654676259,False,0.0,VALIDATED,,,14,13.18,22.0,21.3,1.0,1.0
2026-07-28 00:56:06.239211+00:00,1,1_block,88150,43.1,2,1,1,,,0.5,"xgb,lgb",2.0,False,0.0,VALIDATED,,,6,5.76,9.0,8.69,2.0,1.36
2026-07-28 00:56:06.239211+00:00,3,3_blocks,88150,43.1,2,1,1,,,0.5,"xgb,lgb",0.4424778761061947,False,0.0,VALIDATED,,,24,23.79,39.0,38.99,1.0,1.0
2026-07-28 00:56:06.239211+00:00,6,6_blocks,88150,43.1,2,1,1,,,0.5,"xgb,lgb",0.4054054054054054,False,0.0,VALIDATED,,,24,23.8,39.0,38.99,2.0,1.01
2026-07-28 03:56:40.328436+00:00,1,1_block,83834,41.9,1,1,1,,,0.5,"xgb,lgb",0.4424778761061947,False,0.0,VALIDATED,,,4,3.73,6.0,5.55,1.0,1.0
2026-07-28 03:56:40.328436+00:00,3,3_blocks,83834,41.9,1,1,1,,,0.996,"xgb,lgb",0.4424778761061947,False,0.0,VALIDATED,,,2,1.0,1.0,1.0,1.0,1.0
2026-07-28 03:56:40.328436+00:00,6,6_blocks,83834,41.9,1,1,1,,,1.0,"xgb,lgb",0.4428571428571428,False,0.0,VALIDATED,,,1,1.0,1.0,1.0,1.0,1.0
2026-07-28 06:21:48.457109+00:00,1,1_block,84562,41.9,1,1,1,,,1.0,"xgb,lgb",0.7641996557659209,False,0.0,VALIDATED,,,1,1.0,1.0,1.0,1.0,1.0
2026-07-28 06:21:48.457109+00:00,3,3_blocks,84562,41.9,1,1,1,,,0.5,"xgb,lgb",0.7641996557659209,False,0.0,VALIDATED,,,3,2.33,4.0,3.22,1.0,1.0
2026-07-28 06:21:48.457109+00:00,6,6_blocks,84562,41.9,1,1,1,,,0.5,"xgb,lgb",0.5,False,0.0,VALIDATED,,,3,2.33,4.0,3.22,1.0,1.0
2026-07-28 09:15:20.298406+00:00,1,1_block,91546,43.4,2,1,1,,,1.0,"xgb,lgb",0.5314183123877917,False,0.0,VALIDATED,,,1,1.0,1.0,1.0,1.0,1.0
2026-07-28 09:15:20.298406+00:00,3,3_blocks,91546,43.4,2,1,1,,,0.5,"xgb,lgb",0.5,False,0.0,VALIDATED,,,35,34.66,58.0,57.1,1.0,1.0
2026-07-28 09:15:20.298406+00:00,6,6_blocks,91546,43.4,2,1,1,,,0.5,"xgb,lgb",0.5,False,0.0,VALIDATED,,,35,34.66,58.0,57.1,1.0,1.0
2026-07-28 11:29:41.107249+00:00,1,1_block,91978,43.4,2,1,1,,,0.5,"xgb,lgb",1.0,False,0.0,VALIDATED,,,2,1.51,2.0,1.86,1.0,1.0
2026-07-28 11:29:41.107249+00:00,3,3_blocks,91978,43.4,2,1,1,,,0.5,"xgb,lgb",0.5285714285714286,False,0.0,VALIDATED,,,37,36.25,60.0,59.76,1.0,1.0
2026-07-28 11:29:41.107249+00:00,6,6_blocks,91978,43.4,2,1,1,,,0.5,"xgb,lgb",0.5285714285714286,False,0.0,VALIDATED,,,37,36.25,60.0,59.76,1.0,1.0
2026-07-28 13:10:51.726102+00:00,1,1_block,96374,44.7,3,3,1,,,0.5,"xgb,lgb",0.5495495495495496,False,0.0,VALIDATED,,,7,6.46,11.0,10.1,1.0,1.0
2026-07-28 13:10:51.726102+00:00,3,3_blocks,96374,44.7,3,3,1,,,0.5,"xgb,lgb",0.5285714285714286,False,0.0,VALIDATED,,,35,34.42,57.0,56.7,1.0,1.0
2026-07-28 13:10:51.726102+00:00,6,6_blocks,96374,44.7,3,3,1,,,0.5,"xgb,lgb",0.5285714285714286,False,0.0,VALIDATED,,,35,34.42,57.0,56.7,1.0,1.0
2026-07-28 15:32:49.205565+00:00,1,1_block,94692,43.7,1,1,1,,,0.5,"xgb,lgb",1.2622950819672132,False,0.0,VALIDATED,,,7,6.16,10.0,9.6,1.0,1.0
2026-07-28 15:32:49.205565+00:00,3,3_blocks,94692,43.7,1,1,1,,,0.5,"xgb,lgb",0.4811490125673249,False,0.0,VALIDATED,,,33,32.49,54.0,53.48,1.0,1.0
2026-07-28 15:32:49.205565+00:00,6,6_blocks,94692,43.7,1,1,1,,,0.5,"xgb,lgb",0.4811490125673249,False,0.0,VALIDATED,,,33,32.49,54.0,53.48,1.0,1.0
2026-07-28 17:05:34.181141+00:00,1,1_block,101867,44.9,3,1,1,,,0.5,"xgb,lgb",2.0,False,0.0,VALIDATED,,,7,6.95,11.0,10.92,1.0,1.0
2026-07-28 17:05:34.181141+00:00,3,3_blocks,101867,44.9,3,1,1,,,0.5,"xgb,lgb",1.5609756097560976,False,0.0,VALIDATED,,,47,46.11,77.0,76.19,1.0,1.0
2026-07-28 17:05:34.181141+00:00,6,6_blocks,101867,44.9,3,1,1,,,0.5,"xgb,lgb",1.204225352112676,False,0.0,VALIDATED,,,47,46.11,77.0,76.19,1.0,1.0
2026-07-28 18:25:23.902723+00:00,1,1_block,104029,45.8,3,3,1,,,0.5,"xgb,lgb",2.0,False,0.0,VALIDATED,,,12,11.15,18.0,17.72,2.0,1.3
2026-07-28 18:25:23.902723+00:00,3,3_blocks,104029,45.8,3,3,1,,,0.5,"xgb,lgb",1.0,False,0.0,VALIDATED,,,18,17.12,28.0,27.87,1.0,1.0
2026-07-28 18:25:23.902723+00:00,6,6_blocks,104029,45.8,3,3,1,,,0.5,"xgb,lgb",1.0,False,0.0,VALIDATED,,,18,17.13,28.0,27.87,2.0,1.01
2026-07-28 19:59:52.035788+00:00,1,1_block,106930,47.1,3,3,3,,,0.5,"xgb,lgb",1.0,False,0.0,VALIDATED,,,12,11.28,18.0,17.89,2.0,1.36
2026-07-28 19:59:52.035788+00:00,3,3_blocks,106930,47.1,3,3,3,,,0.5,"xgb,lgb",1.0,False,0.0,VALIDATED,,,32,31.62,53.0,52.03,1.0,1.0
2026-07-28 19:59:52.035788+00:00,6,6_blocks,106930,47.1,3,3,3,,,0.5,"xgb,lgb",1.0,False,0.0,VALIDATED,,,32,31.62,53.0,52.03,1.0,1.0
2026-07-28 21:11:46.835494+00:00,1,1_block,106019,46.2,4,4,1,,,0.5,"xgb,lgb",3.746411483253589,False,0.0,VALIDATED,,,14,13.51,22.0,21.85,1.0,1.0
2026-07-28 21:11:46.835494+00:00,3,3_blocks,106019,46.2,4,4,1,,,0.5,"xgb,lgb",1.0,False,0.0,VALIDATED,,,42,41.45,69.0,68.42,1.0,1.0
2026-07-28 21:11:46.835494+00:00,6,6_blocks,106019,46.2,4,4,1,,,0.5,"xgb,lgb",0.5285714285714286,False,0.0,VALIDATED,,,42,41.45,69.0,68.42,1.0,1.0
2026-07-28 22:18:42.399242+00:00,1,1_block,102475,45.4,3,1,1,,,0.5,"xgb,lgb",0.5285714285714286,False,0.0,VALIDATED,,,13,12.39,20.0,19.9,2.0,1.12
2026-07-28 22:18:42.399242+00:00,3,3_blocks,102475,45.4,3,1,1,,,0.5,"xgb,lgb",0.5285714285714286,False,0.0,VALIDATED,,,39,38.45,64.0,63.41,1.0,1.0
2026-07-28 22:18:42.399242+00:00,6,6_blocks,102475,45.4,3,1,1,,,0.5,"xgb,lgb",0.5285714285714286,False,0.0,VALIDATED,,,39,38.49,64.0,63.41,2.0,1.09
2026-07-28 23:18:42.520729+00:00,1,1_block,100813,47.3,2,2,2,,,0.5,"xgb,lgb",1.0071428571428571,False,0.0,VALIDATED,,,17,16.17,27.0,26.18,2.0,1.15
2026-07-28 23:18:42.520729+00:00,3,3_blocks,100813,47.3,2,2,2,,,0.5,"xgb,lgb",1.009009009009009,False,0.0,VALIDATED,,,46,45.09,75.0,74.49,1.0,1.0
2026-07-28 23:18:42.520729+00:00,6,6_blocks,100813,47.3,2,2,2,,,0.5,"xgb,lgb",1.0071428571428571,False,0.0,VALIDATED,,,46,45.09,75.0,74.49,1.0,1.0
2026-07-29 00:13:18.055543+00:00,1,1_block,103016,47.9,4,3,3,,,0.5,"xgb,lgb",3.0071827613727056,False,0.0,VALIDATED,,,13,12.44,20.0,19.82,2.0,1.38
2026-07-29 00:13:18.055543+00:00,3,3_blocks,103016,47.9,4,3,3,,,0.5,"xgb,lgb",1.009009009009009,False,0.0,VALIDATED,,,31,30.79,51.0,50.65,1.0,1.0
2026-07-29 00:13:18.055543+00:00,6,6_blocks,103016,47.9,4,3,3,,,0.5,"xgb,lgb",1.0071428571428571,False,0.0,VALIDATED,,,31,30.82,51.0,50.65,2.0,1.08
2026-07-29 03:43:56.016861+00:00,1,1_block,89283,42.8,1,1,1,,,0.5,"xgb,lgb",1.0,False,0.0,VALIDATED,,,6,5.52,9.0,8.53,1.0,1.0
2026-07-29 03:43:56.016861+00:00,3,3_blocks,89283,42.8,1,1,1,,,0.5,"xgb,lgb",0.4714285714285714,False,0.0,VALIDATED,,,11,10.06,17.0,16.1,1.0,1.0
2026-07-29 03:43:56.016861+00:00,6,6_blocks,89283,42.8,1,1,1,,,0.5,"xgb,lgb",0.4550898203592814,False,0.0,VALIDATED,,,11,10.06,17.0,16.1,1.0,1.0
2026-07-29 06:20:25.135850+00:00,1,1_block,88226,43.4,1,1,1,,,1.0,"xgb,lgb",0.4428571428571428,False,0.0,VALIDATED,,,1,1.0,1.0,1.0,1.0,1.0
2026-07-29 06:20:25.135850+00:00,3,3_blocks,88226,43.4,1,1,1,,,1.0,"xgb,lgb",0.4428571428571428,False,0.0,VALIDATED,,,1,1.0,1.0,1.0,1.0,1.0
2026-07-29 06:20:25.135850+00:00,6,6_blocks,88226,43.4,1,1,1,,,1.0,"xgb,lgb",0.4428571428571428,False,0.0,VALIDATED,,,1,1.0,1.0,1.0,1.0,1.0
2026-07-29 09:16:56.850270+00:00,1,1_block,88454,43.7,2,1,1,,,0.5,"xgb,lgb",0.5,False,0.0,VALIDATED,,,6,5.19,8.0,7.99,1.0,1.0
2026-07-29 09:16:56.850270+00:00,3,3_blocks,88454,43.7,2,1,1,,,0.5,"xgb,lgb",0.5,False,0.0,VALIDATED,,,22,21.71,36.0,35.52,1.0,1.0
2026-07-29 09:16:56.850270+00:00,6,6_blocks,88454,43.7,2,1,1,,,0.5,"xgb,lgb",0.5,False,0.0,VALIDATED,,,22,21.71,36.0,35.52,1.0,1.0
2026-07-29 11:35:29.755866+00:00,1,1_block,86244,42.8,1,1,1,,,0.5,"xgb,lgb",0.5521472392638037,False,0.0,VALIDATED,,,3,2.21,4.0,3.01,1.0,1.0
2026-07-29 11:35:29.755866+00:00,3,3_blocks,86244,42.8,1,1,1,,,0.5,"xgb,lgb",0.5142857142857142,False,0.0,VALIDATED,,,15,14.29,24.0,23.15,1.0,1.0
2026-07-29 11:35:29.755866+00:00,6,6_blocks,86244,42.8,1,1,1,,,0.5,"xgb,lgb",0.4964028776978417,False,0.0,VALIDATED,,,15,14.29,24.0,23.15,1.0,1.0
2026-07-29 13:19:47.136509+00:00,1,1_block,86508,43.1,1,1,1,,,0.5,"xgb,lgb",1.0044247787610618,False,0.0,VALIDATED,,,4,3.93,6.0,5.89,1.0,1.0
2026-07-29 13:19:47.136509+00:00,3,3_blocks,86508,43.1,1,1,1,,,0.5,"xgb,lgb",0.5899280575539568,False,0.0,VALIDATED,,,19,18.35,30.0,29.91,1.0,1.0
2026-07-29 13:19:47.136509+00:00,6,6_blocks,86508,43.1,1,1,1,,,0.5,"xgb,lgb",0.5899280575539568,False,0.0,VALIDATED,,,19,18.35,30.0,29.91,1.0,1.0
2026-07-29 15:23:28.408300+00:00,1,1_block,87572,43.4,2,1,1,,,0.89,"xgb,lgb",1.9722222222222223,False,0.0,VALIDATED,,,2,1.05,1.0,1.0,2.0,1.12
2026-07-29 15:23:28.408300+00:00,3,3_blocks,87572,43.4,2,1,1,,,0.5,"xgb,lgb",1.9722222222222223,False,0.0,VALIDATED,,,25,24.2,40.0,39.66,1.0,1.0
2026-07-29 15:23:28.408300+00:00,6,6_blocks,87572,43.4,2,1,1,,,0.5,"xgb,lgb",0.4788732394366197,False,0.0,VALIDATED,,,25,24.2,40.0,39.66,1.0,1.0
2026-07-29 16:48:10.949918+00:00,1,1_block,89279,44.1,2,2,1,,,0.5,"xgb,lgb",7.404255319148936,False,0.0,VALIDATED,,,9,8.05,13.0,12.75,1.0,1.0
2026-07-29 16:48:10.949918+00:00,3,3_blocks,89279,44.1,2,2,1,,,0.5,"xgb,lgb",4.278074866310161,False,0.0,VALIDATED,,,38,37.87,63.0,62.45,1.0,1.0
2026-07-29 16:48:10.949918+00:00,6,6_blocks,89279,44.1,2,2,1,,,0.5,"xgb,lgb",1.9722222222222223,False,0.0,VALIDATED,,,38,37.87,63.0,62.45,1.0,1.0
2026-07-29 17:59:21.457514+00:00,1,1_block,95038,45.8,5,4,3,,,0.5,"xgb,lgb",7.404255319148936,False,0.0,VALIDATED,,,10,9.14,15.0,14.33,2.0,1.36
2026-07-29 17:59:21.457514+00:00,3,3_blocks,95038,45.8,5,4,3,,,0.5,"xgb,lgb",4.278074866310161,False,0.0,VALIDATED,,,15,14.63,24.0,23.71,1.0,1.0
2026-07-29 17:59:21.457514+00:00,6,6_blocks,95038,45.8,5,4,3,,,0.5,"xgb,lgb",3.0,False,0.0,VALIDATED,,,15,14.66,24.0,23.71,2.0,1.08
2026-07-29 19:18:50.766691+00:00,1,1_block,97338,46.8,5,4,4,,,0.5,"xgb,lgb",3.1564625850340136,False,0.0,VALIDATED,,,11,10.29,17.0,16.41,2.0,1.1
2026-07-29 19:18:50.766691+00:00,3,3_blocks,97338,46.8,5,4,4,,,0.5,"xgb,lgb",3.0,False,0.0,VALIDATED,,,4,3.19,5.0,4.65,1.0,1.0
2026-07-29 19:18:50.766691+00:00,6,6_blocks,97338,46.8,5,4,4,,,0.5,"xgb,lgb",2.0,False,0.0,VALIDATED,,,4,3.2,5.0,4.65,2.0,1.02
2026-07-29 20:27:26.700969+00:00,1,1_block,96886,47.0,5,4,4,,,0.5,"xgb,lgb",2.001428571428572,False,0.0,VALIDATED,,,17,16.5,27.0,26.83,1.0,1.0
2026-07-29 20:27:26.700969+00:00,3,3_blocks,96886,47.0,5,4,4,,,0.5,"xgb,lgb",2.0,False,0.0,VALIDATED,,,21,20.35,34.0,33.26,1.0,1.0
2026-07-29 20:27:26.700969+00:00,6,6_blocks,96886,47.0,5,4,4,,,0.5,"xgb,lgb",2.0,False,0.0,VALIDATED,,,21,20.35,34.0,33.26,1.0,1.0
2026-07-29 21:26:08.755664+00:00,1,1_block,92214,45.3,3,3,3,,,0.5,"xgb,lgb",0.5119047619047619,False,0.0,VALIDATED,,,7,6.98,11.0,10.89,2.0,1.11
2026-07-29 21:26:08.755664+00:00,3,3_blocks,92214,45.3,3,3,3,,,0.5,"xgb,lgb",0.4714285714285714,False,0.0,VALIDATED,,,26,25.71,43.0,42.18,1.0,1.0
2026-07-29 21:26:08.755664+00:00,6,6_blocks,92214,45.3,3,3,3,,,0.5,"xgb,lgb",0.4714285714285714,False,0.0,VALIDATED,,,26,25.71,43.0,42.18,1.0,1.0
2026-07-29 22:27:37.623402+00:00,1,1_block,88992,42.9,2,1,1,,,1.0,"xgb,lgb",0.4594594594594595,False,0.0,VALIDATED,,,1,1.0,1.0,1.0,1.0,1.0
2026-07-29 22:27:37.623402+00:00,3,3_blocks,88992,42.9,2,1,1,,,0.5,"xgb,lgb",0.4594594594594595,False,0.0,VALIDATED,,,27,26.71,44.0,43.86,1.0,1.0
2026-07-29 22:27:37.623402+00:00,6,6_blocks,88992,42.9,2,1,1,,,0.5,"xgb,lgb",0.4594594594594595,False,0.0,VALIDATED,,,27,26.71,44.0,43.86,1.0,1.0
2026-07-29 23:30:20.930391+00:00,1,1_block,88764,43.1,1,1,1,,,1.0,"xgb,lgb",0.4594594594594595,False,0.0,VALIDATED,,,1,1.0,1.0,1.0,1.0,1.0
2026-07-29 23:30:20.930391+00:00,3,3_blocks,88764,43.1,1,1,1,,,0.5,"xgb,lgb",0.4504504504504504,False,0.0,VALIDATED,,,13,12.98,21.0,20.96,1.0,1.0
2026-07-29 23:30:20.930391+00:00,6,6_blocks,88764,43.1,1,1,1,,,0.5,"xgb,lgb",0.4444444444444444,False,0.0,VALIDATED,,,13,12.98,21.0,20.96,1.0,1.0
2026-07-30 00:56:10.146900+00:00,1,1_block,84750,42.1,1,1,1,,,0.5,"xgb,lgb",0.4504504504504504,False,0.0,VALIDATED,,,7,6.81,11.0,10.68,1.0,1.0
2026-07-30 00:56:10.146900+00:00,3,3_blocks,84750,42.1,1,1,1,,,0.5,"xgb,lgb",1.0,False,0.0,VALIDATED,,,5,4.88,8.0,7.47,1.0,1.0
2026-07-30 00:56:10.146900+00:00,6,6_blocks,84750,42.1,1,1,1,,,0.5,"xgb,lgb",1.0,False,0.0,VALIDATED,,,5,4.88,8.0,7.47,1.0,1.0
2026-07-30 03:52:24.327418+00:00,1,1_block,86879,43.0,2,2,1,,,0.752,"xgb,lgb",2.1040723981900453,False,0.0,VALIDATED,,,2,1.61,2.0,1.76,2.0,1.37
2026-07-30 03:52:24.327418+00:00,3,3_blocks,86879,43.0,2,2,1,,,0.996,"xgb,lgb",1.0,False,0.0,VALIDATED,,,2,1.0,1.0,1.0,1.0,1.0
2026-07-30 03:52:24.327418+00:00,6,6_blocks,86879,43.0,2,2,1,,,1.0,"xgb,lgb",0.4583333333333333,False,0.0,VALIDATED,,,1,1.0,1.0,1.0,1.0,1.0
2026-07-30 06:22:22.672814+00:00,1,1_block,87002,42.7,3,1,1,,,1.0,"xgb,lgb",0.4583333333333333,False,0.0,VALIDATED,,,1,1.0,1.0,1.0,1.0,1.0
2026-07-30 06:22:22.672814+00:00,3,3_blocks,87002,42.7,3,1,1,,,0.5,"xgb,lgb",0.4583333333333333,False,0.0,VALIDATED,,,12,11.39,19.0,18.32,1.0,1.0
2026-07-30 06:22:22.672814+00:00,6,6_blocks,87002,42.7,3,1,1,,,0.5,"xgb,lgb",0.3513513513513513,False,0.0,VALIDATED,,,12,11.42,19.0,18.32,2.0,1.06
2026-07-30 09:11:58.161404+00:00,1,1_block,83859,41.9,1,1,1,,,1.0,"xgb,lgb",0.49,False,0.0,VALIDATED,,,1,1.0,1.0,1.0,1.0,1.0
2026-07-30 09:11:58.161404+00:00,3,3_blocks,83859,41.9,1,1,1,,,0.5,"xgb,lgb",0.3513513513513513,False,0.0,VALIDATED,,,4,3.42,6.0,5.03,1.0,1.0
2026-07-30 09:11:58.161404+00:00,6,6_blocks,83859,41.9,1,1,1,,,0.5,"xgb,lgb",0.5,False,0.0,VALIDATED,,,4,3.42,6.0,5.03,1.0,1.0
2026-07-30 11:22:28.899750+00:00,1,1_block,81495,41.3,1,1,1,,,0.726,"xgb,lgb",0.567741935483871,False,0.0,VALIDATED,,,2,1.13,1.0,1.0,2.0,1.32
2026-07-30 11:22:28.899750+00:00,3,3_blocks,81495,41.3,1,1,1,,,0.5,"xgb,lgb",0.567741935483871,False,0.0,VALIDATED,,,7,6.49,11.0,10.15,1.0,1.0
2026-07-30 11:22:28.899750+00:00,6,6_blocks,81495,41.3,1,1,1,,,0.5,"xgb,lgb",1.0192307692307692,False,0.0,VALIDATED,,,7,6.49,11.0,10.15,1.0,1.0
2026-07-30 13:03:21.937118+00:00,1,1_block,83820,42.0,2,1,1,,,1.0,"xgb,lgb",1.0192307692307692,False,0.0,VALIDATED,,,1,1.0,1.0,1.0,1.0,1.0
2026-07-30 13:03:21.937118+00:00,3,3_blocks,83820,42.0,2,1,1,,,0.5,"xgb,lgb",1.0192307692307692,False,0.0,VALIDATED,,,14,13.38,22.0,21.63,1.0,1.0
2026-07-30 13:03:21.937118+00:00,6,6_blocks,83820,42.0,2,1,1,,,0.5,"xgb,lgb",1.0192307692307692,False,0.0,VALIDATED,,,14,13.38,22.0,21.63,1.0,1.0
2026-07-30 15:20:56.605875+00:00,1,1_block,88194,43.6,5,4,3,,,0.5,"xgb,lgb",0.4357142857142857,False,0.0,VALIDATED,,,2,1.43,2.0,1.72,1.0,1.0
2026-07-30 15:20:56.605875+00:00,3,3_blocks,88194,43.6,5,4,3,,,0.5,"xgb,lgb",0.4357142857142857,False,0.0,VALIDATED,,,6,5.09,8.0,7.81,1.0,1.0
2026-07-30 15:20:56.605875+00:00,6,6_blocks,88194,43.6,5,4,3,,,0.5,"xgb,lgb",0.5112107623318386,False,0.0,VALIDATED,,,6,5.09,8.0,7.81,1.0,1.0
2026-07-30 16:54:23.448844+00:00,1,1_block,87002,43.1,4,3,1,,,0.5,"xgb,lgb",0.5546995377503852,False,0.0,VALIDATED,,,2,1.53,2.0,1.89,1.0,1.0
2026-07-30 16:54:23.448844+00:00,3,3_blocks,87002,43.1,4,3,1,,,0.5,"xgb,lgb",0.5112107623318386,False,0.0,VALIDATED,,,30,29.21,49.0,48.01,1.0,1.0
2026-07-30 16:54:23.448844+00:00,6,6_blocks,87002,43.1,4,3,1,,,0.5,"xgb,lgb",0.5112107623318386,False,0.0,VALIDATED,,,30,29.21,49.0,48.01,1.0,1.0
2026-07-30 18:11:38.475092+00:00,1,1_block,85096,42.4,3,1,1,,,1.0,"xgb,lgb",1.0068649885583525,False,0.0,VALIDATED,,,1,1.0,1.0,1.0,1.0,1.0
2026-07-30 18:11:38.475092+00:00,3,3_blocks,85096,42.4,3,1,1,,,0.5,"xgb,lgb",0.5026548672566372,False,0.0,VALIDATED,,,15,14.73,24.0,23.87,1.0,1.0
2026-07-30 18:11:38.475092+00:00,6,6_blocks,85096,42.4,3,1,1,,,0.5,"xgb,lgb",0.5026548672566372,False,0.0,VALIDATED,,,15,14.72,24.0,23.87,1.0,1.0
2026-07-30 19:55:05.746629+00:00,1,1_block,85374,42.3,3,1,1,,,1.0,"xgb,lgb",1.05,False,0.0,VALIDATED,,,1,1.0,1.0,1.0,1.0,1.0
2026-07-30 19:55:05.746629+00:00,3,3_blocks,85374,42.3,3,1,1,,,0.5,"xgb,lgb",0.5521472392638037,False,0.0,VALIDATED,,,18,17.75,29.0,28.91,1.0,1.0
2026-07-30 19:55:05.746629+00:00,6,6_blocks,85374,42.3,3,1,1,,,0.5,"xgb,lgb",0.5,False,0.0,VALIDATED,,,18,17.75,29.0,28.91,1.0,1.0
2026-07-30 21:00:57.705226+00:00,1,1_block,83298,41.8,1,1,1,,,1.0,"xgb,lgb",1.05,False,0.0,VALIDATED,,,1,1.0,1.0,1.0,1.0,1.0
2026-07-30 21:00:57.705226+00:00,3,3_blocks,83298,41.8,1,1,1,,,0.996,"xgb,lgb",0.5521472392638037,False,0.0,VALIDATED,,,2,1.0,1.0,1.0,1.0,1.0
2026-07-30 21:00:57.705226+00:00,6,6_blocks,83298,41.8,1,1,1,,,1.0,"xgb,lgb",0.5117493472584856,False,0.0,VALIDATED,,,1,1.0,1.0,1.0,1.0,1.0
2026-07-30 22:12:53.298865+00:00,1,1_block,85494,42.3,3,1,1,,,0.5,"xgb,lgb",1.0070422535211268,False,0.0,VALIDATED,,,2,1.83,3.0,2.34,2.0,1.08
2026-07-30 22:12:53.298865+00:00,3,3_blocks,85494,42.3,3,1,1,,,0.5,"xgb,lgb",0.5117493472584856,False,0.0,VALIDATED,,,3,2.49,4.0,3.48,1.0,1.0
2026-07-30 22:12:53.298865+00:00,6,6_blocks,85494,42.3,3,1,1,,,0.5,"xgb,lgb",0.7857142857142857,False,0.0,VALIDATED,,,3,2.49,4.0,3.48,1.0,1.0
2026-07-30 23:19:54.699343+00:00,1,1_block,88874,43.5,4,4,1,,,0.5,"xgb,lgb",2.4494845360824744,False,0.0,VALIDATED,,,13,12.46,20.0,19.86,2.0,1.35
2026-07-30 23:19:54.699343+00:00,3,3_blocks,88874,43.5,4,4,1,,,0.5,"xgb,lgb",2.2334096109839816,False,0.0,VALIDATED,,,3,2.04,3.0,2.73,1.0,1.0
2026-07-30 23:19:54.699343+00:00,6,6_blocks,88874,43.5,4,4,1,,,0.5,"xgb,lgb",1.0,False,0.0,VALIDATED,,,3,2.04,3.0,2.73,1.0,1.0
2026-07-31 00:59:31.218077+00:00,1,1_block,84564,42.1,2,1,1,,,1.0,"xgb,lgb",1.0666666666666669,False,0.0,VALIDATED,,,1,1.0,1.0,1.0,1.0,1.0
2026-07-31 00:59:31.218077+00:00,3,3_blocks,84564,42.1,2,1,1,,,0.996,"xgb,lgb",1.0666666666666669,False,0.0,VALIDATED,,,2,1.0,1.0,1.0,1.0,1.0
2026-07-31 00:59:31.218077+00:00,6,6_blocks,84564,42.1,2,1,1,,,1.0,"xgb,lgb",1.0,False,0.0,VALIDATED,,,1,1.0,1.0,1.0,1.0,1.0
2026-07-31 04:24:53.139565+00:00,1,1_block,86725,42.9,2,1,1,,,0.502,"xgb,lgb",0.4684684684684684,False,0.0,VALIDATED,,,2,1.4,2.0,1.66,1.0,1.0
2026-07-31 04:24:53.139565+00:00,3,3_blocks,86725,42.9,2,1,1,,,0.5,"xgb,lgb",0.4684684684684684,False,0.0,VALIDATED,,,10,9.38,15.0,14.96,1.0,1.0
2026-07-31 04:24:53.139565+00:00,6,6_blocks,86725,42.9,2,1,1,,,0.5,"xgb,lgb",0.4684684684684684,False,0.0,VALIDATED,,,10,9.37,15.0,14.96,1.0,1.0
2026-07-31 07:21:35.437031+00:00,1,1_block,94582,44.3,3,3,1,,,0.5,"xgb,lgb",1.0034188034188034,False,0.0,VALIDATED,,,12,11.75,19.0,18.92,1.0,1.0
2026-07-31 07:21:35.437031+00:00,3,3_blocks,94582,44.3,3,3,1,,,0.5,"xgb,lgb",1.0034188034188034,False,0.0,VALIDATED,,,32,31.62,53.0,52.03,1.0,1.0
2026-07-31 07:21:35.437031+00:00,6,6_blocks,94582,44.3,3,3,1,,,0.5,"xgb,lgb",0.5267441860465116,False,0.0,VALIDATED,,,32,31.62,53.0,52.03,1.0,1.0
2026-07-31 10:04:24.631617+00:00,1,1_block,88321,42.8,2,1,1,,,0.5,"xgb,lgb",2.0034904013961605,False,0.0,VALIDATED,,,3,2.15,3.0,2.92,1.0,1.0
2026-07-31 10:04:24.631617+00:00,3,3_blocks,88321,42.8,2,1,1,,,0.5,"xgb,lgb",2.0034904013961605,False,0.0,VALIDATED,,,13,12.96,21.0,20.92,1.0,1.0
2026-07-31 10:04:24.631617+00:00,6,6_blocks,88321,42.8,2,1,1,,,0.5,"xgb,lgb",0.5267441860465116,False,0.0,VALIDATED,,,13,12.95,21.0,20.92,1.0,1.0
2026-07-31 12:10:19.760358+00:00,1,1_block,94933,46.6,4,4,4,,,0.5,"xgb,lgb",1.0,False,0.0,VALIDATED,,,7,6.37,10.0,9.74,2.0,1.32
2026-07-31 12:10:19.760358+00:00,3,3_blocks,94933,46.6,4,4,4,,,0.5,"xgb,lgb",1.0,False,0.0,VALIDATED,,,4,3.46,6.0,5.09,1.0,1.0
2026-07-31 12:10:19.760358+00:00,6,6_blocks,94933,46.6,4,4,4,,,0.5,"xgb,lgb",1.0,False,0.0,VALIDATED,,,4,3.45,6.0,5.09,1.0,1.0
2026-07-31 14:32:36.622781+00:00,1,1_block,95596,48.5,5,4,3,,,0.614,"xgb,lgb",2.0,False,0.0,VALIDATED,,,2,1.29,2.0,1.48,1.0,1.0
2026-07-31 14:32:36.622781+00:00,3,3_blocks,95596,48.5,5,4,3,,,0.5,"xgb,lgb",1.0,False,0.0,VALIDATED,,,31,30.76,51.0,50.6,1.0,1.0
2026-07-31 14:32:36.622781+00:00,6,6_blocks,95596,48.5,5,4,3,,,0.5,"xgb,lgb",1.0,False,0.0,VALIDATED,,,31,30.76,51.0,50.6,1.0,1.0
2026-07-31 16:20:08.557546+00:00,1,1_block,88388,43.0,1,1,1,,,0.5,"xgb,lgb",1.2698412698412698,False,0.0,VALIDATED,,,3,2.29,4.0,3.15,1.0,1.0
2026-07-31 16:20:08.557546+00:00,3,3_blocks,88388,43.0,1,1,1,,,0.5,"xgb,lgb",1.101123595505618,False,0.0,VALIDATED,,,19,18.16,30.0,29.6,1.0,1.0
2026-07-31 16:20:08.557546+00:00,6,6_blocks,88388,43.0,1,1,1,,,0.5,"xgb,lgb",1.2572463768115942,False,0.0,VALIDATED,,,19,18.16,30.0,29.6,1.0,1.0
2026-07-31 17:57:54.291290+00:00,1,1_block,93954,45.7,4,4,3,,,0.5,"xgb,lgb",1.2572463768115942,False,0.0,VALIDATED,,,6,5.14,8.0,7.9,1.0,1.0
2026-07-31 17:57:54.291290+00:00,3,3_blocks,93954,45.7,4,4,3,,,0.5,"xgb,lgb",1.2572463768115942,False,0.0,VALIDATED,,,9,8.52,14.0,13.52,1.0,1.0
2026-07-31 17:57:54.291290+00:00,6,6_blocks,93954,45.7,4,4,3,,,0.5,"xgb,lgb",1.0,False,0.0,VALIDATED,,,9,8.51,14.0,13.52,1.0,1.0
2026-07-31 19:28:11.165907+00:00,1,1_block,92511,48.0,3,3,3,,,0.5,"xgb,lgb",1.0,False,0.0,VALIDATED,,,3,2.12,3.0,2.87,1.0,1.0
2026-07-31 19:28:11.165907+00:00,3,3_blocks,92511,48.0,3,3,3,,,0.5,"xgb,lgb",1.0,False,0.0,VALIDATED,,,19,18.74,31.0,30.57,1.0,1.0
2026-07-31 19:28:11.165907+00:00,6,6_blocks,92511,48.0,3,3,3,,,0.5,"xgb,lgb",1.0,False,0.0,VALIDATED,,,19,18.74,31.0,30.57,1.0,1.0
2026-07-31 20:40:50.360886+00:00,1,1_block,93111,48.1,4,3,3,,,0.5,"xgb,lgb",2.0,False,0.0,VALIDATED,,,5,4.05,7.0,6.08,1.0,1.0
2026-07-31 20:40:50.360886+00:00,3,3_blocks,93111,48.1,4,3,3,,,0.5,"xgb,lgb",1.05,False,0.0,VALIDATED,,,19,18.56,31.0,30.26,1.0,1.0
2026-07-31 20:40:50.360886+00:00,6,6_blocks,93111,48.1,4,3,3,,,0.5,"xgb,lgb",1.0,False,0.0,VALIDATED,,,19,18.56,31.0,30.26,1.0,1.0
2026-07-31 21:45:54.452698+00:00,1,1_block,95047,47.5,4,3,3,,,1.0,"xgb,lgb",1.5757575757575757,False,0.0,VALIDATED,,,1,1.0,1.0,1.0,1.0,1.0
2026-07-31 21:45:54.452698+00:00,3,3_blocks,95047,47.5,4,3,3,,,0.5,"xgb,lgb",1.521410579345088,False,0.0,VALIDATED,,,25,24.89,41.0,40.81,1.0,1.0
2026-07-31 21:45:54.452698+00:00,6,6_blocks,95047,47.5,4,3,3,,,0.5,"xgb,lgb",1.0018779342723003,False,0.0,VALIDATED,,,25,24.89,41.0,40.81,1.0,1.0
2026-07-31 22:44:16.203868+00:00,1,1_block,94952,47.8,4,3,3,,,0.5,"xgb,lgb",1.2448979591836735,False,0.0,VALIDATED,,,3,2.89,4.0,3.91,2.0,1.35
2026-07-31 22:44:16.203868+00:00,3,3_blocks,94952,47.8,4,3,3,,,0.5,"xgb,lgb",1.0018779342723003,False,0.0,VALIDATED,,,23,22.47,37.0,36.78,1.0,1.0
2026-07-31 22:44:16.203868+00:00,6,6_blocks,94952,47.8,4,3,3,,,0.5,"xgb,lgb",0.5177304964539007,False,0.0,VALIDATED,,,23,22.47,37.0,36.78,1.0,1.0
2026-07-31 23:45:33.133665+00:00,1,1_block,92129,46.6,3,3,3,,,0.5,"xgb,lgb",0.5177304964539007,False,0.0,VALIDATED,,,8,7.93,13.0,12.46,2.0,1.13
2026-07-31 23:45:33.133665+00:00,3,3_blocks,92129,46.6,3,3,3,,,0.5,"xgb,lgb",0.5177304964539007,False,0.0,VALIDATED,,,14,13.32,22.0,21.53,1.0,1.0
2026-07-31 23:45:33.133665+00:00,6,6_blocks,92129,46.6,3,3,3,,,0.5,"xgb,lgb",0.5177304964539007,False,0.0,VALIDATED,,,14,13.32,22.0,21.53,1.0,1.0
2026-08-01 01:17:33.897550+00:00,1,1_block,89499,43.5,3,1,1,,,0.5,"xgb,lgb",0.5177304964539007,False,0.0,VALIDATED,,,5,4.44,7.0,6.74,1.0,1.0
2026-08-01 01:17:33.897550+00:00,3,3_blocks,89499,43.5,3,1,1,,,0.5,"xgb,lgb",0.5223214285714286,False,0.0,VALIDATED,,,10,9.35,15.0,14.91,1.0,1.0
2026-08-01 01:17:33.897550+00:00,6,6_blocks,89499,43.5,3,1,1,,,0.5,"xgb,lgb",0.4836065573770491,False,0.0,VALIDATED,,,10,9.35,15.0,14.91,1.0,1.0
2026-08-01 04:40:50.397564+00:00,1,1_block,88359,42.5,1,1,1,,,0.5,"xgb,lgb",0.5223214285714286,False,0.0,VALIDATED,,,3,2.99,5.0,4.32,1.0,1.0
2026-08-01 04:40:50.397564+00:00,3,3_blocks,88359,42.5,1,1,1,,,0.5,"xgb,lgb",0.4532374100719424,False,0.0,VALIDATED,,,3,2.28,4.0,3.13,1.0,1.0
2026-08-01 04:40:50.397564+00:00,6,6_blocks,88359,42.5,1,1,1,,,0.5,"xgb,lgb",0.4488188976377952,False,0.0,VALIDATED,,,3,2.28,4.0,3.13,1.0,1.0
2026-08-01 07:14:08.540645+00:00,1,1_block,87422,42.5,1,1,1,,,1.0,"xgb,lgb",1.0801393728222997,False,0.0,VALIDATED,,,1,1.0,1.0,1.0,1.0,1.0
2026-08-01 07:14:08.540645+00:00,3,3_blocks,87422,42.5,1,1,1,,,0.5,"xgb,lgb",0.4532374100719424,False,0.0,VALIDATED,,,13,12.63,21.0,20.37,1.0,1.0
2026-08-01 07:14:08.540645+00:00,6,6_blocks,87422,42.5,1,1,1,,,0.5,"xgb,lgb",1.0,False,0.0,VALIDATED,,,13,12.62,21.0,20.37,1.0,1.0
2026-08-01 09:23:44.231251+00:00,1,1_block,89938,43.1,2,1,1,,,0.5,"xgb,lgb",2.0,False,0.0,VALIDATED,,,3,2.74,4.0,3.89,1.0,1.0
2026-08-01 09:23:44.231251+00:00,3,3_blocks,89938,43.1,2,1,1,,,0.5,"xgb,lgb",0.4545454545454545,False,0.0,VALIDATED,,,11,10.17,17.0,16.28,1.0,1.0
2026-08-01 09:23:44.231251+00:00,6,6_blocks,89938,43.1,2,1,1,,,0.5,"xgb,lgb",0.4545454545454545,False,0.0,VALIDATED,,,11,10.17,17.0,16.28,1.0,1.0
2026-08-01 10:56:02.918437+00:00,1,1_block,88141,43.0,2,1,1,,,0.613,"xgb,lgb",0.4545454545454545,False,0.0,VALIDATED,,,2,1.29,2.0,1.48,1.0,1.0
2026-08-01 10:56:02.918437+00:00,3,3_blocks,88141,43.0,2,1,1,,,0.5,"xgb,lgb",0.5546995377503852,False,0.0,VALIDATED,,,22,21.55,36.0,35.24,1.0,1.0
2026-08-01 10:56:02.918437+00:00,6,6_blocks,88141,43.0,2,1,1,,,0.5,"xgb,lgb",0.4532374100719424,False,0.0,VALIDATED,,,22,21.55,36.0,35.24,1.0,1.0
2026-08-01 11:58:47.336983+00:00,1,1_block,85270,42.1,1,1,1,,,1.0,"xgb,lgb",1.2067307692307692,False,0.0,VALIDATED,,,1,1.0,1.0,1.0,1.0,1.0
2026-08-01 11:58:47.336983+00:00,3,3_blocks,85270,42.1,1,1,1,,,0.5,"xgb,lgb",0.5546995377503852,False,0.0,VALIDATED,,,26,25.48,42.0,41.8,1.0,1.0
2026-08-01 11:58:47.336983+00:00,6,6_blocks,85270,42.1,1,1,1,,,0.5,"xgb,lgb",1.1,False,0.0,VALIDATED,,,26,25.48,42.0,41.8,1.0,1.0
2026-08-01 13:22:09.847110+00:00,1,1_block,88639,43.2,2,1,1,,,0.5,"xgb,lgb",1.1,False,0.0,VALIDATED,,,7,6.94,11.0,10.67,2.0,1.33
2026-08-01 13:22:09.847110+00:00,3,3_blocks,88639,43.2,2,1,1,,,0.5,"xgb,lgb",1.1,False,0.0,VALIDATED,,,14,13.25,22.0,21.42,1.0,1.0
2026-08-01 13:22:09.847110+00:00,6,6_blocks,88639,43.2,2,1,1,,,0.5,"xgb,lgb",0.4452423698384201,False,0.0,VALIDATED,,,14,13.25,22.0,21.42,1.0,1.0
2026-08-01 14:44:12.245449+00:00,1,1_block,86967,42.6,1,1,1,,,1.0,"xgb,lgb",0.9171428571428571,False,0.0,VALIDATED,,,1,1.0,1.0,1.0,1.0,1.0
2026-08-01 14:44:12.245449+00:00,3,3_blocks,86967,42.6,1,1,1,,,0.5,"xgb,lgb",0.5214285714285715,False,0.0,VALIDATED,,,12,11.3,19.0,18.16,1.0,1.0
2026-08-01 14:44:12.245449+00:00,6,6_blocks,86967,42.6,1,1,1,,,0.5,"xgb,lgb",0.4363636363636363,False,0.0,VALIDATED,,,12,11.3,19.0,18.16,1.0,1.0
2026-08-01 15:44:49.013437+00:00,1,1_block,87128,42.6,2,1,1,,,1.0,"xgb,lgb",0.4363636363636363,False,0.0,VALIDATED,,,1,1.0,1.0,1.0,1.0,1.0
2026-08-01 15:44:49.013437+00:00,3,3_blocks,87128,42.6,2,1,1,,,0.5,"xgb,lgb",0.4363636363636363,False,0.0,VALIDATED,,,10,9.13,15.0,14.55,1.0,1.0
2026-08-01 15:44:49.013437+00:00,6,6_blocks,87128,42.6,2,1,1,,,0.5,"xgb,lgb",0.4727272727272727,False,0.0,VALIDATED,,,10,9.13,15.0,14.55,1.0,1.0
2026-08-01 16:39:43.936197+00:00,1,1_block,84961,42.1,1,1,1,,,1.0,"xgb,lgb",0.5142857142857142,False,0.0,VALIDATED,,,1,1.0,1.0,1.0,1.0,1.0
2026-08-01 16:39:43.936197+00:00,3,3_blocks,84961,42.1,1,1,1,,,0.5,"xgb,lgb",0.4727272727272727,False,0.0,VALIDATED,,,13,12.7,21.0,20.5,1.0,1.0
2026-08-01 16:39:43.936197+00:00,6,6_blocks,84961,42.1,1,1,1,,,0.5,"xgb,lgb",0.4727272727272727,False,0.0,VALIDATED,,,13,12.7,21.0,20.5,1.0,1.0
2026-08-01 17:41:02.230552+00:00,1,1_block,89105,43.1,3,1,1,,,1.0,"xgb,lgb",0.4454545454545454,False,0.0,VALIDATED,,,1,1.0,1.0,1.0,1.0,1.0
2026-08-01 17:41:02.230552+00:00,3,3_blocks,89105,43.1,3,1,1,,,0.5,"xgb,lgb",0.4454545454545454,False,0.0,VALIDATED,,,3,2.99,5.0,4.31,1.0,1.0
2026-08-01 17:41:02.230552+00:00,6,6_blocks,89105,43.1,3,1,1,,,0.5,"xgb,lgb",0.4454545454545454,False,0.0,VALIDATED,,,3,2.98,5.0,4.31,1.0,1.0
2026-08-01 18:39:02.582573+00:00,1,1_block,84590,42.0,1,1,1,,,0.5,"xgb,lgb",2.0,False,0.0,VALIDATED,,,4,3.62,6.0,5.37,1.0,1.0
2026-08-01 18:39:02.582573+00:00,3,3_blocks,84590,42.0,1,1,1,,,0.5,"xgb,lgb",0.5411428571428571,False,0.0,VALIDATED,,,17,16.92,28.0,27.53,1.0,1.0
2026-08-01 18:39:02.582573+00:00,6,6_blocks,84590,42.0,1,1,1,,,0.5,"xgb,lgb",0.4454545454545454,False,0.0,VALIDATED,,,17,16.92,28.0,27.53,1.0,1.0
2026-08-01 19:51:21.269955+00:00,1,1_block,88822,43.3,3,3,1,,,0.655,"xgb,lgb",0.4642857142857143,False,0.0,VALIDATED,,,2,1.25,2.0,1.42,1.0,1.0
2026-08-01 19:51:21.269955+00:00,3,3_blocks,88822,43.3,3,3,1,,,0.5,"xgb,lgb",0.4642857142857143,False,0.0,VALIDATED,,,21,20.4,34.0,33.33,1.0,1.0
2026-08-01 19:51:21.269955+00:00,6,6_blocks,88822,43.3,3,3,1,,,0.5,"xgb,lgb",0.4397163120567376,False,0.0,VALIDATED,,,21,20.4,34.0,33.33,1.0,1.0
2026-08-01 20:37:48.520204+00:00,1,1_block,91782,44.3,4,3,3,,,0.5,"xgb,lgb",0.4642857142857143,False,0.0,VALIDATED,,,8,7.98,13.0,12.44,2.0,1.3
2026-08-01 20:37:48.520204+00:00,3,3_blocks,91782,44.3,4,3,3,,,0.5,"xgb,lgb",0.4642857142857143,False,0.0,VALIDATED,,,10,9.41,16.0,15.02,1.0,1.0
2026-08-01 20:37:48.520204+00:00,6,6_blocks,91782,44.3,4,3,3,,,0.5,"xgb,lgb",0.4454545454545454,False,0.0,VALIDATED,,,10,9.42,16.0,15.02,2.0,1.01
2026-08-01 21:32:39.302868+00:00,1,1_block,89148,43.4,4,3,1,,,1.0,"xgb,lgb",0.5071428571428571,False,0.0,VALIDATED,,,1,1.0,1.0,1.0,1.0,1.0
2026-08-01 21:32:39.302868+00:00,3,3_blocks,89148,43.4,4,3,1,,,0.5,"xgb,lgb",0.4642857142857143,False,0.0,VALIDATED,,,22,21.06,35.0,34.44,1.0,1.0
2026-08-01 21:32:39.302868+00:00,6,6_blocks,89148,43.4,4,3,1,,,0.5,"xgb,lgb",0.4454545454545454,False,0.0,VALIDATED,,,22,21.06,35.0,34.44,1.0,1.0
2026-08-01 22:33:14.886875+00:00,1,1_block,85078,42.1,1,1,1,,,0.5,"xgb,lgb",0.4714285714285714,False,0.0,VALIDATED,,,5,4.48,7.0,6.79,1.0,1.0
2026-08-01 22:33:14.886875+00:00,3,3_blocks,85078,42.1,1,1,1,,,0.5,"xgb,lgb",0.4571428571428571,False,0.0,VALIDATED,,,9,8.76,14.0,13.92,1.0,1.0
2026-08-01 22:33:14.886875+00:00,6,6_blocks,85078,42.1,1,1,1,,,0.5,"xgb,lgb",0.4571428571428571,False,0.0,VALIDATED,,,9,8.75,14.0,13.92,1.0,1.0
2026-08-01 23:34:44.700321+00:00,1,1_block,87407,42.8,2,1,1,,,0.5,"xgb,lgb",0.5,False,0.0,VALIDATED,,,7,6.18,10.0,9.43,2.0,1.31
2026-08-01 23:34:44.700321+00:00,3,3_blocks,87407,42.8,2,1,1,,,0.5,"xgb,lgb",0.5,False,0.0,VALIDATED,,,14,13.88,23.0,22.46,1.0,1.0
2026-08-01 23:34:44.700321+00:00,6,6_blocks,87407,42.8,2,1,1,,,0.5,"xgb,lgb",0.5,False,0.0,VALIDATED,,,14,13.88,23.0,22.46,1.0,1.0
2026-08-02 01:11:33.836671+00:00,1,1_block,86021,42.4,1,1,1,,,0.62,"xgb,lgb",0.5181818181818182,False,0.0,VALIDATED,,,2,1.28,2.0,1.47,1.0,1.0
2026-08-02 01:11:33.836671+00:00,3,3_blocks,86021,42.4,1,1,1,,,0.996,"xgb,lgb",0.5181818181818182,False,0.0,VALIDATED,,,2,1.0,1.0,1.0,1.0,1.0
2026-08-02 01:11:33.836671+00:00,6,6_blocks,86021,42.4,1,1,1,,,1.0,"xgb,lgb",0.5181818181818182,False,0.0,VALIDATED,,,1,1.0,1.0,1.0,1.0,1.0
2026-08-02 04:42:05.059630+00:00,1,1_block,85282,43.8,1,1,1,,,1.0,"xgb,lgb",0.5181818181818182,False,0.0,VALIDATED,,,1,1.0,1.0,1.0,1.0,1.0
2026-08-02 04:42:05.059630+00:00,3,3_blocks,85282,43.8,1,1,1,,,0.5,"xgb,lgb",0.4526748971193415,False,0.0,VALIDATED,,,5,4.46,7.0,6.76,1.0,1.0
2026-08-02 04:42:05.059630+00:00,6,6_blocks,85282,43.8,1,1,1,,,0.5,"xgb,lgb",0.4524236983842011,False,0.0,VALIDATED,,,5,4.46,7.0,6.76,1.0,1.0
2026-08-02 07:20:35.391345+00:00,1,1_block,82937,42.8,1,1,1,,,0.5,"xgb,lgb",0.4526748971193415,False,0.0,VALIDATED,,,4,3.55,6.0,5.26,1.0,1.0
2026-08-02 07:20:35.391345+00:00,3,3_blocks,82937,42.8,1,1,1,,,0.5,"xgb,lgb",0.4526748971193415,False,0.0,VALIDATED,,,11,10.21,17.0,16.34,1.0,1.0
2026-08-02 07:20:35.391345+00:00,6,6_blocks,82937,42.8,1,1,1,,,0.5,"xgb,lgb",0.4454545454545454,False,0.0,VALIDATED,,,11,10.2,17.0,16.34,1.0,1.0
2026-08-02 09:26:39.106496+00:00,1,1_block,82497,42.8,1,1,1,,,1.0,"xgb,lgb",0.4802867383512544,False,0.0,VALIDATED,,,1,1.0,1.0,1.0,1.0,1.0
2026-08-02 09:26:39.106496+00:00,3,3_blocks,82497,42.8,1,1,1,,,0.5,"xgb,lgb",0.4454545454545454,False,0.0,VALIDATED,,,8,7.73,13.0,12.22,1.0,1.0
2026-08-02 09:26:39.106496+00:00,6,6_blocks,82497,42.8,1,1,1,,,0.5,"xgb,lgb",0.4454545454545454,False,0.0,VALIDATED,,,8,7.73,13.0,12.22,1.0,1.0
2026-08-02 10:57:59.400907+00:00,1,1_block,85754,43.5,2,1,1,,,0.5,"xgb,lgb",0.5035460992907801,False,0.0,VALIDATED,,,6,5.51,9.0,8.52,1.0,1.0
2026-08-02 10:57:59.400907+00:00,3,3_blocks,85754,43.5,2,1,1,,,0.5,"xgb,lgb",0.4532374100719424,False,0.0,VALIDATED,,,28,27.57,46.0,45.28,1.0,1.0
2026-08-02 10:57:59.400907+00:00,6,6_blocks,85754,43.5,2,1,1,,,0.5,"xgb,lgb",0.5,False,0.0,VALIDATED,,,28,27.57,46.0,45.28,1.0,1.0
2026-08-02 12:09:55.459939+00:00,1,1_block,85847,43.6,2,1,1,,,0.5,"xgb,lgb",0.5857142857142857,False,0.0,VALIDATED,,,7,6.97,11.0,10.96,1.0,1.0
2026-08-02 12:09:55.459939+00:00,3,3_blocks,85847,43.6,2,1,1,,,0.5,"xgb,lgb",0.525974025974026,False,0.0,VALIDATED,,,22,21.83,36.0,35.72,1.0,1.0
2026-08-02 12:09:55.459939+00:00,6,6_blocks,85847,43.6,2,1,1,,,0.5,"xgb,lgb",0.475177304964539,False,0.0,VALIDATED,,,22,21.83,36.0,35.72,1.0,1.0
2026-08-02 13:48:53.052745+00:00,1,1_block,88618,44.4,2,2,1,,,0.5,"xgb,lgb",0.6933744221879815,False,0.0,VALIDATED,,,5,4.71,7.0,6.95,2.0,1.35
2026-08-02 13:48:53.052745+00:00,3,3_blocks,88618,44.4,2,2,1,,,0.5,"xgb,lgb",1.070921985815603,False,0.0,VALIDATED,,,22,21.86,36.0,35.77,1.0,1.0
2026-08-02 13:48:53.052745+00:00,6,6_blocks,88618,44.4,2,2,1,,,0.5,"xgb,lgb",0.525974025974026,False,0.0,VALIDATED,,,22,21.86,36.0,35.77,1.0,1.0
2026-08-02 14:51:14.210022+00:00,1,1_block,95177,45.2,3,3,1,,,0.5,"xgb,lgb",1.070921985815603,False,0.0,VALIDATED,,,10,9.57,16.0,15.28,1.0,1.0
2026-08-02 14:51:14.210022+00:00,3,3_blocks,95177,45.2,3,3,1,,,0.5,"xgb,lgb",1.070921985815603,False,0.0,VALIDATED,,,28,27.52,46.0,45.19,1.0,1.0
2026-08-02 14:51:14.210022+00:00,6,6_blocks,95177,45.2,3,3,1,,,0.5,"xgb,lgb",1.0091743119266054,False,0.0,VALIDATED,,,28,27.52,46.0,45.19,1.0,1.0
2026-08-02 15:47:18.015132+00:00,1,1_block,95823,45.5,3,3,1,,,0.5,"xgb,lgb",2.283687943262412,False,0.0,VALIDATED,,,10,9.12,15.0,14.3,2.0,1.36
2026-08-02 15:47:18.015132+00:00,3,3_blocks,95823,45.5,3,3,1,,,0.5,"xgb,lgb",1.0091743119266054,False,0.0,VALIDATED,,,27,26.85,45.0,44.09,1.0,1.0
2026-08-02 15:47:18.015132+00:00,6,6_blocks,95823,45.5,3,3,1,,,0.5,"xgb,lgb",1.2561247216035634,False,0.0,VALIDATED,,,27,26.85,45.0,44.09,1.0,1.0
2026-08-02 16:39:52.779115+00:00,1,1_block,97908,46.2,3,3,2,,,0.5,"xgb,lgb",1.2561247216035634,False,0.0,VALIDATED,,,9,8.33,14.0,13.01,2.0,1.31
2026-08-02 16:39:52.779115+00:00,3,3_blocks,97908,46.2,3,3,2,,,0.5,"xgb,lgb",1.2561247216035634,False,0.0,VALIDATED,,,13,12.73,21.0,20.56,1.0,1.0
2026-08-02 16:39:52.779115+00:00,6,6_blocks,97908,46.2,3,3,2,,,0.5,"xgb,lgb",1.2561247216035634,False,0.0,VALIDATED,,,13,12.73,21.0,20.56,1.0,1.0
2026-08-02 17:43:31.274319+00:00,1,1_block,96441,46.1,2,2,1,,,0.5,"xgb,lgb",0.5181818181818182,False,0.0,VALIDATED,,,12,11.53,19.0,18.35,2.0,1.31
2026-08-02 17:43:31.274319+00:00,3,3_blocks,96441,46.1,2,2,1,,,0.5,"xgb,lgb",0.5181818181818182,False,0.0,VALIDATED,,,22,21.14,35.0,34.57,1.0,1.0
2026-08-02 17:43:31.274319+00:00,6,6_blocks,96441,46.1,2,2,1,,,0.5,"xgb,lgb",0.5181818181818182,False,0.0,VALIDATED,,,22,21.14,35.0,34.57,1.0,1.0
2026-08-02 18:44:28.839771+00:00,1,1_block,88777,43.7,1,1,1,,,0.5,"xgb,lgb",2.0,False,0.0,VALIDATED,,,9,8.46,14.0,13.43,1.0,1.0
2026-08-02 18:44:28.839771+00:00,3,3_blocks,88777,43.7,1,1,1,,,0.5,"xgb,lgb",0.5990566037735849,False,0.0,VALIDATED,,,7,6.7,11.0,10.5,1.0,1.0
2026-08-02 18:44:28.839771+00:00,6,6_blocks,88777,43.7,1,1,1,,,0.5,"xgb,lgb",0.5181818181818182,False,0.0,VALIDATED,,,7,6.7,11.0,10.5,1.0,1.0
2026-08-02 19:58:27.317153+00:00,1,1_block,95576,45.5,3,3,1,,,0.5,"xgb,lgb",1.238095238095238,False,0.0,VALIDATED,,,9,8.54,14.0,13.52,2.0,1.07
2026-08-02 19:58:27.317153+00:00,3,3_blocks,95576,45.5,3,3,1,,,0.5,"xgb,lgb",0.6454545454545455,False,0.0,VALIDATED,,,28,27.73,46.0,45.55,1.0,1.0
2026-08-02 19:58:27.317153+00:00,6,6_blocks,95576,45.5,3,3,1,,,0.5,"xgb,lgb",0.6454545454545455,False,0.0,VALIDATED,,,28,27.73,46.0,45.55,1.0,1.0
2026-08-02 20:55:43.910178+00:00,1,1_block,98332,46.3,4,4,3,,,0.5,"xgb,lgb",1.238095238095238,False,0.0,VALIDATED,,,9,8.09,13.0,12.74,2.0,1.11
2026-08-02 20:55:43.910178+00:00,3,3_blocks,98332,46.3,4,4,3,,,0.5,"xgb,lgb",0.6454545454545455,False,0.0,VALIDATED,,,34,33.52,56.0,55.2,1.0,1.0
2026-08-02 20:55:43.910178+00:00,6,6_blocks,98332,46.3,4,4,3,,,0.5,"xgb,lgb",0.4680851063829787,False,0.0,VALIDATED,,,34,33.52,56.0,55.2,1.0,1.0
2026-08-02 21:49:28.580229+00:00,1,1_block,96270,45.5,3,3,1,,,0.5,"xgb,lgb",0.4785714285714286,False,0.0,VALIDATED,,,8,7.14,11.0,10.99,2.0,1.37
2026-08-02 21:49:28.580229+00:00,3,3_blocks,96270,45.5,3,3,1,,,0.5,"xgb,lgb",0.4680851063829787,False,0.0,VALIDATED,,,26,25.1,42.0,41.16,1.0,1.0
2026-08-02 21:49:28.580229+00:00,6,6_blocks,96270,45.5,3,3,1,,,0.5,"xgb,lgb",0.4428571428571428,False,0.0,VALIDATED,,,26,25.1,42.0,41.16,1.0,1.0
2026-08-02 22:41:56.395127+00:00,1,1_block,92492,44.6,2,1,1,,,0.87,"xgb,lgb",0.4428571428571428,False,0.0,VALIDATED,,,2,1.06,1.0,1.0,2.0,1.14
2026-08-02 22:41:56.395127+00:00,3,3_blocks,92492,44.6,2,1,1,,,0.5,"xgb,lgb",0.4428571428571428,False,0.0,VALIDATED,,,23,22.48,37.0,36.79,1.0,1.0
2026-08-02 22:41:56.395127+00:00,6,6_blocks,92492,44.6,2,1,1,,,0.5,"xgb,lgb",0.4414414414414414,False,0.0,VALIDATED,,,23,22.48,37.0,36.79,1.0,1.0
2026-08-02 23:45:07.348623+00:00,1,1_block,93676,44.8,3,3,1,,,1.0,"xgb,lgb",0.4414414414414414,False,0.0,VALIDATED,,,1,1.0,1.0,1.0,1.0,1.0
2026-08-02 23:45:07.348623+00:00,3,3_blocks,93676,44.8,3,3,1,,,0.5,"xgb,lgb",0.4414414414414414,False,0.0,VALIDATED,,,47,46.46,77.0,76.76,1.0,1.0
2026-08-02 23:45:07.348623+00:00,6,6_blocks,93676,44.8,3,3,1,,,0.5,"xgb,lgb",0.4414414414414414,False,0.0,VALIDATED,,,47,46.45,77.0,76.76,1.0,1.0
2026-08-03 01:17:29.470697+00:00,1,1_block,89461,43.8,1,1,1,,,0.5,"xgb,lgb",0.5460992907801419,False,0.0,VALIDATED,,,8,7.17,12.0,11.28,1.0,1.0
2026-08-03 01:17:29.470697+00:00,3,3_blocks,89461,43.8,1,1,1,,,0.5,"xgb,lgb",0.5460992907801419,False,0.0,VALIDATED,,,19,18.35,30.0,29.91,1.0,1.0
2026-08-03 01:17:29.470697+00:00,6,6_blocks,89461,43.8,1,1,1,,,0.5,"xgb,lgb",0.5056654076871806,False,0.0,VALIDATED,,,19,18.34,30.0,29.91,1.0,1.0
2026-08-03 04:51:32.391057+00:00,1,1_block,91917,44.8,3,3,1,,,1.0,"xgb,lgb",0.5460992907801419,False,0.0,VALIDATED,,,1,1.0,1.0,1.0,1.0,1.0
2026-08-03 04:51:32.391057+00:00,3,3_blocks,91917,44.8,3,3,1,,,0.5,"xgb,lgb",1.0,False,0.0,VALIDATED,,,54,53.06,88.0,87.77,1.0,1.0
2026-08-03 04:51:32.391057+00:00,6,6_blocks,91917,44.8,3,3,1,,,0.5,"xgb,lgb",1.0,False,0.0,VALIDATED,,,54,53.06,88.0,87.77,1.0,1.0
2026-08-03 08:23:45.066906+00:00,1,1_block,89928,45.3,2,1,1,,,0.726,"xgb,lgb",1.0101010101010102,False,0.0,VALIDATED,,,2,1.13,1.0,1.0,2.0,1.32
2026-08-03 08:23:45.066906+00:00,3,3_blocks,89928,45.3,2,1,1,,,0.5,"xgb,lgb",1.1865671641791045,False,0.0,VALIDATED,,,47,46.06,77.0,76.1,1.0,1.0
2026-08-03 08:23:45.066906+00:00,6,6_blocks,89928,45.3,2,1,1,,,0.5,"xgb,lgb",0.5420240137221269,False,0.0,VALIDATED,,,47,46.06,77.0,76.1,2.0,1.01
2026-08-03 11:55:06.826957+00:00,1,1_block,89977,44.4,3,1,1,,,0.727,"xgb,lgb",1.1865671641791045,False,0.0,VALIDATED,,,2,1.13,1.0,1.0,2.0,1.32
2026-08-03 11:55:06.826957+00:00,3,3_blocks,89977,44.4,3,1,1,,,0.5,"xgb,lgb",3.0045662100456623,False,0.0,VALIDATED,,,25,24.61,41.0,40.35,1.0,1.0
2026-08-03 11:55:06.826957+00:00,6,6_blocks,89977,44.4,3,1,1,,,0.5,"xgb,lgb",2.3363636363636364,False,0.0,VALIDATED,,,25,24.61,41.0,40.35,1.0,1.0
2026-08-03 14:24:32.221710+00:00,1,1_block,94516,46.0,5,4,3,,,0.5,"xgb,lgb",3.0211267605633805,False,0.0,VALIDATED,,,6,5.75,9.0,8.69,2.0,1.35
2026-08-03 14:24:32.221710+00:00,3,3_blocks,94516,46.0,5,4,3,,,0.5,"xgb,lgb",3.0045662100456623,False,0.0,VALIDATED,,,31,30.62,51.0,50.37,1.0,1.0
2026-08-03 14:24:32.221710+00:00,6,6_blocks,94516,46.0,5,4,3,,,0.5,"xgb,lgb",2.3363636363636364,False,0.0,VALIDATED,,,31,30.62,51.0,50.37,1.0,1.0
2026-08-03 18:45:55.768820+00:00,1,1_block,94978,47.0,3,3,3,,,0.5,"xgb,lgb",2.2612612612612613,False,0.0,VALIDATED,,,8,7.23,12.0,11.18,2.0,1.31
2026-08-03 18:45:55.768820+00:00,3,3_blocks,94978,47.0,3,3,3,,,0.5,"xgb,lgb",0.4424778761061947,False,0.0,VALIDATED,,,45,44.97,75.0,74.28,1.0,1.0
2026-08-03 18:45:55.768820+00:00,6,6_blocks,94978,47.0,3,3,3,,,0.5,"xgb,lgb",0.4424778761061947,False,0.0,VALIDATED,,,45,44.97,75.0,74.28,1.0,1.0
2026-08-03 20:19:31.600014+00:00,1,1_block,88966,44.6,2,1,1,,,1.0,"xgb,lgb",0.4424778761061947,False,0.0,VALIDATED,,,1,1.0,1.0,1.0,1.0,1.0
2026-08-03 20:19:31.600014+00:00,3,3_blocks,88966,44.6,2,1,1,,,0.5,"xgb,lgb",1.009569377990431,False,0.0,VALIDATED,,,20,19.77,33.0,32.28,1.0,1.0
2026-08-03 20:19:31.600014+00:00,6,6_blocks,88966,44.6,2,1,1,,,0.5,"xgb,lgb",0.4424778761061947,False,0.0,VALIDATED,,,20,19.77,33.0,32.28,1.0,1.0
2026-08-03 21:34:12.141147+00:00,1,1_block,92019,45.0,4,3,1,,,1.0,"xgb,lgb",2.127659574468085,False,0.0,VALIDATED,,,1,1.0,1.0,1.0,1.0,1.0
2026-08-03 21:34:12.141147+00:00,3,3_blocks,92019,45.0,4,3,1,,,0.5,"xgb,lgb",0.4027459954233409,False,0.0,VALIDATED,,,48,47.23,79.0,78.04,1.0,1.0
2026-08-03 21:34:12.141147+00:00,6,6_blocks,92019,45.0,4,3,1,,,0.5,"xgb,lgb",0.4027459954233409,False,0.0,VALIDATED,,,48,47.23,79.0,78.04,1.0,1.0
2026-08-03 22:37:16.954111+00:00,1,1_block,88302,43.8,3,1,1,,,1.0,"xgb,lgb",0.4607142857142857,False,0.0,VALIDATED,,,1,1.0,1.0,1.0,1.0,1.0
2026-08-03 22:37:16.954111+00:00,3,3_blocks,88302,43.8,3,1,1,,,0.5,"xgb,lgb",0.3636363636363636,False,0.0,VALIDATED,,,21,20.35,34.0,33.25,1.0,1.0
2026-08-03 22:37:16.954111+00:00,6,6_blocks,88302,43.8,3,1,1,,,0.5,"xgb,lgb",0.3636363636363636,False,0.0,VALIDATED,,,21,20.35,34.0,33.25,1.0,1.0
2026-08-03 23:43:37.731769+00:00,1,1_block,84546,43.0,1,1,1,,,0.5,"xgb,lgb",0.5521472392638037,False,0.0,VALIDATED,,,5,4.66,8.0,7.1,1.0,1.0
2026-08-03 23:43:37.731769+00:00,3,3_blocks,84546,43.0,1,1,1,,,0.5,"xgb,lgb",0.5454545454545454,False,0.0,VALIDATED,,,4,3.65,6.0,5.42,1.0,1.0
2026-08-03 23:43:37.731769+00:00,6,6_blocks,84546,43.0,1,1,1,,,0.5,"xgb,lgb",0.5454545454545454,False,0.0,VALIDATED,,,4,3.65,6.0,5.42,1.0,1.0
2026-08-04 01:09:04.784214+00:00,1,1_block,86834,43.8,2,1,1,,,0.5,"xgb,lgb",0.5521472392638037,False,0.0,VALIDATED,,,5,4.49,7.0,6.58,2.0,1.35
2026-08-04 01:09:04.784214+00:00,3,3_blocks,86834,43.8,2,1,1,,,0.5,"xgb,lgb",0.5454545454545454,False,0.0,VALIDATED,,,38,37.66,63.0,62.1,1.0,1.0
2026-08-04 01:09:04.784214+00:00,6,6_blocks,86834,43.8,2,1,1,,,0.5,"xgb,lgb",0.8770491803278688,False,0.0,VALIDATED,,,38,37.66,63.0,62.1,1.0,1.0
2026-08-04 04:28:17.164547+00:00,1,1_block,86697,45.5,2,1,1,,,0.5,"xgb,lgb",0.8770491803278688,False,0.0,VALIDATED,,,3,2.12,3.0,2.87,1.0,1.0
2026-08-04 04:28:17.164547+00:00,3,3_blocks,86697,45.5,2,1,1,,,0.5,"xgb,lgb",0.8770491803278688,False,0.0,VALIDATED,,,34,33.89,56.0,55.81,1.0,1.0
2026-08-04 04:28:17.164547+00:00,6,6_blocks,86697,45.5,2,1,1,,,0.5,"xgb,lgb",0.8878718535469108,False,0.0,VALIDATED,,,34,33.89,56.0,55.81,1.0,1.0
2026-08-04 07:12:57.419533+00:00,1,1_block,93774,44.7,2,1,1,,,1.0,"xgb,lgb",0.8878718535469108,False,0.0,VALIDATED,,,1,1.0,1.0,1.0,1.0,1.0
2026-08-04 07:12:57.419533+00:00,3,3_blocks,93774,44.7,2,1,1,,,0.5,"xgb,lgb",0.8878718535469108,False,0.0,VALIDATED,,,41,40.76,68.0,67.27,1.0,1.0
2026-08-04 07:12:57.419533+00:00,6,6_blocks,93774,44.7,2,1,1,,,0.5,"xgb,lgb",0.5546995377503852,False,0.0,VALIDATED,,,41,40.76,68.0,67.27,1.0,1.0
2026-08-04 10:00:08.950882+00:00,1,1_block,88892,43.1,1,1,1,,,0.5,"xgb,lgb",2.1241379310344826,False,0.0,VALIDATED,,,6,5.73,9.0,8.88,1.0,1.0
2026-08-04 10:00:08.950882+00:00,3,3_blocks,88892,43.1,1,1,1,,,0.5,"xgb,lgb",1.0,False,0.0,VALIDATED,,,2,1.8,3.0,2.33,1.0,1.0
2026-08-04 10:00:08.950882+00:00,6,6_blocks,88892,43.1,1,1,1,,,0.5,"xgb,lgb",0.5546995377503852,False,0.0,VALIDATED,,,2,1.8,3.0,2.33,1.0,1.0
2026-08-04 12:04:04.918977+00:00,1,1_block,89622,43.4,2,1,1,,,0.5,"xgb,lgb",2.0,False,0.0,VALIDATED,,,5,4.26,7.0,6.43,1.0,1.0
2026-08-04 12:04:04.918977+00:00,3,3_blocks,89622,43.4,2,1,1,,,0.5,"xgb,lgb",0.4428571428571428,False,0.0,VALIDATED,,,24,23.09,38.0,37.81,1.0,1.0
2026-08-04 12:04:04.918977+00:00,6,6_blocks,89622,43.4,2,1,1,,,0.5,"xgb,lgb",0.4428571428571428,False,0.0,VALIDATED,,,24,23.09,38.0,37.81,1.0,1.0
2026-08-04 14:36:09.603604+00:00,1,1_block,88059,43.0,1,1,1,,,0.5,"xgb,lgb",1.0425531914893618,False,0.0,VALIDATED,,,5,4.3,7.0,6.5,1.0,1.0
2026-08-04 14:36:09.603604+00:00,3,3_blocks,88059,43.0,1,1,1,,,0.996,"xgb,lgb",0.5087108013937283,False,0.0,VALIDATED,,,2,1.0,1.0,1.0,1.0,1.0
2026-08-04 14:36:09.603604+00:00,6,6_blocks,88059,43.0,1,1,1,,,1.0,"xgb,lgb",0.495575221238938,False,0.0,VALIDATED,,,1,1.0,1.0,1.0,1.0,1.0
2026-08-04 16:29:10.956846+00:00,1,1_block,86792,42.6,1,1,1,,,1.0,"xgb,lgb",0.5140845070422535,False,0.0,VALIDATED,,,1,1.0,1.0,1.0,1.0,1.0
2026-08-04 16:29:10.956846+00:00,3,3_blocks,86792,42.6,1,1,1,,,0.996,"xgb,lgb",0.5140845070422535,False,0.0,VALIDATED,,,2,1.0,1.0,1.0,1.0,1.0
2026-08-04 16:29:10.956846+00:00,6,6_blocks,86792,42.6,1,1,1,,,1.0,"xgb,lgb",0.5140845070422535,False,0.0,VALIDATED,,,1,1.0,1.0,1.0,1.0,1.0
2026-08-04 18:12:01.674127+00:00,1,1_block,92177,43.9,3,3,1,,,0.5,"xgb,lgb",0.6690647482014388,False,0.0,VALIDATED,,,7,6.13,10.0,9.55,1.0,1.0
2026-08-04 18:12:01.674127+00:00,3,3_blocks,92177,43.9,3,3,1,,,0.5,"xgb,lgb",0.586046511627907,False,0.0,VALIDATED,,,45,44.81,75.0,74.02,1.0,1.0
2026-08-04 18:12:01.674127+00:00,6,6_blocks,92177,43.9,3,3,1,,,0.5,"xgb,lgb",0.518796992481203,False,0.0,VALIDATED,,,45,44.81,75.0,74.02,1.0,1.0
2026-08-04 19:59:39.873371+00:00,1,1_block,87464,42.8,1,1,1,,,0.5,"xgb,lgb",1.0,False,0.0,VALIDATED,,,3,2.39,4.0,3.31,1.0,1.0
2026-08-04 19:59:39.873371+00:00,3,3_blocks,87464,42.8,1,1,1,,,0.5,"xgb,lgb",1.0,False,0.0,VALIDATED,,,5,4.1,7.0,6.16,1.0,1.0
2026-08-04 19:59:39.873371+00:00,6,6_blocks,87464,42.8,1,1,1,,,0.5,"xgb,lgb",0.3963963963963964,False,0.0,VALIDATED,,,5,4.09,7.0,6.16,1.0,1.0
2026-08-04 21:18:04.647858+00:00,1,1_block,89607,43.3,3,1,1,,,0.5,"xgb,lgb",1.0,False,0.0,VALIDATED,,,7,6.38,10.0,9.97,1.0,1.0
2026-08-04 21:18:04.647858+00:00,3,3_blocks,89607,43.3,3,1,1,,,0.5,"xgb,lgb",1.0,False,0.0,VALIDATED,,,40,39.0,65.0,64.34,1.0,1.0
2026-08-04 21:18:04.647858+00:00,6,6_blocks,89607,43.3,3,1,1,,,0.5,"xgb,lgb",1.0,False,0.0,VALIDATED,,,40,39.0,65.0,64.34,1.0,1.0
2026-08-04 22:30:43.233203+00:00,1,1_block,91531,44.0,3,3,1,,,0.5,"xgb,lgb",2.00711743772242,False,0.0,VALIDATED,,,6,5.97,10.0,9.22,2.0,1.1
2026-08-04 22:30:43.233203+00:00,3,3_blocks,91531,44.0,3,3,1,,,0.5,"xgb,lgb",1.4975369458128078,False,0.0,VALIDATED,,,51,50.9,85.0,84.16,1.0,1.0
2026-08-04 22:30:43.233203+00:00,6,6_blocks,91531,44.0,3,3,1,,,0.5,"xgb,lgb",1.0,False,0.0,VALIDATED,,,51,50.9,85.0,84.16,2.0,1.01
2026-08-04 23:34:43.258430+00:00,1,1_block,95159,45.4,5,4,3,,,0.5,"xgb,lgb",0.704225352112676,False,0.0,VALIDATED,,,7,6.66,11.0,10.21,2.0,1.34
2026-08-04 23:34:43.258430+00:00,3,3_blocks,95159,45.4,5,4,3,,,0.5,"xgb,lgb",0.704225352112676,False,0.0,VALIDATED,,,35,34.81,58.0,57.34,1.0,1.0
2026-08-04 23:34:43.258430+00:00,6,6_blocks,95159,45.4,5,4,3,,,0.5,"xgb,lgb",0.4118993135011441,False,0.0,VALIDATED,,,35,34.8,58.0,57.34,1.0,1.0
2026-08-05 01:00:12.513731+00:00,1,1_block,85355,42.8,2,1,1,,,0.5,"xgb,lgb",0.704225352112676,False,0.0,VALIDATED,,,3,2.47,4.0,3.44,1.0,1.0
2026-08-05 01:00:12.513731+00:00,3,3_blocks,85355,42.8,2,1,1,,,0.5,"xgb,lgb",1.0144230769230769,False,0.0,VALIDATED,,,24,23.31,39.0,38.18,1.0,1.0
2026-08-05 01:00:12.513731+00:00,6,6_blocks,85355,42.8,2,1,1,,,0.5,"xgb,lgb",0.5357142857142857,False,0.0,VALIDATED,,,24,23.31,39.0,38.18,1.0,1.0
2026-08-05 04:14:35.182605+00:00,1,1_block,87544,44.8,2,2,2,,,0.5,"xgb,lgb",2.0150375939849625,False,0.0,VALIDATED,,,11,10.71,17.0,16.98,2.0,1.3
2026-08-05 04:14:35.182605+00:00,3,3_blocks,87544,44.8,2,2,2,,,0.5,"xgb,lgb",0.5946902654867257,False,0.0,VALIDATED,,,12,11.36,19.0,18.26,1.0,1.0
2026-08-05 04:14:35.182605+00:00,6,6_blocks,87544,44.8,2,2,2,,,0.5,"xgb,lgb",0.3937007874015748,False,0.0,VALIDATED,,,12,11.36,19.0,18.26,1.0,1.0
2026-08-05 06:44:11.213041+00:00,1,1_block,95974,45.0,3,3,1,,,0.5,"xgb,lgb",1.0,False,0.0,VALIDATED,,,8,7.09,12.0,11.15,1.0,1.0
2026-08-05 06:44:11.213041+00:00,3,3_blocks,95974,45.0,3,3,1,,,0.5,"xgb,lgb",0.5946902654867257,False,0.0,VALIDATED,,,41,40.51,67.0,66.84,1.0,1.0
2026-08-05 06:44:11.213041+00:00,6,6_blocks,95974,45.0,3,3,1,,,0.5,"xgb,lgb",0.4909090909090909,False,0.0,VALIDATED,,,41,40.5,67.0,66.84,1.0,1.0
2026-08-05 09:27:40.546068+00:00,1,1_block,90040,43.1,1,1,1,,,0.5,"xgb,lgb",0.5095238095238095,False,0.0,VALIDATED,,,4,3.18,5.0,4.64,1.0,1.0
2026-08-05 09:27:40.546068+00:00,3,3_blocks,90040,43.1,1,1,1,,,0.5,"xgb,lgb",0.4920127795527156,False,0.0,VALIDATED,,,18,17.11,28.0,27.85,1.0,1.0
2026-08-05 09:27:40.546068+00:00,6,6_blocks,90040,43.1,1,1,1,,,0.5,"xgb,lgb",1.0,False,0.0,VALIDATED,,,18,17.11,28.0,27.85,1.0,1.0
2026-08-05 11:37:04.481861+00:00,1,1_block,94066,44.4,3,3,1,,,0.5,"xgb,lgb",1.0,False,0.0,VALIDATED,,,2,1.85,3.0,2.21,2.0,1.31
2026-08-05 11:37:04.481861+00:00,3,3_blocks,94066,44.4,3,3,1,,,0.5,"xgb,lgb",1.0,False,0.0,VALIDATED,,,25,24.57,41.0,40.28,1.0,1.0
2026-08-05 11:37:04.481861+00:00,6,6_blocks,94066,44.4,3,3,1,,,0.5,"xgb,lgb",0.463004993191103,False,0.0,VALIDATED,,,25,24.57,41.0,40.28,1.0,1.0
2026-08-05 13:19:01.816888+00:00,1,1_block,84350,41.7,1,1,1,,,1.0,"xgb,lgb",0.5285714285714286,False,0.0,VALIDATED,,,1,1.0,1.0,1.0,1.0,1.0
2026-08-05 13:19:01.816888+00:00,3,3_blocks,84350,41.7,1,1,1,,,0.996,"xgb,lgb",0.463004993191103,False,0.0,VALIDATED,,,2,1.0,1.0,1.0,1.0,1.0
2026-08-05 13:19:01.816888+00:00,6,6_blocks,84350,41.7,1,1,1,,,1.0,"xgb,lgb",0.463004993191103,False,0.0,VALIDATED,,,1,1.0,1.0,1.0,1.0,1.0
2026-08-05 15:32:33.391305+00:00,1,1_block,88098,42.3,1,1,1,,,0.5,"xgb,lgb",3.016949152542373,False,0.0,VALIDATED,,,4,3.46,6.0,5.1,1.0,1.0
2026-08-05 15:32:33.391305+00:00,3,3_blocks,88098,42.3,1,1,1,,,0.996,"xgb,lgb",1.0068649885583525,False,0.0,VALIDATED,,,2,1.0,1.0,1.0,1.0,1.0
2026-08-05 15:32:33.391305+00:00,6,6_blocks,88098,42.3,1,1,1,,,1.0,"xgb,lgb",1.0068649885583525,False,0.0,VALIDATED,,,1,1.0,1.0,1.0,1.0,1.0
2026-08-05 17:07:03.950232+00:00,1,1_block,96483,45.0,4,4,3,,,0.5,"xgb,lgb",1.915343915343916,False,0.0,VALIDATED,,,8,7.13,12.0,11.22,1.0,1.0
2026-08-05 17:07:03.950232+00:00,3,3_blocks,96483,45.0,4,4,3,,,0.5,"xgb,lgb",1.915343915343916,False,0.0,VALIDATED,,,37,36.37,60.0,59.95,1.0,1.0
2026-08-05 17:07:03.950232+00:00,6,6_blocks,96483,45.0,4,4,3,,,0.5,"xgb,lgb",1.0068649885583525,False,0.0,VALIDATED,,,37,36.37,60.0,59.95,1.0,1.0
2026-08-05 18:45:48.477619+00:00,1,1_block,95857,44.5,3,3,1,,,0.5,"xgb,lgb",1.915343915343916,False,0.0,VALIDATED,,,6,5.15,8.0,7.87,2.0,1.07
2026-08-05 18:45:48.477619+00:00,3,3_blocks,95857,44.5,3,3,1,,,0.5,"xgb,lgb",1.2027027027027026,False,0.0,VALIDATED,,,24,23.9,40.0,39.17,1.0,1.0
2026-08-05 18:45:48.477619+00:00,6,6_blocks,95857,44.5,3,3,1,,,0.5,"xgb,lgb",1.2027027027027026,False,0.0,VALIDATED,,,24,23.9,40.0,39.17,1.0,1.0
2026-08-05 20:16:50.515935+00:00,1,1_block,102624,47.5,6,5,4,,,0.5,"xgb,lgb",1.2027027027027026,False,0.0,VALIDATED,,,7,6.73,11.0,10.32,2.0,1.34
2026-08-05 20:16:50.515935+00:00,3,3_blocks,102624,47.5,6,5,4,,,0.5,"xgb,lgb",0.5035460992907801,False,0.0,VALIDATED,,,14,13.74,23.0,22.23,1.0,1.0
2026-08-05 20:16:50.515935+00:00,6,6_blocks,102624,47.5,6,5,4,,,0.5,"xgb,lgb",0.5035460992907801,False,0.0,VALIDATED,,,14,13.74,23.0,22.23,1.0,1.0
2026-08-05 21:36:13.566837+00:00,1,1_block,98108,46.1,3,3,3,,,0.5,"xgb,lgb",0.5035460992907801,False,0.0,VALIDATED,,,6,5.33,9.0,8.22,1.0,1.0
2026-08-05 21:36:13.566837+00:00,3,3_blocks,98108,46.1,3,3,3,,,0.5,"xgb,lgb",0.4954954954954955,False,0.0,VALIDATED,,,15,14.14,23.0,22.91,1.0,1.0
2026-08-05 21:36:13.566837+00:00,6,6_blocks,98108,46.1,3,3,3,,,0.5,"xgb,lgb",0.4954954954954955,False,0.0,VALIDATED,,,15,14.14,23.0,22.91,1.0,1.0
2026-08-05 22:39:09.764222+00:00,1,1_block,90980,43.8,1,1,1,,,1.0,"xgb,lgb",1.0983981693363845,False,0.0,VALIDATED,,,1,1.0,1.0,1.0,1.0,1.0
2026-08-05 22:39:09.764222+00:00,3,3_blocks,90980,43.8,1,1,1,,,1.0,"xgb,lgb",0.4954954954954955,False,0.0,VALIDATED,,,1,1.0,1.0,1.0,1.0,1.0
2026-08-05 22:39:09.764222+00:00,6,6_blocks,90980,43.8,1,1,1,,,1.0,"xgb,lgb",0.4964539007092198,False,0.0,VALIDATED,,,1,1.0,1.0,1.0,1.0,1.0
2026-08-05 23:36:09.652741+00:00,1,1_block,93519,44.5,3,1,1,,,0.5,"xgb,lgb",0.4964539007092198,False,0.0,VALIDATED,,,3,2.8,4.0,4.0,1.0,1.0
2026-08-05 23:36:09.652741+00:00,3,3_blocks,93519,44.5,3,1,1,,,0.5,"xgb,lgb",0.4964539007092198,False,0.0,VALIDATED,,,7,6.09,10.0,9.49,1.0,1.0
2026-08-05 23:36:09.652741+00:00,6,6_blocks,93519,44.5,3,1,1,,,0.5,"xgb,lgb",0.4964539007092198,False,0.0,VALIDATED,,,7,6.09,10.0,9.49,1.0,1.0
2026-08-06 01:00:24.379187+00:00,1,1_block,96236,45.2,4,3,1,,,0.707,"xgb,lgb",0.4964539007092198,False,0.0,VALIDATED,,,2,1.14,1.0,1.0,2.0,1.34
2026-08-06 01:00:24.379187+00:00,3,3_blocks,96236,45.2,4,3,1,,,0.5,"xgb,lgb",0.4636363636363636,False,0.0,VALIDATED,,,28,27.85,46.0,45.75,1.0,1.0
2026-08-06 01:00:24.379187+00:00,6,6_blocks,96236,45.2,4,3,1,,,0.5,"xgb,lgb",0.4636363636363636,False,0.0,VALIDATED,,,28,27.85,46.0,45.75,1.0,1.0
2026-08-06 04:17:00.506704+00:00,1,1_block,91279,44.1,2,1,1,,,0.5,"xgb,lgb",1.546572934973638,False,0.0,VALIDATED,,,3,2.42,4.0,3.37,1.0,1.0
2026-08-06 04:17:00.506704+00:00,3,3_blocks,91279,44.1,2,1,1,,,1.0,"xgb,lgb",0.4357142857142857,False,0.0,VALIDATED,,,1,1.0,1.0,1.0,1.0,1.0
2026-08-06 04:17:00.506704+00:00,6,6_blocks,91279,44.1,2,1,1,,,1.0,"xgb,lgb",0.3737373737373737,False,0.0,VALIDATED,,,1,1.0,1.0,1.0,1.0,1.0
2026-08-06 06:48:58.098959+00:00,1,1_block,87545,43.1,1,1,1,,,1.0,"xgb,lgb",0.4532374100719424,False,0.0,VALIDATED,,,1,1.0,1.0,1.0,1.0,1.0
2026-08-06 06:48:58.098959+00:00,3,3_blocks,87545,43.1,1,1,1,,,0.5,"xgb,lgb",0.4357142857142857,False,0.0,VALIDATED,,,29,28.44,47.0,46.73,1.0,1.0
2026-08-06 06:48:58.098959+00:00,6,6_blocks,87545,43.1,1,1,1,,,0.5,"xgb,lgb",0.5673758865248227,False,0.0,VALIDATED,,,29,28.44,47.0,46.73,1.0,1.0
2026-08-06 09:32:40.791613+00:00,1,1_block,96912,45.3,4,3,1,,,1.0,"xgb,lgb",0.5673758865248227,False,0.0,VALIDATED,,,1,1.0,1.0,1.0,1.0,1.0
2026-08-06 09:32:40.791613+00:00,3,3_blocks,96912,45.3,4,3,1,,,0.5,"xgb,lgb",0.5673758865248227,False,0.0,VALIDATED,,,47,46.21,77.0,76.35,1.0,1.0
2026-08-06 09:32:40.791613+00:00,6,6_blocks,96912,45.3,4,3,1,,,0.5,"xgb,lgb",0.5112781954887218,False,0.0,VALIDATED,,,47,46.21,77.0,76.35,1.0,1.0
2026-08-06 11:50:11.603427+00:00,1,1_block,92201,44.1,2,1,1,,,0.5,"xgb,lgb",0.6,False,0.0,VALIDATED,,,5,4.37,7.0,6.62,1.0,1.0
2026-08-06 11:50:11.603427+00:00,3,3_blocks,92201,44.1,2,1,1,,,0.5,"xgb,lgb",0.5112781954887218,False,0.0,VALIDATED,,,22,21.63,36.0,35.39,1.0,1.0
2026-08-06 11:50:11.603427+00:00,6,6_blocks,92201,44.1,2,1,1,,,0.5,"xgb,lgb",0.4822695035460992,False,0.0,VALIDATED,,,22,21.63,36.0,35.39,1.0,1.0
2026-08-06 13:24:14.754934+00:00,1,1_block,96825,45.7,5,4,1,,,0.5,"xgb,lgb",0.4822695035460992,False,0.0,VALIDATED,,,7,6.03,10.0,9.39,1.0,1.0
2026-08-06 13:24:14.754934+00:00,3,3_blocks,96825,45.7,5,4,1,,,0.5,"xgb,lgb",0.4822695035460992,False,0.0,VALIDATED,,,71,70.15,117.0,116.25,1.0,1.0
2026-08-06 13:24:14.754934+00:00,6,6_blocks,96825,45.7,5,4,1,,,0.5,"xgb,lgb",0.4822695035460992,False,0.0,VALIDATED,,,71,70.15,117.0,116.25,1.0,1.0
2026-08-07 00:33:13.922366+00:00,1,1_block,93604,44.8,2,1,1,,,0.5,"xgb,lgb",1.0,False,0.0,VALIDATED,,,11,10.23,17.0,16.17,2.0,1.31
2026-08-07 00:33:13.922366+00:00,3,3_blocks,93604,44.8,2,1,1,,,0.5,"xgb,lgb",0.4118993135011441,False,0.0,VALIDATED,,,58,57.31,95.0,94.85,1.0,1.0
2026-08-07 00:33:13.922366+00:00,6,6_blocks,93604,44.8,2,1,1,,,0.5,"xgb,lgb",0.4118993135011441,False,0.0,VALIDATED,,,58,57.31,95.0,94.85,1.0,1.0
2026-08-07 03:35:05.992269+00:00,1,1_block,94565,45.1,4,3,1,,,0.5,"xgb,lgb",1.05,False,0.0,VALIDATED,,,7,6.52,10.0,9.97,2.0,1.35
2026-08-07 03:35:05.992269+00:00,3,3_blocks,94565,45.1,4,3,1,,,0.5,"xgb,lgb",0.6013071895424836,False,0.0,VALIDATED,,,50,49.49,82.0,81.81,1.0,1.0
2026-08-07 03:35:05.992269+00:00,6,6_blocks,94565,45.1,4,3,1,,,0.5,"xgb,lgb",0.6013071895424836,False,0.0,VALIDATED,,,50,49.49,82.0,81.81,1.0,1.0
2026-08-07 05:20:04.015545+00:00,1,1_block,90679,43.9,2,1,1,,,0.5,"xgb,lgb",0.4532374100719424,False,0.0,VALIDATED,,,6,5.04,8.0,7.57,2.0,1.25
2026-08-07 05:20:04.015545+00:00,3,3_blocks,90679,43.9,2,1,1,,,0.5,"xgb,lgb",0.1489361702127659,False,0.0,VALIDATED,,,47,46.86,78.0,77.43,1.0,1.0
2026-08-07 05:20:04.015545+00:00,6,6_blocks,90679,43.9,2,1,1,,,0.5,"xgb,lgb",0.4532374100719424,False,0.0,VALIDATED,,,47,46.86,78.0,77.43,1.0,1.0
2026-08-07 06:37:37.321195+00:00,1,1_block,91059,44.2,2,1,1,,,0.5,"xgb,lgb",0.6719492868462758,False,0.0,VALIDATED,,,8,7.47,12.0,11.78,1.0,1.0
2026-08-07 06:37:37.321195+00:00,3,3_blocks,91059,44.2,2,1,1,,,0.5,"xgb,lgb",0.459605026929982,False,0.0,VALIDATED,,,64,63.7,106.0,105.51,1.0,1.0
2026-08-07 06:37:37.321195+00:00,6,6_blocks,91059,44.2,2,1,1,,,0.5,"xgb,lgb",0.4532374100719424,False,0.0,VALIDATED,,,64,63.7,106.0,105.51,1.0,1.0
2026-08-07 07:55:28.238696+00:00,1,1_block,87033,43.3,2,1,1,,,1.0,"xgb,lgb",0.4821428571428571,False,0.0,VALIDATED,,,1,1.0,1.0,1.0,1.0,1.0
2026-08-07 07:55:28.238696+00:00,3,3_blocks,87033,43.3,2,1,1,,,0.5,"xgb,lgb",0.448512585812357,False,0.0,VALIDATED,,,13,12.12,20.0,19.53,1.0,1.0
2026-08-07 07:55:28.238696+00:00,6,6_blocks,87033,43.3,2,1,1,,,0.5,"xgb,lgb",0.448512585812357,False,0.0,VALIDATED,,,13,12.12,20.0,19.53,1.0,1.0
2026-08-07 08:50:52.581181+00:00,1,1_block,86474,43.3,2,1,1,,,1.0,"xgb,lgb",0.4821428571428571,False,0.0,VALIDATED,,,1,1.0,1.0,1.0,1.0,1.0
2026-08-07 08:50:52.581181+00:00,3,3_blocks,86474,43.3,2,1,1,,,0.5,"xgb,lgb",0.448512585812357,False,0.0,VALIDATED,,,11,10.5,17.0,16.83,1.0,1.0
2026-08-07 08:50:52.581181+00:00,6,6_blocks,86474,43.3,2,1,1,,,0.5,"xgb,lgb",0.4042553191489361,False,0.0,VALIDATED,,,11,10.5,17.0,16.83,1.0,1.0
2026-08-07 09:45:41.140809+00:00,1,1_block,83906,42.8,1,1,1,,,1.0,"xgb,lgb",0.4587973273942093,False,0.0,VALIDATED,,,1,1.0,1.0,1.0,1.0,1.0
2026-08-07 09:45:41.140809+00:00,3,3_blocks,83906,42.8,1,1,1,,,0.5,"xgb,lgb",0.4587973273942093,False,0.0,VALIDATED,,,5,4.54,7.0,6.9,1.0,1.0
2026-08-07 09:45:41.140809+00:00,6,6_blocks,83906,42.8,1,1,1,,,0.5,"xgb,lgb",0.35,False,0.0,VALIDATED,,,5,4.54,7.0,6.9,1.0,1.0
2026-08-07 10:37:01.323274+00:00,1,1_block,83039,42.5,1,1,1,,,1.0,"xgb,lgb",1.0062111801242235,False,0.0,VALIDATED,,,1,1.0,1.0,1.0,1.0,1.0
2026-08-07 10:37:01.323274+00:00,3,3_blocks,83039,42.5,1,1,1,,,0.5,"xgb,lgb",0.5521472392638037,False,0.0,VALIDATED,,,21,20.73,34.0,33.89,1.0,1.0
2026-08-07 10:37:01.323274+00:00,6,6_blocks,83039,42.5,1,1,1,,,0.5,"xgb,lgb",0.45,False,0.0,VALIDATED,,,21,20.73,34.0,33.89,1.0,1.0
2026-08-07 11:28:08.816788+00:00,1,1_block,80536,41.5,2,1,1,,,1.0,"xgb,lgb",2.014084507042253,False,0.0,VALIDATED,,,1,1.0,1.0,1.0,1.0,1.0
2026-08-07 11:28:08.816788+00:00,3,3_blocks,80536,41.5,2,1,1,,,0.5,"xgb,lgb",0.4599303135888501,False,0.0,VALIDATED,,,6,5.63,9.0,8.71,1.0,1.0
2026-08-07 11:28:08.816788+00:00,6,6_blocks,80536,41.5,2,1,1,,,0.5,"xgb,lgb",1.00374531835206,False,0.0,VALIDATED,,,6,5.63,9.0,8.71,1.0,1.0
2026-08-07 12:08:32.649814+00:00,1,1_block,84394,42.1,2,1,1,,,1.0,"xgb,lgb",2.014084507042253,False,0.0,VALIDATED,,,1,1.0,1.0,1.0,1.0,1.0
2026-08-07 12:08:32.649814+00:00,3,3_blocks,84394,42.1,2,1,1,,,1.0,"xgb,lgb",1.00374531835206,False,0.0,VALIDATED,,,1,1.0,1.0,1.0,1.0,1.0
2026-08-07 12:08:32.649814+00:00,6,6_blocks,84394,42.1,2,1,1,,,1.0,"xgb,lgb",1.00374531835206,False,0.0,VALIDATED,,,1,1.0,1.0,1.0,1.0,1.0
2026-08-07 13:34:21.867630+00:00,1,1_block,89910,43.9,3,3,1,,,0.5,"xgb,lgb",1.0071428571428571,False,0.0,VALIDATED,,,8,7.62,12.0,11.82,2.0,1.32
2026-08-07 13:34:21.867630+00:00,3,3_blocks,89910,43.9,3,3,1,,,0.5,"xgb,lgb",0.4454545454545454,False,0.0,VALIDATED,,,29,28.57,47.0,46.95,1.0,1.0
2026-08-07 13:34:21.867630+00:00,6,6_blocks,89910,43.9,3,3,1,,,0.5,"xgb,lgb",0.4454545454545454,False,0.0,VALIDATED,,,29,28.57,47.0,46.95,1.0,1.0
2026-08-07 14:36:07.085967+00:00,1,1_block,89592,43.1,2,1,1,,,1.0,"xgb,lgb",0.4454545454545454,False,0.0,VALIDATED,,,1,1.0,1.0,1.0,1.0,1.0
2026-08-07 14:36:07.085967+00:00,3,3_blocks,89592,43.1,2,1,1,,,0.5,"xgb,lgb",0.4454545454545454,False,0.0,VALIDATED,,,32,31.99,53.0,52.65,1.0,1.0
2026-08-07 14:36:07.085967+00:00,6,6_blocks,89592,43.1,2,1,1,,,0.5,"xgb,lgb",0.4883303411131059,False,0.0,VALIDATED,,,32,31.99,53.0,52.65,1.0,1.0
2026-08-07 15:30:50.929768+00:00,1,1_block,86508,42.4,1,1,1,,,0.5,"xgb,lgb",2.220408163265306,False,0.0,VALIDATED,,,2,1.65,3.0,2.09,1.0,1.0
2026-08-07 15:30:50.929768+00:00,3,3_blocks,86508,42.4,1,1,1,,,0.536,"xgb,lgb",0.4991789819376026,False,0.0,VALIDATED,,,2,1.36,2.0,1.6,1.0,1.0
2026-08-07 15:30:50.929768+00:00,6,6_blocks,86508,42.4,1,1,1,,,0.536,"xgb,lgb",0.9955357142857144,False,0.0,VALIDATED,,,2,1.36,2.0,1.6,1.0,1.0
2026-08-07 16:26:18.139630+00:00,1,1_block,90232,43.8,4,3,1,,,0.5,"xgb,lgb",2.614678899082569,False,0.0,VALIDATED,,,3,2.86,5.0,4.09,1.0,1.0
2026-08-07 16:26:18.139630+00:00,3,3_blocks,90232,43.8,4,3,1,,,0.5,"xgb,lgb",0.9955357142857144,False,0.0,VALIDATED,,,33,32.21,54.0,53.01,1.0,1.0
2026-08-07 16:26:18.139630+00:00,6,6_blocks,90232,43.8,4,3,1,,,0.5,"xgb,lgb",0.9955357142857144,False,0.0,VALIDATED,,,33,32.21,54.0,53.01,1.0,1.0
2026-08-07 17:15:14.429356+00:00,1,1_block,90967,44.2,4,4,1,,,0.5,"xgb,lgb",2.614678899082569,False,0.0,VALIDATED,,,6,5.34,9.0,8.24,1.0,1.0
2026-08-07 17:15:14.429356+00:00,3,3_blocks,90967,44.2,4,4,1,,,0.5,"xgb,lgb",1.0,False,0.0,VALIDATED,,,46,45.54,76.0,75.24,1.0,1.0
2026-08-07 17:15:14.429356+00:00,6,6_blocks,90967,44.2,4,4,1,,,0.5,"xgb,lgb",1.0,False,0.0,VALIDATED,,,46,45.54,76.0,75.24,1.0,1.0
2026-08-07 18:05:13.044154+00:00,1,1_block,87246,43.1,2,1,1,,,0.5,"xgb,lgb",3.0136986301369864,False,0.0,VALIDATED,,,6,5.9,10.0,9.17,1.0,1.0
2026-08-07 18:05:13.044154+00:00,3,3_blocks,87246,43.1,2,1,1,,,0.5,"xgb,lgb",0.3513513513513513,False,0.0,VALIDATED,,,33,32.03,53.0,52.72,1.0,1.0
2026-08-07 18:05:13.044154+00:00,6,6_blocks,87246,43.1,2,1,1,,,0.5,"xgb,lgb",0.3513513513513513,False,0.0,VALIDATED,,,33,32.03,53.0,52.72,1.0,1.0
2026-08-07 19:11:11.116478+00:00,1,1_block,82493,41.8,1,1,1,,,1.0,"xgb,lgb",0.4388489208633093,False,0.0,VALIDATED,,,1,1.0,1.0,1.0,1.0,1.0
2026-08-07 19:11:11.116478+00:00,3,3_blocks,82493,41.8,1,1,1,,,0.5,"xgb,lgb",0.4388489208633093,False,0.0,VALIDATED,,,11,10.2,17.0,16.33,1.0,1.0
2026-08-07 19:11:11.116478+00:00,6,6_blocks,82493,41.8,1,1,1,,,0.5,"xgb,lgb",0.3513513513513513,False,0.0,VALIDATED,,,11,10.2,17.0,16.33,1.0,1.0
2026-08-07 20:00:40.720454+00:00,1,1_block,80045,41.5,2,1,1,,,1.0,"xgb,lgb",3.0136986301369864,False,0.0,VALIDATED,,,1,1.0,1.0,1.0,1.0,1.0
2026-08-07 20:00:40.720454+00:00,3,3_blocks,80045,41.5,2,1,1,,,0.5,"xgb,lgb",0.39568345323741,False,0.0,VALIDATED,,,30,29.8,49.0,49.0,1.0,1.0
2026-08-07 20:00:40.720454+00:00,6,6_blocks,80045,41.5,2,1,1,,,0.5,"xgb,lgb",0.39568345323741,False,0.0,VALIDATED,,,30,29.8,49.0,49.0,1.0,1.0
2026-08-07 20:46:59.269946+00:00,1,1_block,80960,41.9,3,3,1,,,0.726,"xgb,lgb",1.0160183066361557,False,0.0,VALIDATED,,,2,1.13,1.0,1.0,2.0,1.32
2026-08-07 20:46:59.269946+00:00,3,3_blocks,80960,41.9,3,3,1,,,0.5,"xgb,lgb",0.39568345323741,False,0.0,VALIDATED,,,4,3.48,6.0,5.14,1.0,1.0
2026-08-07 20:46:59.269946+00:00,6,6_blocks,80960,41.9,3,3,1,,,0.5,"xgb,lgb",0.39568345323741,False,0.0,VALIDATED,,,4,3.48,6.0,5.14,1.0,1.0
2026-08-07 21:21:49.834262+00:00,1,1_block,80014,41.6,2,1,1,,,1.0,"xgb,lgb",3.0,False,0.0,VALIDATED,,,1,1.0,1.0,1.0,1.0,1.0
2026-08-07 21:21:49.834262+00:00,3,3_blocks,80014,41.6,2,1,1,,,0.5,"xgb,lgb",1.0160183066361557,False,0.0,VALIDATED,,,18,17.28,29.0,28.13,1.0,1.0
2026-08-07 21:21:49.834262+00:00,6,6_blocks,80014,41.6,2,1,1,,,0.5,"xgb,lgb",1.077720207253886,False,0.0,VALIDATED,,,18,17.28,29.0,28.13,1.0,1.0
2026-08-07 22:04:33.693442+00:00,1,1_block,82644,42.3,3,3,1,,,0.726,"xgb,lgb",1.077720207253886,False,0.0,VALIDATED,,,2,1.13,1.0,1.0,2.0,1.32
2026-08-07 22:04:33.693442+00:00,3,3_blocks,82644,42.3,3,3,1,,,0.5,"xgb,lgb",1.077720207253886,False,0.0,VALIDATED,,,21,20.1,33.0,32.83,1.0,1.0
2026-08-07 22:04:33.693442+00:00,6,6_blocks,82644,42.3,3,3,1,,,0.5,"xgb,lgb",1.077720207253886,False,0.0,VALIDATED,,,21,20.1,33.0,32.83,1.0,1.0
2026-08-07 22:51:33.951358+00:00,1,1_block,86887,43.9,4,4,3,,,0.5,"xgb,lgb",1.077720207253886,False,0.0,VALIDATED,,,5,4.17,7.0,6.09,2.0,1.31
2026-08-07 22:51:33.951358+00:00,3,3_blocks,86887,43.9,4,4,3,,,0.5,"xgb,lgb",1.0,False,0.0,VALIDATED,,,33,32.56,54.0,53.6,1.0,1.0
2026-08-07 22:51:33.951358+00:00,6,6_blocks,86887,43.9,4,4,3,,,0.5,"xgb,lgb",1.0,False,0.0,VALIDATED,,,33,32.56,54.0,53.6,1.0,1.0
2026-08-07 23:28:08.269596+00:00,1,1_block,81566,42.1,1,1,1,,,0.901,"xgb,lgb",1.0036231884057971,False,0.0,VALIDATED,,,2,1.04,1.0,1.0,2.0,1.1
2026-08-07 23:28:08.269596+00:00,3,3_blocks,81566,42.1,1,1,1,,,0.5,"xgb,lgb",1.0,False,0.0,VALIDATED,,,3,2.94,5.0,4.23,1.0,1.0
2026-08-07 23:28:08.269596+00:00,6,6_blocks,81566,42.1,1,1,1,,,0.5,"xgb,lgb",1.0,False,0.0,VALIDATED,,,3,2.94,5.0,4.23,1.0,1.0
2026-08-07 23:58:45.230045+00:00,1,1_block,79624,41.6,2,1,1,,,1.0,"xgb,lgb",1.0036231884057971,False,0.0,VALIDATED,,,1,1.0,1.0,1.0,1.0,1.0
2026-08-07 23:58:45.230045+00:00,3,3_blocks,79624,41.6,2,1,1,,,0.5,"xgb,lgb",1.0,False,0.0,VALIDATED,,,13,12.96,21.0,20.94,1.0,1.0
2026-08-07 23:58:45.230045+00:00,6,6_blocks,79624,41.6,2,1,1,,,0.5,"xgb,lgb",1.0,False,0.0,VALIDATED,,,13,12.96,21.0,20.94,1.0,1.0
2026-08-08 01:40:46.378473+00:00,1,1_block,84513,42.8,4,3,1,,,1.0,"xgb,lgb",1.6822810590631363,False,0.0,VALIDATED,,,1,1.0,1.0,1.0,1.0,1.0
2026-08-08 01:40:46.378473+00:00,3,3_blocks,84513,42.8,4,3,1,,,0.5,"xgb,lgb",1.0,False,0.0,VALIDATED,,,18,17.5,29.0,28.5,1.0,1.0
2026-08-08 01:40:46.378473+00:00,6,6_blocks,84513,42.8,4,3,1,,,0.5,"xgb,lgb",0.5,False,0.0,VALIDATED,,,18,17.5,29.0,28.5,1.0,1.0
2026-08-08 03:13:26.067956+00:00,1,1_block,84904,42.3,1,1,1,,,0.735,"xgb,lgb",0.5132346343651862,False,0.0,VALIDATED,,,2,1.12,1.0,1.0,2.0,1.31
2026-08-08 03:13:26.067956+00:00,3,3_blocks,84904,42.3,1,1,1,,,0.573,"xgb,lgb",0.5109436670254754,False,0.0,VALIDATED,,,2,1.33,2.0,1.54,1.0,1.0
2026-08-08 03:13:26.067956+00:00,6,6_blocks,84904,42.3,1,1,1,,,0.573,"xgb,lgb",0.4357142857142857,False,0.0,VALIDATED,,,2,1.33,2.0,1.54,1.0,1.0
2026-08-08 04:30:22.648604+00:00,1,1_block,78875,41.2,1,1,1,,,1.0,"xgb,lgb",0.5795918367346938,False,0.0,VALIDATED,,,1,1.0,1.0,1.0,1.0,1.0
2026-08-08 04:30:22.648604+00:00,3,3_blocks,78875,41.2,1,1,1,,,1.0,"xgb,lgb",0.5125858123569794,False,0.0,VALIDATED,,,1,1.0,1.0,1.0,1.0,1.0
2026-08-08 04:30:22.648604+00:00,6,6_blocks,78875,41.2,1,1,1,,,1.0,"xgb,lgb",0.5125858123569794,False,0.0,VALIDATED,,,1,1.0,1.0,1.0,1.0,1.0
2026-08-08 05:21:33.502927+00:00,1,1_block,81826,41.9,2,1,1,,,1.0,"xgb,lgb",1.0,False,0.0,VALIDATED,,,1,1.0,1.0,1.0,1.0,1.0
2026-08-08 05:21:33.502927+00:00,3,3_blocks,81826,41.9,2,1,1,,,1.0,"xgb,lgb",1.0,False,0.0,VALIDATED,,,1,1.0,1.0,1.0,1.0,1.0
2026-08-08 05:21:33.502927+00:00,6,6_blocks,81826,41.9,2,1,1,,,1.0,"xgb,lgb",0.3636363636363636,False,0.0,VALIDATED,,,1,1.0,1.0,1.0,1.0,1.0
2026-08-08 06:05:12.818747+00:00,1,1_block,82837,42.2,2,1,1,,,0.742,"xgb,lgb",1.0,False,0.0,VALIDATED,,,2,1.12,1.0,1.0,2.0,1.3
2026-08-08 06:05:12.818747+00:00,3,3_blocks,82837,42.2,2,1,1,,,0.5,"xgb,lgb",0.3636363636363636,False,0.0,VALIDATED,,,14,13.74,23.0,22.23,1.0,1.0
2026-08-08 06:05:12.818747+00:00,6,6_blocks,82837,42.2,2,1,1,,,0.5,"xgb,lgb",0.3636363636363636,False,0.0,VALIDATED,,,14,13.74,23.0,22.23,1.0,1.0
2026-08-08 07:09:38.428454+00:00,1,1_block,80514,41.6,1,1,1,,,0.63,"xgb,lgb",0.4727272727272727,False,0.0,VALIDATED,,,2,1.69,2.0,1.93,2.0,1.33
2026-08-08 07:09:38.428454+00:00,3,3_blocks,80514,41.6,1,1,1,,,1.0,"xgb,lgb",0.9034965034965036,False,0.0,VALIDATED,,,1,1.0,1.0,1.0,1.0,1.0
2026-08-08 07:09:38.428454+00:00,6,6_blocks,80514,41.6,1,1,1,,,1.0,"xgb,lgb",0.3636363636363636,False,0.0,VALIDATED,,,1,1.0,1.0,1.0,1.0,1.0
2026-08-08 07:57:55.430018+00:00,1,1_block,81240,41.7,1,1,1,,,0.5,"xgb,lgb",0.9034965034965036,False,0.0,VALIDATED,,,4,3.48,6.0,5.1,2.0,1.05
2026-08-08 07:57:55.430018+00:00,3,3_blocks,81240,41.7,1,1,1,,,0.5,"xgb,lgb",0.45,False,0.0,VALIDATED,,,8,7.1,12.0,11.17,1.0,1.0
2026-08-08 07:57:55.430018+00:00,6,6_blocks,81240,41.7,1,1,1,,,0.5,"xgb,lgb",0.3693693693693693,False,0.0,VALIDATED,,,8,7.1,12.0,11.17,1.0,1.0
2026-08-08 08:45:55.813525+00:00,1,1_block,80929,41.6,2,1,1,,,1.0,"xgb,lgb",0.45,False,0.0,VALIDATED,,,1,1.0,1.0,1.0,1.0,1.0
2026-08-08 08:45:55.813525+00:00,3,3_blocks,80929,41.6,2,1,1,,,0.5,"xgb,lgb",0.45,False,0.0,VALIDATED,,,23,22.63,38.0,37.04,1.0,1.0
2026-08-08 08:45:55.813525+00:00,6,6_blocks,80929,41.6,2,1,1,,,0.5,"xgb,lgb",0.39568345323741,False,0.0,VALIDATED,,,23,22.63,38.0,37.04,1.0,1.0
2026-08-08 09:21:02.195294+00:00,1,1_block,82645,41.4,1,1,1,,,0.5,"xgb,lgb",2.6106194690265485,False,0.0,VALIDATED,,,4,3.12,5.0,4.54,1.0,1.0
2026-08-08 09:21:02.195294+00:00,3,3_blocks,82645,41.4,1,1,1,,,0.5,"xgb,lgb",0.39568345323741,False,0.0,VALIDATED,,,11,10.27,17.0,16.46,1.0,1.0
2026-08-08 09:21:02.195294+00:00,6,6_blocks,82645,41.4,1,1,1,,,0.5,"xgb,lgb",0.5545454545454546,False,0.0,VALIDATED,,,11,10.27,17.0,16.46,1.0,1.0
2026-08-08 09:59:16.908166+00:00,1,1_block,80116,41.2,2,1,1,,,0.5,"xgb,lgb",2.6106194690265485,False,0.0,VALIDATED,,,5,4.45,7.0,6.76,1.0,1.0
2026-08-08 09:59:16.908166+00:00,3,3_blocks,80116,41.2,2,1,1,,,0.5,"xgb,lgb",0.5545454545454546,False,0.0,VALIDATED,,,29,28.43,47.0,46.71,1.0,1.0
2026-08-08 09:59:16.908166+00:00,6,6_blocks,80116,41.2,2,1,1,,,0.5,"xgb,lgb",0.5545454545454546,False,0.0,VALIDATED,,,29,28.43,47.0,46.71,1.0,1.0
2026-08-08 10:38:03.845649+00:00,1,1_block,84969,42.5,4,3,1,,,0.5,"xgb,lgb",0.601123595505618,False,0.0,VALIDATED,,,6,5.36,9.0,8.26,1.0,1.0
2026-08-08 10:38:03.845649+00:00,3,3_blocks,84969,42.5,4,3,1,,,0.5,"xgb,lgb",0.5545454545454546,False,0.0,VALIDATED,,,35,34.54,57.0,56.89,1.0,1.0
2026-08-08 10:38:03.845649+00:00,6,6_blocks,84969,42.5,4,3,1,,,0.5,"xgb,lgb",0.4272727272727272,False,0.0,VALIDATED,,,35,34.54,57.0,56.89,1.0,1.0
2026-08-08 11:04:24.122328+00:00,1,1_block,80360,41.6,2,1,1,,,0.684,"xgb,lgb",0.6060606060606061,False,0.0,VALIDATED,,,2,1.15,1.0,1.0,2.0,1.37
2026-08-08 11:04:24.122328+00:00,3,3_blocks,80360,41.6,2,1,1,,,0.5,"xgb,lgb",0.4388489208633093,False,0.0,VALIDATED,,,5,4.75,8.0,7.26,1.0,1.0
2026-08-08 11:04:24.122328+00:00,6,6_blocks,80360,41.6,2,1,1,,,0.5,"xgb,lgb",0.4272727272727272,False,0.0,VALIDATED,,,5,4.75,8.0,7.26,1.0,1.0
2026-08-08 11:38:39.307758+00:00,1,1_block,75829,40.5,1,1,1,,,0.587,"xgb,lgb",0.6060606060606061,False,0.0,VALIDATED,,,2,1.31,2.0,1.52,1.0,1.0
2026-08-08 11:38:39.307758+00:00,3,3_blocks,75829,40.5,1,1,1,,,1.0,"xgb,lgb",0.4388489208633093,False,0.0,VALIDATED,,,1,1.0,1.0,1.0,1.0,1.0
2026-08-08 11:38:39.307758+00:00,6,6_blocks,75829,40.5,1,1,1,,,1.0,"xgb,lgb",0.4272727272727272,False,0.0,VALIDATED,,,1,1.0,1.0,1.0,1.0,1.0
2026-08-08 11:59:57.813121+00:00,1,1_block,77869,40.9,1,1,1,,,1.0,"xgb,lgb",0.6060606060606061,False,0.0,VALIDATED,,,1,1.0,1.0,1.0,1.0,1.0
2026-08-08 11:59:57.813121+00:00,3,3_blocks,77869,40.9,1,1,1,,,1.0,"xgb,lgb",0.4272727272727272,False,0.0,VALIDATED,,,1,1.0,1.0,1.0,1.0,1.0
2026-08-08 11:59:57.813121+00:00,6,6_blocks,77869,40.9,1,1,1,,,1.0,"xgb,lgb",0.4272727272727272,False,0.0,VALIDATED,,,1,1.0,1.0,1.0,1.0,1.0
2026-08-08 12:55:21.870441+00:00,1,1_block,79635,41.1,1,1,1,,,0.5,"xgb,lgb",0.4272727272727272,False,0.0,VALIDATED,,,4,3.15,5.0,4.58,1.0,1.0
2026-08-08 12:55:21.870441+00:00,3,3_blocks,79635,41.1,1,1,1,,,1.0,"xgb,lgb",0.4272727272727272,False,0.0,VALIDATED,,,1,1.0,1.0,1.0,1.0,1.0
2026-08-08 12:55:21.870441+00:00,6,6_blocks,79635,41.1,1,1,1,,,1.0,"xgb,lgb",0.4272727272727272,False,0.0,VALIDATED,,,1,1.0,1.0,1.0,1.0,1.0
2026-08-08 13:40:41.434649+00:00,1,1_block,81872,41.7,2,1,1,,,1.0,"xgb,lgb",1.0,False,0.0,VALIDATED,,,1,1.0,1.0,1.0,1.0,1.0
2026-08-08 13:40:41.434649+00:00,3,3_blocks,81872,41.7,2,1,1,,,0.5,"xgb,lgb",1.0,False,0.0,VALIDATED,,,9,8.09,13.0,12.81,1.0,1.0
2026-08-08 13:40:41.434649+00:00,6,6_blocks,81872,41.7,2,1,1,,,0.5,"xgb,lgb",0.8035714285714286,False,0.0,VALIDATED,,,9,8.09,13.0,12.81,1.0,1.0
2026-08-08 14:17:24.131682+00:00,1,1_block,81623,41.8,2,1,1,,,0.5,"xgb,lgb",1.0066815144766148,False,0.0,VALIDATED,,,3,2.14,3.0,2.87,2.0,1.05
2026-08-08 14:17:24.131682+00:00,3,3_blocks,81623,41.8,2,1,1,,,0.5,"xgb,lgb",1.0066815144766148,False,0.0,VALIDATED,,,14,13.89,23.0,22.48,1.0,1.0
2026-08-08 14:17:24.131682+00:00,6,6_blocks,81623,41.8,2,1,1,,,0.5,"xgb,lgb",1.0066815144766148,False,0.0,VALIDATED,,,14,13.89,23.0,22.48,1.0,1.0
2026-08-08 14:52:24.795409+00:00,1,1_block,85415,43.0,3,3,1,,,0.5,"xgb,lgb",1.0066815144766148,False,0.0,VALIDATED,,,6,5.74,9.0,8.72,2.0,1.28
2026-08-08 14:52:24.795409+00:00,3,3_blocks,85415,43.0,3,3,1,,,0.5,"xgb,lgb",2.0,False,0.0,VALIDATED,,,24,23.29,39.0,38.15,1.0,1.0
2026-08-08 14:52:24.795409+00:00,6,6_blocks,85415,43.0,3,3,1,,,0.5,"xgb,lgb",1.0066815144766148,False,0.0,VALIDATED,,,24,23.29,39.0,38.15,1.0,1.0
2026-08-08 15:23:37.040009+00:00,1,1_block,85591,43.6,3,3,3,,,0.5,"xgb,lgb",2.0,False,0.0,VALIDATED,,,9,8.29,13.0,12.96,2.0,1.28
2026-08-08 15:23:37.040009+00:00,3,3_blocks,85591,43.6,3,3,3,,,0.5,"xgb,lgb",2.0,False,0.0,VALIDATED,,,10,9.85,16.0,15.75,1.0,1.0
2026-08-08 15:23:37.040009+00:00,6,6_blocks,85591,43.6,3,3,3,,,0.5,"xgb,lgb",0.5211267605633803,False,0.0,VALIDATED,,,10,9.85,16.0,15.75,1.0,1.0
2026-08-08 15:55:46.732624+00:00,1,1_block,88067,44.4,4,3,3,,,0.5,"xgb,lgb",2.0,False,0.0,VALIDATED,,,9,8.15,13.0,12.81,2.0,1.17
2026-08-08 15:55:46.732624+00:00,3,3_blocks,88067,44.4,4,3,3,,,0.5,"xgb,lgb",0.5211267605633803,False,0.0,VALIDATED,,,25,24.28,40.0,39.8,1.0,1.0
2026-08-08 15:55:46.732624+00:00,6,6_blocks,88067,44.4,4,3,3,,,0.5,"xgb,lgb",0.5211267605633803,False,0.0,VALIDATED,,,25,24.28,40.0,39.8,1.0,1.0
2026-08-08 16:25:23.722189+00:00,1,1_block,81934,42.9,2,2,1,,,0.5,"xgb,lgb",0.5211267605633803,False,0.0,VALIDATED,,,6,5.95,10.0,9.26,1.0,1.0
2026-08-08 16:25:23.722189+00:00,3,3_blocks,81934,42.9,2,2,1,,,0.5,"xgb,lgb",0.5211267605633803,False,0.0,VALIDATED,,,25,24.57,41.0,40.28,1.0,1.0
2026-08-08 16:25:23.722189+00:00,6,6_blocks,81934,42.9,2,2,1,,,0.5,"xgb,lgb",0.5,False,0.0,VALIDATED,,,25,24.57,41.0,40.28,1.0,1.0
2026-08-08 17:02:20.920580+00:00,1,1_block,82985,42.3,2,1,1,,,1.0,"xgb,lgb",1.0,False,0.0,VALIDATED,,,1,1.0,1.0,1.0,1.0,1.0
2026-08-08 17:02:20.920580+00:00,3,3_blocks,82985,42.3,2,1,1,,,0.5,"xgb,lgb",0.7272727272727273,False,0.0,VALIDATED,,,5,4.83,8.0,7.39,1.0,1.0
2026-08-08 17:02:20.920580+00:00,6,6_blocks,82985,42.3,2,1,1,,,0.5,"xgb,lgb",0.5,False,0.0,VALIDATED,,,5,4.83,8.0,7.39,1.0,1.0
2026-08-08 17:41:45.035831+00:00,1,1_block,80310,41.4,1,1,1,,,1.0,"xgb,lgb",1.0,False,0.0,VALIDATED,,,1,1.0,1.0,1.0,1.0,1.0
2026-08-08 17:41:45.035831+00:00,3,3_blocks,80310,41.4,1,1,1,,,0.5,"xgb,lgb",0.3636363636363636,False,0.0,VALIDATED,,,8,7.39,12.0,11.66,1.0,1.0
2026-08-08 17:41:45.035831+00:00,6,6_blocks,80310,41.4,1,1,1,,,0.5,"xgb,lgb",0.3636363636363636,False,0.0,VALIDATED,,,8,7.39,12.0,11.66,1.0,1.0
2026-08-08 18:13:24.942239+00:00,1,1_block,81728,41.6,2,1,1,,,1.0,"xgb,lgb",0.4428571428571428,False,0.0,VALIDATED,,,1,1.0,1.0,1.0,1.0,1.0
2026-08-08 18:13:24.942239+00:00,3,3_blocks,81728,41.6,2,1,1,,,0.5,"xgb,lgb",0.3636363636363636,False,0.0,VALIDATED,,,9,8.56,14.0,13.59,1.0,1.0
2026-08-08 18:13:24.942239+00:00,6,6_blocks,81728,41.6,2,1,1,,,0.5,"xgb,lgb",0.355,False,0.0,VALIDATED,,,9,8.56,14.0,13.59,1.0,1.0
2026-08-08 19:01:09.023299+00:00,1,1_block,80289,41.5,1,1,1,,,1.0,"xgb,lgb",0.4388489208633093,False,0.0,VALIDATED,,,1,1.0,1.0,1.0,1.0,1.0
2026-08-08 19:01:09.023299+00:00,3,3_blocks,80289,41.5,1,1,1,,,1.0,"xgb,lgb",0.355,False,0.0,VALIDATED,,,1,1.0,1.0,1.0,1.0,1.0
2026-08-08 19:01:09.023299+00:00,6,6_blocks,80289,41.5,1,1,1,,,1.0,"xgb,lgb",0.355,False,0.0,VALIDATED,,,1,1.0,1.0,1.0,1.0,1.0
2026-08-08 19:39:45.645547+00:00,1,1_block,79332,40.9,1,1,1,,,1.0,"xgb,lgb",0.4388489208633093,False,0.0,VALIDATED,,,1,1.0,1.0,1.0,1.0,1.0
2026-08-08 19:39:45.645547+00:00,3,3_blocks,79332,40.9,1,1,1,,,0.5,"xgb,lgb",1.0048076923076923,False,0.0,VALIDATED,,,11,10.92,18.0,17.54,1.0,1.0
2026-08-08 19:39:45.645547+00:00,6,6_blocks,79332,40.9,1,1,1,,,0.5,"xgb,lgb",0.4388489208633093,False,0.0,VALIDATED,,,11,10.92,18.0,17.54,1.0,1.0
2026-08-08 20:01:08.072186+00:00,1,1_block,84020,42.6,3,3,1,,,0.5,"xgb,lgb",1.0048076923076923,False,0.0,VALIDATED,,,14,13.27,22.0,21.45,1.0,1.0
2026-08-08 20:01:08.072186+00:00,3,3_blocks,84020,42.6,3,3,1,,,0.5,"xgb,lgb",1.0048076923076923,False,0.0,VALIDATED,,,30,29.21,49.0,48.01,1.0,1.0
2026-08-08 20:01:08.072186+00:00,6,6_blocks,84020,42.6,3,3,1,,,0.5,"xgb,lgb",0.4388489208633093,False,0.0,VALIDATED,,,30,29.2,49.0,48.01,1.0,1.0
2026-08-08 20:38:39.012006+00:00,1,1_block,82729,42.3,2,2,1,,,1.0,"xgb,lgb",1.0048076923076923,False,0.0,VALIDATED,,,1,1.0,1.0,1.0,1.0,1.0
2026-08-08 20:38:39.012006+00:00,3,3_blocks,82729,42.3,2,2,1,,,0.5,"xgb,lgb",1.0048076923076923,False,0.0,VALIDATED,,,11,10.5,17.0,16.84,1.0,1.0
2026-08-08 20:38:39.012006+00:00,6,6_blocks,82729,42.3,2,2,1,,,0.5,"xgb,lgb",0.991150442477876,False,0.0,VALIDATED,,,11,10.5,17.0,16.84,1.0,1.0
2026-08-08 21:04:02.070474+00:00,1,1_block,82862,42.5,2,2,1,,,0.5,"xgb,lgb",0.991150442477876,False,0.0,VALIDATED,,,4,3.37,5.0,4.71,2.0,1.35
2026-08-08 21:04:02.070474+00:00,3,3_blocks,82862,42.5,2,2,1,,,0.5,"xgb,lgb",0.991150442477876,False,0.0,VALIDATED,,,19,18.9,31.0,30.84,1.0,1.0
2026-08-08 21:04:02.070474+00:00,6,6_blocks,82862,42.5,2,2,1,,,0.5,"xgb,lgb",0.991150442477876,False,0.0,VALIDATED,,,19,18.9,31.0,30.84,1.0,1.0
2026-08-08 21:41:33.578225+00:00,1,1_block,85199,42.9,3,3,1,,,0.5,"xgb,lgb",0.991150442477876,False,0.0,VALIDATED,,,14,13.91,23.0,22.26,2.0,1.37
2026-08-08 21:41:33.578225+00:00,3,3_blocks,85199,42.9,3,3,1,,,0.5,"xgb,lgb",0.4609929078014184,False,0.0,VALIDATED,,,21,20.87,35.0,34.12,1.0,1.0
2026-08-08 21:41:33.578225+00:00,6,6_blocks,85199,42.9,3,3,1,,,0.5,"xgb,lgb",0.4609929078014184,False,0.0,VALIDATED,,,21,20.87,35.0,34.12,1.0,1.0
2026-08-08 22:04:57.953765+00:00,1,1_block,81623,41.6,1,1,1,,,0.765,"xgb,lgb",0.4609929078014184,False,0.0,VALIDATED,,,2,1.11,1.0,1.0,2.0,1.27
2026-08-08 22:04:57.953765+00:00,3,3_blocks,81623,41.6,1,1,1,,,0.5,"xgb,lgb",0.4609929078014184,False,0.0,VALIDATED,,,8,7.32,12.0,11.53,1.0,1.0
2026-08-08 22:04:57.953765+00:00,6,6_blocks,81623,41.6,1,1,1,,,0.5,"xgb,lgb",0.4609929078014184,False,0.0,VALIDATED,,,8,7.32,12.0,11.53,1.0,1.0
2026-08-08 22:42:17.492118+00:00,1,1_block,80905,41.4,1,1,1,,,0.714,"xgb,lgb",0.4609929078014184,False,0.0,VALIDATED,,,2,1.13,1.0,1.0,2.0,1.33
2026-08-08 22:42:17.492118+00:00,3,3_blocks,80905,41.4,1,1,1,,,0.996,"xgb,lgb",0.4402877697841727,False,0.0,VALIDATED,,,2,1.0,1.0,1.0,1.0,1.0
2026-08-08 22:42:17.492118+00:00,6,6_blocks,80905,41.4,1,1,1,,,1.0,"xgb,lgb",0.4402877697841727,False,0.0,VALIDATED,,,1,1.0,1.0,1.0,1.0,1.0
2026-08-08 23:12:02.590795+00:00,1,1_block,81287,41.3,1,1,1,,,0.5,"xgb,lgb",1.198581560283688,False,0.0,VALIDATED,,,4,3.32,5.0,4.87,1.0,1.0
2026-08-08 23:12:02.590795+00:00,3,3_blocks,81287,41.3,1,1,1,,,0.5,"xgb,lgb",0.4402877697841727,False,0.0,VALIDATED,,,9,8.56,14.0,13.59,1.0,1.0
2026-08-08 23:12:02.590795+00:00,6,6_blocks,81287,41.3,1,1,1,,,0.5,"xgb,lgb",0.4402877697841727,False,0.0,VALIDATED,,,9,8.56,14.0,13.59,1.0,1.0
2026-08-08 23:47:30.616143+00:00,1,1_block,79957,41.1,1,1,1,,,1.0,"xgb,lgb",1.198581560283688,False,0.0,VALIDATED,,,1,1.0,1.0,1.0,1.0,1.0
2026-08-08 23:47:30.616143+00:00,3,3_blocks,79957,41.1,1,1,1,,,0.5,"xgb,lgb",0.4402877697841727,False,0.0,VALIDATED,,,9,8.86,15.0,14.1,1.0,1.0
2026-08-08 23:47:30.616143+00:00,6,6_blocks,79957,41.1,1,1,1,,,0.5,"xgb,lgb",0.4032258064516129,False,0.0,VALIDATED,,,9,8.86,15.0,14.1,1.0,1.0
2026-08-09 00:35:06.360579+00:00,1,1_block,82977,42.3,2,1,1,,,0.74,"xgb,lgb",0.4032258064516129,False,0.0,VALIDATED,,,2,1.12,1.0,1.0,2.0,1.3
2026-08-09 00:35:06.360579+00:00,3,3_blocks,82977,42.3,2,1,1,,,0.996,"xgb,lgb",0.4032258064516129,False,0.0,VALIDATED,,,2,1.0,1.0,1.0,1.0,1.0
2026-08-09 00:35:06.360579+00:00,6,6_blocks,82977,42.3,2,1,1,,,0.999,"xgb,lgb",0.4032258064516129,False,0.0,VALIDATED,,,2,1.0,1.0,1.0,1.0,1.0
2026-08-09 02:37:57.971549+00:00,1,1_block,79486,41.4,1,1,1,,,1.0,"xgb,lgb",0.3971631205673759,False,0.0,VALIDATED,,,1,1.0,1.0,1.0,1.0,1.0
2026-08-09 02:37:57.971549+00:00,3,3_blocks,79486,41.4,1,1,1,,,0.5,"xgb,lgb",0.3937007874015748,False,0.0,VALIDATED,,,11,10.45,17.0,16.75,1.0,1.0
2026-08-09 02:37:57.971549+00:00,6,6_blocks,79486,41.4,1,1,1,,,0.5,"xgb,lgb",0.365296803652968,False,0.0,VALIDATED,,,11,10.45,17.0,16.75,1.0,1.0
2026-08-09 04:03:51.921509+00:00,1,1_block,78662,41.5,1,1,1,,,1.0,"xgb,lgb",0.4388489208633093,False,0.0,VALIDATED,,,1,1.0,1.0,1.0,1.0,1.0
2026-08-09 04:03:51.921509+00:00,3,3_blocks,78662,41.5,1,1,1,,,0.5,"xgb,lgb",0.4032921810699588,False,0.0,VALIDATED,,,4,3.26,5.0,4.76,1.0,1.0
2026-08-09 04:03:51.921509+00:00,6,6_blocks,78662,41.5,1,1,1,,,0.5,"xgb,lgb",0.3535353535353535,False,0.0,VALIDATED,,,4,3.25,5.0,4.76,1.0,1.0
2026-08-09 05:15:36.053666+00:00,1,1_block,77818,41.3,1,1,1,,,0.5,"xgb,lgb",0.4388489208633093,False,0.0,VALIDATED,,,4,3.65,6.0,5.42,1.0,1.0
2026-08-09 05:15:36.053666+00:00,3,3_blocks,77818,41.3,1,1,1,,,0.996,"xgb,lgb",0.4027459954233409,False,0.0,VALIDATED,,,2,1.0,1.0,1.0,1.0,1.0
2026-08-09 05:15:36.053666+00:00,6,6_blocks,77818,41.3,1,1,1,,,1.0,"xgb,lgb",0.4027459954233409,False,0.0,VALIDATED,,,1,1.0,1.0,1.0,1.0,1.0
2026-08-09 06:00:27.290573+00:00,1,1_block,79512,41.6,1,1,1,,,0.748,"xgb,lgb",0.4093357271095152,False,0.0,VALIDATED,,,2,1.17,2.0,1.29,1.0,1.0
2026-08-09 06:00:27.290573+00:00,3,3_blocks,79512,41.6,1,1,1,,,0.5,"xgb,lgb",0.35,False,0.0,VALIDATED,,,5,4.76,8.0,7.26,1.0,1.0
2026-08-09 06:00:27.290573+00:00,6,6_blocks,79512,41.6,1,1,1,,,0.5,"xgb,lgb",0.35,False,0.0,VALIDATED,,,5,4.75,8.0,7.26,1.0,1.0
2026-08-09 07:04:09.565176+00:00,1,1_block,78220,41.3,1,1,1,,,0.5,"xgb,lgb",0.35,False,0.0,VALIDATED,,,5,4.12,7.0,6.17,2.0,1.05
2026-08-09 07:04:09.565176+00:00,3,3_blocks,78220,41.3,1,1,1,,,0.5,"xgb,lgb",0.3551268310110754,False,0.0,VALIDATED,,,5,4.89,8.0,7.48,1.0,1.0
2026-08-09 07:04:09.565176+00:00,6,6_blocks,78220,41.3,1,1,1,,,0.5,"xgb,lgb",0.35,False,0.0,VALIDATED,,,5,4.89,8.0,7.48,1.0,1.0
2026-08-09 08:01:34.485568+00:00,1,1_block,79542,41.2,2,1,1,,,0.5,"xgb,lgb",0.3551268310110754,False,0.0,VALIDATED,,,7,6.48,11.0,10.13,1.0,1.0
2026-08-09 08:01:34.485568+00:00,3,3_blocks,79542,41.2,2,1,1,,,0.996,"xgb,lgb",0.3693693693693693,False,0.0,VALIDATED,,,2,1.0,1.0,1.0,1.0,1.0
2026-08-09 08:01:34.485568+00:00,6,6_blocks,79542,41.2,2,1,1,,,1.0,"xgb,lgb",0.3551268310110754,False,0.0,VALIDATED,,,1,1.0,1.0,1.0,1.0,1.0
2026-08-09 08:47:33.443587+00:00,1,1_block,79029,41.2,2,1,1,,,0.639,"xgb,lgb",1.0593220338983051,False,0.0,VALIDATED,,,2,1.26,2.0,1.44,1.0,1.0
2026-08-09 08:47:33.443587+00:00,3,3_blocks,79029,41.2,2,1,1,,,0.5,"xgb,lgb",0.3693693693693693,False,0.0,VALIDATED,,,12,11.05,18.0,17.75,1.0,1.0
2026-08-09 08:47:33.443587+00:00,6,6_blocks,79029,41.2,2,1,1,,,0.5,"xgb,lgb",0.3971631205673759,False,0.0,VALIDATED,,,12,11.05,18.0,17.75,1.0,1.0
2026-08-09 09:22:41.548500+00:00,1,1_block,80529,41.5,2,1,1,,,1.0,"xgb,lgb",0.3971631205673759,False,0.0,VALIDATED,,,1,1.0,1.0,1.0,1.0,1.0
2026-08-09 09:22:41.548500+00:00,3,3_blocks,80529,41.5,2,1,1,,,0.5,"xgb,lgb",0.3971631205673759,False,0.0,VALIDATED,,,2,1.65,3.0,2.08,1.0,1.0
2026-08-09 09:22:41.548500+00:00,6,6_blocks,80529,41.5,2,1,1,,,0.5,"xgb,lgb",0.3971631205673759,False,0.0,VALIDATED,,,2,1.65,3.0,2.08,1.0,1.0
2026-08-09 10:03:58.541108+00:00,1,1_block,74466,40.3,1,1,1,,,0.956,"xgb,lgb",0.6099290780141844,False,0.0,VALIDATED,,,2,1.02,1.0,1.0,2.0,1.05
2026-08-09 10:03:58.541108+00:00,3,3_blocks,74466,40.3,1,1,1,,,0.5,"xgb,lgb",0.4388489208633093,False,0.0,VALIDATED,,,13,12.82,21.0,20.71,1.0,1.0
2026-08-09 10:03:58.541108+00:00,6,6_blocks,74466,40.3,1,1,1,,,0.5,"xgb,lgb",0.3971631205673759,False,0.0,VALIDATED,,,13,12.82,21.0,20.71,1.0,1.0
2026-08-09 10:48:44.076047+00:00,1,1_block,81549,41.7,2,1,1,,,0.5,"xgb,lgb",0.6099290780141844,False,0.0,VALIDATED,,,3,2.96,5.0,4.27,1.0,1.0
2026-08-09 10:48:44.076047+00:00,3,3_blocks,81549,41.7,2,1,1,,,0.5,"xgb,lgb",0.7537473233404711,False,0.0,VALIDATED,,,19,18.3,30.0,29.82,1.0,1.0
2026-08-09 10:48:44.076047+00:00,6,6_blocks,81549,41.7,2,1,1,,,0.5,"xgb,lgb",0.4388489208633093,False,0.0,VALIDATED,,,19,18.29,30.0,29.82,1.0,1.0
2026-08-09 11:15:03.784201+00:00,1,1_block,85096,42.0,1,1,1,,,0.5,"xgb,lgb",0.7537473233404711,False,0.0,VALIDATED,,,3,2.35,4.0,3.24,1.0,1.0
2026-08-09 11:15:03.784201+00:00,3,3_blocks,85096,42.0,1,1,1,,,0.5,"xgb,lgb",0.7537473233404711,False,0.0,VALIDATED,,,21,20.87,35.0,34.12,1.0,1.0
2026-08-09 11:15:03.784201+00:00,6,6_blocks,85096,42.0,1,1,1,,,0.5,"xgb,lgb",0.5085085085085085,False,0.0,VALIDATED,,,21,20.87,35.0,34.12,1.0,1.0
2026-08-09 11:47:43.494995+00:00,1,1_block,87020,42.6,2,1,1,,,0.5,"xgb,lgb",0.7537473233404711,False,0.0,VALIDATED,,,3,2.84,4.0,3.87,2.0,1.31
2026-08-09 11:47:43.494995+00:00,3,3_blocks,87020,42.6,2,1,1,,,0.5,"xgb,lgb",0.5085085085085085,False,0.0,VALIDATED,,,27,26.53,44.0,43.56,1.0,1.0
2026-08-09 11:47:43.494995+00:00,6,6_blocks,87020,42.6,2,1,1,,,0.5,"xgb,lgb",0.5085085085085085,False,0.0,VALIDATED,,,27,26.53,44.0,43.56,1.0,1.0
2026-08-09 12:17:09.704635+00:00,1,1_block,86153,42.5,2,1,1,,,0.716,"xgb,lgb",0.5085085085085085,False,0.0,VALIDATED,,,2,1.13,1.0,1.0,2.0,1.33
2026-08-09 12:17:09.704635+00:00,3,3_blocks,86153,42.5,2,1,1,,,0.5,"xgb,lgb",0.5085085085085085,False,0.0,VALIDATED,,,4,3.65,6.0,5.41,1.0,1.0
2026-08-09 12:17:09.704635+00:00,6,6_blocks,86153,42.5,2,1,1,,,0.5,"xgb,lgb",0.5085085085085085,False,0.0,VALIDATED,,,4,3.64,6.0,5.41,1.0,1.0
2026-08-09 13:18:42.451141+00:00,1,1_block,90282,43.7,3,3,1,,,0.719,"xgb,lgb",0.5085085085085085,False,0.0,VALIDATED,,,2,1.13,1.0,1.0,2.0,1.33
2026-08-09 13:18:42.451141+00:00,3,3_blocks,90282,43.7,3,3,1,,,0.5,"xgb,lgb",0.4357142857142857,False,0.0,VALIDATED,,,33,32.1,53.0,52.83,1.0,1.0
2026-08-09 13:18:42.451141+00:00,6,6_blocks,90282,43.7,3,3,1,,,0.5,"xgb,lgb",0.4357142857142857,False,0.0,VALIDATED,,,33,32.1,53.0,52.83,2.0,1.01
2026-08-09 14:03:00.192250+00:00,1,1_block,85093,42.1,2,1,1,,,1.0,"xgb,lgb",0.4357142857142857,False,0.0,VALIDATED,,,1,1.0,1.0,1.0,1.0,1.0
2026-08-09 14:03:00.192250+00:00,3,3_blocks,85093,42.1,2,1,1,,,0.996,"xgb,lgb",0.4505363528009535,False,0.0,VALIDATED,,,2,1.0,1.0,1.0,1.0,1.0
2026-08-09 14:03:00.192250+00:00,6,6_blocks,85093,42.1,2,1,1,,,1.0,"xgb,lgb",0.4357142857142857,False,0.0,VALIDATED,,,1,1.0,1.0,1.0,1.0,1.0
2026-08-09 14:47:58.280167+00:00,1,1_block,82458,41.4,1,1,1,,,1.0,"xgb,lgb",0.4505363528009535,False,0.0,VALIDATED,,,1,1.0,1.0,1.0,1.0,1.0
2026-08-09 14:47:58.280167+00:00,3,3_blocks,82458,41.4,1,1,1,,,0.5,"xgb,lgb",0.5,False,0.0,VALIDATED,,,5,4.23,7.0,6.38,1.0,1.0
2026-08-09 14:47:58.280167+00:00,6,6_blocks,82458,41.4,1,1,1,,,0.5,"xgb,lgb",0.5,False,0.0,VALIDATED,,,5,4.23,7.0,6.38,1.0,1.0
2026-08-09 15:15:36.187410+00:00,1,1_block,83521,41.8,2,1,1,,,0.519,"xgb,lgb",0.6175942549371634,False,0.0,VALIDATED,,,2,1.38,2.0,1.63,1.0,1.0
2026-08-09 15:15:36.187410+00:00,3,3_blocks,83521,41.8,2,1,1,,,0.996,"xgb,lgb",0.5,False,0.0,VALIDATED,,,2,1.0,1.0,1.0,1.0,1.0
2026-08-09 15:15:36.187410+00:00,6,6_blocks,83521,41.8,2,1,1,,,1.0,"xgb,lgb",0.4357142857142857,False,0.0,VALIDATED,,,1,1.0,1.0,1.0,1.0,1.0
2026-08-09 15:48:54.106934+00:00,1,1_block,84303,42.0,2,1,1,,,0.5,"xgb,lgb",0.6175942549371634,False,0.0,VALIDATED,,,3,2.94,5.0,4.03,2.0,1.3
2026-08-09 15:48:54.106934+00:00,3,3_blocks,84303,42.0,2,1,1,,,0.5,"xgb,lgb",1.0,False,0.0,VALIDATED,,,9,8.55,14.0,13.59,1.0,1.0
2026-08-09 15:48:54.106934+00:00,6,6_blocks,84303,42.0,2,1,1,,,0.5,"xgb,lgb",0.4357142857142857,False,0.0,VALIDATED,,,9,8.55,14.0,13.59,2.0,1.01
2026-08-09 16:15:06.134897+00:00,1,1_block,83737,41.9,2,1,1,,,0.5,"xgb,lgb",1.0,False,0.0,VALIDATED,,,4,3.85,6.0,5.75,1.0,1.0
2026-08-09 16:15:06.134897+00:00,3,3_blocks,83737,41.9,2,1,1,,,0.5,"xgb,lgb",1.0,False,0.0,VALIDATED,,,9,8.66,14.0,13.77,1.0,1.0
2026-08-09 16:15:06.134897+00:00,6,6_blocks,83737,41.9,2,1,1,,,0.5,"xgb,lgb",1.0,False,0.0,VALIDATED,,,9,8.66,14.0,13.77,1.0,1.0
2026-08-09 16:57:00.890198+00:00,1,1_block,83050,43.7,3,3,3,,,0.5,"xgb,lgb",1.0,False,0.0,VALIDATED,,,6,5.83,10.0,9.06,1.0,1.0
2026-08-09 16:57:00.890198+00:00,3,3_blocks,83050,43.7,3,3,3,,,0.5,"xgb,lgb",1.028169014084507,False,0.0,VALIDATED,,,7,6.88,11.0,10.79,1.0,1.0
2026-08-09 16:57:00.890198+00:00,6,6_blocks,83050,43.7,3,3,3,,,0.5,"xgb,lgb",1.0,False,0.0,VALIDATED,,,7,6.88,11.0,10.79,1.0,1.0
2026-08-09 17:38:02.182573+00:00,1,1_block,81532,42.3,2,2,1,,,0.5,"xgb,lgb",1.028169014084507,False,0.0,VALIDATED,,,3,2.16,3.0,2.93,1.0,1.0
2026-08-09 17:38:02.182573+00:00,3,3_blocks,81532,42.3,2,2,1,,,0.5,"xgb,lgb",1.028169014084507,False,0.0,VALIDATED,,,11,10.78,18.0,17.3,1.0,1.0
2026-08-09 17:38:02.182573+00:00,6,6_blocks,81532,42.3,2,2,1,,,0.5,"xgb,lgb",1.0,False,0.0,VALIDATED,,,11,10.78,18.0,17.3,1.0,1.0
2026-08-09 17:58:40.457074+00:00,1,1_block,84718,43.1,4,3,3,,,0.5,"xgb,lgb",1.028169014084507,False,0.0,VALIDATED,,,13,12.72,21.0,20.53,1.0,1.0
2026-08-09 17:58:40.457074+00:00,3,3_blocks,84718,43.1,4,3,3,,,0.5,"xgb,lgb",1.0,False,0.0,VALIDATED,,,22,21.01,35.0,34.35,1.0,1.0
2026-08-09 17:58:40.457074+00:00,6,6_blocks,84718,43.1,4,3,3,,,0.5,"xgb,lgb",1.0,False,0.0,VALIDATED,,,22,21.01,35.0,34.35,1.0,1.0
2026-08-09 18:43:55.784158+00:00,1,1_block,83412,42.3,3,3,1,,,0.5,"xgb,lgb",1.990990990990991,False,0.0,VALIDATED,,,4,3.39,5.0,4.96,2.0,1.05
2026-08-09 18:43:55.784158+00:00,3,3_blocks,83412,42.3,3,3,1,,,0.5,"xgb,lgb",1.0,False,0.0,VALIDATED,,,19,18.81,31.0,30.67,1.0,1.0
2026-08-09 18:43:55.784158+00:00,6,6_blocks,83412,42.3,3,3,1,,,0.5,"xgb,lgb",0.5073529411764706,False,0.0,VALIDATED,,,19,18.8,31.0,30.67,1.0,1.0
2026-08-09 19:19:26.989357+00:00,1,1_block,84822,42.4,3,3,1,,,0.5,"xgb,lgb",1.1075514874141876,False,0.0,VALIDATED,,,9,8.29,14.0,13.07,2.0,1.1
2026-08-09 19:19:26.989357+00:00,3,3_blocks,84822,42.4,3,3,1,,,0.5,"xgb,lgb",0.5073529411764706,False,0.0,VALIDATED,,,25,24.04,40.0,39.39,1.0,1.0
2026-08-09 19:19:26.989357+00:00,6,6_blocks,84822,42.4,3,3,1,,,0.5,"xgb,lgb",0.4609929078014184,False,0.0,VALIDATED,,,25,24.04,40.0,39.39,1.0,1.0
2026-08-09 19:52:22.803418+00:00,1,1_block,80460,41.5,2,1,1,,,0.88,"xgb,lgb",1.1075514874141876,False,0.0,VALIDATED,,,2,1.05,1.0,1.0,2.0,1.13
2026-08-09 19:52:22.803418+00:00,3,3_blocks,80460,41.5,2,1,1,,,0.5,"xgb,lgb",0.4609929078014184,False,0.0,VALIDATED,,,11,10.39,17.0,16.65,1.0,1.0
2026-08-09 19:52:22.803418+00:00,6,6_blocks,80460,41.5,2,1,1,,,0.5,"xgb,lgb",0.4609929078014184,False,0.0,VALIDATED,,,11,10.39,17.0,16.65,1.0,1.0
2026-08-09 20:24:31.668908+00:00,1,1_block,78497,41.1,1,1,1,,,1.0,"xgb,lgb",1.0075187969924813,False,0.0,VALIDATED,,,1,1.0,1.0,1.0,1.0,1.0
2026-08-09 20:24:31.668908+00:00,3,3_blocks,78497,41.1,1,1,1,,,0.996,"xgb,lgb",0.4609929078014184,False,0.0,VALIDATED,,,2,1.0,1.0,1.0,1.0,1.0
2026-08-09 20:24:31.668908+00:00,6,6_blocks,78497,41.1,1,1,1,,,1.0,"xgb,lgb",0.4454545454545454,False,0.0,VALIDATED,,,1,1.0,1.0,1.0,1.0,1.0
2026-08-09 21:01:46.541079+00:00,1,1_block,82839,42.4,3,3,1,,,0.5,"xgb,lgb",0.4454545454545454,False,0.0,VALIDATED,,,10,9.3,15.0,14.83,1.0,1.0
2026-08-09 21:01:46.541079+00:00,3,3_blocks,82839,42.4,3,3,1,,,0.5,"xgb,lgb",0.4454545454545454,False,0.0,VALIDATED,,,20,19.24,32.0,31.4,1.0,1.0
2026-08-09 21:01:46.541079+00:00,6,6_blocks,82839,42.4,3,3,1,,,0.5,"xgb,lgb",0.4454545454545454,False,0.0,VALIDATED,,,20,19.24,32.0,31.4,1.0,1.0
2026-08-09 21:44:30.990964+00:00,1,1_block,81295,42.0,2,1,1,,,0.735,"xgb,lgb",0.4454545454545454,False,0.0,VALIDATED,,,2,1.12,1.0,1.0,2.0,1.31
2026-08-09 21:44:30.990964+00:00,3,3_blocks,81295,42.0,2,1,1,,,0.5,"xgb,lgb",0.35,False,0.0,VALIDATED,,,24,23.5,39.0,38.49,1.0,1.0
2026-08-09 21:44:30.990964+00:00,6,6_blocks,81295,42.0,2,1,1,,,0.5,"xgb,lgb",0.35,False,0.0,VALIDATED,,,24,23.5,39.0,38.49,2.0,1.01
2026-08-09 22:11:58.455114+00:00,1,1_block,80578,41.6,2,1,1,,,1.0,"xgb,lgb",0.39568345323741,False,0.0,VALIDATED,,,1,1.0,1.0,1.0,1.0,1.0
2026-08-09 22:11:58.455114+00:00,3,3_blocks,80578,41.6,2,1,1,,,0.5,"xgb,lgb",0.35,False,0.0,VALIDATED,,,22,21.93,36.0,35.88,1.0,1.0
2026-08-09 22:11:58.455114+00:00,6,6_blocks,80578,41.6,2,1,1,,,0.5,"xgb,lgb",0.3428571428571428,False,0.0,VALIDATED,,,22,21.93,36.0,35.88,1.0,1.0
2026-08-09 22:52:54.852431+00:00,1,1_block,76802,40.8,1,1,1,,,1.0,"xgb,lgb",0.39568345323741,False,0.0,VALIDATED,,,1,1.0,1.0,1.0,1.0,1.0
2026-08-09 22:52:54.852431+00:00,3,3_blocks,76802,40.8,1,1,1,,,0.5,"xgb,lgb",0.37,False,0.0,VALIDATED,,,4,3.95,6.0,5.91,1.0,1.0
2026-08-09 22:52:54.852431+00:00,6,6_blocks,76802,40.8,1,1,1,,,0.5,"xgb,lgb",0.3428571428571428,False,0.0,VALIDATED,,,4,3.94,6.0,5.91,1.0,1.0
2026-08-09 23:24:54.752137+00:00,1,1_block,76349,40.7,1,1,1,,,1.0,"xgb,lgb",0.3937007874015748,False,0.0,VALIDATED,,,1,1.0,1.0,1.0,1.0,1.0
2026-08-09 23:24:54.752137+00:00,3,3_blocks,76349,40.7,1,1,1,,,0.5,"xgb,lgb",0.37,False,0.0,VALIDATED,,,24,23.25,39.0,38.08,1.0,1.0
2026-08-09 23:24:54.752137+00:00,6,6_blocks,76349,40.7,1,1,1,,,0.5,"xgb,lgb",0.3428571428571428,False,0.0,VALIDATED,,,24,23.25,39.0,38.08,1.0,1.0
2026-08-09 23:56:49.482684+00:00,1,1_block,75510,40.5,1,1,1,,,1.0,"xgb,lgb",0.3937007874015748,False,0.0,VALIDATED,,,1,1.0,1.0,1.0,1.0,1.0
2026-08-09 23:56:49.482684+00:00,3,3_blocks,75510,40.5,1,1,1,,,0.996,"xgb,lgb",0.37,False,0.0,VALIDATED,,,2,1.0,1.0,1.0,1.0,1.0
2026-08-09 23:56:49.482684+00:00,6,6_blocks,75510,40.5,1,1,1,,,1.0,"xgb,lgb",0.3953488372093023,False,0.0,VALIDATED,,,1,1.0,1.0,1.0,1.0,1.0
2026-08-10 01:26:57.502001+00:00,1,1_block,75467,40.2,2,1,1,,,1.0,"xgb,lgb",1.0,False,0.0,VALIDATED,,,1,1.0,1.0,1.0,1.0,1.0
2026-08-10 01:26:57.502001+00:00,3,3_blocks,75467,40.2,2,1,1,,,0.5,"xgb,lgb",0.3953488372093023,False,0.0,VALIDATED,,,10,9.73,16.0,15.54,1.0,1.0
2026-08-10 01:26:57.502001+00:00,6,6_blocks,75467,40.2,2,1,1,,,0.5,"xgb,lgb",0.3953488372093023,False,0.0,VALIDATED,,,10,9.73,16.0,15.54,1.0,1.0
2026-08-10 03:20:42.145699+00:00,1,1_block,74711,39.9,1,1,1,,,0.956,"xgb,lgb",0.5029469548133595,False,0.0,VALIDATED,,,2,1.02,1.0,1.0,2.0,1.05
2026-08-10 03:20:42.145699+00:00,3,3_blocks,74711,39.9,1,1,1,,,0.5,"xgb,lgb",0.303030303030303,False,0.0,VALIDATED,,,5,4.82,8.0,7.37,1.0,1.0
2026-08-10 03:20:42.145699+00:00,6,6_blocks,74711,39.9,1,1,1,,,0.5,"xgb,lgb",0.2921914357682619,False,0.0,VALIDATED,,,5,4.82,8.0,7.37,1.0,1.0
2026-08-10 04:59:50.222771+00:00,1,1_block,73980,39.2,1,1,1,,,0.904,"xgb,lgb",0.5546995377503852,False,0.0,VALIDATED,,,2,1.04,1.0,1.0,2.0,1.1
2026-08-10 04:59:50.222771+00:00,3,3_blocks,73980,39.2,1,1,1,,,0.996,"xgb,lgb",0.3597122302158273,False,0.0,VALIDATED,,,2,1.0,1.0,1.0,1.0,1.0
2026-08-10 04:59:50.222771+00:00,6,6_blocks,73980,39.2,1,1,1,,,1.0,"xgb,lgb",0.3597122302158273,False,0.0,VALIDATED,,,1,1.0,1.0,1.0,1.0,1.0
2026-08-10 06:12:10.280253+00:00,1,1_block,79269,40.5,3,1,1,,,0.698,"xgb,lgb",0.5546995377503852,False,0.0,VALIDATED,,,2,1.14,1.0,1.0,2.0,1.36
2026-08-10 06:12:10.280253+00:00,3,3_blocks,79269,40.5,3,1,1,,,0.5,"xgb,lgb",0.3597122302158273,False,0.0,VALIDATED,,,12,11.65,19.0,18.74,1.0,1.0
2026-08-10 06:12:10.280253+00:00,6,6_blocks,79269,40.5,3,1,1,,,0.5,"xgb,lgb",0.4100719424460431,False,0.0,VALIDATED,,,12,11.64,19.0,18.74,1.0,1.0
2026-08-10 08:06:35.795756+00:00,1,1_block,85909,42.4,5,4,3,,,0.5,"xgb,lgb",0.4100719424460431,False,0.0,VALIDATED,,,12,11.8,19.0,18.99,1.0,1.0
2026-08-10 08:06:35.795756+00:00,3,3_blocks,85909,42.4,5,4,3,,,0.5,"xgb,lgb",0.4100719424460431,False,0.0,VALIDATED,,,26,25.23,42.0,41.38,1.0,1.0
2026-08-10 08:06:35.795756+00:00,6,6_blocks,85909,42.4,5,4,3,,,0.5,"xgb,lgb",0.3636363636363636,False,0.0,VALIDATED,,,26,25.23,42.0,41.38,1.0,1.0
2026-08-10 09:44:39.510216+00:00,1,1_block,79331,40.0,1,1,1,,,1.0,"xgb,lgb",2.003868471953578,False,0.0,VALIDATED,,,1,1.0,1.0,1.0,1.0,1.0
2026-08-10 09:44:39.510216+00:00,3,3_blocks,79331,40.0,1,1,1,,,0.5,"xgb,lgb",0.4196428571428571,False,0.0,VALIDATED,,,4,3.06,5.0,4.44,1.0,1.0
2026-08-10 09:44:39.510216+00:00,6,6_blocks,79331,40.0,1,1,1,,,0.5,"xgb,lgb",0.3636363636363636,False,0.0,VALIDATED,,,4,3.06,5.0,4.44,1.0,1.0
2026-08-10 10:49:13.096142+00:00,1,1_block,82809,40.8,2,1,1,,,0.5,"xgb,lgb",1.0038910505836576,False,0.0,VALIDATED,,,6,5.54,9.0,8.5,2.0,1.1
2026-08-10 10:49:13.096142+00:00,3,3_blocks,82809,40.8,2,1,1,,,0.996,"xgb,lgb",1.0038910505836576,False,0.0,VALIDATED,,,2,1.0,1.0,1.0,1.0,1.0
2026-08-10 10:49:13.096142+00:00,6,6_blocks,82809,40.8,2,1,1,,,1.0,"xgb,lgb",0.4967320261437908,False,0.0,VALIDATED,,,1,1.0,1.0,1.0,1.0,1.0
2026-08-10 11:36:19.615376+00:00,1,1_block,83906,41.0,3,1,1,,,0.704,"xgb,lgb",0.5784313725490197,False,0.0,VALIDATED,,,2,1.14,1.0,1.0,2.0,1.35
2026-08-10 11:36:19.615376+00:00,3,3_blocks,83906,41.0,3,1,1,,,0.996,"xgb,lgb",0.5784313725490197,False,0.0,VALIDATED,,,2,1.0,1.0,1.0,1.0,1.0
2026-08-10 11:36:19.615376+00:00,6,6_blocks,83906,41.0,3,1,1,,,1.0,"xgb,lgb",0.5774647887323944,False,0.0,VALIDATED,,,1,1.0,1.0,1.0,1.0,1.0
2026-08-10 12:28:12.000717+00:00,1,1_block,79975,40.2,1,1,1,,,1.0,"xgb,lgb",0.5774647887323944,False,0.0,VALIDATED,,,1,1.0,1.0,1.0,1.0,1.0
2026-08-10 12:28:12.000717+00:00,3,3_blocks,79975,40.2,1,1,1,,,0.996,"xgb,lgb",0.5774647887323944,False,0.0,VALIDATED,,,2,1.0,1.0,1.0,1.0,1.0
2026-08-10 12:28:12.000717+00:00,6,6_blocks,79975,40.2,1,1,1,,,1.0,"xgb,lgb",0.5774647887323944,False,0.0,VALIDATED,,,1,1.0,1.0,1.0,1.0,1.0
2026-08-10 13:55:35.217464+00:00,1,1_block,82969,41.3,2,2,1,,,0.5,"xgb,lgb",0.5034324942791762,False,0.0,VALIDATED,,,4,3.32,5.0,4.66,2.0,1.31
2026-08-10 13:55:35.217464+00:00,3,3_blocks,82969,41.3,2,2,1,,,0.5,"xgb,lgb",0.5034324942791762,False,0.0,VALIDATED,,,14,13.65,23.0,22.08,1.0,1.0
2026-08-10 13:55:35.217464+00:00,6,6_blocks,82969,41.3,2,2,1,,,0.5,"xgb,lgb",0.5034324942791762,False,0.0,VALIDATED,,,14,13.65,23.0,22.08,1.0,1.0
2026-08-10 14:52:31.647392+00:00,1,1_block,83402,41.1,3,1,1,,,0.5,"xgb,lgb",0.5034324942791762,False,0.0,VALIDATED,,,8,7.1,12.0,11.16,1.0,1.0
2026-08-10 14:52:31.647392+00:00,3,3_blocks,83402,41.1,3,1,1,,,0.5,"xgb,lgb",0.5034324942791762,False,0.0,VALIDATED,,,24,23.22,39.0,38.03,1.0,1.0
2026-08-10 14:52:31.647392+00:00,6,6_blocks,83402,41.1,3,1,1,,,0.5,"xgb,lgb",0.5034324942791762,False,0.0,VALIDATED,,,24,23.22,39.0,38.03,1.0,1.0
2026-08-10 15:54:37.994892+00:00,1,1_block,83562,41.2,3,3,1,,,0.5,"xgb,lgb",1.2035398230088497,False,0.0,VALIDATED,,,7,6.84,11.0,10.73,1.0,1.0
2026-08-10 15:54:37.994892+00:00,3,3_blocks,83562,41.2,3,3,1,,,0.5,"xgb,lgb",1.0471204188481675,False,0.0,VALIDATED,,,17,16.53,27.0,26.88,1.0,1.0
2026-08-10 15:54:37.994892+00:00,6,6_blocks,83562,41.2,3,3,1,,,0.5,"xgb,lgb",1.0,False,0.0,VALIDATED,,,17,16.53,27.0,26.88,1.0,1.0
2026-08-10 16:46:57.433900+00:00,1,1_block,84377,41.5,3,3,1,,,0.5,"xgb,lgb",1.0,False,0.0,VALIDATED,,,14,13.55,22.0,21.85,2.0,1.1
2026-08-10 16:46:57.433900+00:00,3,3_blocks,84377,41.5,3,3,1,,,0.5,"xgb,lgb",1.0,False,0.0,VALIDATED,,,26,25.4,42.0,41.67,1.0,1.0
2026-08-10 16:46:57.433900+00:00,6,6_blocks,84377,41.5,3,3,1,,,0.5,"xgb,lgb",1.0,False,0.0,VALIDATED,,,26,25.4,42.0,41.67,1.0,1.0
2026-08-10 17:39:52.820343+00:00,1,1_block,81074,40.4,1,1,1,,,1.0,"xgb,lgb",2.04040404040404,False,0.0,VALIDATED,,,1,1.0,1.0,1.0,1.0,1.0
2026-08-10 17:39:52.820343+00:00,3,3_blocks,81074,40.4,1,1,1,,,0.996,"xgb,lgb",2.04040404040404,False,0.0,VALIDATED,,,2,1.0,1.0,1.0,1.0,1.0
2026-08-10 17:39:52.820343+00:00,6,6_blocks,81074,40.4,1,1,1,,,1.0,"xgb,lgb",1.0,False,0.0,VALIDATED,,,1,1.0,1.0,1.0,1.0,1.0
2026-08-10 18:31:52.641966+00:00,1,1_block,85728,42.0,3,3,1,,,0.5,"xgb,lgb",1.0,False,0.0,VALIDATED,,,12,11.88,19.0,18.93,2.0,1.32
2026-08-10 18:31:52.641966+00:00,3,3_blocks,85728,42.0,3,3,1,,,0.5,"xgb,lgb",1.0,False,0.0,VALIDATED,,,34,33.38,55.0,54.96,1.0,1.0
2026-08-10 18:31:52.641966+00:00,6,6_blocks,85728,42.0,3,3,1,,,0.5,"xgb,lgb",1.0,False,0.0,VALIDATED,,,34,33.37,55.0,54.96,1.0,1.0
2026-08-10 19:37:46.860031+00:00,1,1_block,84654,41.3,3,1,1,,,0.5,"xgb,lgb",0.4648812531581607,False,0.0,VALIDATED,,,3,2.93,5.0,4.22,1.0,1.0
2026-08-10 19:37:46.860031+00:00,3,3_blocks,84654,41.3,3,1,1,,,0.5,"xgb,lgb",0.4648812531581607,False,0.0,VALIDATED,,,19,18.98,31.0,30.96,1.0,1.0
2026-08-10 19:37:46.860031+00:00,6,6_blocks,84654,41.3,3,1,1,,,0.5,"xgb,lgb",0.4648812531581607,False,0.0,VALIDATED,,,19,18.97,31.0,30.96,1.0,1.0
2026-08-10 20:19:55.859199+00:00,1,1_block,77999,39.8,1,1,1,,,0.5,"xgb,lgb",1.0,False,0.0,VALIDATED,,,3,2.83,5.0,4.05,1.0,1.0
2026-08-10 20:19:55.859199+00:00,3,3_blocks,77999,39.8,1,1,1,,,0.5,"xgb,lgb",1.0,False,0.0,VALIDATED,,,7,6.26,10.0,9.76,1.0,1.0
2026-08-10 20:19:55.859199+00:00,6,6_blocks,77999,39.8,1,1,1,,,0.5,"xgb,lgb",0.4648812531581607,False,0.0,VALIDATED,,,7,6.26,10.0,9.76,1.0,1.0
2026-08-10 21:06:12.335631+00:00,1,1_block,85162,41.6,3,3,1,,,0.5,"xgb,lgb",1.0,False,0.0,VALIDATED,,,10,9.03,15.0,14.39,1.0,1.0
2026-08-10 21:06:12.335631+00:00,3,3_blocks,85162,41.6,3,3,1,,,0.5,"xgb,lgb",0.4774774774774775,False,0.0,VALIDATED,,,32,31.05,52.0,51.09,1.0,1.0
2026-08-10 21:06:12.335631+00:00,6,6_blocks,85162,41.6,3,3,1,,,0.5,"xgb,lgb",0.4774774774774775,False,0.0,VALIDATED,,,32,31.05,52.0,51.09,1.0,1.0
2026-08-10 21:54:24.527383+00:00,1,1_block,84314,41.2,2,1,1,,,0.737,"xgb,lgb",0.4774774774774775,False,0.0,VALIDATED,,,2,1.12,1.0,1.0,2.0,1.3
2026-08-10 21:54:24.527383+00:00,3,3_blocks,84314,41.2,2,1,1,,,0.5,"xgb,lgb",0.4091456077015644,False,0.0,VALIDATED,,,40,39.47,66.0,65.11,1.0,1.0
2026-08-10 21:54:24.527383+00:00,6,6_blocks,84314,41.2,2,1,1,,,0.5,"xgb,lgb",0.4091456077015644,False,0.0,VALIDATED,,,40,39.46,66.0,65.11,1.0,1.0
2026-08-10 22:30:30.478335+00:00,1,1_block,82996,40.8,2,1,1,,,1.0,"xgb,lgb",1.0556552962298025,False,0.0,VALIDATED,,,1,1.0,1.0,1.0,1.0,1.0
2026-08-10 22:30:30.478335+00:00,3,3_blocks,82996,40.8,2,1,1,,,0.5,"xgb,lgb",0.4091456077015644,False,0.0,VALIDATED,,,8,7.91,13.0,12.51,1.0,1.0
2026-08-10 22:30:30.478335+00:00,6,6_blocks,82996,40.8,2,1,1,,,0.5,"xgb,lgb",0.8011283497884344,False,0.0,VALIDATED,,,8,7.91,13.0,12.51,1.0,1.0
2026-08-10 23:08:23.661819+00:00,1,1_block,81147,40.5,2,1,1,,,1.0,"xgb,lgb",1.004566210045662,False,0.0,VALIDATED,,,1,1.0,1.0,1.0,1.0,1.0
2026-08-10 23:08:23.661819+00:00,3,3_blocks,81147,40.5,2,1,1,,,0.5,"xgb,lgb",1.004566210045662,False,0.0,VALIDATED,,,7,6.46,11.0,10.1,1.0,1.0
2026-08-10 23:08:23.661819+00:00,6,6_blocks,81147,40.5,2,1,1,,,0.5,"xgb,lgb",0.8011283497884344,False,0.0,VALIDATED,,,7,6.46,11.0,10.1,1.0,1.0
2026-08-10 23:48:24.311594+00:00,1,1_block,84473,41.3,3,3,1,,,0.5,"xgb,lgb",1.004566210045662,False,0.0,VALIDATED,,,7,6.88,11.0,10.81,1.0,1.0
2026-08-10 23:48:24.311594+00:00,3,3_blocks,84473,41.3,3,3,1,,,0.5,"xgb,lgb",1.004566210045662,False,0.0,VALIDATED,,,32,31.24,52.0,51.39,1.0,1.0
2026-08-10 23:48:24.311594+00:00,6,6_blocks,84473,41.3,3,3,1,,,0.5,"xgb,lgb",0.4,False,0.0,VALIDATED,,,32,31.23,52.0,51.39,1.0,1.0
2026-08-11 00:37:24.912492+00:00,1,1_block,85047,41.8,2,1,1,,,0.5,"xgb,lgb",0.6118721461187214,False,0.0,VALIDATED,,,10,9.51,15.0,14.96,2.0,1.35
2026-08-11 00:37:24.912492+00:00,3,3_blocks,85047,41.8,2,1,1,,,0.5,"xgb,lgb",0.5,False,0.0,VALIDATED,,,13,12.46,21.0,20.1,1.0,1.0
2026-08-11 00:37:24.912492+00:00,6,6_blocks,85047,41.8,2,1,1,,,0.5,"xgb,lgb",0.4,False,0.0,VALIDATED,,,13,12.46,21.0,20.1,1.0,1.0
2026-08-11 02:38:53.289392+00:00,1,1_block,77882,39.8,1,1,1,,,0.5,"xgb,lgb",1.0,False,0.0,VALIDATED,,,3,2.58,4.0,3.6,2.0,1.05
2026-08-11 02:38:53.289392+00:00,3,3_blocks,77882,39.8,1,1,1,,,0.5,"xgb,lgb",0.4142857142857143,False,0.0,VALIDATED,,,3,2.77,4.0,3.95,1.0,1.0
2026-08-11 02:38:53.289392+00:00,6,6_blocks,77882,39.8,1,1,1,,,0.5,"xgb,lgb",0.4,False,0.0,VALIDATED,,,3,2.77,4.0,3.95,1.0,1.0
2026-08-11 04:05:39.516722+00:00,1,1_block,80114,40.4,2,1,1,,,0.5,"xgb,lgb",0.4684684684684684,False,0.0,VALIDATED,,,8,7.33,12.0,11.55,1.0,1.0
2026-08-11 04:05:39.516722+00:00,3,3_blocks,80114,40.4,2,1,1,,,0.5,"xgb,lgb",0.4642857142857143,False,0.0,VALIDATED,,,29,28.74,48.0,47.22,1.0,1.0
2026-08-11 04:05:39.516722+00:00,6,6_blocks,80114,40.4,2,1,1,,,0.5,"xgb,lgb",0.4285714285714285,False,0.0,VALIDATED,,,29,28.73,48.0,47.22,1.0,1.0
2026-08-11 05:22:23.603757+00:00,1,1_block,78910,40.1,1,1,1,,,0.5,"xgb,lgb",0.4684684684684684,False,0.0,VALIDATED,,,3,2.67,4.0,3.79,1.0,1.0
2026-08-11 05:22:23.603757+00:00,3,3_blocks,78910,40.1,1,1,1,,,0.5,"xgb,lgb",0.4100719424460431,False,0.0,VALIDATED,,,6,5.56,9.0,8.59,1.0,1.0
2026-08-11 05:22:23.603757+00:00,6,6_blocks,78910,40.1,1,1,1,,,0.5,"xgb,lgb",0.4100719424460431,False,0.0,VALIDATED,,,6,5.55,9.0,8.59,1.0,1.0
2026-08-11 06:08:17.566767+00:00,1,1_block,79924,40.3,2,1,1,,,0.5,"xgb,lgb",0.4100719424460431,False,0.0,VALIDATED,,,12,11.08,18.0,17.78,2.0,1.05
2026-08-11 06:08:17.566767+00:00,3,3_blocks,79924,40.3,2,1,1,,,0.5,"xgb,lgb",0.3741007194244604,False,0.0,VALIDATED,,,26,25.65,43.0,42.08,1.0,1.0
2026-08-11 06:08:17.566767+00:00,6,6_blocks,79924,40.3,2,1,1,,,0.5,"xgb,lgb",0.3741007194244604,False,0.0,VALIDATED,,,26,25.65,43.0,42.08,1.0,1.0
2026-08-11 07:32:55.640904+00:00,1,1_block,77819,39.9,1,1,1,,,1.0,"xgb,lgb",0.4181818181818181,False,0.0,VALIDATED,,,1,1.0,1.0,1.0,1.0,1.0
2026-08-11 07:32:55.640904+00:00,3,3_blocks,77819,39.9,1,1,1,,,0.5,"xgb,lgb",0.4214285714285714,False,0.0,VALIDATED,,,14,13.33,22.0,21.55,1.0,1.0
2026-08-11 07:32:55.640904+00:00,6,6_blocks,77819,39.9,1,1,1,,,0.5,"xgb,lgb",0.4214285714285714,False,0.0,VALIDATED,,,14,13.33,22.0,21.55,1.0,1.0
2026-08-11 08:34:03.502482+00:00,1,1_block,77468,39.9,1,1,1,,,1.0,"xgb,lgb",0.4214285714285714,False,0.0,VALIDATED,,,1,1.0,1.0,1.0,1.0,1.0
2026-08-11 08:34:03.502482+00:00,3,3_blocks,77468,39.9,1,1,1,,,0.5,"xgb,lgb",0.4214285714285714,False,0.0,VALIDATED,,,11,10.38,17.0,16.63,1.0,1.0
2026-08-11 08:34:03.502482+00:00,6,6_blocks,77468,39.9,1,1,1,,,0.5,"xgb,lgb",0.4214285714285714,False,0.0,VALIDATED,,,11,10.38,17.0,16.63,1.0,1.0
2026-08-11 09:36:58.883989+00:00,1,1_block,77559,39.9,1,1,1,,,1.0,"xgb,lgb",0.5308924485125858,False,0.0,VALIDATED,,,1,1.0,1.0,1.0,1.0,1.0
2026-08-11 09:36:58.883989+00:00,3,3_blocks,77559,39.9,1,1,1,,,0.5,"xgb,lgb",0.5308924485125858,False,0.0,VALIDATED,,,7,6.06,10.0,9.44,1.0,1.0
2026-08-11 09:36:58.883989+00:00,6,6_blocks,77559,39.9,1,1,1,,,0.5,"xgb,lgb",0.3159784560143626,False,0.0,VALIDATED,,,7,6.06,10.0,9.44,1.0,1.0
2026-08-11 10:29:01.806486+00:00,1,1_block,79240,40.2,2,1,1,,,1.0,"xgb,lgb",0.5553822152886115,False,0.0,VALIDATED,,,1,1.0,1.0,1.0,1.0,1.0
2026-08-11 10:29:01.806486+00:00,3,3_blocks,79240,40.2,2,1,1,,,0.5,"xgb,lgb",0.3159784560143626,False,0.0,VALIDATED,,,7,6.6,11.0,10.32,1.0,1.0
2026-08-11 10:29:01.806486+00:00,6,6_blocks,79240,40.2,2,1,1,,,0.5,"xgb,lgb",0.4028776978417266,False,0.0,VALIDATED,,,7,6.59,11.0,10.32,1.0,1.0
2026-08-11 11:20:55.077479+00:00,1,1_block,75853,39.5,1,1,1,,,1.0,"xgb,lgb",0.4071428571428571,False,0.0,VALIDATED,,,1,1.0,1.0,1.0,1.0,1.0
2026-08-11 11:20:55.077479+00:00,3,3_blocks,75853,39.5,1,1,1,,,0.5,"xgb,lgb",0.4071428571428571,False,0.0,VALIDATED,,,23,22.5,37.0,36.83,1.0,1.0
2026-08-11 11:20:55.077479+00:00,6,6_blocks,75853,39.5,1,1,1,,,0.5,"xgb,lgb",0.4028776978417266,False,0.0,VALIDATED,,,23,22.5,37.0,36.83,1.0,1.0
2026-08-11 12:01:52.299495+00:00,1,1_block,76017,39.7,1,1,1,,,1.0,"xgb,lgb",0.4071428571428571,False,0.0,VALIDATED,,,1,1.0,1.0,1.0,1.0,1.0
2026-08-11 12:01:52.299495+00:00,3,3_blocks,76017,39.7,1,1,1,,,0.5,"xgb,lgb",1.3083813179782469,False,0.0,VALIDATED,,,22,21.39,35.0,34.98,1.0,1.0
2026-08-11 12:01:52.299495+00:00,6,6_blocks,76017,39.7,1,1,1,,,0.5,"xgb,lgb",1.3083813179782469,False,0.0,VALIDATED,,,22,21.39,35.0,34.98,1.0,1.0
2026-08-11 13:36:13.230627+00:00,1,1_block,79884,41.0,2,2,1,,,0.928,"xgb,lgb",2.007202881152461,False,0.0,VALIDATED,,,2,1.03,1.0,1.0,2.0,1.08
2026-08-11 13:36:13.230627+00:00,3,3_blocks,79884,41.0,2,2,1,,,0.5,"xgb,lgb",1.0041152263374489,False,0.0,VALIDATED,,,25,24.51,41.0,40.18,1.0,1.0
2026-08-11 13:36:13.230627+00:00,6,6_blocks,79884,41.0,2,2,1,,,0.5,"xgb,lgb",1.0041152263374489,False,0.0,VALIDATED,,,25,24.51,41.0,40.18,1.0,1.0
2026-08-11 14:40:17.931580+00:00,1,1_block,87589,43.0,5,4,3,,,0.5,"xgb,lgb",1.0041152263374489,False,0.0,VALIDATED,,,9,8.55,14.0,13.36,2.0,1.35
2026-08-11 14:40:17.931580+00:00,3,3_blocks,87589,43.0,5,4,3,,,0.5,"xgb,lgb",1.0041152263374489,False,0.0,VALIDATED,,,22,21.91,36.0,35.85,1.0,1.0
2026-08-11 14:40:17.931580+00:00,6,6_blocks,87589,43.0,5,4,3,,,0.5,"xgb,lgb",0.2929292929292929,False,0.0,VALIDATED,,,22,21.95,36.0,35.85,2.0,1.11
2026-08-11 15:36:06.372473+00:00,1,1_block,80737,41.0,3,3,1,,,0.5,"xgb,lgb",0.3428571428571428,False,0.0,VALIDATED,,,6,5.2,8.0,8.0,1.0,1.0
2026-08-11 15:36:06.372473+00:00,3,3_blocks,80737,41.0,3,3,1,,,0.5,"xgb,lgb",0.3243243243243243,False,0.0,VALIDATED,,,18,17.31,29.0,28.17,1.0,1.0
2026-08-11 15:36:06.372473+00:00,6,6_blocks,80737,41.0,3,3,1,,,0.5,"xgb,lgb",0.3142857142857143,False,0.0,VALIDATED,,,18,17.3,29.0,28.17,1.0,1.0
2026-08-11 16:29:50.475648+00:00,1,1_block,74780,39.3,1,1,1,,,1.0,"xgb,lgb",1.2191435768261965,False,0.0,VALIDATED,,,1,1.0,1.0,1.0,1.0,1.0
2026-08-11 16:29:50.475648+00:00,3,3_blocks,74780,39.3,1,1,1,,,0.5,"xgb,lgb",0.3752860411899313,False,0.0,VALIDATED,,,10,9.61,16.0,15.34,1.0,1.0
2026-08-11 16:29:50.475648+00:00,6,6_blocks,74780,39.3,1,1,1,,,0.5,"xgb,lgb",0.3142857142857143,False,0.0,VALIDATED,,,10,9.6,16.0,15.34,1.0,1.0
2026-08-11 17:29:19.612735+00:00,1,1_block,72258,39.0,1,1,1,,,1.0,"xgb,lgb",1.490909090909091,False,0.0,VALIDATED,,,1,1.0,1.0,1.0,1.0,1.0
2026-08-11 17:29:19.612735+00:00,3,3_blocks,72258,39.0,1,1,1,,,0.5,"xgb,lgb",1.490909090909091,False,0.0,VALIDATED,,,10,9.53,16.0,15.21,1.0,1.0
2026-08-11 17:29:19.612735+00:00,6,6_blocks,72258,39.0,1,1,1,,,0.5,"xgb,lgb",0.3752860411899313,False,0.0,VALIDATED,,,10,9.53,16.0,15.21,1.0,1.0
2026-08-11 18:26:03.502718+00:00,1,1_block,76506,39.9,2,1,1,,,0.929,"xgb,lgb",2.0104166666666665,False,0.0,VALIDATED,,,2,1.03,1.0,1.0,2.0,1.07
2026-08-11 18:26:03.502718+00:00,3,3_blocks,76506,39.9,2,1,1,,,0.5,"xgb,lgb",2.0104166666666665,False,0.0,VALIDATED,,,10,9.11,15.0,14.52,1.0,1.0
2026-08-11 18:26:03.502718+00:00,6,6_blocks,76506,39.9,2,1,1,,,0.5,"xgb,lgb",1.1503267973856208,False,0.0,VALIDATED,,,10,9.11,15.0,14.52,1.0,1.0
2026-08-11 19:33:12.392570+00:00,1,1_block,82353,41.7,4,4,3,,,0.5,"xgb,lgb",2.0104166666666665,False,0.0,VALIDATED,,,10,9.91,16.0,15.64,2.0,1.32
2026-08-11 19:33:12.392570+00:00,3,3_blocks,82353,41.7,4,4,3,,,0.5,"xgb,lgb",1.0,False,0.0,VALIDATED,,,23,22.67,38.0,37.12,1.0,1.0
2026-08-11 19:33:12.392570+00:00,6,6_blocks,82353,41.7,4,4,3,,,0.5,"xgb,lgb",1.0,False,0.0,VALIDATED,,,23,22.67,38.0,37.12,1.0,1.0
2026-08-11 20:21:15.066905+00:00,1,1_block,79397,40.8,3,3,1,,,0.5,"xgb,lgb",2.9972299168975067,False,0.0,VALIDATED,,,6,5.02,8.0,7.71,1.0,1.0
2026-08-11 20:21:15.066905+00:00,3,3_blocks,79397,40.8,3,3,1,,,0.5,"xgb,lgb",1.0,False,0.0,VALIDATED,,,2,1.96,3.0,2.59,1.0,1.0
2026-08-11 20:21:15.066905+00:00,6,6_blocks,79397,40.8,3,3,1,,,0.5,"xgb,lgb",1.0,False,0.0,VALIDATED,,,2,1.96,3.0,2.59,1.0,1.0
2026-08-11 21:13:07.742719+00:00,1,1_block,81925,41.5,3,3,1,,,0.5,"xgb,lgb",2.9972299168975067,False,0.0,VALIDATED,,,9,8.35,14.0,13.25,1.0,1.0
2026-08-11 21:13:07.742719+00:00,3,3_blocks,81925,41.5,3,3,1,,,0.5,"xgb,lgb",1.0502431118314424,False,0.0,VALIDATED,,,11,10.93,18.0,17.55,1.0,1.0
2026-08-11 21:13:07.742719+00:00,6,6_blocks,81925,41.5,3,3,1,,,0.5,"xgb,lgb",1.0502431118314424,False,0.0,VALIDATED,,,11,10.93,18.0,17.55,1.0,1.0
2026-08-11 22:07:13.512628+00:00,1,1_block,77696,40.7,2,1,1,,,0.5,"xgb,lgb",1.0502431118314424,False,0.0,VALIDATED,,,3,2.45,4.0,3.19,2.0,1.35
2026-08-11 22:07:13.512628+00:00,3,3_blocks,77696,40.7,2,1,1,,,0.5,"xgb,lgb",1.0502431118314424,False,0.0,VALIDATED,,,37,36.83,61.0,60.71,1.0,1.0
2026-08-11 22:07:13.512628+00:00,6,6_blocks,77696,40.7,2,1,1,,,0.5,"xgb,lgb",1.0502431118314424,False,0.0,VALIDATED,,,37,36.82,61.0,60.71,1.0,1.0
2026-08-11 22:58:29.890808+00:00,1,1_block,81322,41.7,3,3,1,,,0.5,"xgb,lgb",2.775047258979206,False,0.0,VALIDATED,,,6,5.92,9.0,9.0,2.0,1.3
2026-08-11 22:58:29.890808+00:00,3,3_blocks,81322,41.7,3,3,1,,,0.5,"xgb,lgb",1.9272727272727272,False,0.0,VALIDATED,,,10,9.43,16.0,15.04,1.0,1.0
2026-08-11 22:58:29.890808+00:00,6,6_blocks,81322,41.7,3,3,1,,,0.5,"xgb,lgb",1.9272727272727272,False,0.0,VALIDATED,,,10,9.43,16.0,15.04,2.0,1.01
2026-08-11 23:46:57.700790+00:00,1,1_block,81253,42.0,3,3,1,,,0.5,"xgb,lgb",1.9272727272727272,False,0.0,VALIDATED,,,9,8.26,13.0,12.9,2.0,1.3
2026-08-11 23:46:57.700790+00:00,3,3_blocks,81253,42.0,3,3,1,,,0.996,"xgb,lgb",1.9272727272727272,False,0.0,VALIDATED,,,2,1.0,1.0,1.0,1.0,1.0
2026-08-11 23:46:57.700790+00:00,6,6_blocks,81253,42.0,3,3,1,,,1.0,"xgb,lgb",1.9272727272727272,False,0.0,VALIDATED,,,1,1.0,1.0,1.0,1.0,1.0
2026-08-12 00:41:44.730266+00:00,1,1_block,80772,41.8,2,2,1,,,0.726,"xgb,lgb",0.5327868852459017,False,0.0,VALIDATED,,,2,1.13,1.0,1.0,2.0,1.32
2026-08-12 00:41:44.730266+00:00,3,3_blocks,80772,41.8,2,2,1,,,0.5,"xgb,lgb",0.5327868852459017,False,0.0,VALIDATED,,,20,19.38,32.0,31.63,1.0,1.0
2026-08-12 00:41:44.730266+00:00,6,6_blocks,80772,41.8,2,2,1,,,0.5,"xgb,lgb",0.5327868852459017,False,0.0,VALIDATED,,,20,19.38,32.0,31.63,1.0,1.0
2026-08-12 03:13:05.346100+00:00,1,1_block,80040,41.0,3,3,1,,,0.5,"xgb,lgb",0.4535714285714285,False,0.0,VALIDATED,,,9,8.66,14.0,13.51,2.0,1.39
2026-08-12 03:13:05.346100+00:00,3,3_blocks,80040,41.0,3,3,1,,,0.5,"xgb,lgb",0.3533568904593639,False,0.0,VALIDATED,,,15,14.94,25.0,24.23,1.0,1.0
2026-08-12 03:13:05.346100+00:00,6,6_blocks,80040,41.0,3,3,1,,,0.5,"xgb,lgb",0.3533568904593639,False,0.0,VALIDATED,,,15,14.98,25.0,24.23,2.0,1.11
2026-08-12 05:05:21.266224+00:00,1,1_block,76052,39.7,1,1,1,,,0.983,"xgb,lgb",0.35,False,0.0,VALIDATED,,,2,1.01,2.0,1.02,1.0,1.0
2026-08-12 05:05:21.266224+00:00,3,3_blocks,76052,39.7,1,1,1,,,0.5,"xgb,lgb",0.35,False,0.0,VALIDATED,,,29,28.17,47.0,46.29,1.0,1.0
2026-08-12 05:05:21.266224+00:00,6,6_blocks,76052,39.7,1,1,1,,,0.5,"xgb,lgb",0.35,False,0.0,VALIDATED,,,29,28.17,47.0,46.29,1.0,1.0
2026-08-12 06:24:11.286266+00:00,1,1_block,75237,39.7,1,1,1,,,1.0,"xgb,lgb",0.35,False,0.0,VALIDATED,,,1,1.0,1.0,1.0,1.0,1.0
2026-08-12 06:24:11.286266+00:00,3,3_blocks,75237,39.7,1,1,1,,,1.0,"xgb,lgb",0.35,False,0.0,VALIDATED,,,1,1.0,1.0,1.0,1.0,1.0
2026-08-12 06:24:11.286266+00:00,6,6_blocks,75237,39.7,1,1,1,,,1.0,"xgb,lgb",0.5195729537366548,False,0.0,VALIDATED,,,1,1.0,1.0,1.0,1.0,1.0
2026-08-12 07:58:44.988791+00:00,1,1_block,89866,43.1,4,4,3,,,0.5,"xgb,lgb",0.5195729537366548,False,0.0,VALIDATED,,,17,16.79,28.0,27.32,1.0,1.0
2026-08-12 07:58:44.988791+00:00,3,3_blocks,89866,43.1,4,4,3,,,0.5,"xgb,lgb",0.5195729537366548,False,0.0,VALIDATED,,,51,50.29,84.0,83.15,1.0,1.0
2026-08-12 07:58:44.988791+00:00,6,6_blocks,89866,43.1,4,4,3,,,0.5,"xgb,lgb",0.3597122302158273,False,0.0,VALIDATED,,,51,50.29,84.0,83.15,1.0,1.0
2026-08-12 09:19:25.850129+00:00,1,1_block,78502,40.0,1,1,1,,,0.5,"xgb,lgb",0.4,False,0.0,VALIDATED,,,4,3.56,6.0,5.27,1.0,1.0
2026-08-12 09:19:25.850129+00:00,3,3_blocks,78502,40.0,1,1,1,,,1.0,"xgb,lgb",0.3597122302158273,False,0.0,VALIDATED,,,1,1.0,1.0,1.0,1.0,1.0
2026-08-12 09:19:25.850129+00:00,6,6_blocks,78502,40.0,1,1,1,,,1.0,"xgb,lgb",0.3484162895927601,False,0.0,VALIDATED,,,1,1.0,1.0,1.0,1.0,1.0
2026-08-12 10:28:36.081688+00:00,1,1_block,74814,39.8,2,1,1,,,1.0,"xgb,lgb",0.3484162895927601,False,0.0,VALIDATED,,,1,1.0,1.0,1.0,1.0,1.0
2026-08-12 10:28:36.081688+00:00,3,3_blocks,74814,39.8,2,1,1,,,1.0,"xgb,lgb",0.3484162895927601,False,0.0,VALIDATED,,,1,1.0,1.0,1.0,1.0,1.0
2026-08-12 10:28:36.081688+00:00,6,6_blocks,74814,39.8,2,1,1,,,1.0,"xgb,lgb",0.3484162895927601,False,0.0,VALIDATED,,,1,1.0,1.0,1.0,1.0,1.0
2026-08-12 11:22:33.941404+00:00,1,1_block,75607,39.7,1,1,1,,,1.0,"xgb,lgb",0.3783783783783784,False,0.0,VALIDATED,,,1,1.0,1.0,1.0,1.0,1.0
2026-08-12 11:22:33.941404+00:00,3,3_blocks,75607,39.7,1,1,1,,,1.0,"xgb,lgb",0.3783783783783784,False,0.0,VALIDATED,,,1,1.0,1.0,1.0,1.0,1.0
2026-08-12 11:22:33.941404+00:00,6,6_blocks,75607,39.7,1,1,1,,,0.957,"xgb,lgb",0.3484162895927601,False,0.0,VALIDATED,,,2,1.02,1.0,1.0,2.0,1.04
2026-08-12 12:06:40.411196+00:00,1,1_block,81357,40.8,3,3,1,,,0.5,"xgb,lgb",0.3783783783783784,False,0.0,VALIDATED,,,7,6.51,11.0,10.18,1.0,1.0
2026-08-12 12:06:40.411196+00:00,3,3_blocks,81357,40.8,3,3,1,,,0.5,"xgb,lgb",0.4214285714285714,False,0.0,VALIDATED,,,30,29.81,50.0,49.01,1.0,1.0
2026-08-12 12:06:40.411196+00:00,6,6_blocks,81357,40.8,3,3,1,,,0.5,"xgb,lgb",0.3669064748201439,False,0.0,VALIDATED,,,30,29.81,50.0,49.01,1.0,1.0
2026-08-12 13:39:16.584285+00:00,1,1_block,83856,41.6,4,3,1,,,0.5,"xgb,lgb",3.539007092198581,False,0.0,VALIDATED,,,17,16.15,27.0,26.26,1.0,1.0
2026-08-12 13:39:16.584285+00:00,3,3_blocks,83856,41.6,4,3,1,,,0.5,"xgb,lgb",0.5981873111782477,False,0.0,VALIDATED,,,29,28.71,48.0,47.18,1.0,1.0
2026-08-12 13:39:16.584285+00:00,6,6_blocks,83856,41.6,4,3,1,,,0.5,"xgb,lgb",0.5981873111782477,False,0.0,VALIDATED,,,29,28.71,48.0,47.18,1.0,1.0
2026-08-12 14:42:16.522856+00:00,1,1_block,79798,40.6,2,1,1,,,0.5,"xgb,lgb",0.5981873111782477,False,0.0,VALIDATED,,,3,2.18,3.0,2.9,2.0,1.11
2026-08-12 14:42:16.522856+00:00,3,3_blocks,79798,40.6,2,1,1,,,0.5,"xgb,lgb",0.5981873111782477,False,0.0,VALIDATED,,,2,1.97,3.0,2.62,1.0,1.0
2026-08-12 14:42:16.522856+00:00,6,6_blocks,79798,40.6,2,1,1,,,0.5,"xgb,lgb",0.509090909090909,False,0.0,VALIDATED,,,3,2.01,3.0,2.62,2.0,1.1
2026-08-12 15:41:18.095967+00:00,1,1_block,86490,41.4,2,1,1,,,0.5,"xgb,lgb",0.5172932330827068,False,0.0,VALIDATED,,,6,5.44,9.0,8.4,1.0,1.0
2026-08-12 15:41:18.095967+00:00,3,3_blocks,86490,41.4,2,1,1,,,1.0,"xgb,lgb",0.509090909090909,False,0.0,VALIDATED,,,1,1.0,1.0,1.0,1.0,1.0
2026-08-12 15:41:18.095967+00:00,6,6_blocks,86490,41.4,2,1,1,,,1.0,"xgb,lgb",0.509090909090909,False,0.0,VALIDATED,,,1,1.0,1.0,1.0,1.0,1.0
2026-08-12 16:39:02.801897+00:00,1,1_block,93562,43.4,5,4,3,,,0.5,"xgb,lgb",4.06282722513089,False,0.0,VALIDATED,,,9,8.94,15.0,14.24,1.0,1.0
2026-08-12 16:39:02.801897+00:00,3,3_blocks,93562,43.4,5,4,3,,,0.5,"xgb,lgb",4.06282722513089,False,0.0,VALIDATED,,,55,54.0,90.0,89.34,1.0,1.0
2026-08-12 16:39:02.801897+00:00,6,6_blocks,93562,43.4,5,4,3,,,0.5,"xgb,lgb",0.509090909090909,False,0.0,VALIDATED,,,55,54.0,90.0,89.34,1.0,1.0
2026-08-12 17:38:35.963962+00:00,1,1_block,92874,43.9,4,4,3,,,0.5,"xgb,lgb",1.0,False,0.0,VALIDATED,,,12,11.11,18.0,17.59,2.0,1.39
2026-08-12 17:38:35.963962+00:00,3,3_blocks,92874,43.9,4,4,3,,,0.5,"xgb,lgb",1.0,False,0.0,VALIDATED,,,45,44.92,75.0,74.2,1.0,1.0
2026-08-12 17:38:35.963962+00:00,6,6_blocks,92874,43.9,4,4,3,,,0.5,"xgb,lgb",0.4420677361853832,False,0.0,VALIDATED,,,45,44.94,75.0,74.2,2.0,1.06
2026-08-12 18:32:18.647080+00:00,1,1_block,91591,42.8,6,5,1,,,0.5,"xgb,lgb",0.45,False,0.0,VALIDATED,,,9,8.56,14.0,13.6,1.0,1.0
2026-08-12 18:32:18.647080+00:00,3,3_blocks,91591,42.8,6,5,1,,,0.5,"xgb,lgb",0.4460176991150442,False,0.0,VALIDATED,,,55,54.88,91.0,90.8,1.0,1.0
2026-08-12 18:32:18.647080+00:00,6,6_blocks,91591,42.8,6,5,1,,,0.5,"xgb,lgb",0.4420677361853832,False,0.0,VALIDATED,,,55,54.88,91.0,90.8,1.0,1.0
2026-08-12 19:44:52.569214+00:00,1,1_block,84730,41.0,1,1,1,,,1.0,"xgb,lgb",0.4357142857142857,False,0.0,VALIDATED,,,1,1.0,1.0,1.0,1.0,1.0
2026-08-12 19:44:52.569214+00:00,3,3_blocks,84730,41.0,1,1,1,,,0.5,"xgb,lgb",0.4357142857142857,False,0.0,VALIDATED,,,23,22.73,38.0,37.21,1.0,1.0
2026-08-12 19:44:52.569214+00:00,6,6_blocks,84730,41.0,1,1,1,,,0.5,"xgb,lgb",0.4357142857142857,False,0.0,VALIDATED,,,23,22.73,38.0,37.21,1.0,1.0
2026-08-12 20:25:15.079432+00:00,1,1_block,80780,40.4,1,1,1,,,0.5,"xgb,lgb",2.005449591280654,False,0.0,VALIDATED,,,2,1.74,3.0,2.23,1.0,1.0
2026-08-12 20:25:15.079432+00:00,3,3_blocks,80780,40.4,1,1,1,,,0.5,"xgb,lgb",0.8361204013377926,False,0.0,VALIDATED,,,7,6.05,10.0,9.42,1.0,1.0
2026-08-12 20:25:15.079432+00:00,6,6_blocks,80780,40.4,1,1,1,,,0.5,"xgb,lgb",0.5886287625418061,False,0.0,VALIDATED,,,7,6.07,10.0,9.42,2.0,1.04
2026-08-12 21:11:57.419759+00:00,1,1_block,82044,40.7,1,1,1,,,0.5,"xgb,lgb",2.005449591280654,False,0.0,VALIDATED,,,4,3.48,6.0,5.13,1.0,1.0
2026-08-12 21:11:57.419759+00:00,3,3_blocks,82044,40.7,1,1,1,,,1.0,"xgb,lgb",0.5886287625418061,False,0.0,VALIDATED,,,1,1.0,1.0,1.0,1.0,1.0
2026-08-12 21:11:57.419759+00:00,6,6_blocks,82044,40.7,1,1,1,,,1.0,"xgb,lgb",0.5886287625418061,False,0.0,VALIDATED,,,1,1.0,1.0,1.0,1.0,1.0
2026-08-12 22:05:12.284328+00:00,1,1_block,84992,41.4,3,1,1,,,0.5,"xgb,lgb",1.0606060606060606,False,0.0,VALIDATED,,,5,4.28,7.0,6.21,2.0,1.39
2026-08-12 22:05:12.284328+00:00,3,3_blocks,84992,41.4,3,1,1,,,0.5,"xgb,lgb",1.0606060606060606,False,0.0,VALIDATED,,,33,32.43,54.0,53.39,1.0,1.0
2026-08-12 22:05:12.284328+00:00,6,6_blocks,84992,41.4,3,1,1,,,0.5,"xgb,lgb",0.5886287625418061,False,0.0,VALIDATED,,,33,32.47,54.0,53.39,2.0,1.09
2026-08-12 22:55:52.827621+00:00,1,1_block,86672,42.0,3,3,1,,,0.5,"xgb,lgb",3.027027027027027,False,0.0,VALIDATED,,,3,2.45,4.0,3.2,2.0,1.33
2026-08-12 22:55:52.827621+00:00,3,3_blocks,86672,42.0,3,3,1,,,0.5,"xgb,lgb",0.5491990846681922,False,0.0,VALIDATED,,,8,7.77,13.0,12.28,1.0,1.0
2026-08-12 22:55:52.827621+00:00,6,6_blocks,86672,42.0,3,3,1,,,0.5,"xgb,lgb",0.5491990846681922,False,0.0,VALIDATED,,,8,7.8,13.0,12.28,2.0,1.08
2026-08-12 23:47:27.444131+00:00,1,1_block,86740,42.3,3,3,1,,,0.5,"xgb,lgb",0.5787234042553191,False,0.0,VALIDATED,,,6,5.41,9.0,8.13,2.0,1.32
2026-08-12 23:47:27.444131+00:00,3,3_blocks,86740,42.3,3,3,1,,,0.5,"xgb,lgb",0.5491990846681922,False,0.0,VALIDATED,,,13,12.33,20.0,19.89,1.0,1.0
2026-08-12 23:47:27.444131+00:00,6,6_blocks,86740,42.3,3,3,1,,,0.5,"xgb,lgb",0.5491990846681922,False,0.0,VALIDATED,,,13,12.36,20.0,19.89,2.0,1.07
2026-08-13 00:41:36.432359+00:00,1,1_block,83532,41.0,1,1,1,,,0.5,"xgb,lgb",0.303030303030303,False,0.0,VALIDATED,,,11,10.03,16.0,15.86,2.0,1.28
2026-08-13 00:41:36.432359+00:00,3,3_blocks,83532,41.0,1,1,1,,,0.5,"xgb,lgb",0.303030303030303,False,0.0,VALIDATED,,,11,10.04,17.0,16.07,1.0,1.0
2026-08-13 00:41:36.432359+00:00,6,6_blocks,83532,41.0,1,1,1,,,0.5,"xgb,lgb",0.303030303030303,False,0.0,VALIDATED,,,11,10.04,17.0,16.07,1.0,1.0
2026-08-13 03:16:32.533936+00:00,1,1_block,70577,38.9,1,1,1,,,0.5,"xgb,lgb",0.4459459459459459,False,0.0,VALIDATED,,,9,8.89,15.0,14.14,1.0,1.0
2026-08-13 03:16:32.533936+00:00,3,3_blocks,70577,38.9,1,1,1,,,0.5,"xgb,lgb",0.4459459459459459,False,0.0,VALIDATED,,,32,31.51,52.0,51.85,1.0,1.0
2026-08-13 03:16:32.533936+00:00,6,6_blocks,70577,38.9,1,1,1,,,0.5,"xgb,lgb",0.4357142857142857,False,0.0,VALIDATED,,,32,31.51,52.0,51.85,1.0,1.0
2026-08-13 05:09:54.417153+00:00,1,1_block,75808,40.6,2,1,1,,,0.5,"xgb,lgb",0.3937007874015748,False,0.0,VALIDATED,,,6,5.74,9.0,8.63,2.0,1.4
2026-08-13 05:09:54.417153+00:00,3,3_blocks,75808,40.6,2,1,1,,,0.5,"xgb,lgb",0.3539325842696629,False,0.0,VALIDATED,,,26,25.29,42.0,41.48,1.0,1.0
2026-08-13 05:09:54.417153+00:00,6,6_blocks,75808,40.6,2,1,1,,,0.5,"xgb,lgb",0.3539325842696629,False,0.0,VALIDATED,,,26,25.32,42.0,41.48,2.0,1.07
2026-08-13 06:42:24.792564+00:00,1,1_block,75130,39.6,1,1,1,,,0.5,"xgb,lgb",0.3937007874015748,False,0.0,VALIDATED,,,4,3.51,6.0,5.18,1.0,1.0
2026-08-13 06:42:24.792564+00:00,3,3_blocks,75130,39.6,1,1,1,,,0.5,"xgb,lgb",0.3478260869565217,False,0.0,VALIDATED,,,21,20.73,34.0,33.89,1.0,1.0
2026-08-13 06:42:24.792564+00:00,6,6_blocks,75130,39.6,1,1,1,,,0.5,"xgb,lgb",0.3478260869565217,False,0.0,VALIDATED,,,21,20.73,34.0,33.89,1.0,1.0
2026-08-13 08:06:59.720916+00:00,1,1_block,73839,39.5,1,1,1,,,0.5,"xgb,lgb",0.3478260869565217,False,0.0,VALIDATED,,,6,5.72,9.0,8.86,1.0,1.0
2026-08-13 08:06:59.720916+00:00,3,3_blocks,73839,39.5,1,1,1,,,0.5,"xgb,lgb",0.3478260869565217,False,0.0,VALIDATED,,,16,15.93,26.0,25.88,1.0,1.0
2026-08-13 08:06:59.720916+00:00,6,6_blocks,73839,39.5,1,1,1,,,0.5,"xgb,lgb",0.3478260869565217,False,0.0,VALIDATED,,,16,15.94,26.0,25.88,2.0,1.04
2026-08-13 09:22:09.291530+00:00,1,1_block,75821,39.8,1,1,1,,,1.0,"xgb,lgb",0.6016483516483516,False,0.0,VALIDATED,,,1,1.0,1.0,1.0,1.0,1.0
2026-08-13 09:22:09.291530+00:00,3,3_blocks,75821,39.8,1,1,1,,,0.996,"xgb,lgb",0.3669064748201439,False,0.0,VALIDATED,,,2,1.0,1.0,1.0,1.0,1.0
2026-08-13 09:22:09.291530+00:00,6,6_blocks,75821,39.8,1,1,1,,,1.0,"xgb,lgb",0.3529411764705882,False,0.0,VALIDATED,,,1,1.0,1.0,1.0,1.0,1.0
2026-08-13 10:35:10.557827+00:00,1,1_block,76895,40.0,2,1,1,,,0.97,"xgb,lgb",0.3937007874015748,False,0.0,VALIDATED,,,2,1.33,2.0,1.32,2.0,1.36
2026-08-13 10:35:10.557827+00:00,3,3_blocks,76895,40.0,2,1,1,,,1.0,"xgb,lgb",0.3937007874015748,False,0.0,VALIDATED,,,1,1.0,1.0,1.0,1.0,1.0
2026-08-13 10:35:10.557827+00:00,6,6_blocks,76895,40.0,2,1,1,,,0.907,"xgb,lgb",0.3937007874015748,False,0.0,VALIDATED,,,2,1.04,1.0,1.0,2.0,1.1
2026-08-13 11:25:21.063715+00:00,1,1_block,77272,40.4,2,1,1,,,0.5,"xgb,lgb",0.461,False,0.0,VALIDATED,,,4,3.03,5.0,4.38,1.0,1.0
2026-08-13 11:25:21.063715+00:00,3,3_blocks,77272,40.4,2,1,1,,,0.996,"xgb,lgb",0.461,False,0.0,VALIDATED,,,2,1.0,1.0,1.0,1.0,1.0
2026-08-13 11:25:21.063715+00:00,6,6_blocks,77272,40.4,2,1,1,,,1.0,"xgb,lgb",0.3937007874015748,False,0.0,VALIDATED,,,1,1.0,1.0,1.0,1.0,1.0
2026-08-13 12:07:13.807887+00:00,1,1_block,78551,40.6,3,1,1,,,0.5,"xgb,lgb",0.461,False,0.0,VALIDATED,,,9,8.03,13.0,12.72,1.0,1.0
2026-08-13 12:07:13.807887+00:00,3,3_blocks,78551,40.6,3,1,1,,,0.5,"xgb,lgb",1.9753954305799648,False,0.0,VALIDATED,,,18,17.68,29.0,28.79,1.0,1.0
2026-08-13 12:07:13.807887+00:00,6,6_blocks,78551,40.6,3,1,1,,,0.5,"xgb,lgb",0.4576659038901602,False,0.0,VALIDATED,,,18,17.68,29.0,28.79,1.0,1.0
2026-08-13 13:40:08.116965+00:00,1,1_block,91677,43.1,5,4,3,,,0.5,"xgb,lgb",1.9753954305799648,False,0.0,VALIDATED,,,9,8.69,14.0,13.71,2.0,1.17
2026-08-13 13:40:08.116965+00:00,3,3_blocks,91677,43.1,5,4,3,,,0.5,"xgb,lgb",2.0,False,0.0,VALIDATED,,,40,39.78,66.0,65.64,1.0,1.0
2026-08-13 13:40:08.116965+00:00,6,6_blocks,91677,43.1,5,4,3,,,0.5,"xgb,lgb",1.9753954305799648,False,0.0,VALIDATED,,,40,39.84,66.0,65.64,2.0,1.13
2026-08-13 14:42:21.806667+00:00,1,1_block,89523,42.9,3,3,1,,,0.5,"xgb,lgb",2.0,False,0.0,VALIDATED,,,9,8.75,14.0,13.68,2.0,1.36
2026-08-13 14:42:21.806667+00:00,3,3_blocks,89523,42.9,3,3,1,,,0.5,"xgb,lgb",2.0,False,0.0,VALIDATED,,,27,26.89,45.0,44.15,1.0,1.0
2026-08-13 14:42:21.806667+00:00,6,6_blocks,89523,42.9,3,3,1,,,0.5,"xgb,lgb",2.0,False,0.0,VALIDATED,,,27,26.91,45.0,44.15,2.0,1.04
2026-08-13 15:41:11.751410+00:00,1,1_block,92218,43.9,4,4,3,,,0.5,"xgb,lgb",2.292537313432836,False,0.0,VALIDATED,,,7,6.63,11.0,10.14,2.0,1.35
2026-08-13 15:41:11.751410+00:00,3,3_blocks,92218,43.9,4,4,3,,,0.5,"xgb,lgb",2.0,False,0.0,VALIDATED,,,30,29.02,48.0,47.71,1.0,1.0
2026-08-13 15:41:11.751410+00:00,6,6_blocks,92218,43.9,4,4,3,,,0.5,"xgb,lgb",0.5353535353535354,False,0.0,VALIDATED,,,30,29.07,48.0,47.71,2.0,1.11
2026-08-13 16:34:22.952913+00:00,1,1_block,91678,44.1,4,4,3,,,0.5,"xgb,lgb",0.5353535353535354,False,0.0,VALIDATED,,,13,12.06,20.0,19.44,1.0,1.0
2026-08-13 16:34:22.952913+00:00,3,3_blocks,91678,44.1,4,4,3,,,0.5,"xgb,lgb",0.5353535353535354,False,0.0,VALIDATED,,,30,29.73,49.0,48.89,1.0,1.0
2026-08-13 16:34:22.952913+00:00,6,6_blocks,91678,44.1,4,4,3,,,0.5,"xgb,lgb",0.5353535353535354,False,0.0,VALIDATED,,,30,29.73,49.0,48.89,1.0,1.0
2026-08-13 17:36:02.091345+00:00,1,1_block,83279,41.0,1,1,1,,,0.5,"xgb,lgb",1.993055555555556,False,0.0,VALIDATED,,,5,4.79,8.0,7.31,1.0,1.0
2026-08-13 17:36:02.091345+00:00,3,3_blocks,83279,41.0,1,1,1,,,0.5,"xgb,lgb",1.4836065573770492,False,0.0,VALIDATED,,,15,14.59,24.0,23.65,1.0,1.0
2026-08-13 17:36:02.091345+00:00,6,6_blocks,83279,41.0,1,1,1,,,0.5,"xgb,lgb",1.0,False,0.0,VALIDATED,,,15,14.59,24.0,23.65,1.0,1.0
2026-08-13 18:33:00.065666+00:00,1,1_block,87414,42.4,3,3,1,,,0.5,"xgb,lgb",1.0,False,0.0,VALIDATED,,,5,4.34,7.0,6.56,1.0,1.0
2026-08-13 18:33:00.065666+00:00,3,3_blocks,87414,42.4,3,3,1,,,0.5,"xgb,lgb",1.0,False,0.0,VALIDATED,,,24,23.92,40.0,39.2,1.0,1.0
2026-08-13 18:33:00.065666+00:00,6,6_blocks,87414,42.4,3,3,1,,,0.5,"xgb,lgb",1.0,False,0.0,VALIDATED,,,24,23.92,40.0,39.2,1.0,1.0
2026-08-13 19:40:10.825797+00:00,1,1_block,86229,41.8,2,1,1,,,0.5,"xgb,lgb",1.0136986301369864,False,0.0,VALIDATED,,,4,3.36,5.0,4.93,1.0,1.0
2026-08-13 19:40:10.825797+00:00,3,3_blocks,86229,41.8,2,1,1,,,0.5,"xgb,lgb",1.0136986301369864,False,0.0,VALIDATED,,,9,8.59,14.0,13.64,1.0,1.0
2026-08-13 19:40:10.825797+00:00,6,6_blocks,86229,41.8,2,1,1,,,0.5,"xgb,lgb",0.3232323232323232,False,0.0,VALIDATED,,,9,8.59,14.0,13.64,1.0,1.0
2026-08-13 20:19:12.299805+00:00,1,1_block,90950,43.1,4,3,1,,,0.5,"xgb,lgb",0.4357142857142857,False,0.0,VALIDATED,,,10,9.46,15.0,14.87,2.0,1.34
2026-08-13 20:19:12.299805+00:00,3,3_blocks,90950,43.1,4,3,1,,,0.5,"xgb,lgb",0.4357142857142857,False,0.0,VALIDATED,,,43,42.28,70.0,69.8,1.0,1.0
2026-08-13 20:19:12.299805+00:00,6,6_blocks,90950,43.1,4,3,1,,,0.5,"xgb,lgb",0.3232323232323232,False,0.0,VALIDATED,,,43,42.32,70.0,69.8,2.0,1.09
2026-08-13 21:07:55.674584+00:00,1,1_block,83977,40.8,1,1,1,,,0.5,"xgb,lgb",0.4357142857142857,False,0.0,VALIDATED,,,8,7.84,13.0,12.41,1.0,1.0
2026-08-13 21:07:55.674584+00:00,3,3_blocks,83977,40.8,1,1,1,,,0.5,"xgb,lgb",0.4357142857142857,False,0.0,VALIDATED,,,12,11.15,18.0,17.92,1.0,1.0
2026-08-13 21:07:55.674584+00:00,6,6_blocks,83977,40.8,1,1,1,,,0.5,"xgb,lgb",0.4357142857142857,False,0.0,VALIDATED,,,12,11.15,18.0,17.92,1.0,1.0
2026-08-13 21:58:59.577973+00:00,1,1_block,84443,41.0,1,1,1,,,1.0,"xgb,lgb",0.4357142857142857,False,0.0,VALIDATED,,,1,1.0,1.0,1.0,1.0,1.0
2026-08-13 21:58:59.577973+00:00,3,3_blocks,84443,41.0,1,1,1,,,1.0,"xgb,lgb",1.0150375939849623,False,0.0,VALIDATED,,,1,1.0,1.0,1.0,1.0,1.0
2026-08-13 21:58:59.577973+00:00,6,6_blocks,84443,41.0,1,1,1,,,1.0,"xgb,lgb",0.4357142857142857,False,0.0,VALIDATED,,,1,1.0,1.0,1.0,1.0,1.0
2026-08-13 22:48:04.197722+00:00,1,1_block,89713,42.3,4,3,1,,,0.5,"xgb,lgb",1.617391304347826,False,0.0,VALIDATED,,,11,10.43,17.0,16.71,1.0,1.0
2026-08-13 22:48:04.197722+00:00,3,3_blocks,89713,42.3,4,3,1,,,0.5,"xgb,lgb",1.0150375939849623,False,0.0,VALIDATED,,,58,57.11,95.0,94.52,1.0,1.0
2026-08-13 22:48:04.197722+00:00,6,6_blocks,89713,42.3,4,3,1,,,0.5,"xgb,lgb",0.5,False,0.0,VALIDATED,,,58,57.11,95.0,94.52,1.0,1.0
2026-08-13 23:25:36.656093+00:00,1,1_block,86126,41.4,2,1,1,,,0.5,"xgb,lgb",1.0,False,0.0,VALIDATED,,,4,3.23,5.0,4.46,2.0,1.39
2026-08-13 23:25:36.656093+00:00,3,3_blocks,86126,41.4,2,1,1,,,1.0,"xgb,lgb",0.5,False,0.0,VALIDATED,,,1,1.0,1.0,1.0,1.0,1.0
2026-08-13 23:25:36.656093+00:00,6,6_blocks,86126,41.4,2,1,1,,,1.0,"xgb,lgb",0.5,False,0.0,VALIDATED,,,1,1.0,1.0,1.0,1.0,1.0
2026-08-14 00:06:54.793366+00:00,1,1_block,86549,41.6,2,1,1,,,0.5,"xgb,lgb",1.0,False,0.0,VALIDATED,,,8,7.78,13.0,12.07,2.0,1.33
2026-08-14 00:06:54.793366+00:00,3,3_blocks,86549,41.6,2,1,1,,,0.5,"xgb,lgb",0.5,False,0.0,VALIDATED,,,21,20.9,35.0,34.17,1.0,1.0
2026-08-14 00:06:54.793366+00:00,6,6_blocks,86549,41.6,2,1,1,,,0.5,"xgb,lgb",0.4,False,0.0,VALIDATED,,,21,20.95,35.0,34.17,2.0,1.13
2026-08-14 02:40:31.992766+00:00,1,1_block,85519,41.3,2,1,1,,,0.5,"xgb,lgb",2.016216216216216,False,0.0,VALIDATED,,,10,9.75,16.0,15.59,1.0,1.0
2026-08-14 02:40:31.992766+00:00,3,3_blocks,85519,41.3,2,1,1,,,0.5,"xgb,lgb",0.4474885844748858,False,0.0,VALIDATED,,,8,7.66,13.0,12.11,1.0,1.0
2026-08-14 02:40:31.992766+00:00,6,6_blocks,85519,41.3,2,1,1,,,0.5,"xgb,lgb",0.4027459954233409,False,0.0,VALIDATED,,,8,7.66,13.0,12.11,1.0,1.0
2026-08-14 04:27:53.840372+00:00,1,1_block,81345,40.6,1,1,1,,,0.5,"xgb,lgb",0.4461247637051039,False,0.0,VALIDATED,,,8,7.32,12.0,11.54,1.0,1.0
2026-08-14 04:27:53.840372+00:00,3,3_blocks,81345,40.6,1,1,1,,,0.5,"xgb,lgb",0.4027459954233409,False,0.0,VALIDATED,,,24,23.71,39.0,38.85,1.0,1.0
2026-08-14 04:27:53.840372+00:00,6,6_blocks,81345,40.6,1,1,1,,,0.5,"xgb,lgb",0.4,False,0.0,VALIDATED,,,24,23.71,39.0,38.85,1.0,1.0
2026-08-14 05:55:32.927218+00:00,1,1_block,86218,42.1,2,2,1,,,0.5,"xgb,lgb",0.462145676354503,False,0.0,VALIDATED,,,7,6.78,11.0,10.4,2.0,1.35
2026-08-14 05:55:32.927218+00:00,3,3_blocks,86218,42.1,2,2,1,,,0.5,"xgb,lgb",0.4075471698113208,False,0.0,VALIDATED,,,52,51.98,86.0,85.97,1.0,1.0
2026-08-14 05:55:32.927218+00:00,6,6_blocks,86218,42.1,2,2,1,,,0.5,"xgb,lgb",0.3669064748201439,False,0.0,VALIDATED,,,53,52.01,86.0,85.97,2.0,1.07
2026-08-14 07:15:23.487359+00:00,1,1_block,84274,41.4,3,1,1,,,0.5,"xgb,lgb",0.3669064748201439,False,0.0,VALIDATED,,,4,3.15,5.0,4.58,1.0,1.0
2026-08-14 07:15:23.487359+00:00,3,3_blocks,84274,41.4,3,1,1,,,0.5,"xgb,lgb",0.3669064748201439,False,0.0,VALIDATED,,,12,11.11,18.0,17.84,1.0,1.0
2026-08-14 07:15:23.487359+00:00,6,6_blocks,84274,41.4,3,1,1,,,0.5,"xgb,lgb",0.3669064748201439,False,0.0,VALIDATED,,,12,11.14,18.0,17.84,2.0,1.08
2026-08-14 08:39:29.364648+00:00,1,1_block,83796,41.3,2,1,1,,,0.5,"xgb,lgb",0.4858807709547288,False,0.0,VALIDATED,,,4,3.34,5.0,4.91,1.0,1.0
2026-08-14 08:39:29.364648+00:00,3,3_blocks,83796,41.3,2,1,1,,,0.5,"xgb,lgb",0.4858807709547288,False,0.0,VALIDATED,,,18,17.2,28.0,28.0,1.0,1.0
2026-08-14 08:39:29.364648+00:00,6,6_blocks,83796,41.3,2,1,1,,,0.5,"xgb,lgb",0.4357142857142857,False,0.0,VALIDATED,,,18,17.2,28.0,28.0,1.0,1.0
2026-08-14 09:41:38.687532+00:00,1,1_block,81753,40.5,1,1,1,,,0.5,"xgb,lgb",0.9982547993019196,False,0.0,VALIDATED,,,8,7.75,13.0,12.25,1.0,1.0
2026-08-14 09:41:38.687532+00:00,3,3_blocks,81753,40.5,1,1,1,,,0.5,"xgb,lgb",0.5640194489465153,False,0.0,VALIDATED,,,19,18.43,31.0,30.06,1.0,1.0
2026-08-14 09:41:38.687532+00:00,6,6_blocks,81753,40.5,1,1,1,,,0.5,"xgb,lgb",0.3741007194244604,False,0.0,VALIDATED,,,19,18.43,31.0,30.06,1.0,1.0
2026-08-14 10:42:23.431447+00:00,1,1_block,81367,40.7,2,1,1,,,1.0,"xgb,lgb",0.3937007874015748,False,0.0,VALIDATED,,,1,1.0,1.0,1.0,1.0,1.0
2026-08-14 10:42:23.431447+00:00,3,3_blocks,81367,40.7,2,1,1,,,0.5,"xgb,lgb",0.3741007194244604,False,0.0,VALIDATED,,,25,24.07,40.0,39.45,1.0,1.0
2026-08-14 10:42:23.431447+00:00,6,6_blocks,81367,40.7,2,1,1,,,0.5,"xgb,lgb",0.3937007874015748,False,0.0,VALIDATED,,,25,24.07,40.0,39.45,1.0,1.0
2026-08-14 11:30:55.027127+00:00,1,1_block,75504,39.6,1,1,1,,,1.0,"xgb,lgb",0.6818181818181818,False,0.0,VALIDATED,,,1,1.0,1.0,1.0,1.0,1.0
2026-08-14 11:30:55.027127+00:00,3,3_blocks,75504,39.6,1,1,1,,,0.996,"xgb,lgb",0.4380610412926391,False,0.0,VALIDATED,,,2,1.0,1.0,1.0,1.0,1.0
2026-08-14 11:30:55.027127+00:00,6,6_blocks,75504,39.6,1,1,1,,,1.0,"xgb,lgb",0.4357142857142857,False,0.0,VALIDATED,,,1,1.0,1.0,1.0,1.0,1.0
2026-08-14 12:11:37.397905+00:00,1,1_block,82029,40.4,1,1,1,,,0.5,"xgb,lgb",0.6818181818181818,False,0.0,VALIDATED,,,6,5.87,10.0,9.11,1.0,1.0
2026-08-14 12:11:37.397905+00:00,3,3_blocks,82029,40.4,1,1,1,,,0.5,"xgb,lgb",0.45,False,0.0,VALIDATED,,,7,6.81,11.0,10.68,1.0,1.0
2026-08-14 12:11:37.397905+00:00,6,6_blocks,82029,40.4,1,1,1,,,0.5,"xgb,lgb",0.4357142857142857,False,0.0,VALIDATED,,,7,6.81,11.0,10.68,1.0,1.0
2026-08-14 13:46:33.500678+00:00,1,1_block,78908,40.4,2,1,1,,,0.5,"xgb,lgb",0.45,False,0.0,VALIDATED,,,5,4.79,8.0,7.32,1.0,1.0
2026-08-14 13:46:33.500678+00:00,3,3_blocks,78908,40.4,2,1,1,,,0.5,"xgb,lgb",1.2112068965517242,False,0.0,VALIDATED,,,13,12.48,21.0,20.14,1.0,1.0
2026-08-14 13:46:33.500678+00:00,6,6_blocks,78908,40.4,2,1,1,,,0.5,"xgb,lgb",0.4,False,0.0,VALIDATED,,,13,12.48,21.0,20.14,1.0,1.0
2026-08-14 14:41:21.057815+00:00,1,1_block,81704,41.0,3,1,1,,,0.5,"xgb,lgb",1.2112068965517242,False,0.0,VALIDATED,,,3,2.01,3.0,2.68,1.0,1.0
2026-08-14 14:41:21.057815+00:00,3,3_blocks,81704,41.0,3,1,1,,,0.5,"xgb,lgb",1.2112068965517242,False,0.0,VALIDATED,,,23,22.02,37.0,36.04,1.0,1.0
2026-08-14 14:41:21.057815+00:00,6,6_blocks,81704,41.0,3,1,1,,,0.5,"xgb,lgb",1.2112068965517242,False,0.0,VALIDATED,,,23,22.02,37.0,36.04,1.0,1.0
2026-08-14 15:30:33.331731+00:00,1,1_block,88541,42.3,2,2,1,,,0.5,"xgb,lgb",1.809523809523809,False,0.0,VALIDATED,,,13,12.09,20.0,19.26,2.0,1.35
2026-08-14 15:30:33.331731+00:00,3,3_blocks,88541,42.3,2,2,1,,,0.5,"xgb,lgb",1.809523809523809,False,0.0,VALIDATED,,,49,48.34,80.0,79.9,1.0,1.0
2026-08-14 15:30:33.331731+00:00,6,6_blocks,88541,42.3,2,2,1,,,0.5,"xgb,lgb",0.7370015143866734,False,0.0,VALIDATED,,,49,48.34,80.0,79.9,1.0,1.0
2026-08-14 16:25:54.014236+00:00,1,1_block,89044,43.6,2,2,2,,,0.5,"xgb,lgb",0.7370015143866734,False,0.0,VALIDATED,,,14,13.07,21.0,20.91,2.0,1.31
2026-08-14 16:25:54.014236+00:00,3,3_blocks,89044,43.6,2,2,2,,,0.5,"xgb,lgb",0.7370015143866734,False,0.0,VALIDATED,,,75,74.61,124.0,123.69,1.0,1.0
2026-08-14 16:25:54.014236+00:00,6,6_blocks,89044,43.6,2,2,2,,,0.5,"xgb,lgb",0.7370015143866734,False,0.0,VALIDATED,,,75,74.61,124.0,123.69,1.0,1.0
2026-08-14 17:26:07.443238+00:00,1,1_block,88721,42.1,3,1,1,,,0.5,"xgb,lgb",0.7344632768361582,False,0.0,VALIDATED,,,14,13.02,22.0,21.03,1.0,1.0
2026-08-14 17:26:07.443238+00:00,3,3_blocks,88721,42.1,3,1,1,,,0.5,"xgb,lgb",0.7344632768361582,False,0.0,VALIDATED,,,19,18.49,31.0,30.14,1.0,1.0
2026-08-14 17:26:07.443238+00:00,6,6_blocks,88721,42.1,3,1,1,,,0.5,"xgb,lgb",0.7344632768361582,False,0.0,VALIDATED,,,19,18.49,31.0,30.14,1.0,1.0
2026-08-14 18:14:50.073038+00:00,1,1_block,87167,41.7,2,1,1,,,0.5,"xgb,lgb",0.7344632768361582,False,0.0,VALIDATED,,,10,9.71,16.0,15.32,2.0,1.3
2026-08-14 18:14:50.073038+00:00,3,3_blocks,87167,41.7,2,1,1,,,0.5,"xgb,lgb",0.7344632768361582,False,0.0,VALIDATED,,,14,13.62,23.0,22.04,1.0,1.0
2026-08-14 18:14:50.073038+00:00,6,6_blocks,87167,41.7,2,1,1,,,0.5,"xgb,lgb",0.7344632768361582,False,0.0,VALIDATED,,,14,13.62,23.0,22.04,1.0,1.0
2026-08-14 19:16:32.934640+00:00,1,1_block,95235,43.8,5,5,4,,,0.5,"xgb,lgb",4.855263157894737,False,0.0,VALIDATED,,,5,4.57,7.0,6.72,2.0,1.36
2026-08-14 19:16:32.934640+00:00,3,3_blocks,95235,43.8,5,5,4,,,0.5,"xgb,lgb",1.999428571428572,False,0.0,VALIDATED,,,44,43.65,73.0,72.08,1.0,1.0
2026-08-14 19:16:32.934640+00:00,6,6_blocks,95235,43.8,5,5,4,,,0.5,"xgb,lgb",1.999428571428572,False,0.0,VALIDATED,,,44,43.65,73.0,72.08,1.0,1.0
2026-08-14 19:57:59.271312+00:00,1,1_block,92395,43.5,4,4,1,,,0.5,"xgb,lgb",1.999428571428572,False,0.0,VALIDATED,,,10,9.71,16.0,15.3,2.0,1.32
2026-08-14 19:57:59.271312+00:00,3,3_blocks,92395,43.5,4,4,1,,,0.5,"xgb,lgb",1.999428571428572,False,0.0,VALIDATED,,,44,43.48,72.0,71.79,1.0,1.0
2026-08-14 19:57:59.271312+00:00,6,6_blocks,92395,43.5,4,4,1,,,0.5,"xgb,lgb",1.999428571428572,False,0.0,VALIDATED,,,44,43.49,72.0,71.79,2.0,1.03
2026-08-14 20:37:55.497276+00:00,1,1_block,89961,43.1,3,3,1,,,0.5,"xgb,lgb",2.5454545454545454,False,0.0,VALIDATED,,,10,9.84,16.0,15.73,1.0,1.0
2026-08-14 20:37:55.497276+00:00,3,3_blocks,89961,43.1,3,3,1,,,0.5,"xgb,lgb",1.0,False,0.0,VALIDATED,,,44,43.11,72.0,71.18,1.0,1.0
2026-08-14 20:37:55.497276+00:00,6,6_blocks,89961,43.1,3,3,1,,,0.5,"xgb,lgb",1.0,False,0.0,VALIDATED,,,44,43.11,72.0,71.18,1.0,1.0
2026-08-14 20:56:46.835879+00:00,1,1_block,90805,43.5,3,3,1,,,0.5,"xgb,lgb",1.0,False,0.0,VALIDATED,,,9,8.15,13.0,12.88,2.0,1.06
2026-08-14 20:56:46.835879+00:00,3,3_blocks,90805,43.5,3,3,1,,,0.5,"xgb,lgb",1.0,False,0.0,VALIDATED,,,55,54.91,91.0,90.85,1.0,1.0
2026-08-14 20:56:46.835879+00:00,6,6_blocks,90805,43.5,3,3,1,,,0.5,"xgb,lgb",1.0,False,0.0,VALIDATED,,,55,54.91,91.0,90.85,1.0,1.0
2026-08-14 21:32:42.941402+00:00,1,1_block,90386,43.1,2,2,1,,,0.5,"xgb,lgb",1.0,False,0.0,VALIDATED,,,11,10.5,17.0,16.59,2.0,1.36
2026-08-14 21:32:42.941402+00:00,3,3_blocks,90386,43.1,2,2,1,,,0.5,"xgb,lgb",0.4380610412926391,False,0.0,VALIDATED,,,44,43.81,73.0,72.36,1.0,1.0
2026-08-14 21:32:42.941402+00:00,6,6_blocks,90386,43.1,2,2,1,,,0.5,"xgb,lgb",0.4357142857142857,False,0.0,VALIDATED,,,44,43.84,73.0,72.36,2.0,1.06
2026-08-14 21:45:26.120525+00:00,1,1_block,88271,42.4,2,1,1,,,0.5,"xgb,lgb",1.0,False,0.0,VALIDATED,,,12,11.54,19.0,18.57,1.0,1.0
2026-08-14 21:45:26.120525+00:00,3,3_blocks,88271,42.4,2,1,1,,,0.5,"xgb,lgb",0.4380610412926391,False,0.0,VALIDATED,,,36,35.41,59.0,58.35,1.0,1.0
2026-08-14 21:45:26.120525+00:00,6,6_blocks,88271,42.4,2,1,1,,,0.5,"xgb,lgb",0.4357142857142857,False,0.0,VALIDATED,,,36,35.41,59.0,58.35,1.0,1.0
2026-08-14 22:01:03.134533+00:00,1,1_block,86579,41.8,2,1,1,,,0.5,"xgb,lgb",0.5106382978723404,False,0.0,VALIDATED,,,9,8.95,15.0,14.26,1.0,1.0
2026-08-14 22:01:03.134533+00:00,3,3_blocks,86579,41.8,2,1,1,,,0.5,"xgb,lgb",0.4380610412926391,False,0.0,VALIDATED,,,17,16.86,28.0,27.44,1.0,1.0
2026-08-14 22:01:03.134533+00:00,6,6_blocks,86579,41.8,2,1,1,,,0.5,"xgb,lgb",0.4357142857142857,False,0.0,VALIDATED,,,17,16.86,28.0,27.44,1.0,1.0
2026-08-14 22:30:53.785233+00:00,1,1_block,86044,41.3,2,1,1,,,0.5,"xgb,lgb",0.5106382978723404,False,0.0,VALIDATED,,,9,8.5,14.0,13.5,1.0,1.0
2026-08-14 22:30:53.785233+00:00,3,3_blocks,86044,41.3,2,1,1,,,0.5,"xgb,lgb",0.4380610412926391,False,0.0,VALIDATED,,,5,4.86,8.0,7.43,1.0,1.0
2026-08-14 22:30:53.785233+00:00,6,6_blocks,86044,41.3,2,1,1,,,0.5,"xgb,lgb",0.4266666666666667,False,0.0,VALIDATED,,,5,4.86,8.0,7.43,1.0,1.0
2026-08-14 22:52:41.121339+00:00,1,1_block,83852,41.1,1,1,1,,,0.5,"xgb,lgb",1.056338028169014,False,0.0,VALIDATED,,,8,7.4,12.0,11.66,1.0,1.0
2026-08-14 22:52:41.121339+00:00,3,3_blocks,83852,41.1,1,1,1,,,0.5,"xgb,lgb",0.4266666666666667,False,0.0,VALIDATED,,,15,14.2,23.0,22.99,1.0,1.0
2026-08-14 22:52:41.121339+00:00,6,6_blocks,83852,41.1,1,1,1,,,0.5,"xgb,lgb",0.4266666666666667,False,0.0,VALIDATED,,,15,14.19,23.0,22.99,1.0,1.0
2026-08-14 23:15:34.406570+00:00,1,1_block,83242,40.8,1,1,1,,,0.5,"xgb,lgb",1.056338028169014,False,0.0,VALIDATED,,,9,8.51,14.0,13.52,1.0,1.0
2026-08-14 23:15:34.406570+00:00,3,3_blocks,83242,40.8,1,1,1,,,0.5,"xgb,lgb",0.4266666666666667,False,0.0,VALIDATED,,,23,22.22,37.0,36.36,1.0,1.0
2026-08-14 23:15:34.406570+00:00,6,6_blocks,83242,40.8,1,1,1,,,0.5,"xgb,lgb",0.4266666666666667,False,0.0,VALIDATED,,,23,22.21,37.0,36.36,1.0,1.0
2026-08-14 23:40:20.988638+00:00,1,1_block,83277,40.8,1,1,1,,,0.5,"xgb,lgb",1.056338028169014,False,0.0,VALIDATED,,,2,1.93,3.0,2.56,1.0,1.0
2026-08-14 23:40:20.988638+00:00,3,3_blocks,83277,40.8,1,1,1,,,0.5,"xgb,lgb",0.4266666666666667,False,0.0,VALIDATED,,,29,28.14,47.0,46.23,1.0,1.0
2026-08-14 23:40:20.988638+00:00,6,6_blocks,83277,40.8,1,1,1,,,0.5,"xgb,lgb",0.4454545454545454,False,0.0,VALIDATED,,,29,28.14,47.0,46.23,1.0,1.0
2026-08-14 23:58:54.427435+00:00,1,1_block,81815,40.5,1,1,1,,,0.5,"xgb,lgb",1.056338028169014,False,0.0,VALIDATED,,,5,4.41,7.0,6.68,1.0,1.0
2026-08-14 23:58:54.427435+00:00,3,3_blocks,81815,40.5,1,1,1,,,0.5,"xgb,lgb",0.4609929078014184,False,0.0,VALIDATED,,,15,14.81,25.0,24.01,1.0,1.0
2026-08-14 23:58:54.427435+00:00,6,6_blocks,81815,40.5,1,1,1,,,0.5,"xgb,lgb",0.4454545454545454,False,0.0,VALIDATED,,,15,14.8,25.0,24.01,1.0,1.0
2026-08-15 01:15:17.687814+00:00,1,1_block,86824,41.8,3,1,1,,,0.5,"xgb,lgb",0.4609929078014184,False,0.0,VALIDATED,,,19,18.48,31.0,30.04,2.0,1.13
2026-08-15 01:15:17.687814+00:00,3,3_blocks,86824,41.8,3,1,1,,,0.5,"xgb,lgb",0.4609929078014184,False,0.0,VALIDATED,,,13,12.96,21.0,20.93,1.0,1.0
2026-08-15 01:15:17.687814+00:00,6,6_blocks,86824,41.8,3,1,1,,,0.5,"xgb,lgb",0.3737373737373737,False,0.0,VALIDATED,,,13,12.96,21.0,20.93,1.0,1.0
2026-08-15 02:23:36.291996+00:00,1,1_block,84701,41.2,1,1,1,,,0.726,"xgb,lgb",0.4474885844748858,False,0.0,VALIDATED,,,2,1.62,2.0,1.79,2.0,1.36
2026-08-15 02:23:36.291996+00:00,3,3_blocks,84701,41.2,1,1,1,,,0.5,"xgb,lgb",0.3737373737373737,False,0.0,VALIDATED,,,20,19.87,33.0,32.46,1.0,1.0
2026-08-15 02:23:36.291996+00:00,6,6_blocks,84701,41.2,1,1,1,,,0.5,"xgb,lgb",0.416289592760181,False,0.0,VALIDATED,,,20,19.87,33.0,32.46,1.0,1.0
2026-08-15 03:09:10.087575+00:00,1,1_block,84206,41.0,1,1,1,,,0.5,"xgb,lgb",0.4474885844748858,False,0.0,VALIDATED,,,7,6.99,11.0,10.99,1.0,1.0
2026-08-15 03:09:10.087575+00:00,3,3_blocks,84206,41.0,1,1,1,,,0.5,"xgb,lgb",0.416289592760181,False,0.0,VALIDATED,,,11,10.74,18.0,17.23,1.0,1.0
2026-08-15 03:09:10.087575+00:00,6,6_blocks,84206,41.0,1,1,1,,,0.5,"xgb,lgb",0.4288659793814433,False,0.0,VALIDATED,,,11,10.74,18.0,17.23,1.0,1.0
2026-08-15 03:51:30.907780+00:00,1,1_block,82784,40.8,1,1,1,,,0.5,"xgb,lgb",0.45,False,0.0,VALIDATED,,,6,5.03,8.0,7.72,1.0,1.0
2026-08-15 03:51:30.907780+00:00,3,3_blocks,82784,40.8,1,1,1,,,0.5,"xgb,lgb",0.4288659793814433,False,0.0,VALIDATED,,,6,5.99,10.0,9.32,1.0,1.0
2026-08-15 03:51:30.907780+00:00,6,6_blocks,82784,40.8,1,1,1,,,0.5,"xgb,lgb",0.4288659793814433,False,0.0,VALIDATED,,,6,5.99,10.0,9.32,1.0,1.0
2026-08-15 04:23:21.475542+00:00,1,1_block,82534,40.7,1,1,1,,,1.0,"xgb,lgb",0.4357142857142857,False,0.0,VALIDATED,,,1,1.0,1.0,1.0,1.0,1.0
2026-08-15 04:23:21.475542+00:00,3,3_blocks,82534,40.7,1,1,1,,,0.996,"xgb,lgb",0.4288659793814433,False,0.0,VALIDATED,,,2,1.0,1.0,1.0,1.0,1.0
2026-08-15 04:23:21.475542+00:00,6,6_blocks,82534,40.7,1,1,1,,,1.0,"xgb,lgb",0.4357142857142857,False,0.0,VALIDATED,,,1,1.0,1.0,1.0,1.0,1.0
2026-08-15 04:55:35.204203+00:00,1,1_block,78484,40.1,1,1,1,,,0.5,"xgb,lgb",0.468369351669941,False,0.0,VALIDATED,,,5,4.28,7.0,6.46,1.0,1.0
2026-08-15 04:55:35.204203+00:00,3,3_blocks,78484,40.1,1,1,1,,,0.5,"xgb,lgb",0.4571428571428571,False,0.0,VALIDATED,,,15,14.24,24.0,23.07,1.0,1.0
2026-08-15 04:55:35.204203+00:00,6,6_blocks,78484,40.1,1,1,1,,,0.5,"xgb,lgb",0.4357142857142857,False,0.0,VALIDATED,,,15,14.24,24.0,23.07,1.0,1.0
2026-08-15 05:19:10.622245+00:00,1,1_block,81678,40.7,1,1,1,,,0.5,"xgb,lgb",0.468369351669941,False,0.0,VALIDATED,,,6,5.97,10.0,9.28,1.0,1.0
2026-08-15 05:19:10.622245+00:00,3,3_blocks,81678,40.7,1,1,1,,,0.5,"xgb,lgb",0.4571428571428571,False,0.0,VALIDATED,,,16,15.33,25.0,24.87,1.0,1.0
2026-08-15 05:19:10.622245+00:00,6,6_blocks,81678,40.7,1,1,1,,,0.5,"xgb,lgb",0.4571428571428571,False,0.0,VALIDATED,,,16,15.32,25.0,24.87,1.0,1.0
2026-08-15 05:45:30.476583+00:00,1,1_block,82419,41.1,2,1,1,,,0.5,"xgb,lgb",0.468369351669941,False,0.0,VALIDATED,,,10,9.76,16.0,15.56,2.0,1.06
2026-08-15 05:45:30.476583+00:00,3,3_blocks,82419,41.1,2,1,1,,,0.5,"xgb,lgb",1.0,False,0.0,VALIDATED,,,15,14.27,24.0,23.12,1.0,1.0
2026-08-15 05:45:30.476583+00:00,6,6_blocks,82419,41.1,2,1,1,,,0.5,"xgb,lgb",0.4571428571428571,False,0.0,VALIDATED,,,15,14.29,24.0,23.12,2.0,1.05
2026-08-15 06:02:13.342412+00:00,1,1_block,81468,40.8,1,1,1,,,0.5,"xgb,lgb",1.0,False,0.0,VALIDATED,,,3,2.57,4.0,3.62,1.0,1.0
2026-08-15 06:02:13.342412+00:00,3,3_blocks,81468,40.8,1,1,1,,,0.996,"xgb,lgb",1.0,False,0.0,VALIDATED,,,2,1.0,1.0,1.0,1.0,1.0
2026-08-15 06:02:13.342412+00:00,6,6_blocks,81468,40.8,1,1,1,,,1.0,"xgb,lgb",0.4571428571428571,False,0.0,VALIDATED,,,1,1.0,1.0,1.0,1.0,1.0
2026-08-15 06:54:20.855626+00:00,1,1_block,84318,41.4,2,1,1,,,0.5,"xgb,lgb",1.0,False,0.0,VALIDATED,,,8,7.71,13.0,12.19,1.0,1.0
2026-08-15 06:54:20.855626+00:00,3,3_blocks,84318,41.4,2,1,1,,,0.996,"xgb,lgb",0.4357142857142857,False,0.0,VALIDATED,,,2,1.0,1.0,1.0,1.0,1.0
2026-08-15 06:54:20.855626+00:00,6,6_blocks,84318,41.4,2,1,1,,,1.0,"xgb,lgb",0.404040404040404,False,0.0,VALIDATED,,,1,1.0,1.0,1.0,1.0,1.0
2026-08-15 07:25:20.228001+00:00,1,1_block,84559,41.5,2,1,1,,,0.5,"xgb,lgb",0.6587301587301587,False,0.0,VALIDATED,,,8,7.23,12.0,11.17,2.0,1.32
2026-08-15 07:25:20.228001+00:00,3,3_blocks,84559,41.5,2,1,1,,,0.996,"xgb,lgb",0.4357142857142857,False,0.0,VALIDATED,,,2,1.0,1.0,1.0,1.0,1.0
2026-08-15 07:25:20.228001+00:00,6,6_blocks,84559,41.5,2,1,1,,,1.0,"xgb,lgb",0.4428571428571428,False,0.0,VALIDATED,,,1,1.0,1.0,1.0,1.0,1.0
2026-08-15 07:51:11.446701+00:00,1,1_block,82467,40.8,1,1,1,,,0.5,"xgb,lgb",0.6587301587301587,False,0.0,VALIDATED,,,11,10.64,18.0,17.06,1.0,1.0
2026-08-15 07:51:11.446701+00:00,3,3_blocks,82467,40.8,1,1,1,,,0.5,"xgb,lgb",0.4428571428571428,False,0.0,VALIDATED,,,26,25.41,42.0,41.69,1.0,1.0
2026-08-15 07:51:11.446701+00:00,6,6_blocks,82467,40.8,1,1,1,,,0.5,"xgb,lgb",0.4428571428571428,False,0.0,VALIDATED,,,26,25.41,42.0,41.69,1.0,1.0
2026-08-15 08:19:45.386918+00:00,1,1_block,78215,40.4,2,1,1,,,0.5,"xgb,lgb",0.5612903225806452,False,0.0,VALIDATED,,,2,1.88,3.0,2.46,1.0,1.0
2026-08-15 08:19:45.386918+00:00,3,3_blocks,78215,40.4,2,1,1,,,0.996,"xgb,lgb",0.4428571428571428,False,0.0,VALIDATED,,,2,1.0,1.0,1.0,1.0,1.0
2026-08-15 08:19:45.386918+00:00,6,6_blocks,78215,40.4,2,1,1,,,1.0,"xgb,lgb",0.3937007874015748,False,0.0,VALIDATED,,,1,1.0,1.0,1.0,1.0,1.0
2026-08-15 08:49:30.908828+00:00,1,1_block,75963,39.9,1,1,1,,,0.5,"xgb,lgb",0.5612903225806452,False,0.0,VALIDATED,,,8,7.76,13.0,12.27,1.0,1.0
2026-08-15 08:49:30.908828+00:00,3,3_blocks,75963,39.9,1,1,1,,,0.5,"xgb,lgb",0.4142857142857143,False,0.0,VALIDATED,,,14,13.46,22.0,21.76,1.0,1.0
2026-08-15 08:49:30.908828+00:00,6,6_blocks,75963,39.9,1,1,1,,,0.5,"xgb,lgb",0.3937007874015748,False,0.0,VALIDATED,,,14,13.45,22.0,21.76,1.0,1.0
2026-08-15 09:11:55.472907+00:00,1,1_block,76886,40.0,1,1,1,,,0.5,"xgb,lgb",0.4142857142857143,False,0.0,VALIDATED,,,6,5.84,10.0,9.02,2.0,1.08
2026-08-15 09:11:55.472907+00:00,3,3_blocks,76886,40.0,1,1,1,,,0.5,"xgb,lgb",0.4142857142857143,False,0.0,VALIDATED,,,5,4.97,8.0,7.62,1.0,1.0
2026-08-15 09:11:55.472907+00:00,6,6_blocks,76886,40.0,1,1,1,,,0.5,"xgb,lgb",0.35,False,0.0,VALIDATED,,,5,4.97,8.0,7.62,1.0,1.0
2026-08-15 09:43:35.974131+00:00,1,1_block,77183,40.4,3,1,1,,,0.5,"xgb,lgb",0.4142857142857143,False,0.0,VALIDATED,,,5,4.78,8.0,7.31,1.0,1.0
2026-08-15 09:43:35.974131+00:00,3,3_blocks,77183,40.4,3,1,1,,,0.5,"xgb,lgb",0.4820415879017013,False,0.0,VALIDATED,,,9,8.93,15.0,14.22,1.0,1.0
2026-08-15 09:43:35.974131+00:00,6,6_blocks,77183,40.4,3,1,1,,,0.5,"xgb,lgb",0.35,False,0.0,VALIDATED,,,9,8.93,15.0,14.22,1.0,1.0
2026-08-15 10:01:05.888243+00:00,1,1_block,76384,40.0,1,1,1,,,1.0,"xgb,lgb",0.4820415879017013,False,0.0,VALIDATED,,,1,1.0,1.0,1.0,1.0,1.0
2026-08-15 10:01:05.888243+00:00,3,3_blocks,76384,40.0,1,1,1,,,0.996,"xgb,lgb",0.4820415879017013,False,0.0,VALIDATED,,,2,1.0,1.0,1.0,1.0,1.0
2026-08-15 10:01:05.888243+00:00,6,6_blocks,76384,40.0,1,1,1,,,1.0,"xgb,lgb",0.3,False,0.0,VALIDATED,,,1,1.0,1.0,1.0,1.0,1.0
2026-08-15 10:29:45.205954+00:00,1,1_block,74598,39.7,1,1,1,,,0.5,"xgb,lgb",0.4820415879017013,False,0.0,VALIDATED,,,3,2.85,5.0,4.08,1.0,1.0
2026-08-15 10:29:45.205954+00:00,3,3_blocks,74598,39.7,1,1,1,,,0.996,"xgb,lgb",0.4357142857142857,False,0.0,VALIDATED,,,2,1.0,1.0,1.0,1.0,1.0
2026-08-15 10:29:45.205954+00:00,6,6_blocks,74598,39.7,1,1,1,,,1.0,"xgb,lgb",0.3,False,0.0,VALIDATED,,,1,1.0,1.0,1.0,1.0,1.0
2026-08-15 10:49:37.889773+00:00,1,1_block,73988,39.5,1,1,1,,,1.0,"xgb,lgb",0.5071428571428571,False,0.0,VALIDATED,,,1,1.0,1.0,1.0,1.0,1.0
2026-08-15 10:49:37.889773+00:00,3,3_blocks,73988,39.5,1,1,1,,,0.996,"xgb,lgb",0.4357142857142857,False,0.0,VALIDATED,,,2,1.0,1.0,1.0,1.0,1.0
2026-08-15 10:49:37.889773+00:00,6,6_blocks,73988,39.5,1,1,1,,,1.0,"xgb,lgb",0.3,False,0.0,VALIDATED,,,1,1.0,1.0,1.0,1.0,1.0
2026-08-15 11:02:16.407869+00:00,1,1_block,76410,40.2,2,1,1,,,1.0,"xgb,lgb",0.5071428571428571,False,0.0,VALIDATED,,,1,1.0,1.0,1.0,1.0,1.0
2026-08-15 11:02:16.407869+00:00,3,3_blocks,76410,40.2,2,1,1,,,0.996,"xgb,lgb",0.4357142857142857,False,0.0,VALIDATED,,,2,1.0,1.0,1.0,1.0,1.0
2026-08-15 11:02:16.407869+00:00,6,6_blocks,76410,40.2,2,1,1,,,1.0,"xgb,lgb",0.3,False,0.0,VALIDATED,,,1,1.0,1.0,1.0,1.0,1.0
2026-08-15 11:31:09.571016+00:00,1,1_block,75243,40.0,2,1,1,,,0.5,"xgb,lgb",0.5071428571428571,False,0.0,VALIDATED,,,3,2.23,3.0,2.99,2.0,1.08
2026-08-15 11:31:09.571016+00:00,3,3_blocks,75243,40.0,2,1,1,,,0.996,"xgb,lgb",0.4357142857142857,False,0.0,VALIDATED,,,2,1.0,1.0,1.0,1.0,1.0
2026-08-15 11:31:09.571016+00:00,6,6_blocks,75243,40.0,2,1,1,,,1.0,"xgb,lgb",0.3532414497192445,False,0.0,VALIDATED,,,1,1.0,1.0,1.0,1.0,1.0
2026-08-15 11:48:23.765771+00:00,1,1_block,73937,39.4,1,1,1,,,0.5,"xgb,lgb",0.5071428571428571,False,0.0,VALIDATED,,,5,4.67,8.0,7.11,1.0,1.0
2026-08-15 11:48:23.765771+00:00,3,3_blocks,73937,39.4,1,1,1,,,0.996,"xgb,lgb",0.3569794050343249,False,0.0,VALIDATED,,,2,1.0,1.0,1.0,1.0,1.0
2026-08-15 11:48:23.765771+00:00,6,6_blocks,73937,39.4,1,1,1,,,1.0,"xgb,lgb",0.3532414497192445,False,0.0,VALIDATED,,,1,1.0,1.0,1.0,1.0,1.0
2026-08-15 12:00:36.252519+00:00,1,1_block,76247,39.7,1,1,1,,,0.5,"xgb,lgb",1.2035398230088497,False,0.0,VALIDATED,,,5,4.87,8.0,7.45,1.0,1.0
2026-08-15 12:00:36.252519+00:00,3,3_blocks,76247,39.7,1,1,1,,,0.996,"xgb,lgb",0.3569794050343249,False,0.0,VALIDATED,,,2,1.0,1.0,1.0,1.0,1.0
2026-08-15 12:00:36.252519+00:00,6,6_blocks,76247,39.7,1,1,1,,,1.0,"xgb,lgb",0.3532414497192445,False,0.0,VALIDATED,,,1,1.0,1.0,1.0,1.0,1.0
2026-08-15 12:47:51.799164+00:00,1,1_block,73235,39.4,1,1,1,,,0.5,"xgb,lgb",1.2035398230088497,False,0.0,VALIDATED,,,2,1.88,3.0,2.47,1.0,1.0
2026-08-15 12:47:51.799164+00:00,3,3_blocks,73235,39.4,1,1,1,,,0.996,"xgb,lgb",1.2035398230088497,False,0.0,VALIDATED,,,2,1.0,1.0,1.0,1.0,1.0
2026-08-15 12:47:51.799164+00:00,6,6_blocks,73235,39.4,1,1,1,,,1.0,"xgb,lgb",0.3569794050343249,False,0.0,VALIDATED,,,1,1.0,1.0,1.0,1.0,1.0
2026-08-15 13:19:45.217904+00:00,1,1_block,75248,40.1,2,1,1,,,0.5,"xgb,lgb",1.2054794520547945,False,0.0,VALIDATED,,,4,3.9,6.0,5.83,1.0,1.0
2026-08-15 13:19:45.217904+00:00,3,3_blocks,75248,40.1,2,1,1,,,0.5,"xgb,lgb",1.2035398230088497,False,0.0,VALIDATED,,,9,8.63,14.0,13.71,1.0,1.0
2026-08-15 13:19:45.217904+00:00,6,6_blocks,75248,40.1,2,1,1,,,0.5,"xgb,lgb",1.0,False,0.0,VALIDATED,,,9,8.63,14.0,13.71,1.0,1.0
2026-08-15 13:47:16.156135+00:00,1,1_block,80531,41.2,3,3,1,,,0.5,"xgb,lgb",1.2054794520547945,False,0.0,VALIDATED,,,11,10.67,18.0,17.11,1.0,1.0
2026-08-15 13:47:16.156135+00:00,3,3_blocks,80531,41.2,3,3,1,,,0.5,"xgb,lgb",1.0,False,0.0,VALIDATED,,,26,25.25,42.0,41.42,1.0,1.0
2026-08-15 13:47:16.156135+00:00,6,6_blocks,80531,41.2,3,3,1,,,0.5,"xgb,lgb",1.0,False,0.0,VALIDATED,,,26,25.25,42.0,41.42,1.0,1.0
2026-08-15 14:02:11.463467+00:00,1,1_block,77272,40.5,2,1,1,,,0.726,"xgb,lgb",1.0,False,0.0,VALIDATED,,,2,1.13,1.0,1.0,2.0,1.32
2026-08-15 14:02:11.463467+00:00,3,3_blocks,77272,40.5,2,1,1,,,0.5,"xgb,lgb",1.0,False,0.0,VALIDATED,,,35,34.65,58.0,57.08,1.0,1.0
2026-08-15 14:02:11.463467+00:00,6,6_blocks,77272,40.5,2,1,1,,,0.5,"xgb,lgb",0.4647887323943662,False,0.0,VALIDATED,,,35,34.65,58.0,57.08,1.0,1.0
2026-08-15 14:34:29.271693+00:00,1,1_block,81797,41.5,3,3,1,,,0.5,"xgb,lgb",1.0,False,0.0,VALIDATED,,,8,7.28,12.0,11.22,2.0,1.37
2026-08-15 14:34:29.271693+00:00,3,3_blocks,81797,41.5,3,3,1,,,0.5,"xgb,lgb",0.4647887323943662,False,0.0,VALIDATED,,,2,1.83,3.0,2.39,1.0,1.0
2026-08-15 14:34:29.271693+00:00,6,6_blocks,81797,41.5,3,3,1,,,0.5,"xgb,lgb",0.4647887323943662,False,0.0,VALIDATED,,,2,1.83,3.0,2.39,1.0,1.0
2026-08-15 14:55:16.599174+00:00,1,1_block,78456,40.9,2,1,1,,,0.5,"xgb,lgb",0.4857142857142857,False,0.0,VALIDATED,,,5,4.07,6.0,5.89,2.0,1.33
2026-08-15 14:55:16.599174+00:00,3,3_blocks,78456,40.9,2,1,1,,,0.5,"xgb,lgb",0.4647887323943662,False,0.0,VALIDATED,,,20,19.54,32.0,31.89,1.0,1.0
2026-08-15 14:55:16.599174+00:00,6,6_blocks,78456,40.9,2,1,1,,,0.5,"xgb,lgb",0.4647887323943662,False,0.0,VALIDATED,,,20,19.53,32.0,31.89,1.0,1.0
2026-08-15 15:14:23.970395+00:00,1,1_block,75696,40.1,1,1,1,,,0.987,"xgb,lgb",0.4857142857142857,False,0.0,VALIDATED,,,2,1.01,2.0,1.01,1.0,1.0
2026-08-15 15:14:23.970395+00:00,3,3_blocks,75696,40.1,1,1,1,,,0.5,"xgb,lgb",0.4647887323943662,False,0.0,VALIDATED,,,3,2.03,3.0,2.72,1.0,1.0
2026-08-15 15:14:23.970395+00:00,6,6_blocks,75696,40.1,1,1,1,,,0.5,"xgb,lgb",0.315,False,0.0,VALIDATED,,,3,2.03,3.0,2.72,1.0,1.0
2026-08-15 15:37:10.460096+00:00,1,1_block,75664,40.1,1,1,1,,,0.5,"xgb,lgb",0.4857142857142857,False,0.0,VALIDATED,,,3,2.26,4.0,3.1,1.0,1.0
2026-08-15 15:37:10.460096+00:00,3,3_blocks,75664,40.1,1,1,1,,,0.5,"xgb,lgb",0.3741007194244604,False,0.0,VALIDATED,,,22,21.69,36.0,35.49,1.0,1.0
2026-08-15 15:37:10.460096+00:00,6,6_blocks,75664,40.1,1,1,1,,,0.5,"xgb,lgb",0.315,False,0.0,VALIDATED,,,22,21.69,36.0,35.49,1.0,1.0
2026-08-15 15:53:38.176647+00:00,1,1_block,76969,40.5,2,1,1,,,1.0,"xgb,lgb",0.4571428571428571,False,0.0,VALIDATED,,,1,1.0,1.0,1.0,1.0,1.0
2026-08-15 15:53:38.176647+00:00,3,3_blocks,76969,40.5,2,1,1,,,0.5,"xgb,lgb",0.3741007194244604,False,0.0,VALIDATED,,,9,8.75,14.0,13.91,1.0,1.0
2026-08-15 15:53:38.176647+00:00,6,6_blocks,76969,40.5,2,1,1,,,0.5,"xgb,lgb",0.315,False,0.0,VALIDATED,,,9,8.75,14.0,13.91,1.0,1.0
2026-08-15 16:16:23.212554+00:00,1,1_block,75932,39.8,1,1,1,,,0.5,"xgb,lgb",0.4571428571428571,False,0.0,VALIDATED,,,7,6.38,10.0,9.96,1.0,1.0
2026-08-15 16:16:23.212554+00:00,3,3_blocks,75932,39.8,1,1,1,,,0.5,"xgb,lgb",0.3741007194244604,False,0.0,VALIDATED,,,20,19.63,33.0,32.05,1.0,1.0
2026-08-15 16:16:23.212554+00:00,6,6_blocks,75932,39.8,1,1,1,,,0.5,"xgb,lgb",0.4571428571428571,False,0.0,VALIDATED,,,20,19.63,33.0,32.05,1.0,1.0
2026-08-15 16:44:25.863205+00:00,1,1_block,76359,40.0,1,1,1,,,0.5,"xgb,lgb",0.4571428571428571,False,0.0,VALIDATED,,,2,1.7,3.0,2.17,1.0,1.0
2026-08-15 16:44:25.863205+00:00,3,3_blocks,76359,40.0,1,1,1,,,0.5,"xgb,lgb",0.46,False,0.0,VALIDATED,,,11,10.53,17.0,16.87,1.0,1.0
2026-08-15 16:44:25.863205+00:00,6,6_blocks,76359,40.0,1,1,1,,,0.5,"xgb,lgb",0.4571428571428571,False,0.0,VALIDATED,,,11,10.52,17.0,16.87,1.0,1.0
2026-08-15 17:02:45.987404+00:00,1,1_block,73026,39.3,1,1,1,,,0.5,"xgb,lgb",1.102691924227318,False,0.0,VALIDATED,,,6,5.64,9.0,8.73,1.0,1.0
2026-08-15 17:02:45.987404+00:00,3,3_blocks,73026,39.3,1,1,1,,,0.5,"xgb,lgb",0.46,False,0.0,VALIDATED,,,5,4.0,6.0,6.0,1.0,1.0
2026-08-15 17:02:45.987404+00:00,6,6_blocks,73026,39.3,1,1,1,,,0.5,"xgb,lgb",0.4642857142857143,False,0.0,VALIDATED,,,5,4.0,6.0,6.0,1.0,1.0
2026-08-15 17:31:54.025840+00:00,1,1_block,81681,43.1,3,3,1,,,0.5,"xgb,lgb",1.102691924227318,False,0.0,VALIDATED,,,11,10.42,17.0,16.7,1.0,1.0
2026-08-15 17:31:54.025840+00:00,3,3_blocks,81681,43.1,3,3,1,,,0.5,"xgb,lgb",0.46,False,0.0,VALIDATED,,,14,13.94,23.0,22.56,1.0,1.0
2026-08-15 17:31:54.025840+00:00,6,6_blocks,81681,43.1,3,3,1,,,0.5,"xgb,lgb",0.4642857142857143,False,0.0,VALIDATED,,,14,13.94,23.0,22.56,1.0,1.0
2026-08-15 17:53:33.984302+00:00,1,1_block,75500,42.5,1,1,1,,,1.0,"xgb,lgb",0.4642857142857143,False,0.0,VALIDATED,,,1,1.0,1.0,1.0,1.0,1.0
2026-08-15 17:53:33.984302+00:00,3,3_blocks,75500,42.5,1,1,1,,,0.996,"xgb,lgb",0.4642857142857143,False,0.0,VALIDATED,,,2,1.0,1.0,1.0,1.0,1.0
2026-08-15 17:53:33.984302+00:00,6,6_blocks,75500,42.5,1,1,1,,,1.0,"xgb,lgb",0.4642857142857143,False,0.0,VALIDATED,,,1,1.0,1.0,1.0,1.0,1.0
2026-08-15 18:19:42.326778+00:00,1,1_block,72530,43.3,1,1,1,,,0.5,"xgb,lgb",0.4642857142857143,False,0.0,VALIDATED,,,5,4.79,8.0,7.26,2.0,1.1
2026-08-15 18:19:42.326778+00:00,3,3_blocks,72530,43.3,1,1,1,,,0.5,"xgb,lgb",0.4642857142857143,False,0.0,VALIDATED,,,21,20.48,34.0,33.46,1.0,1.0
2026-08-15 18:19:42.326778+00:00,6,6_blocks,72530,43.3,1,1,1,,,0.5,"xgb,lgb",0.4601769911504424,False,0.0,VALIDATED,,,21,20.47,34.0,33.46,1.0,1.0
2026-08-15 18:51:34.398048+00:00,1,1_block,75470,44.0,1,1,1,,,0.5,"xgb,lgb",0.4642857142857143,False,0.0,VALIDATED,,,2,1.4,2.0,1.67,1.0,1.0
2026-08-15 18:51:34.398048+00:00,3,3_blocks,75470,44.0,1,1,1,,,0.5,"xgb,lgb",0.4601769911504424,False,0.0,VALIDATED,,,5,4.81,8.0,7.35,1.0,1.0
2026-08-15 18:51:34.398048+00:00,6,6_blocks,75470,44.0,1,1,1,,,0.5,"xgb,lgb",0.4601769911504424,False,0.0,VALIDATED,,,5,4.81,8.0,7.35,1.0,1.0
2026-08-15 19:17:17.945485+00:00,1,1_block,75710,44.3,1,1,1,,,0.614,"xgb,lgb",1.0,False,0.0,VALIDATED,,,2,1.29,2.0,1.48,1.0,1.0
2026-08-15 19:17:17.945485+00:00,3,3_blocks,75710,44.3,1,1,1,,,0.5,"xgb,lgb",0.4601769911504424,False,0.0,VALIDATED,,,15,14.32,24.0,23.19,1.0,1.0
2026-08-15 19:17:17.945485+00:00,6,6_blocks,75710,44.3,1,1,1,,,0.5,"xgb,lgb",0.4601769911504424,False,0.0,VALIDATED,,,15,14.31,24.0,23.19,1.0,1.0
2026-08-15 19:38:03.813360+00:00,1,1_block,76557,44.6,1,1,1,,,0.56,"xgb,lgb",1.0,False,0.0,VALIDATED,,,2,1.34,2.0,1.56,1.0,1.0
2026-08-15 19:38:03.813360+00:00,3,3_blocks,76557,44.6,1,1,1,,,0.996,"xgb,lgb",0.5959595959595959,False,0.0,VALIDATED,,,2,1.0,1.0,1.0,1.0,1.0
2026-08-15 19:38:03.813360+00:00,6,6_blocks,76557,44.6,1,1,1,,,1.0,"xgb,lgb",0.4601769911504424,False,0.0,VALIDATED,,,1,1.0,1.0,1.0,1.0,1.0
2026-08-15 19:53:02.616383+00:00,1,1_block,80391,45.5,3,1,1,,,0.5,"xgb,lgb",0.5959595959595959,False,0.0,VALIDATED,,,4,3.78,6.0,5.63,1.0,1.0
2026-08-15 19:53:02.616383+00:00,3,3_blocks,80391,45.5,3,1,1,,,0.5,"xgb,lgb",0.5959595959595959,False,0.0,VALIDATED,,,20,19.67,33.0,32.11,1.0,1.0
2026-08-15 19:53:02.616383+00:00,6,6_blocks,80391,45.5,3,1,1,,,0.5,"xgb,lgb",0.4601769911504424,False,0.0,VALIDATED,,,20,19.67,33.0,32.11,1.0,1.0
2026-08-15 20:15:30.269499+00:00,1,1_block,78573,45.1,2,1,1,,,0.5,"xgb,lgb",0.5959595959595959,False,0.0,VALIDATED,,,6,5.53,9.0,8.54,1.0,1.0
2026-08-15 20:15:30.269499+00:00,3,3_blocks,78573,45.1,2,1,1,,,0.5,"xgb,lgb",0.5959595959595959,False,0.0,VALIDATED,,,5,4.98,8.0,7.63,1.0,1.0
2026-08-15 20:15:30.269499+00:00,6,6_blocks,78573,45.1,2,1,1,,,0.5,"xgb,lgb",0.4836065573770491,False,0.0,VALIDATED,,,5,4.98,8.0,7.63,1.0,1.0
2026-08-15 20:41:36.090528+00:00,1,1_block,82631,46.1,4,3,1,,,0.5,"xgb,lgb",0.5959595959595959,False,0.0,VALIDATED,,,6,5.46,9.0,8.43,1.0,1.0
2026-08-15 20:41:36.090528+00:00,3,3_blocks,82631,46.1,4,3,1,,,0.5,"xgb,lgb",0.4836065573770491,False,0.0,VALIDATED,,,32,31.76,53.0,52.27,1.0,1.0
2026-08-15 20:41:36.090528+00:00,6,6_blocks,82631,46.1,4,3,1,,,0.5,"xgb,lgb",0.4836065573770491,False,0.0,VALIDATED,,,32,31.76,53.0,52.27,1.0,1.0
2026-08-15 21:01:24.881266+00:00,1,1_block,75029,44.3,1,1,1,,,0.5,"xgb,lgb",0.4876325088339223,False,0.0,VALIDATED,,,7,6.92,11.0,10.63,2.0,1.34
2026-08-15 21:01:24.881266+00:00,3,3_blocks,75029,44.3,1,1,1,,,0.996,"xgb,lgb",0.4836065573770491,False,0.0,VALIDATED,,,2,1.0,1.0,1.0,1.0,1.0
2026-08-15 21:01:24.881266+00:00,6,6_blocks,75029,44.3,1,1,1,,,1.0,"xgb,lgb",0.4642857142857143,False,0.0,VALIDATED,,,1,1.0,1.0,1.0,1.0,1.0
2026-08-15 21:31:43.664414+00:00,1,1_block,79524,45.7,2,2,1,,,0.5,"xgb,lgb",0.4876325088339223,False,0.0,VALIDATED,,,7,6.53,11.0,10.16,2.0,1.08
2026-08-15 21:31:43.664414+00:00,3,3_blocks,79524,45.7,2,2,1,,,0.5,"xgb,lgb",0.4657534246575342,False,0.0,VALIDATED,,,52,51.15,85.0,84.58,1.0,1.0
2026-08-15 21:31:43.664414+00:00,6,6_blocks,79524,45.7,2,2,1,,,0.5,"xgb,lgb",0.4642857142857143,False,0.0,VALIDATED,,,52,51.15,85.0,84.58,1.0,1.0
2026-08-15 21:52:34.096415+00:00,1,1_block,76119,44.5,1,1,1,,,1.0,"xgb,lgb",0.6,False,0.0,VALIDATED,,,1,1.0,1.0,1.0,1.0,1.0
2026-08-15 21:52:34.096415+00:00,3,3_blocks,76119,44.5,1,1,1,,,0.996,"xgb,lgb",0.4657534246575342,False,0.0,VALIDATED,,,2,1.0,1.0,1.0,1.0,1.0
2026-08-15 21:52:34.096415+00:00,6,6_blocks,76119,44.5,1,1,1,,,1.0,"xgb,lgb",0.4642857142857143,False,0.0,VALIDATED,,,1,1.0,1.0,1.0,1.0,1.0
2026-08-15 22:14:19.685992+00:00,1,1_block,78159,45.1,2,1,1,,,0.717,"xgb,lgb",0.6,False,0.0,VALIDATED,,,2,1.2,2.0,1.33,1.0,1.0
2026-08-15 22:14:19.685992+00:00,3,3_blocks,78159,45.1,2,1,1,,,0.996,"xgb,lgb",0.4657534246575342,False,0.0,VALIDATED,,,2,1.0,1.0,1.0,1.0,1.0
2026-08-15 22:14:19.685992+00:00,6,6_blocks,78159,45.1,2,1,1,,,1.0,"xgb,lgb",0.4344262295081967,False,0.0,VALIDATED,,,1,1.0,1.0,1.0,1.0,1.0
2026-08-15 22:40:51.816068+00:00,1,1_block,77208,44.7,1,1,1,,,0.5,"xgb,lgb",0.6,False,0.0,VALIDATED,,,4,3.36,5.0,4.93,1.0,1.0
2026-08-15 22:40:51.816068+00:00,3,3_blocks,77208,44.7,1,1,1,,,0.5,"xgb,lgb",0.4344262295081967,False,0.0,VALIDATED,,,21,20.08,33.0,32.79,1.0,1.0
2026-08-15 22:40:51.816068+00:00,6,6_blocks,77208,44.7,1,1,1,,,0.5,"xgb,lgb",0.4344262295081967,False,0.0,VALIDATED,,,21,20.08,33.0,32.79,1.0,1.0
2026-08-15 22:57:28.309953+00:00,1,1_block,77527,44.8,1,1,1,,,0.5,"xgb,lgb",0.4344262295081967,False,0.0,VALIDATED,,,4,3.43,6.0,5.05,1.0,1.0
2026-08-15 22:57:28.309953+00:00,3,3_blocks,77527,44.8,1,1,1,,,0.5,"xgb,lgb",0.4344262295081967,False,0.0,VALIDATED,,,13,12.97,21.0,20.95,1.0,1.0
2026-08-15 22:57:28.309953+00:00,6,6_blocks,77527,44.8,1,1,1,,,0.5,"xgb,lgb",0.4344262295081967,False,0.0,VALIDATED,,,13,12.97,21.0,20.95,1.0,1.0
2026-08-15 23:27:22.406960+00:00,1,1_block,76916,44.6,1,1,1,,,0.5,"xgb,lgb",0.4344262295081967,False,0.0,VALIDATED,,,5,4.61,8.0,7.02,1.0,1.0
2026-08-15 23:27:22.406960+00:00,3,3_blocks,76916,44.6,1,1,1,,,0.5,"xgb,lgb",0.4344262295081967,False,0.0,VALIDATED,,,13,12.46,21.0,20.09,1.0,1.0
2026-08-15 23:27:22.406960+00:00,6,6_blocks,76916,44.6,1,1,1,,,0.5,"xgb,lgb",0.375886524822695,False,0.0,VALIDATED,,,13,12.45,21.0,20.09,1.0,1.0
2026-08-15 23:38:00.383893+00:00,1,1_block,76835,44.7,1,1,1,,,0.5,"xgb,lgb",0.4344262295081967,False,0.0,VALIDATED,,,7,6.31,10.0,9.86,1.0,1.0
2026-08-15 23:38:00.383893+00:00,3,3_blocks,76835,44.7,1,1,1,,,0.5,"xgb,lgb",0.4344262295081967,False,0.0,VALIDATED,,,20,19.59,32.0,31.99,1.0,1.0
2026-08-15 23:38:00.383893+00:00,6,6_blocks,76835,44.7,1,1,1,,,0.5,"xgb,lgb",0.375886524822695,False,0.0,VALIDATED,,,20,19.59,32.0,31.99,1.0,1.0
2026-08-15 23:53:56.267822+00:00,1,1_block,76260,44.4,1,1,1,,,0.5,"xgb,lgb",0.4344262295081967,False,0.0,VALIDATED,,,6,5.28,9.0,8.13,1.0,1.0
2026-08-15 23:53:56.267822+00:00,3,3_blocks,76260,44.4,1,1,1,,,0.5,"xgb,lgb",0.4344262295081967,False,0.0,VALIDATED,,,12,11.26,19.0,18.1,1.0,1.0
2026-08-15 23:53:56.267822+00:00,6,6_blocks,76260,44.4,1,1,1,,,0.5,"xgb,lgb",0.375886524822695,False,0.0,VALIDATED,,,12,11.26,19.0,18.1,1.0,1.0
2026-08-16 00:55:05.947967+00:00,1,1_block,75889,44.0,1,1,1,,,0.5,"xgb,lgb",0.375886524822695,False,0.0,VALIDATED,,,5,4.87,8.0,7.46,1.0,1.0
2026-08-16 00:55:05.947967+00:00,3,3_blocks,75889,44.0,1,1,1,,,0.5,"xgb,lgb",0.375886524822695,False,0.0,VALIDATED,,,11,10.22,17.0,16.36,1.0,1.0
2026-08-16 00:55:05.947967+00:00,6,6_blocks,75889,44.0,1,1,1,,,0.5,"xgb,lgb",0.375886524822695,False,0.0,VALIDATED,,,11,10.21,17.0,16.36,1.0,1.0
2026-08-16 02:18:44.551917+00:00,1,1_block,71708,43.0,1,1,1,,,0.5,"xgb,lgb",0.4842857142857142,False,0.0,VALIDATED,,,6,5.35,9.0,8.25,1.0,1.0
2026-08-16 02:18:44.551917+00:00,3,3_blocks,71708,43.0,1,1,1,,,0.996,"xgb,lgb",0.4071428571428571,False,0.0,VALIDATED,,,2,1.0,1.0,1.0,1.0,1.0
2026-08-16 02:18:44.551917+00:00,6,6_blocks,71708,43.0,1,1,1,,,1.0,"xgb,lgb",0.4,False,0.0,VALIDATED,,,1,1.0,1.0,1.0,1.0,1.0
2026-08-16 03:15:55.876839+00:00,1,1_block,74984,43.7,1,1,1,,,0.976,"xgb,lgb",0.4842857142857142,False,0.0,VALIDATED,,,2,1.01,2.0,1.02,1.0,1.0
2026-08-16 03:15:55.876839+00:00,3,3_blocks,74984,43.7,1,1,1,,,0.996,"xgb,lgb",0.3937007874015748,False,0.0,VALIDATED,,,2,1.0,1.0,1.0,1.0,1.0
2026-08-16 03:15:55.876839+00:00,6,6_blocks,74984,43.7,1,1,1,,,1.0,"xgb,lgb",0.3937007874015748,False,0.0,VALIDATED,,,1,1.0,1.0,1.0,1.0,1.0
2026-08-16 04:01:52.675894+00:00,1,1_block,80254,44.3,1,1,1,,,0.5,"xgb,lgb",0.4821428571428571,False,0.0,VALIDATED,,,11,10.08,16.0,15.92,2.0,1.31
2026-08-16 04:01:52.675894+00:00,3,3_blocks,80254,44.3,1,1,1,,,0.5,"xgb,lgb",0.3937007874015748,False,0.0,VALIDATED,,,24,23.6,39.0,38.66,1.0,1.0
2026-08-16 04:01:52.675894+00:00,6,6_blocks,80254,44.3,1,1,1,,,0.5,"xgb,lgb",0.3937007874015748,False,0.0,VALIDATED,,,24,23.6,39.0,38.66,1.0,1.0
2026-08-16 04:46:44.265978+00:00,1,1_block,78732,44.1,1,1,1,,,0.5,"xgb,lgb",0.3937007874015748,False,0.0,VALIDATED,,,7,6.65,11.0,10.42,1.0,1.0
2026-08-16 04:46:44.265978+00:00,3,3_blocks,78732,44.1,1,1,1,,,0.5,"xgb,lgb",0.4285714285714285,False,0.0,VALIDATED,,,8,7.62,13.0,12.04,1.0,1.0
2026-08-16 04:46:44.265978+00:00,6,6_blocks,78732,44.1,1,1,1,,,0.5,"xgb,lgb",0.3937007874015748,False,0.0,VALIDATED,,,8,7.62,13.0,12.04,1.0,1.0
2026-08-16 05:13:20.861710+00:00,1,1_block,75233,43.4,1,1,1,,,1.0,"xgb,lgb",0.4785714285714286,False,0.0,VALIDATED,,,1,1.0,1.0,1.0,1.0,1.0
2026-08-16 05:13:20.861710+00:00,3,3_blocks,75233,43.4,1,1,1,,,0.5,"xgb,lgb",0.4285714285714285,False,0.0,VALIDATED,,,18,17.1,28.0,27.83,1.0,1.0
2026-08-16 05:13:20.861710+00:00,6,6_blocks,75233,43.4,1,1,1,,,0.5,"xgb,lgb",0.4642857142857143,False,0.0,VALIDATED,,,18,17.1,28.0,27.83,1.0,1.0
2026-08-16 05:45:41.642026+00:00,1,1_block,78615,44.0,1,1,1,,,0.5,"xgb,lgb",0.4785714285714286,False,0.0,VALIDATED,,,6,5.48,9.0,8.47,1.0,1.0
2026-08-16 05:45:41.642026+00:00,3,3_blocks,78615,44.0,1,1,1,,,0.5,"xgb,lgb",0.5,False,0.0,VALIDATED,,,15,14.55,24.0,23.58,1.0,1.0
2026-08-16 05:45:41.642026+00:00,6,6_blocks,78615,44.0,1,1,1,,,0.5,"xgb,lgb",0.4642857142857143,False,0.0,VALIDATED,,,15,14.55,24.0,23.58,1.0,1.0
2026-08-16 06:03:48.126151+00:00,1,1_block,79361,44.2,1,1,1,,,0.5,"xgb,lgb",1.0,False,0.0,VALIDATED,,,5,4.9,8.0,7.5,1.0,1.0
2026-08-16 06:03:48.126151+00:00,3,3_blocks,79361,44.2,1,1,1,,,0.5,"xgb,lgb",0.5,False,0.0,VALIDATED,,,11,10.81,18.0,17.34,1.0,1.0
2026-08-16 06:03:48.126151+00:00,6,6_blocks,79361,44.2,1,1,1,,,0.5,"xgb,lgb",0.4642857142857143,False,0.0,VALIDATED,,,11,10.8,18.0,17.34,1.0,1.0
2026-08-16 06:55:47.002665+00:00,1,1_block,81954,45.0,2,1,1,,,0.5,"xgb,lgb",1.0,False,0.0,VALIDATED,,,5,4.46,7.0,6.54,2.0,1.33
2026-08-16 06:55:47.002665+00:00,3,3_blocks,81954,45.0,2,1,1,,,0.5,"xgb,lgb",0.4785714285714286,False,0.0,VALIDATED,,,29,28.12,47.0,46.2,1.0,1.0
2026-08-16 06:55:47.002665+00:00,6,6_blocks,81954,45.0,2,1,1,,,0.5,"xgb,lgb",0.3818181818181818,False,0.0,VALIDATED,,,29,28.12,47.0,46.2,1.0,1.0
2026-08-16 07:38:20.267289+00:00,1,1_block,79010,44.1,1,1,1,,,0.5,"xgb,lgb",0.4785714285714286,False,0.0,VALIDATED,,,5,4.81,8.0,7.27,2.0,1.11
2026-08-16 07:38:20.267289+00:00,3,3_blocks,79010,44.1,1,1,1,,,0.5,"xgb,lgb",0.4645669291338583,False,0.0,VALIDATED,,,8,7.41,12.0,11.68,1.0,1.0
2026-08-16 07:38:20.267289+00:00,6,6_blocks,79010,44.1,1,1,1,,,0.5,"xgb,lgb",0.4524886877828054,False,0.0,VALIDATED,,,8,7.41,12.0,11.68,1.0,1.0
2026-08-16 07:53:27.537854+00:00,1,1_block,74152,43.4,1,1,1,,,0.5,"xgb,lgb",0.4785714285714286,False,0.0,VALIDATED,,,9,8.66,14.0,13.76,1.0,1.0
2026-08-16 07:53:27.537854+00:00,3,3_blocks,74152,43.4,1,1,1,,,0.5,"xgb,lgb",0.4645669291338583,False,0.0,VALIDATED,,,13,12.31,20.0,19.84,1.0,1.0
2026-08-16 07:53:27.537854+00:00,6,6_blocks,74152,43.4,1,1,1,,,0.5,"xgb,lgb",0.4524886877828054,False,0.0,VALIDATED,,,13,12.3,20.0,19.84,1.0,1.0
2026-08-16 08:20:54.119675+00:00,1,1_block,74418,43.4,1,1,1,,,0.5,"xgb,lgb",0.4645669291338583,False,0.0,VALIDATED,,,15,14.35,24.0,23.25,1.0,1.0
2026-08-16 08:20:54.119675+00:00,3,3_blocks,74418,43.4,1,1,1,,,0.5,"xgb,lgb",0.4645669291338583,False,0.0,VALIDATED,,,9,8.99,15.0,14.31,1.0,1.0
2026-08-16 08:20:54.119675+00:00,6,6_blocks,74418,43.4,1,1,1,,,0.5,"xgb,lgb",0.3669064748201439,False,0.0,VALIDATED,,,9,8.99,15.0,14.31,1.0,1.0
2026-08-16 08:52:05.362898+00:00,1,1_block,75189,43.8,2,1,1,,,0.5,"xgb,lgb",0.4645669291338583,False,0.0,VALIDATED,,,10,9.88,16.0,15.79,1.0,1.0
2026-08-16 08:52:05.362898+00:00,3,3_blocks,75189,43.8,2,1,1,,,0.996,"xgb,lgb",0.3669064748201439,False,0.0,VALIDATED,,,2,1.0,1.0,1.0,1.0,1.0
2026-08-16 08:52:05.362898+00:00,6,6_blocks,75189,43.8,2,1,1,,,1.0,"xgb,lgb",0.3669064748201439,False,0.0,VALIDATED,,,1,1.0,1.0,1.0,1.0,1.0
2026-08-16 09:33:30.879240+00:00,1,1_block,73161,43.1,1,1,1,,,0.5,"xgb,lgb",0.4,False,0.0,VALIDATED,,,3,2.66,4.0,3.77,1.0,1.0
2026-08-16 09:33:30.879240+00:00,3,3_blocks,73161,43.1,1,1,1,,,0.996,"xgb,lgb",0.4452423698384201,False,0.0,VALIDATED,,,2,1.0,1.0,1.0,1.0,1.0
2026-08-16 09:33:30.879240+00:00,6,6_blocks,73161,43.1,1,1,1,,,1.0,"xgb,lgb",0.3857142857142857,False,0.0,VALIDATED,,,1,1.0,1.0,1.0,1.0,1.0
2026-08-16 09:50:06.662534+00:00,1,1_block,72594,43.0,1,1,1,,,1.0,"xgb,lgb",0.4,False,0.0,VALIDATED,,,1,1.0,1.0,1.0,1.0,1.0
2026-08-16 09:50:06.662534+00:00,3,3_blocks,72594,43.0,1,1,1,,,0.996,"xgb,lgb",0.4452423698384201,False,0.0,VALIDATED,,,2,1.0,1.0,1.0,1.0,1.0
2026-08-16 09:50:06.662534+00:00,6,6_blocks,72594,43.0,1,1,1,,,1.0,"xgb,lgb",0.3857142857142857,False,0.0,VALIDATED,,,1,1.0,1.0,1.0,1.0,1.0
2026-08-16 10:05:26.668015+00:00,1,1_block,68545,41.8,1,1,1,,,0.908,"xgb,lgb",1.0016366612111294,False,0.0,VALIDATED,,,2,1.06,2.0,1.1,1.0,1.0
2026-08-16 10:05:26.668015+00:00,3,3_blocks,68545,41.8,1,1,1,,,0.996,"xgb,lgb",0.4452423698384201,False,0.0,VALIDATED,,,2,1.0,1.0,1.0,1.0,1.0
2026-08-16 10:05:26.668015+00:00,6,6_blocks,68545,41.8,1,1,1,,,1.0,"xgb,lgb",0.3669064748201439,False,0.0,VALIDATED,,,1,1.0,1.0,1.0,1.0,1.0
2026-08-16 10:35:01.572850+00:00,1,1_block,74879,42.9,1,1,1,,,1.0,"xgb,lgb",1.0016366612111294,False,0.0,VALIDATED,,,1,1.0,1.0,1.0,1.0,1.0
2026-08-16 10:35:01.572850+00:00,3,3_blocks,74879,42.9,1,1,1,,,0.996,"xgb,lgb",0.4093357271095152,False,0.0,VALIDATED,,,2,1.0,1.0,1.0,1.0,1.0
2026-08-16 10:35:01.572850+00:00,6,6_blocks,74879,42.9,1,1,1,,,1.0,"xgb,lgb",0.3669064748201439,False,0.0,VALIDATED,,,1,1.0,1.0,1.0,1.0,1.0
2026-08-16 10:54:55.283988+00:00,1,1_block,74480,42.7,1,1,1,,,1.0,"xgb,lgb",0.4285714285714285,False,0.0,VALIDATED,,,1,1.0,1.0,1.0,1.0,1.0
2026-08-16 10:54:55.283988+00:00,3,3_blocks,74480,42.7,1,1,1,,,0.996,"xgb,lgb",0.4093357271095152,False,0.0,VALIDATED,,,2,1.0,1.0,1.0,1.0,1.0
2026-08-16 10:54:55.283988+00:00,6,6_blocks,74480,42.7,1,1,1,,,1.0,"xgb,lgb",0.3669064748201439,False,0.0,VALIDATED,,,1,1.0,1.0,1.0,1.0,1.0
2026-08-16 11:14:16.924657+00:00,1,1_block,71386,42.2,1,1,1,,,1.0,"xgb,lgb",0.4285714285714285,False,0.0,VALIDATED,,,1,1.0,1.0,1.0,1.0,1.0
2026-08-16 11:14:16.924657+00:00,3,3_blocks,71386,42.2,1,1,1,,,0.996,"xgb,lgb",0.4093357271095152,False,0.0,VALIDATED,,,2,1.0,1.0,1.0,1.0,1.0
2026-08-16 11:14:16.924657+00:00,6,6_blocks,71386,42.2,1,1,1,,,1.0,"xgb,lgb",0.4071428571428571,False,0.0,VALIDATED,,,1,1.0,1.0,1.0,1.0,1.0
2026-08-16 11:36:58.864918+00:00,1,1_block,70595,41.7,1,1,1,,,0.5,"xgb,lgb",0.4285714285714285,False,0.0,VALIDATED,,,2,1.6,2.0,2.0,1.0,1.0
2026-08-16 11:36:58.864918+00:00,3,3_blocks,70595,41.7,1,1,1,,,0.996,"xgb,lgb",0.4285714285714285,False,0.0,VALIDATED,,,2,1.0,1.0,1.0,1.0,1.0
2026-08-16 11:36:58.864918+00:00,6,6_blocks,70595,41.7,1,1,1,,,1.0,"xgb,lgb",0.4071428571428571,False,0.0,VALIDATED,,,1,1.0,1.0,1.0,1.0,1.0
2026-08-16 11:53:28.293575+00:00,1,1_block,80864,43.2,1,1,1,,,1.0,"xgb,lgb",0.4285714285714285,False,0.0,VALIDATED,,,1,1.0,1.0,1.0,1.0,1.0
2026-08-16 11:53:28.293575+00:00,3,3_blocks,80864,43.2,1,1,1,,,0.5,"xgb,lgb",0.4285714285714285,False,0.0,VALIDATED,,,35,34.87,58.0,57.45,1.0,1.0
2026-08-16 11:53:28.293575+00:00,6,6_blocks,80864,43.2,1,1,1,,,0.5,"xgb,lgb",0.4071428571428571,False,0.0,VALIDATED,,,35,34.87,58.0,57.45,1.0,1.0
2026-08-16 12:25:40.348088+00:00,1,1_block,79202,43.1,1,1,1,,,0.5,"xgb,lgb",1.070921985815603,False,0.0,VALIDATED,,,5,4.12,7.0,6.2,1.0,1.0
2026-08-16 12:25:40.348088+00:00,3,3_blocks,79202,43.1,1,1,1,,,0.5,"xgb,lgb",0.4285714285714285,False,0.0,VALIDATED,,,13,12.33,20.0,19.89,1.0,1.0
2026-08-16 12:25:40.348088+00:00,6,6_blocks,79202,43.1,1,1,1,,,0.5,"xgb,lgb",0.4285714285714285,False,0.0,VALIDATED,,,13,12.33,20.0,19.89,1.0,1.0
2026-08-16 13:08:57.384518+00:00,1,1_block,83094,44.3,3,1,1,,,0.5,"xgb,lgb",2.637450199203187,False,0.0,VALIDATED,,,13,12.76,21.0,20.55,2.0,1.08
2026-08-16 13:08:57.384518+00:00,3,3_blocks,83094,44.3,3,1,1,,,0.5,"xgb,lgb",1.070921985815603,False,0.0,VALIDATED,,,73,72.82,121.0,120.7,1.0,1.0
2026-08-16 13:08:57.384518+00:00,6,6_blocks,83094,44.3,3,1,1,,,0.5,"xgb,lgb",0.45850622406639,False,0.0,VALIDATED,,,73,72.82,121.0,120.7,1.0,1.0
2026-08-16 13:41:46.372254+00:00,1,1_block,87743,45.6,5,4,3,,,0.5,"xgb,lgb",2.637450199203187,False,0.0,VALIDATED,,,7,6.36,10.0,9.87,2.0,1.1
2026-08-16 13:41:46.372254+00:00,3,3_blocks,87743,45.6,5,4,3,,,0.5,"xgb,lgb",0.45850622406639,False,0.0,VALIDATED,,,41,40.27,67.0,66.45,1.0,1.0
2026-08-16 13:41:46.372254+00:00,6,6_blocks,87743,45.6,5,4,3,,,0.5,"xgb,lgb",0.45850622406639,False,0.0,VALIDATED,,,41,40.27,67.0,66.45,1.0,1.0
2026-08-16 14:02:09.593792+00:00,1,1_block,86775,45.6,4,3,3,,,0.5,"xgb,lgb",0.45850622406639,False,0.0,VALIDATED,,,7,6.11,10.0,9.32,2.0,1.31
2026-08-16 14:02:09.593792+00:00,3,3_blocks,86775,45.6,4,3,3,,,0.5,"xgb,lgb",0.45850622406639,False,0.0,VALIDATED,,,42,41.99,70.0,69.32,1.0,1.0
2026-08-16 14:02:09.593792+00:00,6,6_blocks,86775,45.6,4,3,3,,,0.5,"xgb,lgb",0.4412811387900356,False,0.0,VALIDATED,,,42,41.99,70.0,69.32,1.0,1.0
2026-08-16 14:34:54.966619+00:00,1,1_block,79702,43.6,1,1,1,,,0.5,"xgb,lgb",0.45850622406639,False,0.0,VALIDATED,,,11,10.04,16.0,16.0,2.0,1.1
2026-08-16 14:34:54.966619+00:00,3,3_blocks,79702,43.6,1,1,1,,,0.5,"xgb,lgb",0.4412811387900356,False,0.0,VALIDATED,,,5,4.85,8.0,7.41,1.0,1.0
2026-08-16 14:34:54.966619+00:00,6,6_blocks,79702,43.6,1,1,1,,,0.5,"xgb,lgb",0.4412811387900356,False,0.0,VALIDATED,,,5,4.85,8.0,7.41,1.0,1.0
2026-08-16 14:55:23.128482+00:00,1,1_block,79851,43.5,1,1,1,,,0.5,"xgb,lgb",0.5525773195876289,False,0.0,VALIDATED,,,2,1.61,3.0,2.01,1.0,1.0
2026-08-16 14:55:23.128482+00:00,3,3_blocks,79851,43.5,1,1,1,,,0.996,"xgb,lgb",0.4412811387900356,False,0.0,VALIDATED,,,2,1.0,1.0,1.0,1.0,1.0
2026-08-16 14:55:23.128482+00:00,6,6_blocks,79851,43.5,1,1,1,,,1.0,"xgb,lgb",0.4412811387900356,False,0.0,VALIDATED,,,1,1.0,1.0,1.0,1.0,1.0
2026-08-16 15:15:17.265316+00:00,1,1_block,77288,43.1,1,1,1,,,1.0,"xgb,lgb",0.5525773195876289,False,0.0,VALIDATED,,,1,1.0,1.0,1.0,1.0,1.0
2026-08-16 15:15:17.265316+00:00,3,3_blocks,77288,43.1,1,1,1,,,0.996,"xgb,lgb",0.4412811387900356,False,0.0,VALIDATED,,,2,1.0,1.0,1.0,1.0,1.0
2026-08-16 15:15:17.265316+00:00,6,6_blocks,77288,43.1,1,1,1,,,1.0,"xgb,lgb",0.4285714285714285,False,0.0,VALIDATED,,,1,1.0,1.0,1.0,1.0,1.0
2026-08-16 15:39:15.034728+00:00,1,1_block,80512,43.8,1,1,1,,,0.5,"xgb,lgb",0.5525773195876289,False,0.0,VALIDATED,,,6,5.08,8.0,7.8,1.0,1.0
2026-08-16 15:39:15.034728+00:00,3,3_blocks,80512,43.8,1,1,1,,,0.996,"xgb,lgb",0.4285714285714285,False,0.0,VALIDATED,,,2,1.0,1.0,1.0,1.0,1.0
2026-08-16 15:39:15.034728+00:00,6,6_blocks,80512,43.8,1,1,1,,,1.0,"xgb,lgb",0.4285714285714285,False,0.0,VALIDATED,,,1,1.0,1.0,1.0,1.0,1.0
2026-08-16 15:55:40.083923+00:00,1,1_block,81772,43.7,2,1,1,,,0.5,"xgb,lgb",0.8592162554426706,False,0.0,VALIDATED,,,4,3.14,5.0,4.57,1.0,1.0
2026-08-16 15:55:40.083923+00:00,3,3_blocks,81772,43.7,2,1,1,,,0.996,"xgb,lgb",0.4285714285714285,False,0.0,VALIDATED,,,2,1.0,1.0,1.0,1.0,1.0
2026-08-16 15:55:40.083923+00:00,6,6_blocks,81772,43.7,2,1,1,,,1.0,"xgb,lgb",0.4285714285714285,False,0.0,VALIDATED,,,1,1.0,1.0,1.0,1.0,1.0
2026-08-16 16:16:49.712453+00:00,1,1_block,79390,43.2,1,1,1,,,1.0,"xgb,lgb",0.8592162554426706,False,0.0,VALIDATED,,,1,1.0,1.0,1.0,1.0,1.0
2026-08-16 16:16:49.712453+00:00,3,3_blocks,79390,43.2,1,1,1,,,0.996,"xgb,lgb",0.4285714285714285,False,0.0,VALIDATED,,,2,1.0,1.0,1.0,1.0,1.0
2026-08-16 16:16:49.712453+00:00,6,6_blocks,79390,43.2,1,1,1,,,1.0,"xgb,lgb",0.4,False,0.0,VALIDATED,,,1,1.0,1.0,1.0,1.0,1.0
2026-08-16 16:44:39.999785+00:00,1,1_block,77930,43.0,1,1,1,,,0.5,"xgb,lgb",0.8592162554426706,False,0.0,VALIDATED,,,6,5.85,10.0,9.09,1.0,1.0
2026-08-16 16:44:39.999785+00:00,3,3_blocks,77930,43.0,1,1,1,,,0.5,"xgb,lgb",0.4,False,0.0,VALIDATED,,,4,3.83,6.0,5.71,1.0,1.0
2026-08-16 16:44:39.999785+00:00,6,6_blocks,77930,43.0,1,1,1,,,0.5,"xgb,lgb",0.4,False,0.0,VALIDATED,,,4,3.83,6.0,5.71,1.0,1.0
2026-08-16 17:02:32.525703+00:00,1,1_block,79262,43.5,2,1,1,,,0.5,"xgb,lgb",1.0545454545454545,False,0.0,VALIDATED,,,7,6.07,10.0,9.45,1.0,1.0
2026-08-16 17:02:32.525703+00:00,3,3_blocks,79262,43.5,2,1,1,,,0.5,"xgb,lgb",0.4,False,0.0,VALIDATED,,,20,19.95,33.0,32.59,1.0,1.0
2026-08-16 17:02:32.525703+00:00,6,6_blocks,79262,43.5,2,1,1,,,0.5,"xgb,lgb",0.4,False,0.0,VALIDATED,,,20,19.95,33.0,32.59,1.0,1.0
2026-08-16 17:30:45.709109+00:00,1,1_block,77484,43.1,2,1,1,,,1.0,"xgb,lgb",1.0545454545454545,False,0.0,VALIDATED,,,1,1.0,1.0,1.0,1.0,1.0
2026-08-16 17:30:45.709109+00:00,3,3_blocks,77484,43.1,2,1,1,,,0.5,"xgb,lgb",0.4,False,0.0,VALIDATED,,,20,19.97,33.0,32.61,1.0,1.0
2026-08-16 17:30:45.709109+00:00,6,6_blocks,77484,43.1,2,1,1,,,0.5,"xgb,lgb",0.4,False,0.0,VALIDATED,,,20,19.97,33.0,32.61,1.0,1.0
2026-08-16 17:48:21.429925+00:00,1,1_block,79475,43.3,2,1,1,,,0.5,"xgb,lgb",1.0545454545454545,False,0.0,VALIDATED,,,8,7.6,12.0,12.0,1.0,1.0
2026-08-16 17:48:21.429925+00:00,3,3_blocks,79475,43.3,2,1,1,,,0.5,"xgb,lgb",1.1170046801872076,False,0.0,VALIDATED,,,23,22.43,37.0,36.71,1.0,1.0
2026-08-16 17:48:21.429925+00:00,6,6_blocks,79475,43.3,2,1,1,,,0.5,"xgb,lgb",0.4,False,0.0,VALIDATED,,,23,22.42,37.0,36.71,1.0,1.0
2026-08-16 17:59:56.776425+00:00,1,1_block,76847,42.8,1,1,1,,,0.5,"xgb,lgb",1.1170046801872076,False,0.0,VALIDATED,,,10,9.74,16.0,15.56,1.0,1.0
2026-08-16 17:59:56.776425+00:00,3,3_blocks,76847,42.8,1,1,1,,,0.5,"xgb,lgb",1.1170046801872076,False,0.0,VALIDATED,,,23,22.23,37.0,36.38,1.0,1.0
2026-08-16 17:59:56.776425+00:00,6,6_blocks,76847,42.8,1,1,1,,,0.5,"xgb,lgb",0.4,False,0.0,VALIDATED,,,23,22.23,37.0,36.38,1.0,1.0
2026-08-16 18:34:08.734594+00:00,1,1_block,80970,43.9,2,1,1,,,0.5,"xgb,lgb",1.1170046801872076,False,0.0,VALIDATED,,,11,10.75,18.0,17.04,2.0,1.32
2026-08-16 18:34:08.734594+00:00,3,3_blocks,80970,43.9,2,1,1,,,0.5,"xgb,lgb",0.9090909090909092,False,0.0,VALIDATED,,,41,40.4,67.0,66.67,1.0,1.0
2026-08-16 18:34:08.734594+00:00,6,6_blocks,80970,43.9,2,1,1,,,0.5,"xgb,lgb",0.9090909090909092,False,0.0,VALIDATED,,,41,40.4,67.0,66.67,2.0,1.01
2026-08-16 18:59:56.756508+00:00,1,1_block,78863,43.5,2,1,1,,,0.5,"xgb,lgb",0.9090909090909092,False,0.0,VALIDATED,,,4,3.49,5.0,4.94,2.0,1.32
2026-08-16 18:59:56.756508+00:00,3,3_blocks,78863,43.5,2,1,1,,,0.5,"xgb,lgb",0.9090909090909092,False,0.0,VALIDATED,,,27,26.38,44.0,43.3,1.0,1.0
2026-08-16 18:59:56.756508+00:00,6,6_blocks,78863,43.5,2,1,1,,,0.5,"xgb,lgb",0.4285714285714285,False,0.0,VALIDATED,,,27,26.38,44.0,43.3,1.0,1.0
2026-08-16 19:29:34.960151+00:00,1,1_block,85175,45.0,4,3,1,,,0.5,"xgb,lgb",0.9090909090909092,False,0.0,VALIDATED,,,9,8.41,14.0,13.11,2.0,1.35
2026-08-16 19:29:34.960151+00:00,3,3_blocks,85175,45.0,4,3,1,,,0.5,"xgb,lgb",0.4285714285714285,False,0.0,VALIDATED,,,72,71.11,118.0,117.85,1.0,1.0
2026-08-16 19:29:34.960151+00:00,6,6_blocks,85175,45.0,4,3,1,,,0.5,"xgb,lgb",0.4285714285714285,False,0.0,VALIDATED,,,72,71.11,118.0,117.85,2.0,1.01
2026-08-16 19:42:38.671296+00:00,1,1_block,81958,44.4,2,2,1,,,0.5,"xgb,lgb",0.9090909090909092,False,0.0,VALIDATED,,,6,5.82,9.0,8.86,2.0,1.25
2026-08-16 19:42:38.671296+00:00,3,3_blocks,81958,44.4,2,2,1,,,0.996,"xgb,lgb",0.4285714285714285,False,0.0,VALIDATED,,,2,1.0,1.0,1.0,1.0,1.0
2026-08-16 19:42:38.671296+00:00,6,6_blocks,81958,44.4,2,2,1,,,1.0,"xgb,lgb",0.4285714285714285,False,0.0,VALIDATED,,,1,1.0,1.0,1.0,1.0,1.0
2026-08-16 19:58:28.006869+00:00,1,1_block,78936,43.2,1,1,1,,,0.5,"xgb,lgb",1.0769230769230769,False,0.0,VALIDATED,,,8,7.6,12.0,11.93,2.0,1.1
2026-08-16 19:58:28.006869+00:00,3,3_blocks,78936,43.2,1,1,1,,,0.996,"xgb,lgb",0.4285714285714285,False,0.0,VALIDATED,,,2,1.0,1.0,1.0,1.0,1.0
2026-08-16 19:58:28.006869+00:00,6,6_blocks,78936,43.2,1,1,1,,,1.0,"xgb,lgb",0.4285714285714285,False,0.0,VALIDATED,,,1,1.0,1.0,1.0,1.0,1.0
2026-08-16 20:27:55.949740+00:00,1,1_block,76971,42.8,1,1,1,,,0.5,"xgb,lgb",1.0769230769230769,False,0.0,VALIDATED,,,2,1.83,3.0,2.39,1.0,1.0
2026-08-16 20:27:55.949740+00:00,3,3_blocks,76971,42.8,1,1,1,,,0.996,"xgb,lgb",0.4285714285714285,False,0.0,VALIDATED,,,2,1.0,1.0,1.0,1.0,1.0
2026-08-16 20:27:55.949740+00:00,6,6_blocks,76971,42.8,1,1,1,,,1.0,"xgb,lgb",0.3881343817012151,False,0.0,VALIDATED,,,1,1.0,1.0,1.0,1.0,1.0
2026-08-16 20:43:16.853982+00:00,1,1_block,77774,43.0,1,1,1,,,0.5,"xgb,lgb",1.0769230769230769,False,0.0,VALIDATED,,,8,7.81,13.0,12.35,1.0,1.0
2026-08-16 20:43:16.853982+00:00,3,3_blocks,77774,43.0,1,1,1,,,0.996,"xgb,lgb",0.3881343817012151,False,0.0,VALIDATED,,,2,1.0,1.0,1.0,1.0,1.0
2026-08-16 20:43:16.853982+00:00,6,6_blocks,77774,43.0,1,1,1,,,1.0,"xgb,lgb",0.3881343817012151,False,0.0,VALIDATED,,,1,1.0,1.0,1.0,1.0,1.0
2026-08-16 21:00:57.997138+00:00,1,1_block,80879,43.7,3,1,1,,,0.5,"xgb,lgb",0.4330594490091832,False,0.0,VALIDATED,,,10,9.42,16.0,15.04,1.0,1.0
2026-08-16 21:00:57.997138+00:00,3,3_blocks,80879,43.7,3,1,1,,,0.5,"xgb,lgb",0.3881343817012151,False,0.0,VALIDATED,,,11,10.97,18.0,17.62,1.0,1.0
2026-08-16 21:00:57.997138+00:00,6,6_blocks,80879,43.7,3,1,1,,,0.5,"xgb,lgb",0.3829787234042553,False,0.0,VALIDATED,,,11,10.97,18.0,17.62,1.0,1.0
2026-08-16 21:27:17.001951+00:00,1,1_block,81046,43.9,2,2,1,,,0.5,"xgb,lgb",0.4330594490091832,False,0.0,VALIDATED,,,14,13.78,23.0,22.1,2.0,1.31
2026-08-16 21:27:17.001951+00:00,3,3_blocks,81046,43.9,2,2,1,,,0.5,"xgb,lgb",0.3881343817012151,False,0.0,VALIDATED,,,4,3.46,6.0,5.09,1.0,1.0
2026-08-16 21:27:17.001951+00:00,6,6_blocks,81046,43.9,2,2,1,,,0.5,"xgb,lgb",0.3829787234042553,False,0.0,VALIDATED,,,4,3.46,6.0,5.09,1.0,1.0
2026-08-16 21:43:37.047616+00:00,1,1_block,75556,42.6,1,1,1,,,0.5,"xgb,lgb",0.4330594490091832,False,0.0,VALIDATED,,,7,6.97,11.0,10.86,2.0,1.12
2026-08-16 21:43:37.047616+00:00,3,3_blocks,75556,42.6,1,1,1,,,0.996,"xgb,lgb",0.4071428571428571,False,0.0,VALIDATED,,,2,1.0,1.0,1.0,1.0,1.0
2026-08-16 21:43:37.047616+00:00,6,6_blocks,75556,42.6,1,1,1,,,1.0,"xgb,lgb",0.3829787234042553,False,0.0,VALIDATED,,,1,1.0,1.0,1.0,1.0,1.0
2026-08-16 21:58:22.975676+00:00,1,1_block,77193,42.8,1,1,1,,,0.5,"xgb,lgb",0.4071428571428571,False,0.0,VALIDATED,,,6,5.63,9.0,8.66,2.0,1.1
2026-08-16 21:58:22.975676+00:00,3,3_blocks,77193,42.8,1,1,1,,,0.996,"xgb,lgb",0.4071428571428571,False,0.0,VALIDATED,,,2,1.0,1.0,1.0,1.0,1.0
2026-08-16 21:58:22.975676+00:00,6,6_blocks,77193,42.8,1,1,1,,,1.0,"xgb,lgb",0.3829787234042553,False,0.0,VALIDATED,,,1,1.0,1.0,1.0,1.0,1.0
2026-08-16 22:27:11.219798+00:00,1,1_block,74385,42.4,1,1,1,,,0.5,"xgb,lgb",0.4071428571428571,False,0.0,VALIDATED,,,9,8.02,13.0,12.7,1.0,1.0
2026-08-16 22:27:11.219798+00:00,3,3_blocks,74385,42.4,1,1,1,,,0.996,"xgb,lgb",0.4071428571428571,False,0.0,VALIDATED,,,2,1.0,1.0,1.0,1.0,1.0
2026-08-16 22:27:11.219798+00:00,6,6_blocks,74385,42.4,1,1,1,,,1.0,"xgb,lgb",0.2216624685138539,False,0.0,VALIDATED,,,1,1.0,1.0,1.0,1.0,1.0
2026-08-16 22:41:54.032914+00:00,1,1_block,74947,42.7,2,1,1,,,0.5,"xgb,lgb",0.4071428571428571,False,0.0,VALIDATED,,,4,3.74,6.0,5.57,1.0,1.0
2026-08-16 22:41:54.032914+00:00,3,3_blocks,74947,42.7,2,1,1,,,0.5,"xgb,lgb",0.3873873873873873,False,0.0,VALIDATED,,,20,19.11,32.0,31.19,1.0,1.0
2026-08-16 22:41:54.032914+00:00,6,6_blocks,74947,42.7,2,1,1,,,0.5,"xgb,lgb",0.2216624685138539,False,0.0,VALIDATED,,,20,19.11,32.0,31.19,1.0,1.0
2026-08-16 22:59:37.605723+00:00,1,1_block,73013,42.2,1,1,1,,,1.0,"xgb,lgb",0.3873873873873873,False,0.0,VALIDATED,,,1,1.0,1.0,1.0,1.0,1.0
2026-08-16 22:59:37.605723+00:00,3,3_blocks,73013,42.2,1,1,1,,,0.5,"xgb,lgb",0.3873873873873873,False,0.0,VALIDATED,,,4,3.94,6.0,5.9,1.0,1.0
2026-08-16 22:59:37.605723+00:00,6,6_blocks,73013,42.2,1,1,1,,,0.5,"xgb,lgb",0.2216624685138539,False,0.0,VALIDATED,,,4,3.94,6.0,5.9,1.0,1.0
2026-08-16 23:27:03.458852+00:00,1,1_block,73149,42.1,1,1,1,,,1.0,"xgb,lgb",0.3873873873873873,False,0.0,VALIDATED,,,1,1.0,1.0,1.0,1.0,1.0
2026-08-16 23:27:03.458852+00:00,3,3_blocks,73149,42.1,1,1,1,,,0.5,"xgb,lgb",0.3873873873873873,False,0.0,VALIDATED,,,6,5.69,9.0,8.82,1.0,1.0
2026-08-16 23:27:03.458852+00:00,6,6_blocks,73149,42.1,1,1,1,,,0.5,"xgb,lgb",0.3818181818181818,False,0.0,VALIDATED,,,6,5.69,9.0,8.82,1.0,1.0
2026-08-16 23:42:13.039923+00:00,1,1_block,72663,42.1,1,1,1,,,0.752,"xgb,lgb",0.3873873873873873,False,0.0,VALIDATED,,,2,1.17,2.0,1.28,1.0,1.0
2026-08-16 23:42:13.039923+00:00,3,3_blocks,72663,42.1,1,1,1,,,0.5,"xgb,lgb",0.3873873873873873,False,0.0,VALIDATED,,,34,33.97,56.0,55.94,1.0,1.0
2026-08-16 23:42:13.039923+00:00,6,6_blocks,72663,42.1,1,1,1,,,0.5,"xgb,lgb",0.3818181818181818,False,0.0,VALIDATED,,,34,33.97,56.0,55.94,1.0,1.0
2026-08-16 23:58:31.176863+00:00,1,1_block,74202,42.6,1,1,1,,,0.5,"xgb,lgb",0.3873873873873873,False,0.0,VALIDATED,,,6,5.32,9.0,8.2,1.0,1.0
2026-08-16 23:58:31.176863+00:00,3,3_blocks,74202,42.6,1,1,1,,,0.5,"xgb,lgb",0.3818181818181818,False,0.0,VALIDATED,,,17,16.55,27.0,26.92,1.0,1.0
2026-08-16 23:58:31.176863+00:00,6,6_blocks,74202,42.6,1,1,1,,,0.5,"xgb,lgb",0.3818181818181818,False,0.0,VALIDATED,,,17,16.55,27.0,26.92,1.0,1.0
2026-08-17 01:13:43.458931+00:00,1,1_block,78223,44.2,3,3,1,,,0.609,"xgb,lgb",0.3937007874015748,False,0.0,VALIDATED,,,2,1.29,2.0,1.49,1.0,1.0
2026-08-17 01:13:43.458931+00:00,3,3_blocks,78223,44.2,3,3,1,,,0.5,"xgb,lgb",0.3818181818181818,False,0.0,VALIDATED,,,44,43.72,73.0,72.2,1.0,1.0
2026-08-17 01:13:43.458931+00:00,6,6_blocks,78223,44.2,3,3,1,,,0.5,"xgb,lgb",0.4285714285714285,False,0.0,VALIDATED,,,44,43.72,73.0,72.2,1.0,1.0
2026-08-17 02:35:26.371906+00:00,1,1_block,75874,43.7,2,1,1,,,0.5,"xgb,lgb",0.4285714285714285,False,0.0,VALIDATED,,,3,2.03,3.0,2.72,1.0,1.0
2026-08-17 02:35:26.371906+00:00,3,3_blocks,75874,43.7,2,1,1,,,0.5,"xgb,lgb",0.4285714285714285,False,0.0,VALIDATED,,,14,13.24,22.0,21.39,1.0,1.0
2026-08-17 02:35:26.371906+00:00,6,6_blocks,75874,43.7,2,1,1,,,0.5,"xgb,lgb",0.3937007874015748,False,0.0,VALIDATED,,,14,13.23,22.0,21.39,1.0,1.0
2026-08-17 03:30:38.886325+00:00,1,1_block,81333,43.9,1,1,1,,,1.0,"xgb,lgb",0.3937007874015748,False,0.0,VALIDATED,,,1,1.0,1.0,1.0,1.0,1.0
2026-08-17 03:30:38.886325+00:00,3,3_blocks,81333,43.9,1,1,1,,,0.5,"xgb,lgb",0.3937007874015748,False,0.0,VALIDATED,,,20,19.04,32.0,31.06,1.0,1.0
2026-08-17 03:30:38.886325+00:00,6,6_blocks,81333,43.9,1,1,1,,,0.5,"xgb,lgb",0.3783783783783784,False,0.0,VALIDATED,,,20,19.03,32.0,31.06,1.0,1.0
2026-08-17 04:20:42.888631+00:00,1,1_block,76717,42.9,1,1,1,,,1.0,"xgb,lgb",0.3783783783783784,False,0.0,VALIDATED,,,1,1.0,1.0,1.0,1.0,1.0
2026-08-17 04:20:42.888631+00:00,3,3_blocks,76717,42.9,1,1,1,,,0.5,"xgb,lgb",0.3783783783783784,False,0.0,VALIDATED,,,11,10.43,17.0,16.71,1.0,1.0
2026-08-17 04:20:42.888631+00:00,6,6_blocks,76717,42.9,1,1,1,,,0.5,"xgb,lgb",0.3783783783783784,False,0.0,VALIDATED,,,11,10.43,17.0,16.71,1.0,1.0
2026-08-17 05:02:42.967791+00:00,1,1_block,73741,42.7,1,1,1,,,1.0,"xgb,lgb",0.3783783783783784,False,0.0,VALIDATED,,,1,1.0,1.0,1.0,1.0,1.0
2026-08-17 05:02:42.967791+00:00,3,3_blocks,73741,42.7,1,1,1,,,0.996,"xgb,lgb",0.381294964028777,False,0.0,VALIDATED,,,2,1.0,1.0,1.0,1.0,1.0
2026-08-17 05:02:42.967791+00:00,6,6_blocks,73741,42.7,1,1,1,,,1.0,"xgb,lgb",0.3783783783783784,False,0.0,VALIDATED,,,1,1.0,1.0,1.0,1.0,1.0
2026-08-17 05:45:57.772599+00:00,1,1_block,73733,42.7,1,1,1,,,1.0,"xgb,lgb",1.0136363636363637,False,0.0,VALIDATED,,,1,1.0,1.0,1.0,1.0,1.0
2026-08-17 05:45:57.772599+00:00,3,3_blocks,73733,42.7,1,1,1,,,0.5,"xgb,lgb",0.381294964028777,False,0.0,VALIDATED,,,20,19.92,33.0,32.54,1.0,1.0
2026-08-17 05:45:57.772599+00:00,6,6_blocks,73733,42.7,1,1,1,,,0.5,"xgb,lgb",0.3770491803278688,False,0.0,VALIDATED,,,20,19.92,33.0,32.54,1.0,1.0
2026-08-17 06:21:51.642623+00:00,1,1_block,74072,42.8,1,1,1,,,0.5,"xgb,lgb",0.3805309734513274,False,0.0,VALIDATED,,,10,9.61,16.0,15.14,2.0,1.33
2026-08-17 06:21:51.642623+00:00,3,3_blocks,74072,42.8,1,1,1,,,0.5,"xgb,lgb",0.3805309734513274,False,0.0,VALIDATED,,,30,29.68,49.0,48.8,1.0,1.0
2026-08-17 06:21:51.642623+00:00,6,6_blocks,74072,42.8,1,1,1,,,0.5,"xgb,lgb",0.3770491803278688,False,0.0,VALIDATED,,,30,29.68,49.0,48.8,1.0,1.0
2026-08-17 07:30:42.449257+00:00,1,1_block,71711,42.2,1,1,1,,,1.0,"xgb,lgb",0.3937007874015748,False,0.0,VALIDATED,,,1,1.0,1.0,1.0,1.0,1.0
2026-08-17 07:30:42.449257+00:00,3,3_blocks,71711,42.2,1,1,1,,,0.5,"xgb,lgb",0.3937007874015748,False,0.0,VALIDATED,,,16,15.9,26.0,25.82,1.0,1.0
2026-08-17 07:30:42.449257+00:00,6,6_blocks,71711,42.2,1,1,1,,,0.5,"xgb,lgb",0.3905875299760192,False,0.0,VALIDATED,,,16,15.89,26.0,25.82,1.0,1.0
2026-08-17 08:08:46.233881+00:00,1,1_block,73755,42.8,2,1,1,,,1.0,"xgb,lgb",0.3937007874015748,False,0.0,VALIDATED,,,1,1.0,1.0,1.0,1.0,1.0
2026-08-17 08:08:46.233881+00:00,3,3_blocks,73755,42.8,2,1,1,,,0.5,"xgb,lgb",0.3905875299760192,False,0.0,VALIDATED,,,10,9.76,16.0,15.6,1.0,1.0
2026-08-17 08:08:46.233881+00:00,6,6_blocks,73755,42.8,2,1,1,,,0.5,"xgb,lgb",0.3905875299760192,False,0.0,VALIDATED,,,10,9.76,16.0,15.6,1.0,1.0
2026-08-17 08:58:13.198136+00:00,1,1_block,79411,43.4,2,1,1,,,1.0,"xgb,lgb",0.4647302904564315,False,0.0,VALIDATED,,,1,1.0,1.0,1.0,1.0,1.0
2026-08-17 08:58:13.198136+00:00,3,3_blocks,79411,43.4,2,1,1,,,0.5,"xgb,lgb",0.4100719424460431,False,0.0,VALIDATED,,,50,49.44,82.0,81.74,1.0,1.0
2026-08-17 08:58:13.198136+00:00,6,6_blocks,79411,43.4,2,1,1,,,0.5,"xgb,lgb",0.4086021505376344,False,0.0,VALIDATED,,,50,49.44,82.0,81.74,1.0,1.0
2026-08-17 09:47:17.974088+00:00,1,1_block,77636,43.1,1,1,1,,,0.77,"xgb,lgb",0.4429347826086957,False,0.0,VALIDATED,,,2,1.16,2.0,1.26,1.0,1.0
2026-08-17 09:47:17.974088+00:00,3,3_blocks,77636,43.1,1,1,1,,,0.5,"xgb,lgb",0.4,False,0.0,VALIDATED,,,24,23.88,40.0,39.13,1.0,1.0
2026-08-17 09:47:17.974088+00:00,6,6_blocks,77636,43.1,1,1,1,,,0.5,"xgb,lgb",0.4,False,0.0,VALIDATED,,,24,23.88,40.0,39.13,1.0,1.0
2026-08-17 10:14:50.661601+00:00,1,1_block,78160,43.1,1,1,1,,,0.5,"xgb,lgb",0.4659498207885305,False,0.0,VALIDATED,,,6,5.36,9.0,8.26,1.0,1.0
2026-08-17 10:14:50.661601+00:00,3,3_blocks,78160,43.1,1,1,1,,,0.5,"xgb,lgb",0.4,False,0.0,VALIDATED,,,5,4.41,7.0,6.68,1.0,1.0
2026-08-17 10:14:50.661601+00:00,6,6_blocks,78160,43.1,1,1,1,,,0.5,"xgb,lgb",0.375886524822695,False,0.0,VALIDATED,,,5,4.41,7.0,6.68,1.0,1.0
2026-08-17 10:49:55.028923+00:00,1,1_block,75724,42.6,1,1,1,,,0.5,"xgb,lgb",0.4659498207885305,False,0.0,VALIDATED,,,16,15.06,25.0,24.44,1.0,1.0
2026-08-17 10:49:55.028923+00:00,3,3_blocks,75724,42.6,1,1,1,,,0.5,"xgb,lgb",0.375886524822695,False,0.0,VALIDATED,,,19,18.77,31.0,30.61,1.0,1.0
2026-08-17 10:49:55.028923+00:00,6,6_blocks,75724,42.6,1,1,1,,,0.5,"xgb,lgb",0.375886524822695,False,0.0,VALIDATED,,,19,18.77,31.0,30.61,1.0,1.0
2026-08-17 11:11:35.299086+00:00,1,1_block,78378,43.2,1,1,1,,,1.0,"xgb,lgb",1.2055749128919862,False,0.0,VALIDATED,,,1,1.0,1.0,1.0,1.0,1.0
2026-08-17 11:11:35.299086+00:00,3,3_blocks,78378,43.2,1,1,1,,,0.5,"xgb,lgb",0.375886524822695,False,0.0,VALIDATED,,,25,24.66,41.0,40.43,1.0,1.0
2026-08-17 11:11:35.299086+00:00,6,6_blocks,78378,43.2,1,1,1,,,0.5,"xgb,lgb",0.4070796460176991,False,0.0,VALIDATED,,,25,24.66,41.0,40.43,1.0,1.0
2026-08-17 11:43:54.807674+00:00,1,1_block,78874,43.1,1,1,1,,,0.5,"xgb,lgb",1.2055749128919862,False,0.0,VALIDATED,,,8,7.78,13.0,12.3,1.0,1.0
2026-08-17 11:43:54.807674+00:00,3,3_blocks,78874,43.1,1,1,1,,,0.5,"xgb,lgb",0.4070796460176991,False,0.0,VALIDATED,,,24,23.41,39.0,38.34,1.0,1.0
2026-08-17 11:43:54.807674+00:00,6,6_blocks,78874,43.1,1,1,1,,,0.5,"xgb,lgb",0.4070796460176991,False,0.0,VALIDATED,,,24,23.4,39.0,38.34,1.0,1.0
2026-08-17 12:01:48.236757+00:00,1,1_block,72794,42.2,1,1,1,,,0.5,"xgb,lgb",0.4862068965517241,False,0.0,VALIDATED,,,16,15.73,26.0,25.55,1.0,1.0
2026-08-17 12:01:48.236757+00:00,3,3_blocks,72794,42.2,1,1,1,,,0.5,"xgb,lgb",0.4070796460176991,False,0.0,VALIDATED,,,7,6.91,11.0,10.84,1.0,1.0
2026-08-17 12:01:48.236757+00:00,6,6_blocks,72794,42.2,1,1,1,,,0.5,"xgb,lgb",0.4070796460176991,False,0.0,VALIDATED,,,7,6.91,11.0,10.84,1.0,1.0
2026-08-17 13:02:58.920049+00:00,1,1_block,75400,42.3,2,1,1,,,0.5,"xgb,lgb",0.4862068965517241,False,0.0,VALIDATED,,,5,4.67,8.0,7.12,1.0,1.0
2026-08-17 13:02:58.920049+00:00,3,3_blocks,75400,42.3,2,1,1,,,0.5,"xgb,lgb",0.4862068965517241,False,0.0,VALIDATED,,,43,42.28,70.0,69.79,1.0,1.0
2026-08-17 13:02:58.920049+00:00,6,6_blocks,75400,42.3,2,1,1,,,0.5,"xgb,lgb",0.4070796460176991,False,0.0,VALIDATED,,,43,42.27,70.0,69.79,1.0,1.0
2026-08-17 13:50:00.577484+00:00,1,1_block,76908,42.8,3,1,1,,,0.5,"xgb,lgb",1.079268292682927,False,0.0,VALIDATED,,,11,10.51,17.0,16.86,1.0,1.0
2026-08-17 13:50:00.577484+00:00,3,3_blocks,76908,42.8,3,1,1,,,0.5,"xgb,lgb",0.7003367003367004,False,0.0,VALIDATED,,,39,38.28,64.0,63.12,1.0,1.0
2026-08-17 13:50:00.577484+00:00,6,6_blocks,76908,42.8,3,1,1,,,0.5,"xgb,lgb",0.7003367003367004,False,0.0,VALIDATED,,,39,38.27,64.0,63.12,1.0,1.0
2026-08-17 14:13:59.929568+00:00,1,1_block,79250,43.4,3,3,1,,,0.5,"xgb,lgb",0.7003367003367004,False,0.0,VALIDATED,,,19,18.18,30.0,29.63,1.0,1.0
2026-08-17 14:13:59.929568+00:00,3,3_blocks,79250,43.4,3,3,1,,,0.5,"xgb,lgb",0.7003367003367004,False,0.0,VALIDATED,,,48,47.22,79.0,78.03,1.0,1.0
2026-08-17 14:13:59.929568+00:00,6,6_blocks,79250,43.4,3,3,1,,,0.5,"xgb,lgb",0.4028268551236749,False,0.0,VALIDATED,,,48,47.22,79.0,78.03,1.0,1.0
2026-08-17 14:47:25.052645+00:00,1,1_block,76868,42.7,2,1,1,,,0.5,"xgb,lgb",0.7003367003367004,False,0.0,VALIDATED,,,18,17.19,28.0,27.89,2.0,1.12
2026-08-17 14:47:25.052645+00:00,3,3_blocks,76868,42.7,2,1,1,,,0.5,"xgb,lgb",0.45,False,0.0,VALIDATED,,,50,49.25,82.0,81.41,1.0,1.0
2026-08-17 14:47:25.052645+00:00,6,6_blocks,76868,42.7,2,1,1,,,0.5,"xgb,lgb",0.4028268551236749,False,0.0,VALIDATED,,,50,49.25,82.0,81.41,1.0,1.0
2026-08-17 15:08:34.974196+00:00,1,1_block,77450,43.2,3,3,1,,,0.5,"xgb,lgb",0.45,False,0.0,VALIDATED,,,14,13.46,22.0,21.55,2.0,1.33
2026-08-17 15:08:34.974196+00:00,3,3_blocks,77450,43.2,3,3,1,,,0.5,"xgb,lgb",0.45,False,0.0,VALIDATED,,,32,31.38,52.0,51.64,1.0,1.0
2026-08-17 15:08:34.974196+00:00,6,6_blocks,77450,43.2,3,3,1,,,0.5,"xgb,lgb",0.4028776978417266,False,0.0,VALIDATED,,,32,31.38,52.0,51.64,1.0,1.0
2026-08-17 15:36:46.995700+00:00,1,1_block,76922,42.8,3,1,1,,,0.5,"xgb,lgb",0.45,False,0.0,VALIDATED,,,17,16.21,27.0,26.36,1.0,1.0
2026-08-17 15:36:46.995700+00:00,3,3_blocks,76922,42.8,3,1,1,,,0.5,"xgb,lgb",1.2191435768261965,False,0.0,VALIDATED,,,45,44.87,75.0,74.11,1.0,1.0
2026-08-17 15:36:46.995700+00:00,6,6_blocks,76922,42.8,3,1,1,,,0.5,"xgb,lgb",0.4028776978417266,False,0.0,VALIDATED,,,45,44.87,75.0,74.11,1.0,1.0
2026-08-17 15:55:38.303884+00:00,1,1_block,77502,43.1,3,3,1,,,0.5,"xgb,lgb",1.2191435768261965,False,0.0,VALIDATED,,,18,17.15,28.0,27.71,2.0,1.32
2026-08-17 15:55:38.303884+00:00,3,3_blocks,77502,43.1,3,3,1,,,0.5,"xgb,lgb",1.2191435768261965,False,0.0,VALIDATED,,,21,20.89,35.0,34.15,1.0,1.0
2026-08-17 15:55:38.303884+00:00,6,6_blocks,77502,43.1,3,3,1,,,0.5,"xgb,lgb",0.4028776978417266,False,0.0,VALIDATED,,,21,20.89,35.0,34.15,1.0,1.0
2026-08-17 16:20:14.918541+00:00,1,1_block,75841,42.6,2,1,1,,,0.5,"xgb,lgb",1.2191435768261965,False,0.0,VALIDATED,,,5,4.42,7.0,6.7,1.0,1.0
2026-08-17 16:20:14.918541+00:00,3,3_blocks,75841,42.6,2,1,1,,,0.5,"xgb,lgb",1.2191435768261965,False,0.0,VALIDATED,,,12,11.1,18.0,17.83,1.0,1.0
2026-08-17 16:20:14.918541+00:00,6,6_blocks,75841,42.6,2,1,1,,,0.5,"xgb,lgb",0.4098939929328622,False,0.0,VALIDATED,,,12,11.1,18.0,17.83,1.0,1.0
2026-08-17 16:50:38.891495+00:00,1,1_block,79629,43.8,4,3,1,,,0.5,"xgb,lgb",1.2191435768261965,False,0.0,VALIDATED,,,12,11.43,19.0,18.38,1.0,1.0
2026-08-17 16:50:38.891495+00:00,3,3_blocks,79629,43.8,4,3,1,,,0.5,"xgb,lgb",0.4106194690265486,False,0.0,VALIDATED,,,50,49.36,82.0,81.59,1.0,1.0
2026-08-17 16:50:38.891495+00:00,6,6_blocks,79629,43.8,4,3,1,,,0.5,"xgb,lgb",0.4098939929328622,False,0.0,VALIDATED,,,50,49.35,82.0,81.59,1.0,1.0
2026-08-17 17:14:02.145313+00:00,1,1_block,76716,43.1,3,3,1,,,0.5,"xgb,lgb",0.45,False,0.0,VALIDATED,,,13,12.43,21.0,20.05,1.0,1.0
2026-08-17 17:14:02.145313+00:00,3,3_blocks,76716,43.1,3,3,1,,,0.5,"xgb,lgb",0.4106194690265486,False,0.0,VALIDATED,,,28,27.93,46.0,45.88,1.0,1.0
2026-08-17 17:14:02.145313+00:00,6,6_blocks,76716,43.1,3,3,1,,,0.5,"xgb,lgb",0.3915662650602409,False,0.0,VALIDATED,,,28,27.93,46.0,45.88,1.0,1.0
2026-08-17 17:47:07.539475+00:00,1,1_block,72981,41.7,1,1,1,,,0.5,"xgb,lgb",0.45,False,0.0,VALIDATED,,,17,16.55,27.0,26.92,1.0,1.0
2026-08-17 17:47:07.539475+00:00,3,3_blocks,72981,41.7,1,1,1,,,0.5,"xgb,lgb",0.3915662650602409,False,0.0,VALIDATED,,,17,16.07,27.0,26.11,1.0,1.0
2026-08-17 17:47:07.539475+00:00,6,6_blocks,72981,41.7,1,1,1,,,0.5,"xgb,lgb",0.3915662650602409,False,0.0,VALIDATED,,,17,16.06,27.0,26.11,1.0,1.0
2026-08-17 18:15:12.833860+00:00,1,1_block,75857,42.3,1,1,1,,,0.5,"xgb,lgb",0.3915662650602409,False,0.0,VALIDATED,,,4,3.22,5.0,4.69,1.0,1.0
2026-08-17 18:15:12.833860+00:00,3,3_blocks,75857,42.3,1,1,1,,,0.5,"xgb,lgb",0.3915662650602409,False,0.0,VALIDATED,,,17,16.57,27.0,26.94,1.0,1.0
2026-08-17 18:15:12.833860+00:00,6,6_blocks,75857,42.3,1,1,1,,,0.5,"xgb,lgb",0.3915662650602409,False,0.0,VALIDATED,,,17,16.56,27.0,26.94,1.0,1.0
2026-08-17 19:00:14.048937+00:00,1,1_block,74044,41.9,1,1,1,,,1.0,"xgb,lgb",1.022680412371134,False,0.0,VALIDATED,,,1,1.0,1.0,1.0,1.0,1.0
2026-08-17 19:00:14.048937+00:00,3,3_blocks,74044,41.9,1,1,1,,,0.996,"xgb,lgb",0.3935926773455377,False,0.0,VALIDATED,,,2,1.0,1.0,1.0,1.0,1.0
2026-08-17 19:00:14.048937+00:00,6,6_blocks,74044,41.9,1,1,1,,,1.0,"xgb,lgb",0.3915662650602409,False,0.0,VALIDATED,,,1,1.0,1.0,1.0,1.0,1.0
2026-08-17 19:40:03.834465+00:00,1,1_block,73577,41.8,1,1,1,,,0.5,"xgb,lgb",1.022680412371134,False,0.0,VALIDATED,,,12,11.48,19.0,18.47,1.0,1.0
2026-08-17 19:40:03.834465+00:00,3,3_blocks,73577,41.8,1,1,1,,,0.5,"xgb,lgb",0.4816326530612245,False,0.0,VALIDATED,,,15,14.24,24.0,23.06,1.0,1.0
2026-08-17 19:40:03.834465+00:00,6,6_blocks,73577,41.8,1,1,1,,,0.5,"xgb,lgb",0.3975903614457831,False,0.0,VALIDATED,,,15,14.24,24.0,23.06,1.0,1.0
2026-08-17 19:58:02.268866+00:00,1,1_block,76980,42.8,2,1,1,,,0.5,"xgb,lgb",1.0068649885583525,False,0.0,VALIDATED,,,12,11.45,19.0,18.42,1.0,1.0
2026-08-17 19:58:02.268866+00:00,3,3_blocks,76980,42.8,2,1,1,,,0.5,"xgb,lgb",0.4816326530612245,False,0.0,VALIDATED,,,68,67.45,112.0,111.75,1.0,1.0
2026-08-17 19:58:02.268866+00:00,6,6_blocks,76980,42.8,2,1,1,,,0.5,"xgb,lgb",0.3975903614457831,False,0.0,VALIDATED,,,68,67.45,112.0,111.75,1.0,1.0
2026-08-17 20:18:58.328312+00:00,1,1_block,75460,42.7,2,1,1,,,0.5,"xgb,lgb",1.0068649885583525,False,0.0,VALIDATED,,,13,12.25,20.0,19.72,2.0,1.05
2026-08-17 20:18:58.328312+00:00,3,3_blocks,75460,42.7,2,1,1,,,0.5,"xgb,lgb",0.4816326530612245,False,0.0,VALIDATED,,,29,28.4,47.0,46.66,1.0,1.0
2026-08-17 20:18:58.328312+00:00,6,6_blocks,75460,42.7,2,1,1,,,0.5,"xgb,lgb",0.3975903614457831,False,0.0,VALIDATED,,,29,28.4,47.0,46.66,1.0,1.0
2026-08-17 20:48:31.507939+00:00,1,1_block,75543,42.6,2,1,1,,,0.5,"xgb,lgb",1.0068649885583525,False,0.0,VALIDATED,,,8,7.07,12.0,11.11,1.0,1.0
2026-08-17 20:48:31.507939+00:00,3,3_blocks,75543,42.6,2,1,1,,,0.5,"xgb,lgb",1.0068649885583525,False,0.0,VALIDATED,,,47,46.33,77.0,76.55,1.0,1.0
2026-08-17 20:48:31.507939+00:00,6,6_blocks,75543,42.6,2,1,1,,,0.5,"xgb,lgb",0.3975903614457831,False,0.0,VALIDATED,,,47,46.33,77.0,76.55,1.0,1.0
2026-08-17 21:10:56.910306+00:00,1,1_block,75530,42.8,2,1,1,,,0.5,"xgb,lgb",2.111358574610245,False,0.0,VALIDATED,,,12,11.22,19.0,18.03,1.0,1.0
2026-08-17 21:10:56.910306+00:00,3,3_blocks,75530,42.8,2,1,1,,,0.5,"xgb,lgb",1.0068649885583525,False,0.0,VALIDATED,,,57,56.37,94.0,93.28,1.0,1.0
2026-08-17 21:10:56.910306+00:00,6,6_blocks,75530,42.8,2,1,1,,,0.5,"xgb,lgb",1.0,False,0.0,VALIDATED,,,57,56.37,94.0,93.28,1.0,1.0
2026-08-17 21:38:28.671385+00:00,1,1_block,75512,42.6,2,1,1,,,0.5,"xgb,lgb",2.111358574610245,False,0.0,VALIDATED,,,7,6.75,11.0,10.59,1.0,1.0
2026-08-17 21:38:28.671385+00:00,3,3_blocks,75512,42.6,2,1,1,,,0.5,"xgb,lgb",1.0,False,0.0,VALIDATED,,,25,24.33,40.0,39.88,1.0,1.0
2026-08-17 21:38:28.671385+00:00,6,6_blocks,75512,42.6,2,1,1,,,0.5,"xgb,lgb",1.0,False,0.0,VALIDATED,,,25,24.33,40.0,39.88,1.0,1.0
2026-08-17 21:57:52.381825+00:00,1,1_block,79472,43.7,3,3,1,,,0.5,"xgb,lgb",1.0,False,0.0,VALIDATED,,,10,9.95,16.0,15.7,2.0,1.32
2026-08-17 21:57:52.381825+00:00,3,3_blocks,79472,43.7,3,3,1,,,0.5,"xgb,lgb",1.0,False,0.0,VALIDATED,,,62,61.43,102.0,101.72,1.0,1.0
2026-08-17 21:57:52.381825+00:00,6,6_blocks,79472,43.7,3,3,1,,,0.5,"xgb,lgb",1.0,False,0.0,VALIDATED,,,62,61.44,102.0,101.72,2.0,1.01
2026-08-17 22:31:07.265849+00:00,1,1_block,78529,44.0,3,3,1,,,0.5,"xgb,lgb",1.0,False,0.0,VALIDATED,,,7,6.64,11.0,10.17,2.0,1.35
2026-08-17 22:31:07.265849+00:00,3,3_blocks,78529,44.0,3,3,1,,,0.5,"xgb,lgb",1.0,False,0.0,VALIDATED,,,38,37.22,62.0,61.36,1.0,1.0
2026-08-17 22:31:07.265849+00:00,6,6_blocks,78529,44.0,3,3,1,,,0.5,"xgb,lgb",0.4,False,0.0,VALIDATED,,,38,37.22,62.0,61.36,1.0,1.0
2026-08-17 22:46:25.211349+00:00,1,1_block,80707,44.8,4,4,3,,,0.5,"xgb,lgb",1.0,False,0.0,VALIDATED,,,18,17.31,28.0,27.94,2.0,1.37
2026-08-17 22:46:25.211349+00:00,3,3_blocks,80707,44.8,4,4,3,,,0.5,"xgb,lgb",0.4,False,0.0,VALIDATED,,,24,23.45,39.0,38.42,1.0,1.0
2026-08-17 22:46:25.211349+00:00,6,6_blocks,80707,44.8,4,4,3,,,0.5,"xgb,lgb",0.4,False,0.0,VALIDATED,,,24,23.45,39.0,38.42,1.0,1.0
2026-08-17 23:02:08.297853+00:00,1,1_block,75675,43.3,3,2,1,,,0.5,"xgb,lgb",0.4,False,0.0,VALIDATED,,,6,5.08,8.0,7.6,2.0,1.29
2026-08-17 23:02:08.297853+00:00,3,3_blocks,75675,43.3,3,2,1,,,0.5,"xgb,lgb",0.4,False,0.0,VALIDATED,,,9,8.98,15.0,14.29,1.0,1.0
2026-08-17 23:02:08.297853+00:00,6,6_blocks,75675,43.3,3,2,1,,,0.5,"xgb,lgb",0.4,False,0.0,VALIDATED,,,9,8.98,15.0,14.29,1.0,1.0
2026-08-17 23:33:21.035423+00:00,1,1_block,74494,42.3,1,1,1,,,0.5,"xgb,lgb",0.4,False,0.0,VALIDATED,,,6,5.1,8.0,7.84,1.0,1.0
2026-08-17 23:33:21.035423+00:00,3,3_blocks,74494,42.3,1,1,1,,,0.5,"xgb,lgb",0.4,False,0.0,VALIDATED,,,10,9.81,16.0,15.68,1.0,1.0
2026-08-17 23:33:21.035423+00:00,6,6_blocks,74494,42.3,1,1,1,,,0.5,"xgb,lgb",0.4,False,0.0,VALIDATED,,,10,9.81,16.0,15.68,1.0,1.0
2026-08-17 23:54:14.860406+00:00,1,1_block,73158,41.9,1,1,1,,,0.5,"xgb,lgb",0.4,False,0.0,VALIDATED,,,5,4.05,7.0,6.09,1.0,1.0
2026-08-17 23:54:14.860406+00:00,3,3_blocks,73158,41.9,1,1,1,,,0.5,"xgb,lgb",0.5510534846029174,False,0.0,VALIDATED,,,14,13.16,22.0,21.26,1.0,1.0
2026-08-17 23:54:14.860406+00:00,6,6_blocks,73158,41.9,1,1,1,,,0.5,"xgb,lgb",0.4,False,0.0,VALIDATED,,,14,13.16,22.0,21.26,1.0,1.0
2026-08-18 00:51:36.839083+00:00,1,1_block,75553,42.5,2,1,1,,,0.5,"xgb,lgb",1.762170790103751,False,0.0,VALIDATED,,,6,5.88,9.0,8.94,2.0,1.29
2026-08-18 00:51:36.839083+00:00,3,3_blocks,75553,42.5,2,1,1,,,0.5,"xgb,lgb",0.5510534846029174,False,0.0,VALIDATED,,,9,8.76,14.0,13.93,1.0,1.0
2026-08-18 00:51:36.839083+00:00,6,6_blocks,75553,42.5,2,1,1,,,0.5,"xgb,lgb",0.4,False,0.0,VALIDATED,,,9,8.76,14.0,13.93,1.0,1.0
2026-08-18 02:12:38.923070+00:00,1,1_block,77059,43.1,2,1,1,,,0.737,"xgb,lgb",0.4,False,0.0,VALIDATED,,,2,1.12,1.0,1.0,2.0,1.3
2026-08-18 02:12:38.923070+00:00,3,3_blocks,77059,43.1,2,1,1,,,0.5,"xgb,lgb",0.3937007874015748,False,0.0,VALIDATED,,,14,13.17,22.0,21.28,1.0,1.0
2026-08-18 02:12:38.923070+00:00,6,6_blocks,77059,43.1,2,1,1,,,0.5,"xgb,lgb",0.3937007874015748,False,0.0,VALIDATED,,,14,13.17,22.0,21.28,2.0,1.01
2026-08-18 03:11:14.958266+00:00,1,1_block,73516,42.0,1,1,1,,,0.718,"xgb,lgb",0.4,False,0.0,VALIDATED,,,2,1.13,1.0,1.0,2.0,1.33
2026-08-18 03:11:14.958266+00:00,3,3_blocks,73516,42.0,1,1,1,,,0.5,"xgb,lgb",0.3844393592677345,False,0.0,VALIDATED,,,3,2.51,4.0,3.52,1.0,1.0
2026-08-18 03:11:14.958266+00:00,6,6_blocks,73516,42.0,1,1,1,,,0.5,"xgb,lgb",0.3844393592677345,False,0.0,VALIDATED,,,3,2.51,4.0,3.52,1.0,1.0
2026-08-18 03:56:50.743991+00:00,1,1_block,74707,42.0,1,1,1,,,1.0,"xgb,lgb",0.3844393592677345,False,0.0,VALIDATED,,,1,1.0,1.0,1.0,1.0,1.0
2026-08-18 03:56:50.743991+00:00,3,3_blocks,74707,42.0,1,1,1,,,0.996,"xgb,lgb",0.3937007874015748,False,0.0,VALIDATED,,,2,1.0,1.0,1.0,1.0,1.0
2026-08-18 03:56:50.743991+00:00,6,6_blocks,74707,42.0,1,1,1,,,1.0,"xgb,lgb",0.3937007874015748,False,0.0,VALIDATED,,,1,1.0,1.0,1.0,1.0,1.0
2026-08-18 04:42:18.512251+00:00,1,1_block,72972,41.9,1,1,1,,,0.5,"xgb,lgb",0.3937007874015748,False,0.0,VALIDATED,,,7,6.86,11.0,10.54,2.0,1.33
2026-08-18 04:42:18.512251+00:00,3,3_blocks,72972,41.9,1,1,1,,,0.996,"xgb,lgb",0.3937007874015748,False,0.0,VALIDATED,,,2,1.0,1.0,1.0,1.0,1.0
2026-08-18 04:42:18.512251+00:00,6,6_blocks,72972,41.9,1,1,1,,,1.0,"xgb,lgb",0.3900226757369615,False,0.0,VALIDATED,,,1,1.0,1.0,1.0,1.0,1.0
2026-08-18 05:04:04.025599+00:00,1,1_block,74886,42.3,2,1,1,,,0.5,"xgb,lgb",1.0833333333333333,False,0.0,VALIDATED,,,9,8.31,14.0,13.18,1.0,1.0
2026-08-18 05:04:04.025599+00:00,3,3_blocks,74886,42.3,2,1,1,,,0.5,"xgb,lgb",0.3937007874015748,False,0.0,VALIDATED,,,3,2.69,4.0,3.82,1.0,1.0
2026-08-18 05:04:04.025599+00:00,6,6_blocks,74886,42.3,2,1,1,,,0.5,"xgb,lgb",0.3900226757369615,False,0.0,VALIDATED,,,3,2.69,4.0,3.82,1.0,1.0
2026-08-18 05:40:01.818885+00:00,1,1_block,73987,42.0,1,1,1,,,1.0,"xgb,lgb",1.0833333333333333,False,0.0,VALIDATED,,,1,1.0,1.0,1.0,1.0,1.0
2026-08-18 05:40:01.818885+00:00,3,3_blocks,73987,42.0,1,1,1,,,0.5,"xgb,lgb",0.3937007874015748,False,0.0,VALIDATED,,,13,12.22,20.0,19.7,1.0,1.0
2026-08-18 05:40:01.818885+00:00,6,6_blocks,73987,42.0,1,1,1,,,0.5,"xgb,lgb",0.4,False,0.0,VALIDATED,,,13,12.22,20.0,19.7,1.0,1.0
2026-08-18 06:01:01.033059+00:00,1,1_block,73484,41.8,1,1,1,,,0.5,"xgb,lgb",1.0833333333333333,False,0.0,VALIDATED,,,2,1.42,2.0,1.71,1.0,1.0
2026-08-18 06:01:01.033059+00:00,3,3_blocks,73484,41.8,1,1,1,,,0.5,"xgb,lgb",0.4071428571428571,False,0.0,VALIDATED,,,17,16.91,28.0,27.52,1.0,1.0
2026-08-18 06:01:01.033059+00:00,6,6_blocks,73484,41.8,1,1,1,,,0.5,"xgb,lgb",0.4,False,0.0,VALIDATED,,,17,16.91,28.0,27.52,1.0,1.0
2026-08-18 06:53:29.284712+00:00,1,1_block,75888,42.5,2,1,1,,,0.715,"xgb,lgb",0.4236983842010772,False,0.0,VALIDATED,,,2,1.13,1.0,1.0,2.0,1.33
2026-08-18 06:53:29.284712+00:00,3,3_blocks,75888,42.5,2,1,1,,,0.5,"xgb,lgb",0.4214285714285714,False,0.0,VALIDATED,,,58,57.97,96.0,95.95,1.0,1.0
2026-08-18 06:53:29.284712+00:00,6,6_blocks,75888,42.5,2,1,1,,,0.5,"xgb,lgb",0.4214285714285714,False,0.0,VALIDATED,,,58,57.97,96.0,95.95,1.0,1.0
2026-08-18 07:32:37.883608+00:00,1,1_block,79335,42.8,1,1,1,,,1.0,"xgb,lgb",0.4214285714285714,False,0.0,VALIDATED,,,1,1.0,1.0,1.0,1.0,1.0
2026-08-18 07:32:37.883608+00:00,3,3_blocks,79335,42.8,1,1,1,,,0.5,"xgb,lgb",0.4214285714285714,False,0.0,VALIDATED,,,42,41.01,68.0,67.68,1.0,1.0
2026-08-18 07:32:37.883608+00:00,6,6_blocks,79335,42.8,1,1,1,,,0.5,"xgb,lgb",0.4214285714285714,False,0.0,VALIDATED,,,42,41.01,68.0,67.68,1.0,1.0
2026-08-18 08:06:02.772781+00:00,1,1_block,75729,42.2,1,1,1,,,1.0,"xgb,lgb",0.4236983842010772,False,0.0,VALIDATED,,,1,1.0,1.0,1.0,1.0,1.0
2026-08-18 08:06:02.772781+00:00,3,3_blocks,75729,42.2,1,1,1,,,0.5,"xgb,lgb",0.4236983842010772,False,0.0,VALIDATED,,,50,49.92,83.0,82.53,1.0,1.0
2026-08-18 08:06:02.772781+00:00,6,6_blocks,75729,42.2,1,1,1,,,0.5,"xgb,lgb",0.4214285714285714,False,0.0,VALIDATED,,,50,49.92,83.0,82.53,1.0,1.0
2026-08-18 08:50:44.628706+00:00,1,1_block,76397,42.5,1,1,1,,,0.5,"xgb,lgb",0.4236983842010772,False,0.0,VALIDATED,,,9,8.99,15.0,14.32,1.0,1.0
2026-08-18 08:50:44.628706+00:00,3,3_blocks,76397,42.5,1,1,1,,,0.5,"xgb,lgb",0.4545454545454545,False,0.0,VALIDATED,,,30,29.06,48.0,47.77,1.0,1.0
2026-08-18 08:50:44.628706+00:00,6,6_blocks,76397,42.5,1,1,1,,,0.5,"xgb,lgb",0.4545454545454545,False,0.0,VALIDATED,,,30,29.06,48.0,47.77,1.0,1.0
2026-08-18 09:17:41.166726+00:00,1,1_block,81413,44.0,4,3,1,,,0.5,"xgb,lgb",0.6,False,0.0,VALIDATED,,,11,10.26,17.0,16.43,1.0,1.0
2026-08-18 09:17:41.166726+00:00,3,3_blocks,81413,44.0,4,3,1,,,0.5,"xgb,lgb",0.4545454545454545,False,0.0,VALIDATED,,,42,41.03,68.0,67.71,1.0,1.0
2026-08-18 09:17:41.166726+00:00,6,6_blocks,81413,44.0,4,3,1,,,0.5,"xgb,lgb",0.4181818181818181,False,0.0,VALIDATED,,,42,41.03,68.0,67.71,1.0,1.0
2026-08-18 09:51:58.821301+00:00,1,1_block,76316,42.5,1,1,1,,,0.5,"xgb,lgb",0.6,False,0.0,VALIDATED,,,8,7.5,12.0,11.83,1.0,1.0
2026-08-18 09:51:58.821301+00:00,3,3_blocks,76316,42.5,1,1,1,,,0.5,"xgb,lgb",0.4181818181818181,False,0.0,VALIDATED,,,32,31.49,52.0,51.81,1.0,1.0
2026-08-18 09:51:58.821301+00:00,6,6_blocks,76316,42.5,1,1,1,,,0.5,"xgb,lgb",0.4181818181818181,False,0.0,VALIDATED,,,32,31.49,52.0,51.81,1.0,1.0
2026-08-18 10:21:01.218115+00:00,1,1_block,76330,42.5,1,1,1,,,0.5,"xgb,lgb",0.4285714285714285,False,0.0,VALIDATED,,,7,6.34,10.0,9.89,1.0,1.0
2026-08-18 10:21:01.218115+00:00,3,3_blocks,76330,42.5,1,1,1,,,0.5,"xgb,lgb",0.4181818181818181,False,0.0,VALIDATED,,,24,23.08,38.0,37.8,1.0,1.0
2026-08-18 10:21:01.218115+00:00,6,6_blocks,76330,42.5,1,1,1,,,0.5,"xgb,lgb",0.3785714285714285,False,0.0,VALIDATED,,,24,23.08,38.0,37.8,1.0,1.0
2026-08-18 10:51:39.996169+00:00,1,1_block,73301,41.9,1,1,1,,,0.5,"xgb,lgb",0.4285714285714285,False,0.0,VALIDATED,,,15,14.21,24.0,23.02,1.0,1.0
2026-08-18 10:51:39.996169+00:00,3,3_blocks,73301,41.9,1,1,1,,,0.996,"xgb,lgb",0.3785714285714285,False,0.0,VALIDATED,,,2,1.0,1.0,1.0,1.0,1.0
2026-08-18 10:51:39.996169+00:00,6,6_blocks,73301,41.9,1,1,1,,,1.0,"xgb,lgb",0.3785714285714285,False,0.0,VALIDATED,,,1,1.0,1.0,1.0,1.0,1.0
2026-08-18 11:19:57.094789+00:00,1,1_block,73687,42.4,2,1,1,,,0.5,"xgb,lgb",0.431858407079646,False,0.0,VALIDATED,,,4,3.33,5.0,4.88,1.0,1.0
2026-08-18 11:19:57.094789+00:00,3,3_blocks,73687,42.4,2,1,1,,,0.996,"xgb,lgb",0.3785714285714285,False,0.0,VALIDATED,,,2,1.0,1.0,1.0,1.0,1.0
2026-08-18 11:19:57.094789+00:00,6,6_blocks,73687,42.4,2,1,1,,,1.0,"xgb,lgb",0.4258373205741627,False,0.0,VALIDATED,,,1,1.0,1.0,1.0,1.0,1.0
2026-08-18 11:46:01.479470+00:00,1,1_block,70902,41.5,1,1,1,,,0.5,"xgb,lgb",0.431858407079646,False,0.0,VALIDATED,,,3,2.88,5.0,4.13,1.0,1.0
2026-08-18 11:46:01.479470+00:00,3,3_blocks,70902,41.5,1,1,1,,,0.5,"xgb,lgb",0.551948051948052,False,0.0,VALIDATED,,,15,14.67,24.0,23.79,1.0,1.0
2026-08-18 11:46:01.479470+00:00,6,6_blocks,70902,41.5,1,1,1,,,0.5,"xgb,lgb",0.4258373205741627,False,0.0,VALIDATED,,,15,14.67,24.0,23.79,1.0,1.0
2026-08-18 12:03:30.271452+00:00,1,1_block,84710,43.8,1,1,1,,,0.5,"xgb,lgb",0.551948051948052,False,0.0,VALIDATED,,,8,7.65,13.0,12.09,1.0,1.0
2026-08-18 12:03:30.271452+00:00,3,3_blocks,84710,43.8,1,1,1,,,0.5,"xgb,lgb",0.551948051948052,False,0.0,VALIDATED,,,75,74.5,124.0,123.49,1.0,1.0
2026-08-18 12:03:30.271452+00:00,6,6_blocks,84710,43.8,1,1,1,,,0.5,"xgb,lgb",0.4258373205741627,False,0.0,VALIDATED,,,75,74.5,124.0,123.49,1.0,1.0
2026-08-18 13:04:48.169105+00:00,1,1_block,88654,44.7,3,3,1,,,0.5,"xgb,lgb",0.551948051948052,False,0.0,VALIDATED,,,35,34.18,57.0,56.29,1.0,1.0
2026-08-18 13:04:48.169105+00:00,3,3_blocks,88654,44.7,3,3,1,,,0.5,"xgb,lgb",0.3818181818181818,False,0.0,VALIDATED,,,51,50.1,83.0,82.82,1.0,1.0
2026-08-18 13:04:48.169105+00:00,6,6_blocks,88654,44.7,3,3,1,,,0.5,"xgb,lgb",0.3818181818181818,False,0.0,VALIDATED,,,51,50.09,83.0,82.82,1.0,1.0
2026-08-18 13:52:47.435269+00:00,1,1_block,80437,42.8,1,1,1,,,0.5,"xgb,lgb",0.3937007874015748,False,0.0,VALIDATED,,,18,17.73,29.0,28.88,1.0,1.0
2026-08-18 13:52:47.435269+00:00,3,3_blocks,80437,42.8,1,1,1,,,0.5,"xgb,lgb",0.3795918367346939,False,0.0,VALIDATED,,,33,32.4,54.0,53.33,1.0,1.0
2026-08-18 13:52:47.435269+00:00,6,6_blocks,80437,42.8,1,1,1,,,0.5,"xgb,lgb",0.3795918367346939,False,0.0,VALIDATED,,,33,32.4,54.0,53.33,1.0,1.0
2026-08-18 15:01:27.884205+00:00,1,1_block,80771,43.2,3,1,1,,,1.0,"xgb,lgb",0.4214285714285714,False,0.0,VALIDATED,,,1,1.0,1.0,1.0,1.0,1.0
2026-08-18 15:01:27.884205+00:00,3,3_blocks,80771,43.2,3,1,1,,,0.5,"xgb,lgb",0.4214285714285714,False,0.0,VALIDATED,,,80,79.61,133.0,132.02,1.0,1.0
2026-08-18 15:01:27.884205+00:00,6,6_blocks,80771,43.2,3,1,1,,,0.5,"xgb,lgb",0.4214285714285714,False,0.0,VALIDATED,,,80,79.61,133.0,132.02,1.0,1.0
2026-08-18 15:42:09.513855+00:00,1,1_block,82288,43.9,3,3,1,,,0.5,"xgb,lgb",0.4214285714285714,False,0.0,VALIDATED,,,6,5.03,8.0,7.71,1.0,1.0
2026-08-18 15:42:09.513855+00:00,3,3_blocks,82288,43.9,3,3,1,,,0.5,"xgb,lgb",0.624113475177305,False,0.0,VALIDATED,,,42,41.6,69.0,68.67,1.0,1.0
2026-08-18 15:42:09.513855+00:00,6,6_blocks,82288,43.9,3,3,1,,,0.5,"xgb,lgb",0.431095406360424,False,0.0,VALIDATED,,,42,41.6,69.0,68.67,1.0,1.0
2026-08-18 16:04:38.201407+00:00,1,1_block,78953,42.9,1,1,1,,,0.5,"xgb,lgb",0.624113475177305,False,0.0,VALIDATED,,,3,2.5,4.0,3.5,1.0,1.0
2026-08-18 16:04:38.201407+00:00,3,3_blocks,78953,42.9,1,1,1,,,0.5,"xgb,lgb",0.624113475177305,False,0.0,VALIDATED,,,13,13.0,21.0,21.0,1.0,1.0
2026-08-18 16:04:38.201407+00:00,6,6_blocks,78953,42.9,1,1,1,,,0.5,"xgb,lgb",0.431095406360424,False,0.0,VALIDATED,,,13,13.0,21.0,21.0,1.0,1.0
2026-08-18 16:45:18.860104+00:00,1,1_block,79500,43.3,3,1,1,,,0.5,"xgb,lgb",0.624113475177305,False,0.0,VALIDATED,,,12,11.66,19.0,18.76,1.0,1.0
2026-08-18 16:45:18.860104+00:00,3,3_blocks,79500,43.3,3,1,1,,,0.5,"xgb,lgb",0.3909090909090909,False,0.0,VALIDATED,,,35,34.75,58.0,57.25,1.0,1.0
2026-08-18 16:45:18.860104+00:00,6,6_blocks,79500,43.3,3,1,1,,,0.5,"xgb,lgb",0.3800904977375565,False,0.0,VALIDATED,,,35,34.75,58.0,57.25,1.0,1.0
2026-08-18 17:10:31.303033+00:00,1,1_block,76944,42.5,1,1,1,,,0.5,"xgb,lgb",0.3909090909090909,False,0.0,VALIDATED,,,6,5.22,9.0,8.04,1.0,1.0
2026-08-18 17:10:31.303033+00:00,3,3_blocks,76944,42.5,1,1,1,,,0.5,"xgb,lgb",0.3909090909090909,False,0.0,VALIDATED,,,13,12.2,20.0,19.66,1.0,1.0
2026-08-18 17:10:31.303033+00:00,6,6_blocks,76944,42.5,1,1,1,,,0.5,"xgb,lgb",0.3909090909090909,False,0.0,VALIDATED,,,13,12.19,20.0,19.66,1.0,1.0
2026-08-18 17:41:04.082903+00:00,1,1_block,77755,42.8,2,1,1,,,0.5,"xgb,lgb",0.3909090909090909,False,0.0,VALIDATED,,,10,9.28,15.0,14.81,1.0,1.0
2026-08-18 17:41:04.082903+00:00,3,3_blocks,77755,42.8,2,1,1,,,0.5,"xgb,lgb",0.4244604316546763,False,0.0,VALIDATED,,,36,35.26,59.0,58.09,1.0,1.0
2026-08-18 17:41:04.082903+00:00,6,6_blocks,77755,42.8,2,1,1,,,0.5,"xgb,lgb",0.3909090909090909,False,0.0,VALIDATED,,,36,35.26,59.0,58.09,1.0,1.0
2026-08-18 18:01:20.841080+00:00,1,1_block,72962,41.9,2,1,1,,,0.5,"xgb,lgb",0.4244604316546763,False,0.0,VALIDATED,,,5,4.64,8.0,7.07,1.0,1.0
2026-08-18 18:01:20.841080+00:00,3,3_blocks,72962,41.9,2,1,1,,,0.996,"xgb,lgb",0.4244604316546763,False,0.0,VALIDATED,,,2,1.0,1.0,1.0,1.0,1.0
2026-08-18 18:01:20.841080+00:00,6,6_blocks,72962,41.9,2,1,1,,,1.0,"xgb,lgb",0.3909090909090909,False,0.0,VALIDATED,,,1,1.0,1.0,1.0,1.0,1.0
2026-08-18 18:53:25.456473+00:00,1,1_block,77913,42.7,3,1,1,,,0.5,"xgb,lgb",0.4244604316546763,False,0.0,VALIDATED,,,12,11.57,19.0,18.61,1.0,1.0
2026-08-18 18:53:25.456473+00:00,3,3_blocks,77913,42.7,3,1,1,,,0.5,"xgb,lgb",0.4244604316546763,False,0.0,VALIDATED,,,67,66.1,110.0,109.5,1.0,1.0
2026-08-18 18:53:25.456473+00:00,6,6_blocks,77913,42.7,3,1,1,,,0.5,"xgb,lgb",0.3909090909090909,False,0.0,VALIDATED,,,67,66.1,110.0,109.5,1.0,1.0
2026-08-18 19:23:02.678689+00:00,1,1_block,83100,44.0,6,5,4,,,0.5,"xgb,lgb",4.235772357723577,False,0.0,VALIDATED,,,15,14.47,24.0,23.45,1.0,1.0
2026-08-18 19:23:02.678689+00:00,3,3_blocks,83100,44.0,6,5,4,,,0.5,"xgb,lgb",0.4244604316546763,False,0.0,VALIDATED,,,33,32.37,54.0,53.28,1.0,1.0
2026-08-18 19:23:02.678689+00:00,6,6_blocks,83100,44.0,6,5,4,,,0.5,"xgb,lgb",0.4244604316546763,False,0.0,VALIDATED,,,33,32.37,54.0,53.28,1.0,1.0
2026-08-18 19:48:04.251352+00:00,1,1_block,83599,44.3,5,4,3,,,0.5,"xgb,lgb",4.235772357723577,False,0.0,VALIDATED,,,17,16.02,26.0,25.82,2.0,1.32
2026-08-18 19:48:04.251352+00:00,3,3_blocks,83599,44.3,5,4,3,,,0.5,"xgb,lgb",3.6872427983539096,False,0.0,VALIDATED,,,23,22.77,38.0,37.28,1.0,1.0
2026-08-18 19:48:04.251352+00:00,6,6_blocks,83599,44.3,5,4,3,,,0.5,"xgb,lgb",0.4244604316546763,False,0.0,VALIDATED,,,23,22.77,38.0,37.28,2.0,1.01
2026-08-18 20:01:35.144240+00:00,1,1_block,85926,44.9,6,5,4,,,0.5,"xgb,lgb",3.892783505154639,False,0.0,VALIDATED,,,13,12.63,21.0,20.18,2.0,1.31
2026-08-18 20:01:35.144240+00:00,3,3_blocks,85926,44.9,6,5,4,,,0.5,"xgb,lgb",3.6872427983539096,False,0.0,VALIDATED,,,28,27.98,46.0,45.96,1.0,1.0
2026-08-18 20:01:35.144240+00:00,6,6_blocks,85926,44.9,6,5,4,,,0.5,"xgb,lgb",0.4244604316546763,False,0.0,VALIDATED,,,28,27.98,46.0,45.96,2.0,1.01
2026-08-18 20:36:03.452191+00:00,1,1_block,84143,44.8,5,4,3,,,0.5,"xgb,lgb",3.892783505154639,False,0.0,VALIDATED,,,19,18.81,31.0,30.48,2.0,1.31
2026-08-18 20:36:03.452191+00:00,3,3_blocks,84143,44.8,5,4,3,,,0.5,"xgb,lgb",2.018348623853211,False,0.0,VALIDATED,,,18,17.73,29.0,28.88,1.0,1.0
2026-08-18 20:36:03.452191+00:00,6,6_blocks,84143,44.8,5,4,3,,,0.5,"xgb,lgb",2.018348623853211,False,0.0,VALIDATED,,,18,17.73,29.0,28.88,1.0,1.0
2026-08-18 20:55:50.242709+00:00,1,1_block,84424,45.2,5,4,3,,,0.5,"xgb,lgb",2.018348623853211,False,0.0,VALIDATED,,,20,19.23,32.0,31.16,2.0,1.34
2026-08-18 20:55:50.242709+00:00,3,3_blocks,84424,45.2,5,4,3,,,0.5,"xgb,lgb",2.018348623853211,False,0.0,VALIDATED,,,30,29.9,50.0,49.16,1.0,1.0
2026-08-18 20:55:50.242709+00:00,6,6_blocks,84424,45.2,5,4,3,,,0.5,"xgb,lgb",2.018348623853211,False,0.0,VALIDATED,,,30,29.9,50.0,49.16,1.0,1.0
2026-08-18 21:17:40.944849+00:00,1,1_block,84949,45.4,5,5,4,,,0.5,"xgb,lgb",2.018348623853211,False,0.0,VALIDATED,,,24,23.31,38.0,37.98,2.0,1.31
2026-08-18 21:17:40.944849+00:00,3,3_blocks,84949,45.4,5,5,4,,,0.5,"xgb,lgb",2.018348623853211,False,0.0,VALIDATED,,,38,37.01,62.0,61.02,1.0,1.0
2026-08-18 21:17:40.944849+00:00,6,6_blocks,84949,45.4,5,5,4,,,0.5,"xgb,lgb",0.5563380281690141,False,0.0,VALIDATED,,,38,37.01,62.0,61.02,1.0,1.0
2026-08-18 21:42:08.274237+00:00,1,1_block,81778,44.7,4,4,3,,,0.5,"xgb,lgb",2.018348623853211,False,0.0,VALIDATED,,,12,11.6,19.0,18.47,2.0,1.3
2026-08-18 21:42:08.274237+00:00,3,3_blocks,81778,44.7,4,4,3,,,0.5,"xgb,lgb",0.5563380281690141,False,0.0,VALIDATED,,,8,7.09,12.0,11.15,1.0,1.0
2026-08-18 21:42:08.274237+00:00,6,6_blocks,81778,44.7,4,4,3,,,0.5,"xgb,lgb",0.5563380281690141,False,0.0,VALIDATED,,,8,7.09,12.0,11.15,1.0,1.0
2026-08-18 22:00:43.814023+00:00,1,1_block,78357,43.8,3,3,1,,,0.5,"xgb,lgb",1.2056338028169014,False,0.0,VALIDATED,,,16,15.7,26.0,25.28,2.0,1.33
2026-08-18 22:00:43.814023+00:00,3,3_blocks,78357,43.8,3,3,1,,,0.5,"xgb,lgb",0.5563380281690141,False,0.0,VALIDATED,,,24,23.9,40.0,39.16,1.0,1.0
2026-08-18 22:00:43.814023+00:00,6,6_blocks,78357,43.8,3,3,1,,,0.5,"xgb,lgb",0.5563380281690141,False,0.0,VALIDATED,,,24,23.9,40.0,39.16,1.0,1.0
2026-08-18 22:29:15.662373+00:00,1,1_block,74461,42.3,1,1,1,,,0.5,"xgb,lgb",1.2056338028169014,False,0.0,VALIDATED,,,7,6.92,11.0,10.87,1.0,1.0
2026-08-18 22:29:15.662373+00:00,3,3_blocks,74461,42.3,1,1,1,,,0.996,"xgb,lgb",0.5563380281690141,False,0.0,VALIDATED,,,2,1.0,1.0,1.0,1.0,1.0
2026-08-18 22:29:15.662373+00:00,6,6_blocks,74461,42.3,1,1,1,,,1.0,"xgb,lgb",0.4272727272727272,False,0.0,VALIDATED,,,1,1.0,1.0,1.0,1.0,1.0
2026-08-18 22:52:34.197332+00:00,1,1_block,77973,43.2,4,3,1,,,1.0,"xgb,lgb",1.206533776301218,False,0.0,VALIDATED,,,1,1.0,1.0,1.0,1.0,1.0
2026-08-18 22:52:34.197332+00:00,3,3_blocks,77973,43.2,4,3,1,,,0.5,"xgb,lgb",0.4272727272727272,False,0.0,VALIDATED,,,23,22.96,38.0,37.59,1.0,1.0
2026-08-18 22:52:34.197332+00:00,6,6_blocks,77973,43.2,4,3,1,,,0.5,"xgb,lgb",0.4272727272727272,False,0.0,VALIDATED,,,23,22.95,38.0,37.59,1.0,1.0
2026-08-18 23:16:03.523159+00:00,1,1_block,77131,42.9,3,1,1,,,0.5,"xgb,lgb",1.206533776301218,False,0.0,VALIDATED,,,4,3.11,5.0,4.51,1.0,1.0
2026-08-18 23:16:03.523159+00:00,3,3_blocks,77131,42.9,3,1,1,,,0.5,"xgb,lgb",0.4272727272727272,False,0.0,VALIDATED,,,23,22.1,37.0,36.16,1.0,1.0
2026-08-18 23:16:03.523159+00:00,6,6_blocks,77131,42.9,3,1,1,,,0.5,"xgb,lgb",0.4272727272727272,False,0.0,VALIDATED,,,23,22.09,37.0,36.16,1.0,1.0
2026-08-18 23:40:30.222929+00:00,1,1_block,75623,42.3,1,1,1,,,0.5,"xgb,lgb",1.206533776301218,False,0.0,VALIDATED,,,6,5.86,9.0,8.88,2.0,1.34
2026-08-18 23:40:30.222929+00:00,3,3_blocks,75623,42.3,1,1,1,,,0.5,"xgb,lgb",0.4272727272727272,False,0.0,VALIDATED,,,34,33.77,56.0,55.61,1.0,1.0
2026-08-18 23:40:30.222929+00:00,6,6_blocks,75623,42.3,1,1,1,,,0.5,"xgb,lgb",0.4272727272727272,False,0.0,VALIDATED,,,34,33.77,56.0,55.61,1.0,1.0
2026-08-18 23:57:07.462230+00:00,1,1_block,75231,42.2,1,1,1,,,0.5,"xgb,lgb",1.206533776301218,False,0.0,VALIDATED,,,7,6.42,10.0,9.95,2.0,1.11
2026-08-18 23:57:07.462230+00:00,3,3_blocks,75231,42.2,1,1,1,,,0.5,"xgb,lgb",1.05,False,0.0,VALIDATED,,,23,22.22,37.0,36.36,1.0,1.0
2026-08-18 23:57:07.462230+00:00,6,6_blocks,75231,42.2,1,1,1,,,0.5,"xgb,lgb",0.4272727272727272,False,0.0,VALIDATED,,,23,22.22,37.0,36.36,1.0,1.0
2026-08-19 01:05:27.477004+00:00,1,1_block,78256,43.2,3,3,1,,,0.5,"xgb,lgb",1.8816326530612244,False,0.0,VALIDATED,,,5,4.95,8.0,7.53,2.0,1.08
2026-08-19 01:05:27.477004+00:00,3,3_blocks,78256,43.2,3,3,1,,,0.5,"xgb,lgb",1.05,False,0.0,VALIDATED,,,17,16.37,27.0,26.61,1.0,1.0
2026-08-19 01:05:27.477004+00:00,6,6_blocks,78256,43.2,3,3,1,,,0.5,"xgb,lgb",0.3818181818181818,False,0.0,VALIDATED,,,17,16.37,27.0,26.61,1.0,1.0
2026-08-19 02:28:26.995572+00:00,1,1_block,76903,42.8,2,1,1,,,0.714,"xgb,lgb",0.3963963963963964,False,0.0,VALIDATED,,,2,1.13,1.0,1.0,2.0,1.33
2026-08-19 02:28:26.995572+00:00,3,3_blocks,76903,42.8,2,1,1,,,0.5,"xgb,lgb",0.3963963963963964,False,0.0,VALIDATED,,,40,39.23,65.0,64.72,1.0,1.0
2026-08-19 02:28:26.995572+00:00,6,6_blocks,76903,42.8,2,1,1,,,0.5,"xgb,lgb",0.3963963963963964,False,0.0,VALIDATED,,,40,39.23,65.0,64.72,1.0,1.0
2026-08-19 03:14:24.999975+00:00,1,1_block,75994,42.8,3,1,1,,,0.5,"xgb,lgb",0.3963963963963964,False,0.0,VALIDATED,,,11,10.8,18.0,17.27,2.0,1.1
2026-08-19 03:14:24.999975+00:00,3,3_blocks,75994,42.8,3,1,1,,,0.5,"xgb,lgb",0.4042553191489361,False,0.0,VALIDATED,,,56,55.52,92.0,91.86,1.0,1.0
2026-08-19 03:14:24.999975+00:00,6,6_blocks,75994,42.8,3,1,1,,,0.5,"xgb,lgb",0.3963963963963964,False,0.0,VALIDATED,,,56,55.51,92.0,91.86,1.0,1.0
2026-08-19 04:01:42.634316+00:00,1,1_block,77494,43.2,5,4,1,,,0.5,"xgb,lgb",0.4042553191489361,False,0.0,VALIDATED,,,4,3.1,5.0,4.5,1.0,1.0
2026-08-19 04:01:42.634316+00:00,3,3_blocks,77494,43.2,5,4,1,,,0.5,"xgb,lgb",0.3272727272727272,False,0.0,VALIDATED,,,19,18.08,30.0,29.46,1.0,1.0
2026-08-19 04:01:42.634316+00:00,6,6_blocks,77494,43.2,5,4,1,,,0.5,"xgb,lgb",0.3272727272727272,False,0.0,VALIDATED,,,19,18.07,30.0,29.46,1.0,1.0
2026-08-19 04:48:06.478687+00:00,1,1_block,72779,41.4,1,1,1,,,1.0,"xgb,lgb",1.0,False,0.0,VALIDATED,,,1,1.0,1.0,1.0,1.0,1.0
2026-08-19 04:48:06.478687+00:00,3,3_blocks,72779,41.4,1,1,1,,,0.5,"xgb,lgb",0.4165170556552962,False,0.0,VALIDATED,,,16,15.3,25.0,24.82,1.0,1.0
2026-08-19 04:48:06.478687+00:00,6,6_blocks,72779,41.4,1,1,1,,,0.5,"xgb,lgb",0.4165170556552962,False,0.0,VALIDATED,,,16,15.29,25.0,24.82,1.0,1.0
2026-08-19 05:15:59.860433+00:00,1,1_block,71519,42.1,2,1,1,,,0.5,"xgb,lgb",1.0879478827361564,False,0.0,VALIDATED,,,5,4.72,8.0,7.2,1.0,1.0
2026-08-19 05:15:59.860433+00:00,3,3_blocks,71519,42.1,2,1,1,,,0.5,"xgb,lgb",0.4165170556552962,False,0.0,VALIDATED,,,6,5.62,9.0,8.7,1.0,1.0
2026-08-19 05:15:59.860433+00:00,6,6_blocks,71519,42.1,2,1,1,,,0.5,"xgb,lgb",0.4165170556552962,False,0.0,VALIDATED,,,6,5.62,9.0,8.7,1.0,1.0
2026-08-19 05:48:38.885736+00:00,1,1_block,81743,42.6,1,1,1,,,0.5,"xgb,lgb",1.0879478827361564,False,0.0,VALIDATED,,,10,9.35,15.0,14.92,1.0,1.0
2026-08-19 05:48:38.885736+00:00,3,3_blocks,81743,42.6,1,1,1,,,0.5,"xgb,lgb",0.4173228346456692,False,0.0,VALIDATED,,,54,53.35,89.0,88.24,1.0,1.0
2026-08-19 05:48:38.885736+00:00,6,6_blocks,81743,42.6,1,1,1,,,0.5,"xgb,lgb",0.4165170556552962,False,0.0,VALIDATED,,,54,53.35,89.0,88.24,1.0,1.0
2026-08-19 06:18:34.304435+00:00,1,1_block,79847,42.9,3,1,1,,,0.5,"xgb,lgb",0.4214285714285714,False,0.0,VALIDATED,,,8,7.75,13.0,12.26,1.0,1.0
2026-08-19 06:18:34.304435+00:00,3,3_blocks,79847,42.9,3,1,1,,,0.5,"xgb,lgb",0.4173228346456692,False,0.0,VALIDATED,,,24,23.5,39.0,38.49,1.0,1.0
2026-08-19 06:18:34.304435+00:00,6,6_blocks,79847,42.9,3,1,1,,,0.5,"xgb,lgb",0.4165170556552962,False,0.0,VALIDATED,,,24,23.5,39.0,38.49,1.0,1.0
2026-08-19 07:10:07.944378+00:00,1,1_block,78439,42.4,1,1,1,,,0.5,"xgb,lgb",2.283687943262412,False,0.0,VALIDATED,,,3,2.89,5.0,4.08,2.0,1.11
2026-08-19 07:10:07.944378+00:00,3,3_blocks,78439,42.4,1,1,1,,,0.5,"xgb,lgb",0.4214285714285714,False,0.0,VALIDATED,,,43,42.99,71.0,70.99,1.0,1.0
2026-08-19 07:10:07.944378+00:00,6,6_blocks,78439,42.4,1,1,1,,,0.5,"xgb,lgb",0.4173228346456692,False,0.0,VALIDATED,,,43,42.99,71.0,70.99,1.0,1.0
2026-08-19 07:52:03.992818+00:00,1,1_block,84179,44.3,4,3,1,,,0.5,"xgb,lgb",2.283687943262412,False,0.0,VALIDATED,,,13,12.14,20.0,19.49,2.0,1.11
2026-08-19 07:52:03.992818+00:00,3,3_blocks,84179,44.3,4,3,1,,,0.5,"xgb,lgb",0.4142857142857143,False,0.0,VALIDATED,,,41,40.13,67.0,66.21,1.0,1.0
2026-08-19 07:52:03.992818+00:00,6,6_blocks,84179,44.3,4,3,1,,,0.5,"xgb,lgb",0.4142857142857143,False,0.0,VALIDATED,,,41,40.13,67.0,66.21,1.0,1.0
2026-08-19 08:28:55.531137+00:00,1,1_block,78535,42.5,1,1,1,,,0.5,"xgb,lgb",0.4142857142857143,False,0.0,VALIDATED,,,9,8.43,14.0,13.15,2.0,1.35
2026-08-19 08:28:55.531137+00:00,3,3_blocks,78535,42.5,1,1,1,,,0.5,"xgb,lgb",0.4142857142857143,False,0.0,VALIDATED,,,36,35.56,59.0,58.59,1.0,1.0
2026-08-19 08:28:55.531137+00:00,6,6_blocks,78535,42.5,1,1,1,,,0.5,"xgb,lgb",0.4142857142857143,False,0.0,VALIDATED,,,36,35.55,59.0,58.59,1.0,1.0
2026-08-19 09:05:24.584101+00:00,1,1_block,77195,42.3,1,1,1,,,0.5,"xgb,lgb",2.0,False,0.0,VALIDATED,,,5,4.27,7.0,6.45,1.0,1.0
2026-08-19 09:05:24.584101+00:00,3,3_blocks,77195,42.3,1,1,1,,,0.5,"xgb,lgb",1.004566210045662,False,0.0,VALIDATED,,,39,38.97,65.0,64.27,1.0,1.0
2026-08-19 09:05:24.584101+00:00,6,6_blocks,77195,42.3,1,1,1,,,0.5,"xgb,lgb",0.4142857142857143,False,0.0,VALIDATED,,,39,38.96,65.0,64.27,1.0,1.0
2026-08-19 09:45:15.181657+00:00,1,1_block,78312,42.5,2,1,1,,,0.5,"xgb,lgb",2.0,False,0.0,VALIDATED,,,8,7.91,13.0,12.47,2.0,1.08
2026-08-19 09:45:15.181657+00:00,3,3_blocks,78312,42.5,2,1,1,,,0.5,"xgb,lgb",1.0,False,0.0,VALIDATED,,,37,36.81,61.0,60.68,1.0,1.0
2026-08-19 09:45:15.181657+00:00,6,6_blocks,78312,42.5,2,1,1,,,0.5,"xgb,lgb",1.0,False,0.0,VALIDATED,,,37,36.81,61.0,60.68,1.0,1.0
2026-08-19 10:06:43.839589+00:00,1,1_block,81843,43.3,4,3,1,,,0.5,"xgb,lgb",1.0101010101010102,False,0.0,VALIDATED,,,23,22.38,37.0,36.59,2.0,1.08
2026-08-19 10:06:43.839589+00:00,3,3_blocks,81843,43.3,4,3,1,,,0.5,"xgb,lgb",1.0,False,0.0,VALIDATED,,,52,51.91,86.0,85.84,1.0,1.0
2026-08-19 10:06:43.839589+00:00,6,6_blocks,81843,43.3,4,3,1,,,0.5,"xgb,lgb",0.4071428571428571,False,0.0,VALIDATED,,,52,51.91,86.0,85.84,1.0,1.0
2026-08-19 10:41:54.229511+00:00,1,1_block,79859,42.9,3,1,1,,,0.5,"xgb,lgb",1.0101010101010102,False,0.0,VALIDATED,,,15,14.11,23.0,22.6,2.0,1.37
2026-08-19 10:41:54.229511+00:00,3,3_blocks,79859,42.9,3,1,1,,,0.5,"xgb,lgb",0.4071428571428571,False,0.0,VALIDATED,,,27,26.64,44.0,43.73,1.0,1.0
2026-08-19 10:41:54.229511+00:00,6,6_blocks,79859,42.9,3,1,1,,,0.5,"xgb,lgb",0.4071428571428571,False,0.0,VALIDATED,,,27,26.64,44.0,43.73,1.0,1.0
2026-08-19 11:04:33.655711+00:00,1,1_block,79697,43.0,2,1,1,,,0.5,"xgb,lgb",1.0,False,0.0,VALIDATED,,,10,9.4,15.0,14.8,2.0,1.3
2026-08-19 11:04:33.655711+00:00,3,3_blocks,79697,43.0,2,1,1,,,0.5,"xgb,lgb",0.4071428571428571,False,0.0,VALIDATED,,,38,37.5,62.0,61.83,1.0,1.0
2026-08-19 11:04:33.655711+00:00,6,6_blocks,79697,43.0,2,1,1,,,0.5,"xgb,lgb",0.4071428571428571,False,0.0,VALIDATED,,,38,37.5,62.0,61.83,2.0,1.01
2026-08-19 11:35:58.077965+00:00,1,1_block,75400,41.9,1,1,1,,,0.5,"xgb,lgb",1.0,False,0.0,VALIDATED,,,23,22.7,38.0,37.17,1.0,1.0
2026-08-19 11:35:58.077965+00:00,3,3_blocks,75400,41.9,1,1,1,,,0.5,"xgb,lgb",0.4071428571428571,False,0.0,VALIDATED,,,26,25.35,42.0,41.58,1.0,1.0
2026-08-19 11:35:58.077965+00:00,6,6_blocks,75400,41.9,1,1,1,,,0.5,"xgb,lgb",0.4071428571428571,False,0.0,VALIDATED,,,26,25.35,42.0,41.58,1.0,1.0
2026-08-19 11:56:13.000948+00:00,1,1_block,76216,42.2,2,1,1,,,1.0,"xgb,lgb",1.0,False,0.0,VALIDATED,,,1,1.0,1.0,1.0,1.0,1.0
2026-08-19 11:56:13.000948+00:00,3,3_blocks,76216,42.2,2,1,1,,,0.5,"xgb,lgb",1.1915655460513228,False,0.0,VALIDATED,,,22,21.04,35.0,34.4,1.0,1.0
2026-08-19 11:56:13.000948+00:00,6,6_blocks,76216,42.2,2,1,1,,,0.5,"xgb,lgb",0.4071428571428571,False,0.0,VALIDATED,,,22,21.04,35.0,34.4,1.0,1.0
2026-08-19 12:33:22.424646+00:00,1,1_block,78669,42.9,3,3,1,,,0.5,"xgb,lgb",1.2,False,0.0,VALIDATED,,,19,18.62,31.0,30.15,2.0,1.32
2026-08-19 12:33:22.424646+00:00,3,3_blocks,78669,42.9,3,3,1,,,0.5,"xgb,lgb",1.1915655460513228,False,0.0,VALIDATED,,,31,30.1,50.0,49.5,1.0,1.0
2026-08-19 12:33:22.424646+00:00,6,6_blocks,78669,42.9,3,3,1,,,0.5,"xgb,lgb",1.1915655460513228,False,0.0,VALIDATED,,,31,30.1,50.0,49.5,1.0,1.0
2026-08-19 13:28:25.042670+00:00,1,1_block,81061,43.6,4,3,1,,,0.5,"xgb,lgb",1.753120665742025,False,0.0,VALIDATED,,,10,9.43,15.0,14.8,2.0,1.37
2026-08-19 13:28:25.042670+00:00,3,3_blocks,81061,43.6,4,3,1,,,0.5,"xgb,lgb",1.753120665742025,False,0.0,VALIDATED,,,52,51.37,85.0,84.95,1.0,1.0
2026-08-19 13:28:25.042670+00:00,6,6_blocks,81061,43.6,4,3,1,,,0.5,"xgb,lgb",0.4,False,0.0,VALIDATED,,,52,51.37,85.0,84.95,1.0,1.0
2026-08-19 14:06:45.217143+00:00,1,1_block,84768,44.8,5,4,3,,,0.5,"xgb,lgb",1.0,False,0.0,VALIDATED,,,22,21.65,36.0,35.18,2.0,1.35
2026-08-19 14:06:45.217143+00:00,3,3_blocks,84768,44.8,5,4,3,,,0.5,"xgb,lgb",0.5949656750572082,False,0.0,VALIDATED,,,24,23.3,39.0,38.16,1.0,1.0
2026-08-19 14:06:45.217143+00:00,6,6_blocks,84768,44.8,5,4,3,,,0.5,"xgb,lgb",0.4,False,0.0,VALIDATED,,,24,23.3,39.0,38.16,1.0,1.0
2026-08-19 14:48:24.877826+00:00,1,1_block,74114,41.6,1,1,1,,,0.5,"xgb,lgb",1.0,False,0.0,VALIDATED,,,21,20.91,35.0,34.18,1.0,1.0
2026-08-19 14:48:24.877826+00:00,3,3_blocks,74114,41.6,1,1,1,,,0.5,"xgb,lgb",0.5461638491547465,False,0.0,VALIDATED,,,13,12.86,21.0,20.77,1.0,1.0
2026-08-19 14:48:24.877826+00:00,6,6_blocks,74114,41.6,1,1,1,,,0.5,"xgb,lgb",0.5,False,0.0,VALIDATED,,,13,12.86,21.0,20.77,1.0,1.0
2026-08-19 15:15:34.434154+00:00,1,1_block,75651,42.1,2,1,1,,,0.5,"xgb,lgb",2.136842105263158,False,0.0,VALIDATED,,,21,20.26,34.0,33.1,1.0,1.0
2026-08-19 15:15:34.434154+00:00,3,3_blocks,75651,42.1,2,1,1,,,0.5,"xgb,lgb",0.5461638491547465,False,0.0,VALIDATED,,,37,36.44,61.0,60.06,1.0,1.0
2026-08-19 15:15:34.434154+00:00,6,6_blocks,75651,42.1,2,1,1,,,0.5,"xgb,lgb",1.0059171597633136,False,0.0,VALIDATED,,,37,36.44,61.0,60.06,1.0,1.0
2026-08-19 15:48:36.810117+00:00,1,1_block,74010,41.7,1,1,1,,,0.5,"xgb,lgb",2.136842105263158,False,0.0,VALIDATED,,,18,17.14,28.0,27.9,1.0,1.0
2026-08-19 15:48:36.810117+00:00,3,3_blocks,74010,41.7,1,1,1,,,0.996,"xgb,lgb",1.0059171597633136,False,0.0,VALIDATED,,,2,1.0,1.0,1.0,1.0,1.0
2026-08-19 15:48:36.810117+00:00,6,6_blocks,74010,41.7,1,1,1,,,1.0,"xgb,lgb",1.0059171597633136,False,0.0,VALIDATED,,,1,1.0,1.0,1.0,1.0,1.0
2026-08-19 16:13:19.936727+00:00,1,1_block,78564,43.4,4,3,1,,,0.5,"xgb,lgb",2.090909090909091,False,0.0,VALIDATED,,,21,20.1,33.0,32.83,1.0,1.0
2026-08-19 16:13:19.936727+00:00,3,3_blocks,78564,43.4,4,3,1,,,0.996,"xgb,lgb",1.0059171597633136,False,0.0,VALIDATED,,,2,1.0,1.0,1.0,1.0,1.0
2026-08-19 16:13:19.936727+00:00,6,6_blocks,78564,43.4,4,3,1,,,1.0,"xgb,lgb",0.4545454545454545,False,0.0,VALIDATED,,,1,1.0,1.0,1.0,1.0,1.0
2026-08-19 16:49:21.310790+00:00,1,1_block,77019,43.1,3,3,1,,,0.5,"xgb,lgb",2.090909090909091,False,0.0,VALIDATED,,,23,22.24,37.0,36.4,1.0,1.0
2026-08-19 16:49:21.310790+00:00,3,3_blocks,77019,43.1,3,3,1,,,0.996,"xgb,lgb",0.4545454545454545,False,0.0,VALIDATED,,,2,1.0,1.0,1.0,1.0,1.0
2026-08-19 16:49:21.310790+00:00,6,6_blocks,77019,43.1,3,3,1,,,1.0,"xgb,lgb",0.4545454545454545,False,0.0,VALIDATED,,,1,1.0,1.0,1.0,1.0,1.0
2026-08-19 17:12:21.589410+00:00,1,1_block,76889,42.7,2,1,1,,,0.5,"xgb,lgb",0.636986301369863,False,0.0,VALIDATED,,,16,15.95,26.0,25.92,1.0,1.0
2026-08-19 17:12:21.589410+00:00,3,3_blocks,76889,42.7,2,1,1,,,0.5,"xgb,lgb",0.4545454545454545,False,0.0,VALIDATED,,,44,43.38,72.0,71.63,1.0,1.0
2026-08-19 17:12:21.589410+00:00,6,6_blocks,76889,42.7,2,1,1,,,0.5,"xgb,lgb",0.4414414414414414,False,0.0,VALIDATED,,,44,43.38,72.0,71.63,1.0,1.0
2026-08-19 17:43:54.222066+00:00,1,1_block,75202,41.9,1,1,1,,,0.5,"xgb,lgb",0.636986301369863,False,0.0,VALIDATED,,,6,5.6,9.0,8.67,1.0,1.0
2026-08-19 17:43:54.222066+00:00,3,3_blocks,75202,41.9,1,1,1,,,0.5,"xgb,lgb",0.4414414414414414,False,0.0,VALIDATED,,,13,12.15,20.0,19.57,1.0,1.0
2026-08-19 17:43:54.222066+00:00,6,6_blocks,75202,41.9,1,1,1,,,0.5,"xgb,lgb",0.4414414414414414,False,0.0,VALIDATED,,,13,12.14,20.0,19.57,1.0,1.0
2026-08-19 18:01:54.677397+00:00,1,1_block,76789,42.4,2,1,1,,,1.0,"xgb,lgb",1.0303030303030305,False,0.0,VALIDATED,,,1,1.0,1.0,1.0,1.0,1.0
2026-08-19 18:01:54.677397+00:00,3,3_blocks,76789,42.4,2,1,1,,,0.5,"xgb,lgb",0.4414414414414414,False,0.0,VALIDATED,,,42,41.06,68.0,67.76,1.0,1.0
2026-08-19 18:01:54.677397+00:00,6,6_blocks,76789,42.4,2,1,1,,,0.5,"xgb,lgb",0.4414414414414414,False,0.0,VALIDATED,,,42,41.06,68.0,67.76,1.0,1.0
2026-08-19 18:50:19.563696+00:00,1,1_block,85818,43.6,2,1,1,,,1.0,"xgb,lgb",1.0303030303030305,False,0.0,VALIDATED,,,1,1.0,1.0,1.0,1.0,1.0
2026-08-19 18:50:19.563696+00:00,3,3_blocks,85818,43.6,2,1,1,,,0.5,"xgb,lgb",0.4234234234234234,False,0.0,VALIDATED,,,54,53.58,89.0,88.63,1.0,1.0
2026-08-19 18:50:19.563696+00:00,6,6_blocks,85818,43.6,2,1,1,,,0.5,"xgb,lgb",0.4225352112676056,False,0.0,VALIDATED,,,54,53.58,89.0,88.63,1.0,1.0
2026-08-19 19:13:53.328036+00:00,1,1_block,86376,43.8,2,1,1,,,1.0,"xgb,lgb",1.1085450346420322,False,0.0,VALIDATED,,,1,1.0,1.0,1.0,1.0,1.0
2026-08-19 19:13:53.328036+00:00,3,3_blocks,86376,43.8,2,1,1,,,0.5,"xgb,lgb",0.4234234234234234,False,0.0,VALIDATED,,,41,40.5,67.0,66.84,1.0,1.0
2026-08-19 19:13:53.328036+00:00,6,6_blocks,86376,43.8,2,1,1,,,0.5,"xgb,lgb",0.4350282485875706,False,0.0,VALIDATED,,,41,40.5,67.0,66.84,1.0,1.0
2026-08-19 19:42:34.651246+00:00,1,1_block,84909,43.3,1,1,1,,,1.0,"xgb,lgb",1.1085450346420322,False,0.0,VALIDATED,,,1,1.0,1.0,1.0,1.0,1.0
2026-08-19 19:42:34.651246+00:00,3,3_blocks,84909,43.3,1,1,1,,,0.5,"xgb,lgb",0.4350282485875706,False,0.0,VALIDATED,,,37,36.96,61.0,60.93,1.0,1.0
2026-08-19 19:42:34.651246+00:00,6,6_blocks,84909,43.3,1,1,1,,,0.5,"xgb,lgb",0.4350282485875706,False,0.0,VALIDATED,,,37,36.96,61.0,60.93,1.0,1.0
2026-08-19 20:01:46.925196+00:00,1,1_block,86490,43.8,2,1,1,,,1.0,"xgb,lgb",0.4350282485875706,False,0.0,VALIDATED,,,1,1.0,1.0,1.0,1.0,1.0
2026-08-19 20:01:46.925196+00:00,3,3_blocks,86490,43.8,2,1,1,,,0.5,"xgb,lgb",0.4350282485875706,False,0.0,VALIDATED,,,46,45.25,75.0,74.75,1.0,1.0
2026-08-19 20:01:46.925196+00:00,6,6_blocks,86490,43.8,2,1,1,,,0.5,"xgb,lgb",0.4350282485875706,False,0.0,VALIDATED,,,46,45.25,75.0,74.75,1.0,1.0
2026-08-19 20:40:04.380850+00:00,1,1_block,91612,45.3,4,3,1,,,0.5,"xgb,lgb",0.4350282485875706,False,0.0,VALIDATED,,,20,19.37,32.0,31.62,1.0,1.0
2026-08-19 20:40:04.380850+00:00,3,3_blocks,91612,45.3,4,3,1,,,0.5,"xgb,lgb",0.4142857142857143,False,0.0,VALIDATED,,,15,14.5,24.0,23.5,1.0,1.0
2026-08-19 20:40:04.380850+00:00,6,6_blocks,91612,45.3,4,3,1,,,0.5,"xgb,lgb",0.4142857142857143,False,0.0,VALIDATED,,,15,14.5,24.0,23.5,1.0,1.0
2026-08-19 21:00:45.691076+00:00,1,1_block,86788,43.8,2,1,1,,,0.727,"xgb,lgb",0.4142857142857143,False,0.0,VALIDATED,,,2,1.13,1.0,1.0,2.0,1.32
2026-08-19 21:00:45.691076+00:00,3,3_blocks,86788,43.8,2,1,1,,,0.5,"xgb,lgb",0.4142857142857143,False,0.0,VALIDATED,,,52,51.12,85.0,84.54,1.0,1.0
2026-08-19 21:00:45.691076+00:00,6,6_blocks,86788,43.8,2,1,1,,,0.5,"xgb,lgb",0.4142857142857143,False,0.0,VALIDATED,,,52,51.12,85.0,84.54,1.0,1.0
2026-08-19 21:32:35.054840+00:00,1,1_block,90011,44.7,4,3,1,,,0.5,"xgb,lgb",0.4142857142857143,False,0.0,VALIDATED,,,5,4.57,7.0,6.88,2.0,1.1
2026-08-19 21:32:35.054840+00:00,3,3_blocks,90011,44.7,4,3,1,,,0.5,"xgb,lgb",0.4142857142857143,False,0.0,VALIDATED,,,52,51.22,85.0,84.7,1.0,1.0
2026-08-19 21:32:35.054840+00:00,6,6_blocks,90011,44.7,4,3,1,,,0.5,"xgb,lgb",0.4142857142857143,False,0.0,VALIDATED,,,52,51.22,85.0,84.7,1.0,1.0
2026-08-19 21:53:04.350620+00:00,1,1_block,83440,43.2,1,1,1,,,0.5,"xgb,lgb",0.4142857142857143,False,0.0,VALIDATED,,,2,1.89,3.0,2.44,2.0,1.07
2026-08-19 21:53:04.350620+00:00,3,3_blocks,83440,43.2,1,1,1,,,0.5,"xgb,lgb",0.8546511627906976,False,0.0,VALIDATED,,,23,22.14,37.0,36.23,1.0,1.0
2026-08-19 21:53:04.350620+00:00,6,6_blocks,83440,43.2,1,1,1,,,0.5,"xgb,lgb",0.4142857142857143,False,0.0,VALIDATED,,,23,22.14,37.0,36.23,1.0,1.0
2026-08-19 22:18:21.797868+00:00,1,1_block,90292,45.1,5,4,1,,,0.5,"xgb,lgb",2.663716814159292,False,0.0,VALIDATED,,,12,11.96,20.0,19.21,2.0,1.09
2026-08-19 22:18:21.797868+00:00,3,3_blocks,90292,45.1,5,4,1,,,0.5,"xgb,lgb",0.8546511627906976,False,0.0,VALIDATED,,,50,49.88,83.0,82.47,1.0,1.0
2026-08-19 22:18:21.797868+00:00,6,6_blocks,90292,45.1,5,4,1,,,0.5,"xgb,lgb",0.8546511627906976,False,0.0,VALIDATED,,,50,49.88,83.0,82.47,1.0,1.0
2026-08-19 22:45:48.832281+00:00,1,1_block,88019,44.3,3,1,1,,,0.5,"xgb,lgb",2.663716814159292,False,0.0,VALIDATED,,,23,22.01,36.0,35.78,2.0,1.35
2026-08-19 22:45:48.832281+00:00,3,3_blocks,88019,44.3,3,1,1,,,0.5,"xgb,lgb",2.018348623853211,False,0.0,VALIDATED,,,51,50.3,84.0,83.17,1.0,1.0
2026-08-19 22:45:48.832281+00:00,6,6_blocks,88019,44.3,3,1,1,,,0.5,"xgb,lgb",0.8546511627906976,False,0.0,VALIDATED,,,51,50.3,84.0,83.17,1.0,1.0
2026-08-19 23:03:16.106661+00:00,1,1_block,88044,44.3,3,1,1,,,0.5,"xgb,lgb",2.018348623853211,False,0.0,VALIDATED,,,18,17.75,29.0,28.7,2.0,1.32
2026-08-19 23:03:16.106661+00:00,3,3_blocks,88044,44.3,3,1,1,,,0.5,"xgb,lgb",2.018348623853211,False,0.0,VALIDATED,,,38,37.57,62.0,61.95,1.0,1.0
2026-08-19 23:03:16.106661+00:00,6,6_blocks,88044,44.3,3,1,1,,,0.5,"xgb,lgb",0.8546511627906976,False,0.0,VALIDATED,,,38,37.57,62.0,61.95,1.0,1.0
2026-08-19 23:33:18.514407+00:00,1,1_block,89084,44.9,3,3,1,,,0.5,"xgb,lgb",2.018348623853211,False,0.0,VALIDATED,,,19,18.21,30.0,29.47,2.0,1.31
2026-08-19 23:33:18.514407+00:00,3,3_blocks,89084,44.9,3,3,1,,,0.5,"xgb,lgb",2.018348623853211,False,0.0,VALIDATED,,,57,56.26,94.0,93.1,1.0,1.0
2026-08-19 23:33:18.514407+00:00,6,6_blocks,89084,44.9,3,3,1,,,0.5,"xgb,lgb",2.018348623853211,False,0.0,VALIDATED,,,57,56.26,94.0,93.1,1.0,1.0
2026-08-19 23:54:40.076080+00:00,1,1_block,89591,45.1,3,3,1,,,0.5,"xgb,lgb",2.018348623853211,False,0.0,VALIDATED,,,16,15.73,26.0,25.32,2.0,1.35
2026-08-19 23:54:40.076080+00:00,3,3_blocks,89591,45.1,3,3,1,,,0.5,"xgb,lgb",2.7948890383322125,False,0.0,VALIDATED,,,43,42.65,71.0,70.41,1.0,1.0
2026-08-19 23:54:40.076080+00:00,6,6_blocks,89591,45.1,3,3,1,,,0.5,"xgb,lgb",2.018348623853211,False,0.0,VALIDATED,,,43,42.65,71.0,70.41,1.0,1.0
2026-08-20 00:52:13.810221+00:00,1,1_block,92545,46.5,4,4,3,,,0.5,"xgb,lgb",2.7948890383322125,False,0.0,VALIDATED,,,31,30.9,51.0,50.6,2.0,1.34
2026-08-20 00:52:13.810221+00:00,3,3_blocks,92545,46.5,4,4,3,,,0.5,"xgb,lgb",2.7948890383322125,False,0.0,VALIDATED,,,18,17.54,29.0,28.57,1.0,1.0
2026-08-20 00:52:13.810221+00:00,6,6_blocks,92545,46.5,4,4,3,,,0.5,"xgb,lgb",2.018348623853211,False,0.0,VALIDATED,,,18,17.54,29.0,28.57,1.0,1.0
2026-08-20 02:14:08.589210+00:00,1,1_block,91390,46.4,3,3,3,,,0.5,"xgb,lgb",1.0,False,0.0,VALIDATED,,,13,12.67,21.0,20.25,2.0,1.31
2026-08-20 02:14:08.589210+00:00,3,3_blocks,91390,46.4,3,3,3,,,0.5,"xgb,lgb",0.7078651685393258,False,0.0,VALIDATED,,,15,14.78,24.0,23.97,1.0,1.0
2026-08-20 02:14:08.589210+00:00,6,6_blocks,91390,46.4,3,3,3,,,0.5,"xgb,lgb",0.7078651685393258,False,0.0,VALIDATED,,,15,14.78,24.0,23.97,1.0,1.0
2026-08-20 03:12:01.735685+00:00,1,1_block,87104,44.5,3,1,1,,,0.5,"xgb,lgb",1.0,False,0.0,VALIDATED,,,14,13.97,23.0,22.61,1.0,1.0
2026-08-20 03:12:01.735685+00:00,3,3_blocks,87104,44.5,3,1,1,,,0.5,"xgb,lgb",0.4172661870503597,False,0.0,VALIDATED,,,27,26.25,44.0,43.09,1.0,1.0
2026-08-20 03:12:01.735685+00:00,6,6_blocks,87104,44.5,3,1,1,,,0.5,"xgb,lgb",0.4172661870503597,False,0.0,VALIDATED,,,27,26.25,44.0,43.09,1.0,1.0
2026-08-20 04:01:41.217171+00:00,1,1_block,84515,43.6,1,1,1,,,0.5,"xgb,lgb",0.4892086330935252,False,0.0,VALIDATED,,,9,8.17,13.0,12.88,2.0,1.1
2026-08-20 04:01:41.217171+00:00,3,3_blocks,84515,43.6,1,1,1,,,0.5,"xgb,lgb",0.5,False,0.0,VALIDATED,,,18,17.06,28.0,27.76,1.0,1.0
2026-08-20 04:01:41.217171+00:00,6,6_blocks,84515,43.6,1,1,1,,,0.5,"xgb,lgb",0.4172661870503597,False,0.0,VALIDATED,,,18,17.06,28.0,27.76,1.0,1.0
2026-08-20 04:49:13.097791+00:00,1,1_block,87948,44.4,3,1,1,,,0.5,"xgb,lgb",1.0,False,0.0,VALIDATED,,,12,11.91,20.0,19.18,1.0,1.0
2026-08-20 04:49:13.097791+00:00,3,3_blocks,87948,44.4,3,1,1,,,0.5,"xgb,lgb",0.427807486631016,False,0.0,VALIDATED,,,20,19.06,32.0,31.1,1.0,1.0
2026-08-20 04:49:13.097791+00:00,6,6_blocks,87948,44.4,3,1,1,,,0.5,"xgb,lgb",0.4266666666666667,False,0.0,VALIDATED,,,20,19.06,32.0,31.1,1.0,1.0
2026-08-20 05:17:26.843948+00:00,1,1_block,86122,43.8,2,1,1,,,0.5,"xgb,lgb",0.4285714285714285,False,0.0,VALIDATED,,,10,9.53,16.0,15.21,1.0,1.0
2026-08-20 05:17:26.843948+00:00,3,3_blocks,86122,43.8,2,1,1,,,0.5,"xgb,lgb",0.427807486631016,False,0.0,VALIDATED,,,11,10.01,17.0,16.02,1.0,1.0
2026-08-20 05:17:26.843948+00:00,6,6_blocks,86122,43.8,2,1,1,,,0.5,"xgb,lgb",0.427807486631016,False,0.0,VALIDATED,,,11,10.01,17.0,16.02,1.0,1.0
2026-08-20 05:49:37.046611+00:00,1,1_block,85044,43.4,1,1,1,,,0.5,"xgb,lgb",0.4285714285714285,False,0.0,VALIDATED,,,15,14.08,23.0,22.59,2.0,1.31
2026-08-20 05:49:37.046611+00:00,3,3_blocks,85044,43.4,1,1,1,,,0.5,"xgb,lgb",0.4285714285714285,False,0.0,VALIDATED,,,29,28.79,48.0,47.31,1.0,1.0
2026-08-20 05:49:37.046611+00:00,6,6_blocks,85044,43.4,1,1,1,,,0.5,"xgb,lgb",0.427807486631016,False,0.0,VALIDATED,,,29,28.79,48.0,47.31,1.0,1.0
2026-08-20 06:19:24.319659+00:00,1,1_block,84261,43.3,1,1,1,,,0.5,"xgb,lgb",2.0145985401459856,False,0.0,VALIDATED,,,23,22.93,38.0,37.51,2.0,1.05
2026-08-20 06:19:24.319659+00:00,3,3_blocks,84261,43.3,1,1,1,,,0.5,"xgb,lgb",0.4285714285714285,False,0.0,VALIDATED,,,36,35.38,59.0,58.29,1.0,1.0
2026-08-20 06:19:24.319659+00:00,6,6_blocks,84261,43.3,1,1,1,,,0.5,"xgb,lgb",0.427807486631016,False,0.0,VALIDATED,,,36,35.38,59.0,58.29,1.0,1.0
2026-08-20 07:11:31.961585+00:00,1,1_block,91118,45.5,4,4,1,,,0.5,"xgb,lgb",2.0145985401459856,False,0.0,VALIDATED,,,12,11.66,19.0,18.77,1.0,1.0
2026-08-20 07:11:31.961585+00:00,3,3_blocks,91118,45.5,4,4,1,,,0.5,"xgb,lgb",1.0569620253164558,False,0.0,VALIDATED,,,4,3.48,6.0,5.14,1.0,1.0
2026-08-20 07:11:31.961585+00:00,6,6_blocks,91118,45.5,4,4,1,,,0.5,"xgb,lgb",0.4285714285714285,False,0.0,VALIDATED,,,4,3.48,6.0,5.14,1.0,1.0
2026-08-20 07:58:31.641300+00:00,1,1_block,88861,45.2,3,3,1,,,0.5,"xgb,lgb",1.0569620253164558,False,0.0,VALIDATED,,,10,9.92,16.0,15.66,2.0,1.31
2026-08-20 07:58:31.641300+00:00,3,3_blocks,88861,45.2,3,3,1,,,0.5,"xgb,lgb",0.4206185567010309,False,0.0,VALIDATED,,,16,15.63,26.0,25.38,1.0,1.0
2026-08-20 07:58:31.641300+00:00,6,6_blocks,88861,45.2,3,3,1,,,0.5,"xgb,lgb",0.4206185567010309,False,0.0,VALIDATED,,,16,15.63,26.0,25.38,1.0,1.0
2026-08-20 08:43:39.394673+00:00,1,1_block,87258,44.5,2,1,1,,,1.0,"xgb,lgb",0.4206185567010309,False,0.0,VALIDATED,,,1,1.0,1.0,1.0,1.0,1.0
2026-08-20 08:43:39.394673+00:00,3,3_blocks,87258,44.5,2,1,1,,,0.5,"xgb,lgb",0.4172661870503597,False,0.0,VALIDATED,,,15,14.77,24.0,23.95,1.0,1.0
2026-08-20 08:43:39.394673+00:00,6,6_blocks,87258,44.5,2,1,1,,,0.5,"xgb,lgb",0.4172661870503597,False,0.0,VALIDATED,,,15,14.77,24.0,23.95,1.0,1.0
2026-08-20 09:15:54.552638+00:00,1,1_block,82836,43.0,1,1,1,,,0.5,"xgb,lgb",1.0056179775280898,False,0.0,VALIDATED,,,10,9.83,16.0,15.71,1.0,1.0
2026-08-20 09:15:54.552638+00:00,3,3_blocks,82836,43.0,1,1,1,,,0.871,"xgb,lgb",0.4172661870503597,False,0.0,VALIDATED,,,2,1.08,2.0,1.14,1.0,1.0
2026-08-20 09:15:54.552638+00:00,6,6_blocks,82836,43.0,1,1,1,,,0.871,"xgb,lgb",0.3785714285714285,False,0.0,VALIDATED,,,2,1.08,2.0,1.14,1.0,1.0
2026-08-20 09:51:56.219005+00:00,1,1_block,80000,43.0,2,1,1,,,0.5,"xgb,lgb",1.0056179775280898,False,0.0,VALIDATED,,,10,9.78,16.0,15.63,1.0,1.0
2026-08-20 09:51:56.219005+00:00,3,3_blocks,80000,43.0,2,1,1,,,0.5,"xgb,lgb",0.4525,False,0.0,VALIDATED,,,5,4.09,7.0,6.15,1.0,1.0
2026-08-20 09:51:56.219005+00:00,6,6_blocks,80000,43.0,2,1,1,,,0.5,"xgb,lgb",0.3785714285714285,False,0.0,VALIDATED,,,5,4.09,7.0,6.15,1.0,1.0
2026-08-20 10:22:47.701180+00:00,1,1_block,76628,42.2,1,1,1,,,1.0,"xgb,lgb",2.045662100456621,False,0.0,VALIDATED,,,1,1.0,1.0,1.0,1.0,1.0
2026-08-20 10:22:47.701180+00:00,3,3_blocks,76628,42.2,1,1,1,,,0.5,"xgb,lgb",0.4525,False,0.0,VALIDATED,,,22,21.61,36.0,35.35,1.0,1.0
2026-08-20 10:22:47.701180+00:00,6,6_blocks,76628,42.2,1,1,1,,,0.5,"xgb,lgb",0.5045045045045045,False,0.0,VALIDATED,,,22,21.61,36.0,35.35,1.0,1.0
2026-08-20 10:55:59.705286+00:00,1,1_block,77493,43.1,4,3,1,,,0.5,"xgb,lgb",2.045662100456621,False,0.0,VALIDATED,,,8,7.68,13.0,12.13,1.0,1.0
2026-08-20 10:55:59.705286+00:00,3,3_blocks,77493,43.1,4,3,1,,,0.5,"xgb,lgb",0.5045045045045045,False,0.0,VALIDATED,,,20,19.78,33.0,32.31,1.0,1.0
2026-08-20 10:55:59.705286+00:00,6,6_blocks,77493,43.1,4,3,1,,,0.5,"xgb,lgb",0.5045045045045045,False,0.0,VALIDATED,,,20,19.78,33.0,32.31,1.0,1.0
2026-08-20 11:33:30.733299+00:00,1,1_block,75422,42.3,2,1,1,,,1.0,"xgb,lgb",3.0,False,0.0,VALIDATED,,,1,1.0,1.0,1.0,1.0,1.0
2026-08-20 11:33:30.733299+00:00,3,3_blocks,75422,42.3,2,1,1,,,1.0,"xgb,lgb",0.5045045045045045,False,0.0,VALIDATED,,,1,1.0,1.0,1.0,1.0,1.0
2026-08-20 11:33:30.733299+00:00,6,6_blocks,75422,42.3,2,1,1,,,1.0,"xgb,lgb",0.5045045045045045,False,0.0,VALIDATED,,,1,1.0,1.0,1.0,1.0,1.0
2026-08-20 11:48:33.366551+00:00,1,1_block,75947,42.6,1,1,1,,,1.0,"xgb,lgb",3.0,False,0.0,VALIDATED,,,1,1.0,1.0,1.0,1.0,1.0
2026-08-20 11:48:33.366551+00:00,3,3_blocks,75947,42.6,1,1,1,,,0.5,"xgb,lgb",0.5045045045045045,False,0.0,VALIDATED,,,7,6.35,10.0,9.92,1.0,1.0
2026-08-20 11:48:33.366551+00:00,6,6_blocks,75947,42.6,1,1,1,,,0.5,"xgb,lgb",0.5045045045045045,False,0.0,VALIDATED,,,7,6.35,10.0,9.92,1.0,1.0
2026-08-20 12:16:21.802960+00:00,1,1_block,80750,44.3,4,3,3,,,1.0,"xgb,lgb",1.0198675496688745,False,0.0,VALIDATED,,,1,1.0,1.0,1.0,1.0,1.0
2026-08-20 12:16:21.802960+00:00,3,3_blocks,80750,44.3,4,3,3,,,0.5,"xgb,lgb",0.5045045045045045,False,0.0,VALIDATED,,,27,26.82,45.0,44.04,1.0,1.0
2026-08-20 12:16:21.802960+00:00,6,6_blocks,80750,44.3,4,3,3,,,0.5,"xgb,lgb",0.5045045045045045,False,0.0,VALIDATED,,,27,26.82,45.0,44.04,1.0,1.0
2026-08-20 13:13:46.758089+00:00,1,1_block,75101,42.2,2,1,1,,,0.5,"xgb,lgb",1.0198675496688745,False,0.0,VALIDATED,,,6,5.95,10.0,9.25,1.0,1.0
2026-08-20 13:13:46.758089+00:00,3,3_blocks,75101,42.2,2,1,1,,,0.5,"xgb,lgb",1.0112359550561798,False,0.0,VALIDATED,,,16,15.09,25.0,24.48,1.0,1.0
2026-08-20 13:13:46.758089+00:00,6,6_blocks,75101,42.2,2,1,1,,,0.5,"xgb,lgb",1.0112359550561798,False,0.0,VALIDATED,,,16,15.09,25.0,24.48,1.0,1.0
2026-08-20 14:01:45.219369+00:00,1,1_block,79179,43.5,4,3,1,,,1.0,"xgb,lgb",2.0,False,0.0,VALIDATED,,,1,1.0,1.0,1.0,1.0,1.0
2026-08-20 14:01:45.219369+00:00,3,3_blocks,79179,43.5,4,3,1,,,0.5,"xgb,lgb",2.003508771929825,False,0.0,VALIDATED,,,30,29.58,49.0,48.63,1.0,1.0
2026-08-20 14:01:45.219369+00:00,6,6_blocks,79179,43.5,4,3,1,,,0.5,"xgb,lgb",1.00355871886121,False,0.0,VALIDATED,,,30,29.58,49.0,48.63,1.0,1.0
2026-08-20 14:49:41.718022+00:00,1,1_block,82066,44.6,5,4,3,,,0.5,"xgb,lgb",2.003508771929825,False,0.0,VALIDATED,,,5,4.07,6.0,5.9,2.0,1.34
2026-08-20 14:49:41.718022+00:00,3,3_blocks,82066,44.6,5,4,3,,,1.0,"xgb,lgb",1.0,False,0.0,VALIDATED,,,1,1.0,1.0,1.0,1.0,1.0
2026-08-20 14:49:41.718022+00:00,6,6_blocks,82066,44.6,5,4,3,,,1.0,"xgb,lgb",1.0,False,0.0,VALIDATED,,,1,1.0,1.0,1.0,1.0,1.0
2026-08-20 15:19:28.345927+00:00,1,1_block,79795,44.0,3,3,1,,,0.719,"xgb,lgb",1.0,False,0.0,VALIDATED,,,2,1.13,1.0,1.0,2.0,1.33
2026-08-20 15:19:28.345927+00:00,3,3_blocks,79795,44.0,3,3,1,,,0.5,"xgb,lgb",1.0,False,0.0,VALIDATED,,,4,3.44,6.0,5.06,1.0,1.0
2026-08-20 15:19:28.345927+00:00,6,6_blocks,79795,44.0,3,3,1,,,0.5,"xgb,lgb",1.0,False,0.0,VALIDATED,,,4,3.44,6.0,5.06,1.0,1.0
2026-08-20 15:52:42.269650+00:00,1,1_block,80110,43.8,4,3,1,,,1.0,"xgb,lgb",1.0,False,0.0,VALIDATED,,,1,1.0,1.0,1.0,1.0,1.0
2026-08-20 15:52:42.269650+00:00,3,3_blocks,80110,43.8,4,3,1,,,0.5,"xgb,lgb",1.0,False,0.0,VALIDATED,,,23,22.86,38.0,37.43,1.0,1.0
2026-08-20 15:52:42.269650+00:00,6,6_blocks,80110,43.8,4,3,1,,,0.5,"xgb,lgb",1.0,False,0.0,VALIDATED,,,23,22.86,38.0,37.43,1.0,1.0
2026-08-20 16:26:58.316160+00:00,1,1_block,78761,43.2,3,1,1,,,0.5,"xgb,lgb",3.409090909090909,False,0.0,VALIDATED,,,4,3.74,6.0,5.57,1.0,1.0
2026-08-20 16:26:58.316160+00:00,3,3_blocks,78761,43.2,3,1,1,,,0.5,"xgb,lgb",1.0,False,0.0,VALIDATED,,,25,24.56,41.0,40.27,1.0,1.0
2026-08-20 16:26:58.316160+00:00,6,6_blocks,78761,43.2,3,1,1,,,0.5,"xgb,lgb",1.0,False,0.0,VALIDATED,,,25,24.56,41.0,40.27,1.0,1.0
2026-08-20 17:00:37.305495+00:00,1,1_block,83516,44.6,5,4,3,,,0.5,"xgb,lgb",3.5,False,0.0,VALIDATED,,,9,8.09,13.0,12.82,1.0,1.0
2026-08-20 17:00:37.305495+00:00,3,3_blocks,83516,44.6,5,4,3,,,0.5,"xgb,lgb",3.409090909090909,False,0.0,VALIDATED,,,36,35.66,59.0,58.77,1.0,1.0
2026-08-20 17:00:37.305495+00:00,6,6_blocks,83516,44.6,5,4,3,,,0.5,"xgb,lgb",1.0,False,0.0,VALIDATED,,,36,35.66,59.0,58.77,1.0,1.0
2026-08-20 17:36:13.530007+00:00,1,1_block,84670,45.1,5,4,3,,,0.5,"xgb,lgb",3.5,False,0.0,VALIDATED,,,6,5.95,10.0,9.04,2.0,1.31
2026-08-20 17:36:13.530007+00:00,3,3_blocks,84670,45.1,5,4,3,,,0.5,"xgb,lgb",3.409090909090909,False,0.0,VALIDATED,,,26,25.6,42.0,42.0,1.0,1.0
2026-08-20 17:36:13.530007+00:00,6,6_blocks,84670,45.1,5,4,3,,,0.5,"xgb,lgb",3.5,False,0.0,VALIDATED,,,26,25.6,42.0,42.0,1.0,1.0
2026-08-20 18:00:15.775380+00:00,1,1_block,86350,45.7,5,5,4,,,0.5,"xgb,lgb",3.5,False,0.0,VALIDATED,,,10,9.9,16.0,15.61,2.0,1.35
2026-08-20 18:00:15.775380+00:00,3,3_blocks,86350,45.7,5,5,4,,,0.5,"xgb,lgb",4.056737588652482,False,0.0,VALIDATED,,,31,30.41,51.0,50.02,1.0,1.0
2026-08-20 18:00:15.775380+00:00,6,6_blocks,86350,45.7,5,5,4,,,0.5,"xgb,lgb",3.5,False,0.0,VALIDATED,,,31,30.41,51.0,50.02,1.0,1.0
2026-08-20 18:46:00.793808+00:00,1,1_block,98624,47.9,6,5,4,,,0.704,"xgb,lgb",5.0,False,0.0,VALIDATED,,,2,1.14,1.0,1.0,2.0,1.35
2026-08-20 18:46:00.793808+00:00,3,3_blocks,98624,47.9,6,5,4,,,0.5,"xgb,lgb",3.2535211267605635,False,0.0,VALIDATED,,,36,35.74,59.0,58.9,1.0,1.0
2026-08-20 18:46:00.793808+00:00,6,6_blocks,98624,47.9,6,5,4,,,0.5,"xgb,lgb",3.2535211267605635,False,0.0,VALIDATED,,,36,35.74,59.0,58.9,1.0,1.0
2026-08-20 19:20:12.273233+00:00,1,1_block,99591,48.5,6,5,5,,,0.5,"xgb,lgb",3.2535211267605635,False,0.0,VALIDATED,,,11,10.71,18.0,17.08,2.0,1.15
2026-08-20 19:20:12.273233+00:00,3,3_blocks,99591,48.5,6,5,5,,,0.5,"xgb,lgb",3.2535211267605635,False,0.0,VALIDATED,,,17,16.05,27.0,26.08,1.0,1.0
2026-08-20 19:20:12.273233+00:00,6,6_blocks,99591,48.5,6,5,5,,,0.5,"xgb,lgb",2.0,False,0.0,VALIDATED,,,17,16.05,27.0,26.08,1.0,1.0
2026-08-20 19:50:22.075138+00:00,1,1_block,102293,49.1,7,6,5,,,0.5,"xgb,lgb",3.2535211267605635,False,0.0,VALIDATED,,,21,20.83,34.0,33.8,2.0,1.37
2026-08-20 19:50:22.075138+00:00,3,3_blocks,102293,49.1,7,6,5,,,0.5,"xgb,lgb",2.0,False,0.0,VALIDATED,,,34,33.71,56.0,55.51,1.0,1.0
2026-08-20 19:50:22.075138+00:00,6,6_blocks,102293,49.1,7,6,5,,,0.5,"xgb,lgb",2.0,False,0.0,VALIDATED,,,34,33.71,56.0,55.51,1.0,1.0
2026-08-20 20:13:11.736808+00:00,1,1_block,96978,48.1,5,5,4,,,0.5,"xgb,lgb",2.0032840722495897,False,0.0,VALIDATED,,,12,11.53,19.0,18.33,2.0,1.34
2026-08-20 20:13:11.736808+00:00,3,3_blocks,96978,48.1,5,5,4,,,0.5,"xgb,lgb",2.0,False,0.0,VALIDATED,,,33,32.75,54.0,53.92,1.0,1.0
2026-08-20 20:13:11.736808+00:00,6,6_blocks,96978,48.1,5,5,4,,,0.5,"xgb,lgb",2.0,False,0.0,VALIDATED,,,33,32.75,54.0,53.92,1.0,1.0
2026-08-20 20:49:21.550165+00:00,1,1_block,88297,45.3,3,3,1,,,0.5,"xgb,lgb",2.0032840722495897,False,0.0,VALIDATED,,,18,17.63,29.0,28.72,1.0,1.0
2026-08-20 20:49:21.550165+00:00,3,3_blocks,88297,45.3,3,3,1,,,0.5,"xgb,lgb",2.0027285129604366,False,0.0,VALIDATED,,,30,29.03,48.0,47.72,1.0,1.0
2026-08-20 20:49:21.550165+00:00,6,6_blocks,88297,45.3,3,3,1,,,0.5,"xgb,lgb",2.0,False,0.0,VALIDATED,,,30,29.03,48.0,47.72,1.0,1.0
2026-08-20 21:14:07.963242+00:00,1,1_block,90420,45.9,3,3,1,,,0.5,"xgb,lgb",2.17680608365019,False,0.0,VALIDATED,,,19,18.55,31.0,30.26,1.0,1.0
2026-08-20 21:14:07.963242+00:00,3,3_blocks,90420,45.9,3,3,1,,,0.5,"xgb,lgb",2.0027285129604366,False,0.0,VALIDATED,,,49,48.29,80.0,79.82,1.0,1.0
2026-08-20 21:14:07.963242+00:00,6,6_blocks,90420,45.9,3,3,1,,,0.5,"xgb,lgb",1.9971014492753625,False,0.0,VALIDATED,,,49,48.29,80.0,79.82,1.0,1.0
2026-08-20 21:46:31.892843+00:00,1,1_block,90877,46.1,3,3,3,,,0.5,"xgb,lgb",2.17680608365019,False,0.0,VALIDATED,,,14,13.02,21.0,20.99,2.0,1.07
2026-08-20 21:46:31.892843+00:00,3,3_blocks,90877,46.1,3,3,3,,,0.5,"xgb,lgb",1.9971014492753625,False,0.0,VALIDATED,,,36,35.8,59.0,59.0,1.0,1.0
2026-08-20 21:46:31.892843+00:00,6,6_blocks,90877,46.1,3,3,3,,,0.5,"xgb,lgb",1.9971014492753625,False,0.0,VALIDATED,,,36,35.8,59.0,59.0,1.0,1.0
2026-08-20 22:03:48.406972+00:00,1,1_block,91570,46.1,4,3,3,,,0.5,"xgb,lgb",1.9971014492753625,False,0.0,VALIDATED,,,16,15.31,25.0,24.85,1.0,1.0
2026-08-20 22:03:48.406972+00:00,3,3_blocks,91570,46.1,4,3,3,,,0.5,"xgb,lgb",1.9971014492753625,False,0.0,VALIDATED,,,18,17.03,28.0,27.72,1.0,1.0
2026-08-20 22:03:48.406972+00:00,6,6_blocks,91570,46.1,4,3,3,,,0.5,"xgb,lgb",1.9971014492753625,False,0.0,VALIDATED,,,18,17.03,28.0,27.72,1.0,1.0
2026-08-20 22:40:11.955951+00:00,1,1_block,95064,47.0,6,5,4,,,0.5,"xgb,lgb",1.9971014492753625,False,0.0,VALIDATED,,,13,12.34,20.0,19.66,2.0,1.36
2026-08-20 22:40:11.955951+00:00,3,3_blocks,95064,47.0,6,5,4,,,1.0,"xgb,lgb",0.5454545454545454,False,0.0,VALIDATED,,,1,1.0,1.0,1.0,1.0,1.0
2026-08-20 22:40:11.955951+00:00,6,6_blocks,95064,47.0,6,5,4,,,1.0,"xgb,lgb",0.5454545454545454,False,0.0,VALIDATED,,,1,1.0,1.0,1.0,1.0,1.0
2026-08-20 23:01:16.512143+00:00,1,1_block,91731,46.4,4,3,3,,,0.5,"xgb,lgb",0.5454545454545454,False,0.0,VALIDATED,,,25,24.49,40.0,39.94,2.0,1.31
2026-08-20 23:01:16.512143+00:00,3,3_blocks,91731,46.4,4,3,3,,,0.5,"xgb,lgb",0.5454545454545454,False,0.0,VALIDATED,,,9,8.01,13.0,12.69,1.0,1.0
2026-08-20 23:01:16.512143+00:00,6,6_blocks,91731,46.4,4,3,3,,,0.5,"xgb,lgb",0.5454545454545454,False,0.0,VALIDATED,,,9,8.01,13.0,12.69,1.0,1.0
2026-08-20 23:36:15.229285+00:00,1,1_block,87480,44.9,2,1,1,,,0.5,"xgb,lgb",0.5454545454545454,False,0.0,VALIDATED,,,11,10.24,17.0,16.33,2.0,1.1
2026-08-20 23:36:15.229285+00:00,3,3_blocks,87480,44.9,2,1,1,,,1.0,"xgb,lgb",0.5454545454545454,False,0.0,VALIDATED,,,1,1.0,1.0,1.0,1.0,1.0
2026-08-20 23:36:15.229285+00:00,6,6_blocks,87480,44.9,2,1,1,,,1.0,"xgb,lgb",0.706031746031746,False,0.0,VALIDATED,,,1,1.0,1.0,1.0,1.0,1.0
2026-08-20 23:55:46.673684+00:00,1,1_block,89104,45.4,3,3,1,,,0.5,"xgb,lgb",0.5454545454545454,False,0.0,VALIDATED,,,19,18.66,31.0,30.44,1.0,1.0
2026-08-20 23:55:46.673684+00:00,3,3_blocks,89104,45.4,3,3,1,,,0.5,"xgb,lgb",0.5454545454545454,False,0.0,VALIDATED,,,37,36.4,60.0,60.0,1.0,1.0
2026-08-20 23:55:46.673684+00:00,6,6_blocks,89104,45.4,3,3,1,,,0.5,"xgb,lgb",0.706031746031746,False,0.0,VALIDATED,,,37,36.4,60.0,60.0,1.0,1.0
2026-08-21 00:55:46.128410+00:00,1,1_block,85432,44.0,2,1,1,,,0.5,"xgb,lgb",0.706031746031746,False,0.0,VALIDATED,,,30,29.77,49.0,48.94,1.0,1.0
2026-08-21 00:55:46.128410+00:00,3,3_blocks,85432,44.0,2,1,1,,,0.5,"xgb,lgb",0.706031746031746,False,0.0,VALIDATED,,,33,32.56,54.0,53.61,1.0,1.0
2026-08-21 00:55:46.128410+00:00,6,6_blocks,85432,44.0,2,1,1,,,0.5,"xgb,lgb",0.706031746031746,False,0.0,VALIDATED,,,33,32.56,54.0,53.61,1.0,1.0
2026-08-21 02:21:19.504025+00:00,1,1_block,85413,44.2,2,1,1,,,0.5,"xgb,lgb",0.4142857142857143,False,0.0,VALIDATED,,,14,13.07,22.0,21.11,1.0,1.0
2026-08-21 02:21:19.504025+00:00,3,3_blocks,85413,44.2,2,1,1,,,0.5,"xgb,lgb",0.4142857142857143,False,0.0,VALIDATED,,,41,40.45,67.0,66.75,1.0,1.0
2026-08-21 02:21:19.504025+00:00,6,6_blocks,85413,44.2,2,1,1,,,0.5,"xgb,lgb",0.4142857142857143,False,0.0,VALIDATED,,,41,40.45,67.0,66.75,1.0,1.0
2026-08-21 03:29:14.760747+00:00,1,1_block,84354,43.5,1,1,1,,,0.717,"xgb,lgb",0.4172661870503597,False,0.0,VALIDATED,,,2,1.2,2.0,1.33,1.0,1.0
2026-08-21 03:29:14.760747+00:00,3,3_blocks,84354,43.5,1,1,1,,,0.5,"xgb,lgb",0.4142857142857143,False,0.0,VALIDATED,,,36,35.08,58.0,57.8,1.0,1.0
2026-08-21 03:29:14.760747+00:00,6,6_blocks,84354,43.5,1,1,1,,,0.5,"xgb,lgb",0.4142857142857143,False,0.0,VALIDATED,,,36,35.08,58.0,57.8,1.0,1.0
2026-08-21 04:10:16.802864+00:00,1,1_block,77011,42.0,1,1,1,,,1.0,"xgb,lgb",0.4142857142857143,False,0.0,VALIDATED,,,1,1.0,1.0,1.0,1.0,1.0
2026-08-21 04:10:16.802864+00:00,3,3_blocks,77011,42.0,1,1,1,,,0.5,"xgb,lgb",0.4142857142857143,False,0.0,VALIDATED,,,11,10.52,17.0,16.86,1.0,1.0
2026-08-21 04:10:16.802864+00:00,6,6_blocks,77011,42.0,1,1,1,,,0.5,"xgb,lgb",0.4142857142857143,False,0.0,VALIDATED,,,11,10.52,17.0,16.86,1.0,1.0
2026-08-21 04:52:41.304566+00:00,1,1_block,84955,44.3,5,4,1,,,0.5,"xgb,lgb",0.4142857142857143,False,0.0,VALIDATED,,,9,8.39,14.0,13.32,1.0,1.0
2026-08-21 04:52:41.304566+00:00,3,3_blocks,84955,44.3,5,4,1,,,0.5,"xgb,lgb",0.4142857142857143,False,0.0,VALIDATED,,,20,19.86,33.0,32.43,1.0,1.0
2026-08-21 04:52:41.304566+00:00,6,6_blocks,84955,44.3,5,4,1,,,0.5,"xgb,lgb",0.4142857142857143,False,0.0,VALIDATED,,,20,19.86,33.0,32.43,1.0,1.0
2026-08-21 05:26:33.576154+00:00,1,1_block,76557,42.3,2,1,1,,,0.888,"xgb,lgb",0.4142857142857143,False,0.0,VALIDATED,,,2,1.05,1.0,1.0,2.0,1.12
2026-08-21 05:26:33.576154+00:00,3,3_blocks,76557,42.3,2,1,1,,,0.5,"xgb,lgb",0.4142857142857143,False,0.0,VALIDATED,,,33,32.12,53.0,52.87,1.0,1.0
2026-08-21 05:26:33.576154+00:00,6,6_blocks,76557,42.3,2,1,1,,,0.5,"xgb,lgb",0.4142857142857143,False,0.0,VALIDATED,,,33,32.12,53.0,52.87,1.0,1.0
2026-08-21 05:57:02.711772+00:00,1,1_block,77614,42.3,1,1,1,,,0.5,"xgb,lgb",0.4142857142857143,False,0.0,VALIDATED,,,3,2.1,3.0,2.83,1.0,1.0
2026-08-21 05:57:02.711772+00:00,3,3_blocks,77614,42.3,1,1,1,,,0.5,"xgb,lgb",1.147540983606557,False,0.0,VALIDATED,,,54,53.92,90.0,89.19,1.0,1.0
2026-08-21 05:57:02.711772+00:00,6,6_blocks,77614,42.3,1,1,1,,,0.5,"xgb,lgb",0.4142857142857143,False,0.0,VALIDATED,,,54,53.92,90.0,89.19,1.0,1.0
2026-08-21 06:49:43.461352+00:00,1,1_block,81178,43.5,2,1,1,,,0.704,"xgb,lgb",1.147540983606557,False,0.0,VALIDATED,,,2,1.14,1.0,1.0,2.0,1.35
2026-08-21 06:49:43.461352+00:00,3,3_blocks,81178,43.5,2,1,1,,,0.5,"xgb,lgb",1.147540983606557,False,0.0,VALIDATED,,,24,23.1,38.0,37.84,1.0,1.0
2026-08-21 06:49:43.461352+00:00,6,6_blocks,81178,43.5,2,1,1,,,0.5,"xgb,lgb",0.4142857142857143,False,0.0,VALIDATED,,,24,23.1,38.0,37.84,1.0,1.0
2026-08-21 07:27:41.302342+00:00,1,1_block,85007,45.4,5,4,3,,,0.5,"xgb,lgb",4.0054945054945055,False,0.0,VALIDATED,,,6,5.63,9.0,8.48,2.0,1.34
2026-08-21 07:27:41.302342+00:00,3,3_blocks,85007,45.4,5,4,3,,,0.5,"xgb,lgb",1.147540983606557,False,0.0,VALIDATED,,,18,17.75,29.0,28.91,1.0,1.0
2026-08-21 07:27:41.302342+00:00,6,6_blocks,85007,45.4,5,4,3,,,0.5,"xgb,lgb",1.0,False,0.0,VALIDATED,,,18,17.75,29.0,28.91,1.0,1.0
2026-08-21 08:05:30.466445+00:00,1,1_block,84683,45.6,4,4,3,,,0.5,"xgb,lgb",1.0,False,0.0,VALIDATED,,,17,16.89,28.0,27.24,2.0,1.35
2026-08-21 08:05:30.466445+00:00,3,3_blocks,84683,45.6,4,4,3,,,1.0,"xgb,lgb",1.0,False,0.0,VALIDATED,,,1,1.0,1.0,1.0,1.0,1.0
2026-08-21 08:05:30.466445+00:00,6,6_blocks,84683,45.6,4,4,3,,,1.0,"xgb,lgb",1.0,False,0.0,VALIDATED,,,1,1.0,1.0,1.0,1.0,1.0
2026-08-21 08:54:40.527787+00:00,1,1_block,84840,46.0,4,4,3,,,0.5,"xgb,lgb",1.0,False,0.0,VALIDATED,,,26,25.26,42.0,41.22,2.0,1.32
2026-08-21 08:54:40.527787+00:00,3,3_blocks,84840,46.0,4,4,3,,,1.0,"xgb,lgb",0.4200626959247649,False,0.0,VALIDATED,,,1,1.0,1.0,1.0,1.0,1.0
2026-08-21 08:54:40.527787+00:00,6,6_blocks,84840,46.0,4,4,3,,,1.0,"xgb,lgb",0.4200626959247649,False,0.0,VALIDATED,,,1,1.0,1.0,1.0,1.0,1.0
2026-08-21 09:29:46.944719+00:00,1,1_block,80213,44.0,3,1,1,,,0.5,"xgb,lgb",0.4200626959247649,False,0.0,VALIDATED,,,10,9.1,15.0,14.5,1.0,1.0
2026-08-21 09:29:46.944719+00:00,3,3_blocks,80213,44.0,3,1,1,,,0.5,"xgb,lgb",0.4200626959247649,False,0.0,VALIDATED,,,41,40.51,67.0,66.84,1.0,1.0
2026-08-21 09:29:46.944719+00:00,6,6_blocks,80213,44.0,3,1,1,,,0.5,"xgb,lgb",0.4200626959247649,False,0.0,VALIDATED,,,41,40.51,67.0,66.84,1.0,1.0
2026-08-21 10:02:00.124112+00:00,1,1_block,81186,44.1,3,1,1,,,0.5,"xgb,lgb",2.013729977116705,False,0.0,VALIDATED,,,11,10.52,17.0,16.86,1.0,1.0
2026-08-21 10:02:00.124112+00:00,3,3_blocks,81186,44.1,3,1,1,,,0.5,"xgb,lgb",0.4200626959247649,False,0.0,VALIDATED,,,15,14.12,23.0,22.87,1.0,1.0
2026-08-21 10:02:00.124112+00:00,6,6_blocks,81186,44.1,3,1,1,,,0.5,"xgb,lgb",0.4200626959247649,False,0.0,VALIDATED,,,15,14.12,23.0,22.87,1.0,1.0
2026-08-21 10:42:11.394673+00:00,1,1_block,81549,44.3,3,1,1,,,0.5,"xgb,lgb",2.013729977116705,False,0.0,VALIDATED,,,14,13.54,22.0,21.9,1.0,1.0
2026-08-21 10:42:11.394673+00:00,3,3_blocks,81549,44.3,3,1,1,,,0.5,"xgb,lgb",0.5612903225806452,False,0.0,VALIDATED,,,45,44.25,74.0,73.09,1.0,1.0
2026-08-21 10:42:11.394673+00:00,6,6_blocks,81549,44.3,3,1,1,,,0.5,"xgb,lgb",0.45,False,0.0,VALIDATED,,,45,44.25,74.0,73.09,1.0,1.0
2026-08-21 11:06:30.049563+00:00,1,1_block,87804,46.0,5,4,1,,,0.5,"xgb,lgb",0.5612903225806452,False,0.0,VALIDATED,,,10,9.02,15.0,14.36,1.0,1.0
2026-08-21 11:06:30.049563+00:00,3,3_blocks,87804,46.0,5,4,1,,,0.5,"xgb,lgb",0.5612903225806452,False,0.0,VALIDATED,,,15,14.29,24.0,23.15,1.0,1.0
2026-08-21 11:06:30.049563+00:00,6,6_blocks,87804,46.0,5,4,1,,,0.5,"xgb,lgb",0.45,False,0.0,VALIDATED,,,15,14.29,24.0,23.15,1.0,1.0
2026-08-21 11:36:38.192687+00:00,1,1_block,82187,44.0,1,1,1,,,0.5,"xgb,lgb",0.5612903225806452,False,0.0,VALIDATED,,,16,15.72,26.0,25.53,1.0,1.0
2026-08-21 11:36:38.192687+00:00,3,3_blocks,82187,44.0,1,1,1,,,0.5,"xgb,lgb",0.5612903225806452,False,0.0,VALIDATED,,,57,56.08,93.0,92.8,1.0,1.0
2026-08-21 11:36:38.192687+00:00,6,6_blocks,82187,44.0,1,1,1,,,0.5,"xgb,lgb",0.4234234234234234,False,0.0,VALIDATED,,,57,56.08,93.0,92.8,1.0,1.0
2026-08-21 11:58:02.425680+00:00,1,1_block,85555,44.7,2,1,1,,,0.5,"xgb,lgb",0.5612903225806452,False,0.0,VALIDATED,,,10,9.04,15.0,14.4,1.0,1.0
2026-08-21 11:58:02.425680+00:00,3,3_blocks,85555,44.7,2,1,1,,,0.5,"xgb,lgb",0.4302059496567506,False,0.0,VALIDATED,,,40,39.44,66.0,65.06,1.0,1.0
2026-08-21 11:58:02.425680+00:00,6,6_blocks,85555,44.7,2,1,1,,,0.5,"xgb,lgb",0.4234234234234234,False,0.0,VALIDATED,,,40,39.44,66.0,65.06,1.0,1.0
2026-08-21 12:46:41.684688+00:00,1,1_block,79635,43.6,1,1,1,,,0.5,"xgb,lgb",1.0804123711340206,False,0.0,VALIDATED,,,18,17.04,28.0,27.74,1.0,1.0
2026-08-21 12:46:41.684688+00:00,3,3_blocks,79635,43.6,1,1,1,,,0.5,"xgb,lgb",0.4302059496567506,False,0.0,VALIDATED,,,16,15.4,25.0,24.99,1.0,1.0
2026-08-21 12:46:41.684688+00:00,6,6_blocks,79635,43.6,1,1,1,,,0.5,"xgb,lgb",0.9968253968253968,False,0.0,VALIDATED,,,16,15.4,25.0,24.99,1.0,1.0
2026-08-21 13:34:10.752728+00:00,1,1_block,85008,45.1,3,1,1,,,0.5,"xgb,lgb",0.9968253968253968,False,0.0,VALIDATED,,,15,14.32,24.0,23.19,1.0,1.0
2026-08-21 13:34:10.752728+00:00,3,3_blocks,85008,45.1,3,1,1,,,0.5,"xgb,lgb",0.9968253968253968,False,0.0,VALIDATED,,,30,29.4,49.0,48.33,1.0,1.0
2026-08-21 13:34:10.752728+00:00,6,6_blocks,85008,45.1,3,1,1,,,0.5,"xgb,lgb",0.4711779448621553,False,0.0,VALIDATED,,,30,29.4,49.0,48.33,1.0,1.0
2026-08-21 14:16:41.198548+00:00,1,1_block,85530,44.9,2,1,1,,,0.5,"xgb,lgb",3.0,False,0.0,VALIDATED,,,7,6.88,11.0,10.8,1.0,1.0
2026-08-21 14:16:41.198548+00:00,3,3_blocks,85530,44.9,2,1,1,,,0.5,"xgb,lgb",0.4711779448621553,False,0.0,VALIDATED,,,41,40.05,67.0,66.09,1.0,1.0
2026-08-21 14:16:41.198548+00:00,6,6_blocks,85530,44.9,2,1,1,,,0.5,"xgb,lgb",1.0076923076923077,False,0.0,VALIDATED,,,41,40.05,67.0,66.09,1.0,1.0
2026-08-21 14:55:56.352675+00:00,1,1_block,86655,45.5,4,3,1,,,0.5,"xgb,lgb",3.0,False,0.0,VALIDATED,,,24,23.8,39.0,39.0,1.0,1.0
2026-08-21 14:55:56.352675+00:00,3,3_blocks,86655,45.5,4,3,1,,,1.0,"xgb,lgb",1.0076923076923077,False,0.0,VALIDATED,,,1,1.0,1.0,1.0,1.0,1.0
2026-08-21 14:55:56.352675+00:00,6,6_blocks,86655,45.5,4,3,1,,,1.0,"xgb,lgb",1.0076923076923077,False,0.0,VALIDATED,,,1,1.0,1.0,1.0,1.0,1.0
2026-08-21 15:26:43.607859+00:00,1,1_block,85818,45.4,2,2,1,,,0.5,"xgb,lgb",1.0076923076923077,False,0.0,VALIDATED,,,17,16.72,28.0,27.2,1.0,1.0
2026-08-21 15:26:43.607859+00:00,3,3_blocks,85818,45.4,2,2,1,,,0.5,"xgb,lgb",1.0076923076923077,False,0.0,VALIDATED,,,27,26.51,44.0,43.51,1.0,1.0
2026-08-21 15:26:43.607859+00:00,6,6_blocks,85818,45.4,2,2,1,,,0.5,"xgb,lgb",1.0,False,0.0,VALIDATED,,,27,26.51,44.0,43.51,1.0,1.0
2026-08-21 15:57:57.147563+00:00,1,1_block,87059,46.2,3,3,1,,,0.5,"xgb,lgb",1.0076923076923077,False,0.0,VALIDATED,,,10,9.45,15.0,14.88,2.0,1.32
2026-08-21 15:57:57.147563+00:00,3,3_blocks,87059,46.2,3,3,1,,,1.0,"xgb,lgb",1.0,False,0.0,VALIDATED,,,1,1.0,1.0,1.0,1.0,1.0
2026-08-21 15:57:57.147563+00:00,6,6_blocks,87059,46.2,3,3,1,,,1.0,"xgb,lgb",1.0,False,0.0,VALIDATED,,,1,1.0,1.0,1.0,1.0,1.0
2026-08-21 16:37:25.606810+00:00,1,1_block,87250,45.7,4,3,1,,,0.5,"xgb,lgb",1.0673076923076923,False,0.0,VALIDATED,,,21,20.4,34.0,33.34,1.0,1.0
2026-08-21 16:37:25.606810+00:00,3,3_blocks,87250,45.7,4,3,1,,,1.0,"xgb,lgb",1.0,False,0.0,VALIDATED,,,1,1.0,1.0,1.0,1.0,1.0
2026-08-21 16:37:25.606810+00:00,6,6_blocks,87250,45.7,4,3,1,,,1.0,"xgb,lgb",1.0625,False,0.0,VALIDATED,,,1,1.0,1.0,1.0,1.0,1.0
2026-08-21 17:04:25.184903+00:00,1,1_block,84638,45.0,2,1,1,,,0.5,"xgb,lgb",3.0320284697508897,False,0.0,VALIDATED,,,13,12.74,21.0,20.57,1.0,1.0
2026-08-21 17:04:25.184903+00:00,3,3_blocks,84638,45.0,2,1,1,,,0.5,"xgb,lgb",1.0625,False,0.0,VALIDATED,,,19,18.49,31.0,30.16,1.0,1.0
2026-08-21 17:04:25.184903+00:00,6,6_blocks,84638,45.0,2,1,1,,,0.5,"xgb,lgb",1.0625,False,0.0,VALIDATED,,,19,18.49,31.0,30.16,1.0,1.0
2026-08-21 17:39:41.807936+00:00,1,1_block,86849,45.6,3,3,1,,,0.5,"xgb,lgb",3.0320284697508897,False,0.0,VALIDATED,,,17,16.3,27.0,26.5,1.0,1.0
2026-08-21 17:39:41.807936+00:00,3,3_blocks,86849,45.6,3,3,1,,,0.5,"xgb,lgb",1.0625,False,0.0,VALIDATED,,,9,8.98,15.0,14.3,1.0,1.0
2026-08-21 17:39:41.807936+00:00,6,6_blocks,86849,45.6,3,3,1,,,0.5,"xgb,lgb",1.0625,False,0.0,VALIDATED,,,9,8.98,15.0,14.3,1.0,1.0
2026-08-21 18:01:37.091063+00:00,1,1_block,87636,46.3,3,3,1,,,0.5,"xgb,lgb",5.0,False,0.0,VALIDATED,,,7,6.15,10.0,9.58,1.0,1.0
2026-08-21 18:01:37.091063+00:00,3,3_blocks,87636,46.3,3,3,1,,,0.5,"xgb,lgb",2.416475972540046,False,0.0,VALIDATED,,,10,9.14,15.0,14.57,1.0,1.0
2026-08-21 18:01:37.091063+00:00,6,6_blocks,87636,46.3,3,3,1,,,0.5,"xgb,lgb",1.0625,False,0.0,VALIDATED,,,10,9.14,15.0,14.57,1.0,1.0
2026-08-21 18:52:10.877160+00:00,1,1_block,92716,48.3,6,5,4,,,0.5,"xgb,lgb",5.0,False,0.0,VALIDATED,,,19,18.01,30.0,29.13,2.0,1.34
2026-08-21 18:52:10.877160+00:00,3,3_blocks,92716,48.3,6,5,4,,,1.0,"xgb,lgb",4.242424242424242,False,0.0,VALIDATED,,,1,1.0,1.0,1.0,1.0,1.0
2026-08-21 18:52:10.877160+00:00,6,6_blocks,92716,48.3,6,5,4,,,1.0,"xgb,lgb",4.242424242424242,False,0.0,VALIDATED,,,1,1.0,1.0,1.0,1.0,1.0
2026-08-21 19:21:34.102380+00:00,1,1_block,93881,48.8,6,5,4,,,0.5,"xgb,lgb",4.242424242424242,False,0.0,VALIDATED,,,16,15.97,26.0,25.72,2.0,1.33
2026-08-21 19:21:34.102380+00:00,3,3_blocks,93881,48.8,6,5,4,,,1.0,"xgb,lgb",4.242424242424242,False,0.0,VALIDATED,,,1,1.0,1.0,1.0,1.0,1.0
2026-08-21 19:21:34.102380+00:00,6,6_blocks,93881,48.8,6,5,4,,,1.0,"xgb,lgb",2.492146596858639,False,0.0,VALIDATED,,,1,1.0,1.0,1.0,1.0,1.0
2026-08-21 19:46:31.590990+00:00,1,1_block,95920,49.5,7,6,5,,,0.705,"xgb,lgb",4.242424242424242,False,0.0,VALIDATED,,,2,1.14,1.0,1.0,2.0,1.35
2026-08-21 19:46:31.590990+00:00,3,3_blocks,95920,49.5,7,6,5,,,1.0,"xgb,lgb",2.492146596858639,False,0.0,VALIDATED,,,1,1.0,1.0,1.0,1.0,1.0
2026-08-21 19:46:31.590990+00:00,6,6_blocks,95920,49.5,7,6,5,,,1.0,"xgb,lgb",2.492146596858639,False,0.0,VALIDATED,,,1,1.0,1.0,1.0,1.0,1.0
2026-08-21 20:00:47.570216+00:00,1,1_block,96754,49.7,6,6,5,,,0.5,"xgb,lgb",5.022123893805309,False,0.0,VALIDATED,,,8,7.89,13.0,12.32,2.0,1.25
2026-08-21 20:00:47.570216+00:00,3,3_blocks,96754,49.7,6,6,5,,,1.0,"xgb,lgb",2.492146596858639,False,0.0,VALIDATED,,,1,1.0,1.0,1.0,1.0,1.0
2026-08-21 20:00:47.570216+00:00,6,6_blocks,96754,49.7,6,6,5,,,1.0,"xgb,lgb",2.492146596858639,False,0.0,VALIDATED,,,1,1.0,1.0,1.0,1.0,1.0
2026-08-21 20:32:03.635303+00:00,1,1_block,90119,48.0,3,3,3,,,0.5,"xgb,lgb",5.022123893805309,False,0.0,VALIDATED,,,18,17.12,28.0,27.86,1.0,1.0
2026-08-21 20:32:03.635303+00:00,3,3_blocks,90119,48.0,3,3,3,,,1.0,"xgb,lgb",2.492146596858639,False,0.0,VALIDATED,,,1,1.0,1.0,1.0,1.0,1.0
2026-08-21 20:32:03.635303+00:00,6,6_blocks,90119,48.0,3,3,3,,,1.0,"xgb,lgb",2.492146596858639,False,0.0,VALIDATED,,,1,1.0,1.0,1.0,1.0,1.0
2026-08-21 20:56:01.405974+00:00,1,1_block,91994,48.5,5,4,4,,,0.5,"xgb,lgb",5.0,False,0.0,VALIDATED,,,6,5.45,9.0,8.35,2.0,1.1
2026-08-21 20:56:01.405974+00:00,3,3_blocks,91994,48.5,5,4,4,,,1.0,"xgb,lgb",5.0,False,0.0,VALIDATED,,,1,1.0,1.0,1.0,1.0,1.0
2026-08-21 20:56:01.405974+00:00,6,6_blocks,91994,48.5,5,4,4,,,1.0,"xgb,lgb",2.492146596858639,False,0.0,VALIDATED,,,1,1.0,1.0,1.0,1.0,1.0
2026-08-21 21:17:44.730920+00:00,1,1_block,92526,48.8,5,4,4,,,0.5,"xgb,lgb",5.0,False,0.0,VALIDATED,,,13,12.98,21.0,20.89,2.0,1.1
2026-08-21 21:17:44.730920+00:00,3,3_blocks,92526,48.8,5,4,4,,,1.0,"xgb,lgb",5.0,False,0.0,VALIDATED,,,1,1.0,1.0,1.0,1.0,1.0
2026-08-21 21:17:44.730920+00:00,6,6_blocks,92526,48.8,5,4,4,,,1.0,"xgb,lgb",2.2404870624048705,False,0.0,VALIDATED,,,1,1.0,1.0,1.0,1.0,1.0
2026-08-21 21:43:11.929152+00:00,1,1_block,94257,49.4,6,5,4,,,0.726,"xgb,lgb",5.0,False,0.0,VALIDATED,,,2,1.13,1.0,1.0,2.0,1.32
2026-08-21 21:43:11.929152+00:00,3,3_blocks,94257,49.4,6,5,4,,,1.0,"xgb,lgb",2.2404870624048705,False,0.0,VALIDATED,,,1,1.0,1.0,1.0,1.0,1.0
2026-08-21 21:43:11.929152+00:00,6,6_blocks,94257,49.4,6,5,4,,,1.0,"xgb,lgb",2.2404870624048705,False,0.0,VALIDATED,,,1,1.0,1.0,1.0,1.0,1.0
2026-08-21 22:01:58.089763+00:00,1,1_block,97937,50.5,8,7,6,,,0.5,"xgb,lgb",5.732620320855615,False,0.0,VALIDATED,,,3,2.08,3.0,2.58,2.0,1.35
2026-08-21 22:01:58.089763+00:00,3,3_blocks,97937,50.5,8,7,6,,,1.0,"xgb,lgb",2.2404870624048705,False,0.0,VALIDATED,,,1,1.0,1.0,1.0,1.0,1.0
2026-08-21 22:01:58.089763+00:00,6,6_blocks,97937,50.5,8,7,6,,,1.0,"xgb,lgb",2.2404870624048705,False,0.0,VALIDATED,,,1,1.0,1.0,1.0,1.0,1.0
2026-08-21 22:36:52.723674+00:00,1,1_block,93295,49.3,7,5,4,,,0.5,"xgb,lgb",5.732620320855615,False,0.0,VALIDATED,,,14,13.57,22.0,21.89,2.0,1.07
2026-08-21 22:36:52.723674+00:00,3,3_blocks,93295,49.3,7,5,4,,,1.0,"xgb,lgb",1.1441441441441442,False,0.0,VALIDATED,,,1,1.0,1.0,1.0,1.0,1.0
2026-08-21 22:36:52.723674+00:00,6,6_blocks,93295,49.3,7,5,4,,,1.0,"xgb,lgb",1.1441441441441442,False,0.0,VALIDATED,,,1,1.0,1.0,1.0,1.0,1.0
2026-08-21 22:56:44.874545+00:00,1,1_block,96377,50.3,9,8,6,,,0.5,"xgb,lgb",1.1441441441441442,False,0.0,VALIDATED,,,7,6.71,11.0,10.49,2.0,1.05
2026-08-21 22:56:44.874545+00:00,3,3_blocks,96377,50.3,9,8,6,,,1.0,"xgb,lgb",1.1441441441441442,False,0.0,VALIDATED,,,1,1.0,1.0,1.0,1.0,1.0
2026-08-21 22:56:44.874545+00:00,6,6_blocks,96377,50.3,9,8,6,,,1.0,"xgb,lgb",1.1441441441441442,False,0.0,VALIDATED,,,1,1.0,1.0,1.0,1.0,1.0
2026-08-21 23:30:34.730561+00:00,1,1_block,92127,49.6,5,5,4,,,0.5,"xgb,lgb",1.1441441441441442,False,0.0,VALIDATED,,,5,4.2,7.0,6.12,2.0,1.32
2026-08-21 23:30:34.730561+00:00,3,3_blocks,92127,49.6,5,5,4,,,1.0,"xgb,lgb",1.1441441441441442,False,0.0,VALIDATED,,,1,1.0,1.0,1.0,1.0,1.0
2026-08-21 23:30:34.730561+00:00,6,6_blocks,92127,49.6,5,5,4,,,1.0,"xgb,lgb",0.4242424242424242,False,0.0,VALIDATED,,,1,1.0,1.0,1.0,1.0,1.0
2026-08-21 23:43:32.674968+00:00,1,1_block,89986,48.7,3,3,3,,,0.5,"xgb,lgb",1.1441441441441442,False,0.0,VALIDATED,,,17,16.91,28.0,27.52,1.0,1.0
2026-08-21 23:43:32.674968+00:00,3,3_blocks,89986,48.7,3,3,3,,,1.0,"xgb,lgb",1.1441441441441442,False,0.0,VALIDATED,,,1,1.0,1.0,1.0,1.0,1.0
2026-08-21 23:43:32.674968+00:00,6,6_blocks,89986,48.7,3,3,3,,,1.0,"xgb,lgb",0.4242424242424242,False,0.0,VALIDATED,,,1,1.0,1.0,1.0,1.0,1.0
2026-08-22 00:01:48.256567+00:00,1,1_block,87513,47.9,3,3,3,,,0.5,"xgb,lgb",1.1441441441441442,False,0.0,VALIDATED,,,13,12.37,20.0,19.95,1.0,1.0
2026-08-22 00:01:48.256567+00:00,3,3_blocks,87513,47.9,3,3,3,,,1.0,"xgb,lgb",0.4242424242424242,False,0.0,VALIDATED,,,1,1.0,1.0,1.0,1.0,1.0
2026-08-22 00:01:48.256567+00:00,6,6_blocks,87513,47.9,3,3,3,,,1.0,"xgb,lgb",0.4242424242424242,False,0.0,VALIDATED,,,1,1.0,1.0,1.0,1.0,1.0
2026-08-22 01:46:58.271209+00:00,1,1_block,86976,45.5,5,4,1,,,0.5,"xgb,lgb",2.0,False,0.0,VALIDATED,,,5,4.62,8.0,7.04,1.0,1.0
2026-08-22 01:46:58.271209+00:00,3,3_blocks,86976,45.5,5,4,1,,,0.943,"xgb,lgb",0.427807486631016,False,0.0,VALIDATED,,,2,1.04,2.0,1.06,1.0,1.0
2026-08-22 01:46:58.271209+00:00,6,6_blocks,86976,45.5,5,4,1,,,0.943,"xgb,lgb",0.4214285714285714,False,0.0,VALIDATED,,,2,1.04,2.0,1.06,1.0,1.0
2026-08-22 02:41:34.780545+00:00,1,1_block,84295,44.8,2,1,1,,,0.5,"xgb,lgb",0.5640194489465153,False,0.0,VALIDATED,,,3,2.94,5.0,4.03,2.0,1.31
2026-08-22 02:41:34.780545+00:00,3,3_blocks,84295,44.8,2,1,1,,,0.5,"xgb,lgb",0.427807486631016,False,0.0,VALIDATED,,,13,12.67,21.0,20.44,1.0,1.0
2026-08-22 02:41:34.780545+00:00,6,6_blocks,84295,44.8,2,1,1,,,0.5,"xgb,lgb",0.4016393442622951,False,0.0,VALIDATED,,,13,12.67,21.0,20.44,1.0,1.0
2026-08-22 03:27:51.939823+00:00,1,1_block,81556,44.0,1,1,1,,,0.5,"xgb,lgb",0.4141414141414141,False,0.0,VALIDATED,,,19,18.45,31.0,30.09,1.0,1.0
2026-08-22 03:27:51.939823+00:00,3,3_blocks,81556,44.0,1,1,1,,,0.5,"xgb,lgb",0.4141414141414141,False,0.0,VALIDATED,,,26,25.81,43.0,42.35,1.0,1.0
2026-08-22 03:27:51.939823+00:00,6,6_blocks,81556,44.0,1,1,1,,,0.5,"xgb,lgb",0.4,False,0.0,VALIDATED,,,26,25.81,43.0,42.35,1.0,1.0
2026-08-22 04:05:30.118020+00:00,1,1_block,75191,42.9,1,1,1,,,0.5,"xgb,lgb",0.430622009569378,False,0.0,VALIDATED,,,14,13.88,23.0,22.47,1.0,1.0
2026-08-22 04:05:30.118020+00:00,3,3_blocks,75191,42.9,1,1,1,,,0.5,"xgb,lgb",0.4,False,0.0,VALIDATED,,,28,27.34,45.0,44.91,1.0,1.0
2026-08-22 04:05:30.118020+00:00,6,6_blocks,75191,42.9,1,1,1,,,0.5,"xgb,lgb",0.4,False,0.0,VALIDATED,,,28,27.34,45.0,44.91,1.0,1.0
2026-08-22 04:44:41.459753+00:00,1,1_block,76858,43.1,1,1,1,,,0.5,"xgb,lgb",0.430622009569378,False,0.0,VALIDATED,,,2,1.54,2.0,1.91,1.0,1.0
2026-08-22 04:44:41.459753+00:00,3,3_blocks,76858,43.1,1,1,1,,,0.5,"xgb,lgb",0.4967320261437908,False,0.0,VALIDATED,,,37,36.03,60.0,59.38,1.0,1.0
2026-08-22 04:44:41.459753+00:00,6,6_blocks,76858,43.1,1,1,1,,,0.5,"xgb,lgb",0.3838383838383838,False,0.0,VALIDATED,,,37,36.03,60.0,59.38,1.0,1.0
2026-08-22 05:11:54.541454+00:00,1,1_block,84143,43.5,1,1,1,,,0.5,"xgb,lgb",1.0833333333333333,False,0.0,VALIDATED,,,11,10.97,18.0,17.62,1.0,1.0
2026-08-22 05:11:54.541454+00:00,3,3_blocks,84143,43.5,1,1,1,,,0.5,"xgb,lgb",0.4967320261437908,False,0.0,VALIDATED,,,25,24.66,41.0,40.43,1.0,1.0
2026-08-22 05:11:54.541454+00:00,6,6_blocks,84143,43.5,1,1,1,,,0.5,"xgb,lgb",0.4028776978417266,False,0.0,VALIDATED,,,25,24.66,41.0,40.43,1.0,1.0
2026-08-22 05:45:14.845766+00:00,1,1_block,90221,44.7,3,1,1,,,0.5,"xgb,lgb",1.0833333333333333,False,0.0,VALIDATED,,,6,5.57,9.0,8.62,1.0,1.0
2026-08-22 05:45:14.845766+00:00,3,3_blocks,90221,44.7,3,1,1,,,0.5,"xgb,lgb",0.4028776978417266,False,0.0,VALIDATED,,,42,41.61,69.0,68.68,1.0,1.0
2026-08-22 05:45:14.845766+00:00,6,6_blocks,90221,44.7,3,1,1,,,0.5,"xgb,lgb",0.4028776978417266,False,0.0,VALIDATED,,,42,41.61,69.0,68.68,1.0,1.0
2026-08-22 06:02:44.232335+00:00,1,1_block,87319,44.3,2,1,1,,,0.5,"xgb,lgb",1.2013888888888888,False,0.0,VALIDATED,,,4,3.1,5.0,4.45,2.0,1.08
2026-08-22 06:02:44.232335+00:00,3,3_blocks,87319,44.3,2,1,1,,,0.5,"xgb,lgb",0.4028776978417266,False,0.0,VALIDATED,,,50,49.57,82.0,81.95,1.0,1.0
2026-08-22 06:02:44.232335+00:00,6,6_blocks,87319,44.3,2,1,1,,,0.5,"xgb,lgb",0.4028776978417266,False,0.0,VALIDATED,,,50,49.57,82.0,81.95,1.0,1.0
2026-08-22 06:56:18.797158+00:00,1,1_block,77450,42.6,1,1,1,,,0.5,"xgb,lgb",1.2013888888888888,False,0.0,VALIDATED,,,12,11.18,18.0,17.97,1.0,1.0
2026-08-22 06:56:18.797158+00:00,3,3_blocks,77450,42.6,1,1,1,,,0.5,"xgb,lgb",0.3846153846153846,False,0.0,VALIDATED,,,31,30.13,50.0,49.55,1.0,1.0
2026-08-22 06:56:18.797158+00:00,6,6_blocks,77450,42.6,1,1,1,,,0.5,"xgb,lgb",0.3846153846153846,False,0.0,VALIDATED,,,31,30.13,50.0,49.55,1.0,1.0
2026-08-22 07:26:02.265409+00:00,1,1_block,77161,42.5,1,1,1,,,0.5,"xgb,lgb",0.4089285714285714,False,0.0,VALIDATED,,,2,1.52,2.0,1.87,1.0,1.0
2026-08-22 07:26:02.265409+00:00,3,3_blocks,77161,42.5,1,1,1,,,0.5,"xgb,lgb",0.3846153846153846,False,0.0,VALIDATED,,,22,21.95,36.0,35.92,1.0,1.0
2026-08-22 07:26:02.265409+00:00,6,6_blocks,77161,42.5,1,1,1,,,0.5,"xgb,lgb",0.4,False,0.0,VALIDATED,,,22,21.95,36.0,35.92,1.0,1.0
2026-08-22 07:53:43.429085+00:00,1,1_block,78228,42.8,1,1,1,,,0.5,"xgb,lgb",0.4089285714285714,False,0.0,VALIDATED,,,15,14.22,24.0,23.03,1.0,1.0
2026-08-22 07:53:43.429085+00:00,3,3_blocks,78228,42.8,1,1,1,,,0.5,"xgb,lgb",0.4,False,0.0,VALIDATED,,,35,34.73,58.0,57.21,1.0,1.0
2026-08-22 07:53:43.429085+00:00,6,6_blocks,78228,42.8,1,1,1,,,0.5,"xgb,lgb",0.4,False,0.0,VALIDATED,,,35,34.73,58.0,57.21,1.0,1.0
2026-08-22 08:20:50.797412+00:00,1,1_block,77211,43.0,2,1,1,,,0.5,"xgb,lgb",0.4,False,0.0,VALIDATED,,,22,21.82,36.0,35.71,1.0,1.0
2026-08-22 08:20:50.797412+00:00,3,3_blocks,77211,43.0,2,1,1,,,0.5,"xgb,lgb",0.4,False,0.0,VALIDATED,,,30,29.71,49.0,48.86,1.0,1.0
2026-08-22 08:20:50.797412+00:00,6,6_blocks,77211,43.0,2,1,1,,,0.5,"xgb,lgb",0.4,False,0.0,VALIDATED,,,30,29.71,49.0,48.86,1.0,1.0
2026-08-22 08:52:48.871177+00:00,1,1_block,75295,42.6,2,1,1,,,0.5,"xgb,lgb",0.4,False,0.0,VALIDATED,,,11,10.22,17.0,16.37,1.0,1.0
2026-08-22 08:52:48.871177+00:00,3,3_blocks,75295,42.6,2,1,1,,,0.5,"xgb,lgb",0.4,False,0.0,VALIDATED,,,5,4.95,8.0,7.58,1.0,1.0
2026-08-22 08:52:48.871177+00:00,6,6_blocks,75295,42.6,2,1,1,,,0.5,"xgb,lgb",0.4,False,0.0,VALIDATED,,,5,4.95,8.0,7.58,1.0,1.0
2026-08-22 09:20:47.749297+00:00,1,1_block,75882,42.7,2,1,1,,,0.5,"xgb,lgb",3.002288329519451,False,0.0,VALIDATED,,,11,10.38,17.0,16.64,1.0,1.0
2026-08-22 09:20:47.749297+00:00,3,3_blocks,75882,42.7,2,1,1,,,0.5,"xgb,lgb",0.4,False,0.0,VALIDATED,,,26,25.44,42.0,41.73,1.0,1.0
2026-08-22 09:20:47.749297+00:00,6,6_blocks,75882,42.7,2,1,1,,,0.5,"xgb,lgb",0.9982300884955752,False,0.0,VALIDATED,,,26,25.44,42.0,41.73,1.0,1.0
2026-08-22 09:47:11.563139+00:00,1,1_block,80360,43.9,4,3,1,,,0.5,"xgb,lgb",3.002288329519451,False,0.0,VALIDATED,,,9,8.56,14.0,13.6,1.0,1.0
2026-08-22 09:47:11.563139+00:00,3,3_blocks,80360,43.9,4,3,1,,,0.5,"xgb,lgb",0.9982300884955752,False,0.0,VALIDATED,,,35,34.96,58.0,57.59,1.0,1.0
2026-08-22 09:47:11.563139+00:00,6,6_blocks,80360,43.9,4,3,1,,,0.5,"xgb,lgb",0.9982300884955752,False,0.0,VALIDATED,,,35,34.96,58.0,57.59,1.0,1.0
2026-08-22 10:02:31.054553+00:00,1,1_block,78684,43.8,3,3,1,,,0.5,"xgb,lgb",1.0,False,0.0,VALIDATED,,,15,14.6,24.0,23.43,2.0,1.35
2026-08-22 10:02:31.054553+00:00,3,3_blocks,78684,43.8,3,3,1,,,0.5,"xgb,lgb",0.9982300884955752,False,0.0,VALIDATED,,,55,54.6,91.0,90.33,1.0,1.0
2026-08-22 10:02:31.054553+00:00,6,6_blocks,78684,43.8,3,3,1,,,0.5,"xgb,lgb",0.4214285714285714,False,0.0,VALIDATED,,,55,54.6,91.0,90.33,1.0,1.0
2026-08-22 10:35:58.978862+00:00,1,1_block,80931,44.3,3,3,1,,,0.5,"xgb,lgb",1.0,False,0.0,VALIDATED,,,14,13.34,22.0,21.34,2.0,1.35
2026-08-22 10:35:58.978862+00:00,3,3_blocks,80931,44.3,3,3,1,,,0.5,"xgb,lgb",0.4214285714285714,False,0.0,VALIDATED,,,47,46.63,78.0,77.04,1.0,1.0
2026-08-22 10:35:58.978862+00:00,6,6_blocks,80931,44.3,3,3,1,,,0.5,"xgb,lgb",0.4214285714285714,False,0.0,VALIDATED,,,47,46.63,78.0,77.04,1.0,1.0
2026-08-22 10:55:52.246776+00:00,1,1_block,86060,44.7,2,1,1,,,0.5,"xgb,lgb",1.0,False,0.0,VALIDATED,,,3,2.63,4.0,3.71,2.0,1.02
2026-08-22 10:55:52.246776+00:00,3,3_blocks,86060,44.7,2,1,1,,,0.5,"xgb,lgb",0.4214285714285714,False,0.0,VALIDATED,,,10,9.89,16.0,15.82,1.0,1.0
2026-08-22 10:55:52.246776+00:00,6,6_blocks,86060,44.7,2,1,1,,,0.5,"xgb,lgb",0.4214285714285714,False,0.0,VALIDATED,,,10,9.89,16.0,15.82,1.0,1.0
2026-08-22 11:15:13.710428+00:00,1,1_block,85072,43.8,1,1,1,,,0.5,"xgb,lgb",1.0,False,0.0,VALIDATED,,,9,8.51,14.0,13.52,1.0,1.0
2026-08-22 11:15:13.710428+00:00,3,3_blocks,85072,43.8,1,1,1,,,0.5,"xgb,lgb",0.4214285714285714,False,0.0,VALIDATED,,,46,45.99,76.0,75.99,1.0,1.0
2026-08-22 11:15:13.710428+00:00,6,6_blocks,85072,43.8,1,1,1,,,0.5,"xgb,lgb",0.4,False,0.0,VALIDATED,,,46,45.99,76.0,75.99,1.0,1.0
2026-08-22 11:38:35.191918+00:00,1,1_block,84251,43.5,1,1,1,,,0.5,"xgb,lgb",1.0,False,0.0,VALIDATED,,,3,2.9,5.0,4.16,1.0,1.0
2026-08-22 11:38:35.191918+00:00,3,3_blocks,84251,43.5,1,1,1,,,1.0,"xgb,lgb",0.4,False,0.0,VALIDATED,,,1,1.0,1.0,1.0,1.0,1.0
2026-08-22 11:38:35.191918+00:00,6,6_blocks,84251,43.5,1,1,1,,,1.0,"xgb,lgb",0.4,False,0.0,VALIDATED,,,1,1.0,1.0,1.0,1.0,1.0
2026-08-22 11:55:09.394603+00:00,1,1_block,80361,43.0,1,1,1,,,0.5,"xgb,lgb",1.0,False,0.0,VALIDATED,,,19,18.94,31.0,30.91,1.0,1.0
2026-08-22 11:55:09.394603+00:00,3,3_blocks,80361,43.0,1,1,1,,,0.5,"xgb,lgb",0.4,False,0.0,VALIDATED,,,20,19.53,32.0,31.88,1.0,1.0
2026-08-22 11:55:09.394603+00:00,6,6_blocks,80361,43.0,1,1,1,,,0.5,"xgb,lgb",0.4,False,0.0,VALIDATED,,,20,19.53,32.0,31.88,1.0,1.0
2026-08-22 12:25:18.730128+00:00,1,1_block,81291,43.2,1,1,1,,,0.5,"xgb,lgb",0.4,False,0.0,VALIDATED,,,4,3.87,6.0,5.79,1.0,1.0
2026-08-22 12:25:18.730128+00:00,3,3_blocks,81291,43.2,1,1,1,,,1.0,"xgb,lgb",0.4,False,0.0,VALIDATED,,,1,1.0,1.0,1.0,1.0,1.0
2026-08-22 12:25:18.730128+00:00,6,6_blocks,81291,43.2,1,1,1,,,1.0,"xgb,lgb",0.4123711340206185,False,0.0,VALIDATED,,,1,1.0,1.0,1.0,1.0,1.0
2026-08-22 13:09:07.506042+00:00,1,1_block,76498,42.5,1,1,1,,,0.5,"xgb,lgb",0.4123711340206185,False,0.0,VALIDATED,,,6,5.56,9.0,8.6,1.0,1.0
2026-08-22 13:09:07.506042+00:00,3,3_blocks,76498,42.5,1,1,1,,,1.0,"xgb,lgb",0.4123711340206185,False,0.0,VALIDATED,,,1,1.0,1.0,1.0,1.0,1.0
2026-08-22 13:09:07.506042+00:00,6,6_blocks,76498,42.5,1,1,1,,,1.0,"xgb,lgb",0.4123711340206185,False,0.0,VALIDATED,,,1,1.0,1.0,1.0,1.0,1.0
2026-08-22 13:41:50.088157+00:00,1,1_block,87417,44.2,2,1,1,,,0.927,"xgb,lgb",0.4123711340206185,False,0.0,VALIDATED,,,2,1.03,1.0,1.0,2.0,1.08
2026-08-22 13:41:50.088157+00:00,3,3_blocks,87417,44.2,2,1,1,,,0.5,"xgb,lgb",1.0041152263374489,False,0.0,VALIDATED,,,27,26.62,44.0,43.71,1.0,1.0
2026-08-22 13:41:50.088157+00:00,6,6_blocks,87417,44.2,2,1,1,,,0.5,"xgb,lgb",0.4123711340206185,False,0.0,VALIDATED,,,27,26.62,44.0,43.71,1.0,1.0
2026-08-22 14:00:59.993198+00:00,1,1_block,86548,44.0,1,1,1,,,0.5,"xgb,lgb",1.0041152263374489,False,0.0,VALIDATED,,,5,4.47,7.0,6.79,1.0,1.0
2026-08-22 14:00:59.993198+00:00,3,3_blocks,86548,44.0,1,1,1,,,0.5,"xgb,lgb",1.0041152263374489,False,0.0,VALIDATED,,,27,26.32,44.0,43.19,1.0,1.0
2026-08-22 14:00:59.993198+00:00,6,6_blocks,86548,44.0,1,1,1,,,0.5,"xgb,lgb",1.0041152263374489,False,0.0,VALIDATED,,,27,26.32,44.0,43.19,1.0,1.0
2026-08-22 14:28:33.444957+00:00,1,1_block,88488,44.7,2,1,1,,,0.5,"xgb,lgb",1.0041152263374489,False,0.0,VALIDATED,,,5,4.3,7.0,6.5,1.0,1.0
2026-08-22 14:28:33.444957+00:00,3,3_blocks,88488,44.7,2,1,1,,,0.5,"xgb,lgb",1.0041152263374489,False,0.0,VALIDATED,,,52,51.53,86.0,85.21,1.0,1.0
2026-08-22 14:28:33.444957+00:00,6,6_blocks,88488,44.7,2,1,1,,,0.5,"xgb,lgb",1.0041152263374489,False,0.0,VALIDATED,,,52,51.53,86.0,85.21,1.0,1.0
2026-08-22 14:48:23.241113+00:00,1,1_block,86970,44.2,1,1,1,,,1.0,"xgb,lgb",1.0041152263374489,False,0.0,VALIDATED,,,1,1.0,1.0,1.0,1.0,1.0
2026-08-22 14:48:23.241113+00:00,3,3_blocks,86970,44.2,1,1,1,,,0.5,"xgb,lgb",1.3333333333333333,False,0.0,VALIDATED,,,16,15.36,25.0,24.93,1.0,1.0
2026-08-22 14:48:23.241113+00:00,6,6_blocks,86970,44.2,1,1,1,,,0.5,"xgb,lgb",1.0041152263374489,False,0.0,VALIDATED,,,16,15.36,25.0,24.93,1.0,1.0
2026-08-22 15:02:30.404767+00:00,1,1_block,90039,45.3,3,3,1,,,0.5,"xgb,lgb",1.3333333333333333,False,0.0,VALIDATED,,,10,9.95,16.0,15.91,1.0,1.0
2026-08-22 15:02:30.404767+00:00,3,3_blocks,90039,45.3,3,3,1,,,0.5,"xgb,lgb",1.3333333333333333,False,0.0,VALIDATED,,,44,43.6,72.0,72.0,1.0,1.0
2026-08-22 15:02:30.404767+00:00,6,6_blocks,90039,45.3,3,3,1,,,0.5,"xgb,lgb",1.0,False,0.0,VALIDATED,,,44,43.6,72.0,72.0,1.0,1.0
2026-08-22 15:32:35.407642+00:00,1,1_block,91861,46.0,4,4,1,,,0.5,"xgb,lgb",1.3333333333333333,False,0.0,VALIDATED,,,7,6.3,10.0,9.6,2.0,1.35
2026-08-22 15:32:35.407642+00:00,3,3_blocks,91861,46.0,4,4,1,,,0.5,"xgb,lgb",1.0064935064935066,False,0.0,VALIDATED,,,24,23.04,38.0,37.73,1.0,1.0
2026-08-22 15:32:35.407642+00:00,6,6_blocks,91861,46.0,4,4,1,,,0.5,"xgb,lgb",1.0,False,0.0,VALIDATED,,,24,23.04,38.0,37.73,1.0,1.0
2026-08-22 15:53:41.869801+00:00,1,1_block,89915,45.6,3,3,1,,,0.765,"xgb,lgb",1.5090455396132252,False,0.0,VALIDATED,,,2,1.11,1.0,1.0,2.0,1.27
2026-08-22 15:53:41.869801+00:00,3,3_blocks,89915,45.6,3,3,1,,,0.5,"xgb,lgb",1.0064935064935066,False,0.0,VALIDATED,,,47,46.54,77.0,76.9,1.0,1.0
2026-08-22 15:53:41.869801+00:00,6,6_blocks,89915,45.6,3,3,1,,,0.5,"xgb,lgb",1.0,False,0.0,VALIDATED,,,47,46.54,77.0,76.9,1.0,1.0
2026-08-22 16:16:06.672592+00:00,1,1_block,88405,44.8,2,1,1,,,0.936,"xgb,lgb",1.5090455396132252,False,0.0,VALIDATED,,,2,1.03,1.0,1.0,2.0,1.07
2026-08-22 16:16:06.672592+00:00,3,3_blocks,88405,44.8,2,1,1,,,0.5,"xgb,lgb",1.0064935064935066,False,0.0,VALIDATED,,,52,51.82,86.0,85.7,1.0,1.0
2026-08-22 16:16:06.672592+00:00,6,6_blocks,88405,44.8,2,1,1,,,0.5,"xgb,lgb",0.4214285714285714,False,0.0,VALIDATED,,,52,51.82,86.0,85.7,1.0,1.0
2026-08-22 16:43:25.352503+00:00,1,1_block,90016,45.2,3,1,1,,,0.5,"xgb,lgb",1.5090455396132252,False,0.0,VALIDATED,,,8,7.47,12.0,11.79,1.0,1.0
2026-08-22 16:43:25.352503+00:00,3,3_blocks,90016,45.2,3,1,1,,,0.5,"xgb,lgb",0.4214285714285714,False,0.0,VALIDATED,,,42,41.65,69.0,68.75,1.0,1.0
2026-08-22 16:43:25.352503+00:00,6,6_blocks,90016,45.2,3,1,1,,,0.5,"xgb,lgb",0.4214285714285714,False,0.0,VALIDATED,,,42,41.65,69.0,68.75,1.0,1.0
2026-08-22 17:02:16.284322+00:00,1,1_block,89613,45.4,3,3,1,,,0.5,"xgb,lgb",0.4214285714285714,False,0.0,VALIDATED,,,4,3.54,6.0,5.16,2.0,1.1
2026-08-22 17:02:16.284322+00:00,3,3_blocks,89613,45.4,3,3,1,,,0.5,"xgb,lgb",0.4214285714285714,False,0.0,VALIDATED,,,20,19.48,32.0,31.8,1.0,1.0
2026-08-22 17:02:16.284322+00:00,6,6_blocks,89613,45.4,3,3,1,,,0.5,"xgb,lgb",0.4214285714285714,False,0.0,VALIDATED,,,20,19.48,32.0,31.8,1.0,1.0
2026-08-22 17:32:02.160745+00:00,1,1_block,89773,45.2,3,3,1,,,0.5,"xgb,lgb",0.4214285714285714,False,0.0,VALIDATED,,,5,4.82,8.0,7.37,1.0,1.0
2026-08-22 17:32:02.160745+00:00,3,3_blocks,89773,45.2,3,3,1,,,0.5,"xgb,lgb",0.4214285714285714,False,0.0,VALIDATED,,,30,29.07,48.0,47.79,1.0,1.0
2026-08-22 17:32:02.160745+00:00,6,6_blocks,89773,45.2,3,3,1,,,0.5,"xgb,lgb",0.4247787610619469,False,0.0,VALIDATED,,,30,29.07,48.0,47.79,1.0,1.0
2026-08-22 17:54:37.668684+00:00,1,1_block,86631,44.2,1,1,1,,,0.5,"xgb,lgb",0.4247787610619469,False,0.0,VALIDATED,,,7,6.41,11.0,10.01,1.0,1.0
2026-08-22 17:54:37.668684+00:00,3,3_blocks,86631,44.2,1,1,1,,,0.5,"xgb,lgb",0.4247787610619469,False,0.0,VALIDATED,,,14,13.96,23.0,22.6,1.0,1.0
2026-08-22 17:54:37.668684+00:00,6,6_blocks,86631,44.2,1,1,1,,,0.5,"xgb,lgb",0.4247787610619469,False,0.0,VALIDATED,,,14,13.96,23.0,22.6,1.0,1.0
2026-08-22 18:19:43.295867+00:00,1,1_block,88133,44.3,2,1,1,,,0.5,"xgb,lgb",0.4247787610619469,False,0.0,VALIDATED,,,9,8.7,14.0,13.83,1.0,1.0
2026-08-22 18:19:43.295867+00:00,3,3_blocks,88133,44.3,2,1,1,,,0.5,"xgb,lgb",0.4247787610619469,False,0.0,VALIDATED,,,34,33.86,56.0,55.76,1.0,1.0
2026-08-22 18:19:43.295867+00:00,6,6_blocks,88133,44.3,2,1,1,,,0.5,"xgb,lgb",0.4210526315789473,False,0.0,VALIDATED,,,34,33.86,56.0,55.76,1.0,1.0
2026-08-22 18:53:09.259385+00:00,1,1_block,86517,44.0,1,1,1,,,0.5,"xgb,lgb",0.4247787610619469,False,0.0,VALIDATED,,,14,13.24,22.0,21.39,1.0,1.0
2026-08-22 18:53:09.259385+00:00,3,3_blocks,86517,44.0,1,1,1,,,0.5,"xgb,lgb",0.4210526315789473,False,0.0,VALIDATED,,,19,18.9,31.0,30.83,1.0,1.0
2026-08-22 18:53:09.259385+00:00,6,6_blocks,86517,44.0,1,1,1,,,0.5,"xgb,lgb",0.4210526315789473,False,0.0,VALIDATED,,,19,18.9,31.0,30.83,1.0,1.0
2026-08-22 19:18:26.461960+00:00,1,1_block,86272,43.9,1,1,1,,,0.5,"xgb,lgb",0.4357142857142857,False,0.0,VALIDATED,,,4,3.52,6.0,5.2,1.0,1.0
2026-08-22 19:18:26.461960+00:00,3,3_blocks,86272,43.9,1,1,1,,,0.5,"xgb,lgb",0.4210526315789473,False,0.0,VALIDATED,,,20,19.4,32.0,31.67,1.0,1.0
2026-08-22 19:18:26.461960+00:00,6,6_blocks,86272,43.9,1,1,1,,,0.5,"xgb,lgb",0.4302059496567506,False,0.0,VALIDATED,,,20,19.4,32.0,31.67,1.0,1.0
2026-08-22 19:40:58.995586+00:00,1,1_block,88255,44.6,3,1,1,,,0.5,"xgb,lgb",0.4357142857142857,False,0.0,VALIDATED,,,13,12.64,21.0,20.4,1.0,1.0
2026-08-22 19:40:58.995586+00:00,3,3_blocks,88255,44.6,3,1,1,,,1.0,"xgb,lgb",1.002857142857143,False,0.0,VALIDATED,,,1,1.0,1.0,1.0,1.0,1.0
2026-08-22 19:40:58.995586+00:00,6,6_blocks,88255,44.6,3,1,1,,,1.0,"xgb,lgb",0.4302059496567506,False,0.0,VALIDATED,,,1,1.0,1.0,1.0,1.0,1.0
2026-08-22 19:55:23.177702+00:00,1,1_block,87411,44.2,1,1,1,,,0.5,"xgb,lgb",1.002857142857143,False,0.0,VALIDATED,,,17,16.27,27.0,26.46,1.0,1.0
2026-08-22 19:55:23.177702+00:00,3,3_blocks,87411,44.2,1,1,1,,,0.5,"xgb,lgb",1.002857142857143,False,0.0,VALIDATED,,,12,11.86,20.0,19.1,1.0,1.0
2026-08-22 19:55:23.177702+00:00,6,6_blocks,87411,44.2,1,1,1,,,0.5,"xgb,lgb",0.4302059496567506,False,0.0,VALIDATED,,,12,11.86,20.0,19.1,1.0,1.0
2026-08-22 20:28:17.496958+00:00,1,1_block,89698,44.9,3,1,1,,,0.5,"xgb,lgb",1.002857142857143,False,0.0,VALIDATED,,,17,16.5,27.0,26.84,1.0,1.0
2026-08-22 20:28:17.496958+00:00,3,3_blocks,89698,44.9,3,1,1,,,0.5,"xgb,lgb",1.002857142857143,False,0.0,VALIDATED,,,19,18.27,30.0,29.78,1.0,1.0
2026-08-22 20:28:17.496958+00:00,6,6_blocks,89698,44.9,3,1,1,,,0.5,"xgb,lgb",0.8727272727272727,False,0.0,VALIDATED,,,19,18.27,30.0,29.78,1.0,1.0
2026-08-22 20:42:42.456120+00:00,1,1_block,89086,44.7,2,1,1,,,0.5,"xgb,lgb",1.002857142857143,False,0.0,VALIDATED,,,13,12.44,21.0,20.02,2.0,1.07
2026-08-22 20:42:42.456120+00:00,3,3_blocks,89086,44.7,2,1,1,,,0.5,"xgb,lgb",0.8727272727272727,False,0.0,VALIDATED,,,30,29.08,48.0,47.81,1.0,1.0
2026-08-22 20:42:42.456120+00:00,6,6_blocks,89086,44.7,2,1,1,,,0.5,"xgb,lgb",0.8727272727272727,False,0.0,VALIDATED,,,30,29.08,48.0,47.81,1.0,1.0
2026-08-22 21:02:27.929109+00:00,1,1_block,87855,44.4,2,1,1,,,0.5,"xgb,lgb",0.8727272727272727,False,0.0,VALIDATED,,,5,4.2,7.0,6.16,2.0,1.27
2026-08-22 21:02:27.929109+00:00,3,3_blocks,87855,44.4,2,1,1,,,0.5,"xgb,lgb",0.8727272727272727,False,0.0,VALIDATED,,,7,6.8,11.0,10.67,1.0,1.0
2026-08-22 21:02:27.929109+00:00,6,6_blocks,87855,44.4,2,1,1,,,0.5,"xgb,lgb",0.8727272727272727,False,0.0,VALIDATED,,,7,6.8,11.0,10.67,1.0,1.0
2026-08-22 21:32:41.246830+00:00,1,1_block,87576,44.3,1,1,1,,,0.5,"xgb,lgb",0.8727272727272727,False,0.0,VALIDATED,,,5,4.95,8.0,7.36,2.0,1.35
2026-08-22 21:32:41.246830+00:00,3,3_blocks,87576,44.3,1,1,1,,,0.5,"xgb,lgb",0.8727272727272727,False,0.0,VALIDATED,,,11,10.31,17.0,16.52,1.0,1.0
2026-08-22 21:32:41.246830+00:00,6,6_blocks,87576,44.3,1,1,1,,,0.5,"xgb,lgb",0.8727272727272727,False,0.0,VALIDATED,,,11,10.31,17.0,16.52,1.0,1.0
2026-08-22 21:54:08.527952+00:00,1,1_block,88557,44.5,2,1,1,,,0.5,"xgb,lgb",2.0273972602739727,False,0.0,VALIDATED,,,9,8.82,14.0,13.83,2.0,1.31
2026-08-22 21:54:08.527952+00:00,3,3_blocks,88557,44.5,2,1,1,,,0.5,"xgb,lgb",0.8727272727272727,False,0.0,VALIDATED,,,13,12.87,21.0,20.78,1.0,1.0
2026-08-22 21:54:08.527952+00:00,6,6_blocks,88557,44.5,2,1,1,,,0.5,"xgb,lgb",0.8727272727272727,False,0.0,VALIDATED,,,13,12.87,21.0,20.78,1.0,1.0
2026-08-22 22:15:22.124148+00:00,1,1_block,89303,44.7,2,1,1,,,0.5,"xgb,lgb",2.0273972602739727,False,0.0,VALIDATED,,,6,5.94,10.0,9.01,2.0,1.32
2026-08-22 22:15:22.124148+00:00,3,3_blocks,89303,44.7,2,1,1,,,0.5,"xgb,lgb",0.8727272727272727,False,0.0,VALIDATED,,,11,10.28,17.0,16.46,1.0,1.0
2026-08-22 22:15:22.124148+00:00,6,6_blocks,89303,44.7,2,1,1,,,0.5,"xgb,lgb",0.4142857142857143,False,0.0,VALIDATED,,,11,10.28,17.0,16.46,1.0,1.0
2026-08-22 22:41:30.506658+00:00,1,1_block,92875,45.6,4,3,1,,,0.726,"xgb,lgb",2.0273972602739727,False,0.0,VALIDATED,,,2,1.13,1.0,1.0,2.0,1.32
2026-08-22 22:41:30.506658+00:00,3,3_blocks,92875,45.6,4,3,1,,,0.5,"xgb,lgb",0.4142857142857143,False,0.0,VALIDATED,,,34,33.83,56.0,55.71,1.0,1.0
2026-08-22 22:41:30.506658+00:00,6,6_blocks,92875,45.6,4,3,1,,,0.5,"xgb,lgb",0.4142857142857143,False,0.0,VALIDATED,,,34,33.83,56.0,55.71,1.0,1.0
2026-08-22 23:01:11.043097+00:00,1,1_block,91977,45.6,3,3,1,,,0.5,"xgb,lgb",1.21,False,0.0,VALIDATED,,,6,5.14,8.0,7.67,2.0,1.35
2026-08-22 23:01:11.043097+00:00,3,3_blocks,91977,45.6,3,3,1,,,0.5,"xgb,lgb",0.4142857142857143,False,0.0,VALIDATED,,,5,4.48,7.0,6.81,1.0,1.0
2026-08-22 23:01:11.043097+00:00,6,6_blocks,91977,45.6,3,3,1,,,0.5,"xgb,lgb",0.4142857142857143,False,0.0,VALIDATED,,,5,4.48,7.0,6.81,1.0,1.0
2026-08-22 23:28:02.294748+00:00,1,1_block,82782,43.5,1,1,1,,,0.5,"xgb,lgb",1.21,False,0.0,VALIDATED,,,17,16.61,27.0,26.94,2.0,1.11
2026-08-22 23:28:02.294748+00:00,3,3_blocks,82782,43.5,1,1,1,,,0.5,"xgb,lgb",0.4142857142857143,False,0.0,VALIDATED,,,20,19.07,32.0,31.12,1.0,1.0
2026-08-22 23:28:02.294748+00:00,6,6_blocks,82782,43.5,1,1,1,,,0.5,"xgb,lgb",0.4,False,0.0,VALIDATED,,,20,19.07,32.0,31.12,1.0,1.0
2026-08-22 23:45:51.638241+00:00,1,1_block,83529,43.7,1,1,1,,,0.5,"xgb,lgb",1.21,False,0.0,VALIDATED,,,19,18.51,31.0,30.19,1.0,1.0
2026-08-22 23:45:51.638241+00:00,3,3_blocks,83529,43.7,1,1,1,,,1.0,"xgb,lgb",0.4142857142857143,False,0.0,VALIDATED,,,1,1.0,1.0,1.0,1.0,1.0
2026-08-22 23:45:51.638241+00:00,6,6_blocks,83529,43.7,1,1,1,,,1.0,"xgb,lgb",0.4,False,0.0,VALIDATED,,,1,1.0,1.0,1.0,1.0,1.0
2026-08-22 23:59:24.464936+00:00,1,1_block,85501,44.2,3,1,1,,,0.5,"xgb,lgb",1.21,False,0.0,VALIDATED,,,19,18.89,31.0,30.82,1.0,1.0
2026-08-22 23:59:24.464936+00:00,3,3_blocks,85501,44.2,3,1,1,,,0.5,"xgb,lgb",0.4,False,0.0,VALIDATED,,,25,24.14,40.0,39.56,1.0,1.0
2026-08-22 23:59:24.464936+00:00,6,6_blocks,85501,44.2,3,1,1,,,0.5,"xgb,lgb",0.4,False,0.0,VALIDATED,,,25,24.14,40.0,39.56,1.0,1.0
2026-08-23 01:27:26.533777+00:00,1,1_block,81758,43.4,1,1,1,,,0.5,"xgb,lgb",0.4,False,0.0,VALIDATED,,,20,19.19,32.0,31.31,1.0,1.0
2026-08-23 01:27:26.533777+00:00,3,3_blocks,81758,43.4,1,1,1,,,0.5,"xgb,lgb",0.4,False,0.0,VALIDATED,,,13,12.96,21.0,20.93,1.0,1.0
2026-08-23 01:27:26.533777+00:00,6,6_blocks,81758,43.4,1,1,1,,,0.5,"xgb,lgb",0.3909090909090909,False,0.0,VALIDATED,,,13,12.98,21.0,20.93,2.0,1.07
2026-08-23 02:43:49.380725+00:00,1,1_block,78594,43.0,2,1,1,,,0.5,"xgb,lgb",0.3937007874015748,False,0.0,VALIDATED,,,23,22.23,37.0,36.38,1.0,1.0
2026-08-23 02:43:49.380725+00:00,3,3_blocks,78594,43.0,2,1,1,,,0.5,"xgb,lgb",0.3909090909090909,False,0.0,VALIDATED,,,18,17.99,30.0,29.32,1.0,1.0
2026-08-23 02:43:49.380725+00:00,6,6_blocks,78594,43.0,2,1,1,,,0.5,"xgb,lgb",0.3561643835616438,False,0.0,VALIDATED,,,19,18.02,30.0,29.32,2.0,1.06
2026-08-23 03:37:07.409561+00:00,1,1_block,73592,41.9,1,1,1,,,0.5,"xgb,lgb",0.4157706093189964,False,0.0,VALIDATED,,,5,4.38,7.0,6.64,1.0,1.0
2026-08-23 03:37:07.409561+00:00,3,3_blocks,73592,41.9,1,1,1,,,1.0,"xgb,lgb",0.3561643835616438,False,0.0,VALIDATED,,,1,1.0,1.0,1.0,1.0,1.0
2026-08-23 03:37:07.409561+00:00,6,6_blocks,73592,41.9,1,1,1,,,1.0,"xgb,lgb",0.3669064748201439,False,0.0,VALIDATED,,,1,1.0,1.0,1.0,1.0,1.0
2026-08-23 04:20:13.038362+00:00,1,1_block,74500,41.9,1,1,1,,,0.5,"xgb,lgb",0.4392857142857143,False,0.0,VALIDATED,,,9,8.14,13.0,12.9,1.0,1.0
2026-08-23 04:20:13.038362+00:00,3,3_blocks,74500,41.9,1,1,1,,,0.5,"xgb,lgb",0.3669064748201439,False,0.0,VALIDATED,,,33,32.15,53.0,52.92,1.0,1.0
2026-08-23 04:20:13.038362+00:00,6,6_blocks,74500,41.9,1,1,1,,,0.5,"xgb,lgb",0.3785714285714285,False,0.0,VALIDATED,,,33,32.15,53.0,52.92,1.0,1.0
2026-08-23 04:56:09.996015+00:00,1,1_block,71318,41.3,1,1,1,,,0.5,"xgb,lgb",0.4392857142857143,False,0.0,VALIDATED,,,9,8.54,14.0,13.57,1.0,1.0
2026-08-23 04:56:09.996015+00:00,3,3_blocks,71318,41.3,1,1,1,,,0.5,"xgb,lgb",0.4165170556552962,False,0.0,VALIDATED,,,22,21.28,35.0,34.79,1.0,1.0
2026-08-23 04:56:09.996015+00:00,6,6_blocks,71318,41.3,1,1,1,,,0.5,"xgb,lgb",0.3785714285714285,False,0.0,VALIDATED,,,22,21.27,35.0,34.79,1.0,1.0
2026-08-23 05:35:52.701249+00:00,1,1_block,71513,41.0,1,1,1,,,0.5,"xgb,lgb",0.4165170556552962,False,0.0,VALIDATED,,,6,5.66,9.0,8.77,1.0,1.0
2026-08-23 05:35:52.701249+00:00,3,3_blocks,71513,41.0,1,1,1,,,0.5,"xgb,lgb",0.4165170556552962,False,0.0,VALIDATED,,,56,55.43,92.0,91.71,1.0,1.0
2026-08-23 05:35:52.701249+00:00,6,6_blocks,71513,41.0,1,1,1,,,0.5,"xgb,lgb",0.3977817745803357,False,0.0,VALIDATED,,,56,55.43,92.0,91.71,1.0,1.0
2026-08-23 05:53:42.455917+00:00,1,1_block,75609,41.8,2,1,1,,,0.5,"xgb,lgb",0.4165170556552962,False,0.0,VALIDATED,,,9,8.04,13.0,12.73,1.0,1.0
2026-08-23 05:53:42.455917+00:00,3,3_blocks,75609,41.8,2,1,1,,,0.5,"xgb,lgb",0.4319526627218935,False,0.0,VALIDATED,,,20,19.47,32.0,31.79,1.0,1.0
2026-08-23 05:53:42.455917+00:00,6,6_blocks,75609,41.8,2,1,1,,,0.5,"xgb,lgb",0.3977817745803357,False,0.0,VALIDATED,,,20,19.47,32.0,31.79,1.0,1.0
2026-08-23 06:29:32.149614+00:00,1,1_block,78269,41.9,1,1,1,,,0.5,"xgb,lgb",0.4319526627218935,False,0.0,VALIDATED,,,11,10.16,17.0,16.27,1.0,1.0
2026-08-23 06:29:32.149614+00:00,3,3_blocks,78269,41.9,1,1,1,,,0.5,"xgb,lgb",0.4319526627218935,False,0.0,VALIDATED,,,40,39.1,65.0,64.49,1.0,1.0
2026-08-23 06:29:32.149614+00:00,6,6_blocks,78269,41.9,1,1,1,,,0.5,"xgb,lgb",0.3977817745803357,False,0.0,VALIDATED,,,40,39.1,65.0,64.49,1.0,1.0
2026-08-23 07:11:46.298677+00:00,1,1_block,75395,41.7,1,1,1,,,0.5,"xgb,lgb",0.4285714285714285,False,0.0,VALIDATED,,,8,7.32,12.0,11.53,1.0,1.0
2026-08-23 07:11:46.298677+00:00,3,3_blocks,75395,41.7,1,1,1,,,0.5,"xgb,lgb",0.4285714285714285,False,0.0,VALIDATED,,,39,38.21,64.0,63.01,1.0,1.0
2026-08-23 07:11:46.298677+00:00,6,6_blocks,75395,41.7,1,1,1,,,0.5,"xgb,lgb",0.3937007874015748,False,0.0,VALIDATED,,,39,38.21,64.0,63.01,1.0,1.0
2026-08-23 07:49:17.798789+00:00,1,1_block,74776,41.5,1,1,1,,,0.5,"xgb,lgb",0.4285714285714285,False,0.0,VALIDATED,,,5,4.1,6.0,5.96,2.0,1.3
2026-08-23 07:49:17.798789+00:00,3,3_blocks,74776,41.5,1,1,1,,,0.996,"xgb,lgb",0.3937007874015748,False,0.0,VALIDATED,,,2,1.0,1.0,1.0,1.0,1.0
2026-08-23 07:49:17.798789+00:00,6,6_blocks,74776,41.5,1,1,1,,,1.0,"xgb,lgb",0.3937007874015748,False,0.0,VALIDATED,,,1,1.0,1.0,1.0,1.0,1.0
2026-08-23 08:12:30.762377+00:00,1,1_block,78499,42.5,3,1,1,,,0.5,"xgb,lgb",0.3937007874015748,False,0.0,VALIDATED,,,6,5.1,8.0,7.58,2.0,1.37
2026-08-23 08:12:30.762377+00:00,3,3_blocks,78499,42.5,3,1,1,,,0.5,"xgb,lgb",0.3937007874015748,False,0.0,VALIDATED,,,60,59.56,99.0,98.6,1.0,1.0
2026-08-23 08:12:30.762377+00:00,6,6_blocks,78499,42.5,3,1,1,,,0.5,"xgb,lgb",0.3937007874015748,False,0.0,VALIDATED,,,60,59.56,99.0,98.6,1.0,1.0
2026-08-23 08:50:55.785215+00:00,1,1_block,75868,41.7,1,1,1,,,0.5,"xgb,lgb",0.3937007874015748,False,0.0,VALIDATED,,,3,2.67,4.0,3.72,2.0,1.1
2026-08-23 08:50:55.785215+00:00,3,3_blocks,75868,41.7,1,1,1,,,0.5,"xgb,lgb",0.4481132075471698,False,0.0,VALIDATED,,,30,29.17,48.0,47.95,1.0,1.0
2026-08-23 08:50:55.785215+00:00,6,6_blocks,75868,41.7,1,1,1,,,0.5,"xgb,lgb",0.3937007874015748,False,0.0,VALIDATED,,,30,29.17,48.0,47.95,1.0,1.0
2026-08-23 09:14:15.493135+00:00,1,1_block,76264,41.9,2,1,1,,,0.5,"xgb,lgb",1.1313131313131313,False,0.0,VALIDATED,,,6,5.62,9.0,8.71,1.0,1.0
2026-08-23 09:14:15.493135+00:00,3,3_blocks,76264,41.9,2,1,1,,,0.5,"xgb,lgb",0.4481132075471698,False,0.0,VALIDATED,,,9,8.22,14.0,13.02,1.0,1.0
2026-08-23 09:14:15.493135+00:00,6,6_blocks,76264,41.9,2,1,1,,,0.5,"xgb,lgb",0.3937007874015748,False,0.0,VALIDATED,,,9,8.21,14.0,13.02,1.0,1.0
2026-08-23 09:46:00.430422+00:00,1,1_block,76324,41.9,2,1,1,,,0.5,"xgb,lgb",1.1313131313131313,False,0.0,VALIDATED,,,17,16.19,27.0,26.32,1.0,1.0
2026-08-23 09:46:00.430422+00:00,3,3_blocks,76324,41.9,2,1,1,,,0.5,"xgb,lgb",0.8090909090909091,False,0.0,VALIDATED,,,16,15.96,26.0,25.94,1.0,1.0
2026-08-23 09:46:00.430422+00:00,6,6_blocks,76324,41.9,2,1,1,,,0.5,"xgb,lgb",0.3937007874015748,False,0.0,VALIDATED,,,16,15.96,26.0,25.94,1.0,1.0
2026-08-23 10:02:21.572769+00:00,1,1_block,78534,42.5,3,1,1,,,0.5,"xgb,lgb",0.8090909090909091,False,0.0,VALIDATED,,,18,17.62,29.0,28.7,1.0,1.0
2026-08-23 10:02:21.572769+00:00,3,3_blocks,78534,42.5,3,1,1,,,0.5,"xgb,lgb",0.8090909090909091,False,0.0,VALIDATED,,,63,62.9,105.0,104.16,1.0,1.0
2026-08-23 10:02:21.572769+00:00,6,6_blocks,78534,42.5,3,1,1,,,0.5,"xgb,lgb",0.3937007874015748,False,0.0,VALIDATED,,,63,62.9,105.0,104.16,1.0,1.0
2026-08-23 10:35:57.335204+00:00,1,1_block,75996,42.1,2,1,1,,,0.5,"xgb,lgb",0.8090909090909091,False,0.0,VALIDATED,,,7,6.07,10.0,9.21,2.0,1.37
2026-08-23 10:35:57.335204+00:00,3,3_blocks,75996,42.1,2,1,1,,,0.5,"xgb,lgb",0.3937007874015748,False,0.0,VALIDATED,,,24,23.76,39.0,38.94,1.0,1.0
2026-08-23 10:35:57.335204+00:00,6,6_blocks,75996,42.1,2,1,1,,,0.5,"xgb,lgb",0.3937007874015748,False,0.0,VALIDATED,,,24,23.83,39.0,38.94,2.0,1.17
2026-08-23 10:55:50.231369+00:00,1,1_block,76432,42.3,2,1,1,,,0.5,"xgb,lgb",1.0357142857142858,False,0.0,VALIDATED,,,3,2.48,4.0,3.23,2.0,1.34
2026-08-23 10:55:50.231369+00:00,3,3_blocks,76432,42.3,2,1,1,,,0.5,"xgb,lgb",0.3937007874015748,False,0.0,VALIDATED,,,30,29.9,50.0,49.17,1.0,1.0
2026-08-23 10:55:50.231369+00:00,6,6_blocks,76432,42.3,2,1,1,,,0.5,"xgb,lgb",0.3937007874015748,False,0.0,VALIDATED,,,30,29.93,50.0,49.17,2.0,1.06
2026-08-23 11:15:34.448718+00:00,1,1_block,71992,41.1,1,1,1,,,0.5,"xgb,lgb",1.0357142857142858,False,0.0,VALIDATED,,,8,7.41,12.0,11.43,2.0,1.37
2026-08-23 11:15:34.448718+00:00,3,3_blocks,71992,41.1,1,1,1,,,0.5,"xgb,lgb",0.3937007874015748,False,0.0,VALIDATED,,,11,10.47,17.0,16.78,1.0,1.0
2026-08-23 11:15:34.448718+00:00,6,6_blocks,71992,41.1,1,1,1,,,0.5,"xgb,lgb",0.4027459954233409,False,0.0,VALIDATED,,,11,10.49,17.0,16.78,2.0,1.04
2026-08-23 11:38:36.982704+00:00,1,1_block,74243,41.5,1,1,1,,,1.0,"xgb,lgb",1.0357142857142858,False,0.0,VALIDATED,,,1,1.0,1.0,1.0,1.0,1.0
2026-08-23 11:38:36.982704+00:00,3,3_blocks,74243,41.5,1,1,1,,,0.5,"xgb,lgb",0.4563279857397504,False,0.0,VALIDATED,,,16,15.69,26.0,25.48,1.0,1.0
2026-08-23 11:38:36.982704+00:00,6,6_blocks,74243,41.5,1,1,1,,,0.5,"xgb,lgb",0.4027459954233409,False,0.0,VALIDATED,,,16,15.71,26.0,25.48,2.0,1.04
2026-08-23 11:55:05.793498+00:00,1,1_block,76658,42.1,3,1,1,,,0.5,"xgb,lgb",1.0357142857142858,False,0.0,VALIDATED,,,4,3.61,6.0,5.35,1.0,1.0
2026-08-23 11:55:05.793498+00:00,3,3_blocks,76658,42.1,3,1,1,,,0.5,"xgb,lgb",0.4563279857397504,False,0.0,VALIDATED,,,69,68.28,114.0,113.13,1.0,1.0
2026-08-23 11:55:05.793498+00:00,6,6_blocks,76658,42.1,3,1,1,,,0.5,"xgb,lgb",0.4027459954233409,False,0.0,VALIDATED,,,69,68.3,114.0,113.13,2.0,1.06
2026-08-23 12:26:10.790244+00:00,1,1_block,73449,41.5,1,1,1,,,1.0,"xgb,lgb",0.4647887323943662,False,0.0,VALIDATED,,,1,1.0,1.0,1.0,1.0,1.0
2026-08-23 12:26:10.790244+00:00,3,3_blocks,73449,41.5,1,1,1,,,0.996,"xgb,lgb",0.4563279857397504,False,0.0,VALIDATED,,,2,1.0,1.0,1.0,1.0,1.0
2026-08-23 12:26:10.790244+00:00,6,6_blocks,73449,41.5,1,1,1,,,1.0,"xgb,lgb",0.4393592677345537,False,0.0,VALIDATED,,,1,1.0,1.0,1.0,1.0,1.0
2026-08-23 13:10:18.923281+00:00,1,1_block,81733,42.6,1,1,1,,,0.5,"xgb,lgb",0.4393592677345537,False,0.0,VALIDATED,,,14,13.6,22.0,22.0,1.0,1.0
2026-08-23 13:10:18.923281+00:00,3,3_blocks,81733,42.6,1,1,1,,,0.5,"xgb,lgb",0.4393592677345537,False,0.0,VALIDATED,,,65,64.72,108.0,107.19,1.0,1.0
2026-08-23 13:10:18.923281+00:00,6,6_blocks,81733,42.6,1,1,1,,,0.5,"xgb,lgb",0.3783783783783784,False,0.0,VALIDATED,,,65,64.72,108.0,107.19,1.0,1.0
2026-08-23 13:44:33.482438+00:00,1,1_block,82515,42.9,2,1,1,,,0.689,"xgb,lgb",0.4393592677345537,False,0.0,VALIDATED,,,2,1.15,1.0,1.0,2.0,1.37
2026-08-23 13:44:33.482438+00:00,3,3_blocks,82515,42.9,2,1,1,,,0.5,"xgb,lgb",0.3783783783783784,False,0.0,VALIDATED,,,42,41.38,69.0,68.3,1.0,1.0
2026-08-23 13:44:33.482438+00:00,6,6_blocks,82515,42.9,2,1,1,,,0.5,"xgb,lgb",0.3783783783783784,False,0.0,VALIDATED,,,42,41.4,69.0,68.3,2.0,1.04
2026-08-23 14:03:09.417313+00:00,1,1_block,84667,43.1,1,1,1,,,0.5,"xgb,lgb",0.4233726294208098,False,0.0,VALIDATED,,,4,3.46,6.0,5.1,1.0,1.0
2026-08-23 14:03:09.417313+00:00,3,3_blocks,84667,43.1,1,1,1,,,0.5,"xgb,lgb",0.3783783783783784,False,0.0,VALIDATED,,,30,29.84,50.0,49.06,1.0,1.0
2026-08-23 14:03:09.417313+00:00,6,6_blocks,84667,43.1,1,1,1,,,0.5,"xgb,lgb",0.3783783783783784,False,0.0,VALIDATED,,,30,29.86,50.0,49.06,2.0,1.05
2026-08-23 14:35:24.920055+00:00,1,1_block,73364,41.2,1,1,1,,,0.5,"xgb,lgb",0.4233726294208098,False,0.0,VALIDATED,,,10,9.58,16.0,15.3,1.0,1.0
2026-08-23 14:35:24.920055+00:00,3,3_blocks,73364,41.2,1,1,1,,,0.5,"xgb,lgb",0.4172661870503597,False,0.0,VALIDATED,,,6,5.88,10.0,9.13,1.0,1.0
2026-08-23 14:35:24.920055+00:00,6,6_blocks,73364,41.2,1,1,1,,,0.5,"xgb,lgb",0.3783783783783784,False,0.0,VALIDATED,,,6,5.88,10.0,9.13,1.0,1.0
2026-08-23 14:56:04.712185+00:00,1,1_block,75896,41.8,1,1,1,,,0.5,"xgb,lgb",0.4172661870503597,False,0.0,VALIDATED,,,4,3.76,6.0,5.6,1.0,1.0
2026-08-23 14:56:04.712185+00:00,3,3_blocks,75896,41.8,1,1,1,,,0.5,"xgb,lgb",0.4172661870503597,False,0.0,VALIDATED,,,28,27.87,46.0,45.77,1.0,1.0
2026-08-23 14:56:04.712185+00:00,6,6_blocks,75896,41.8,1,1,1,,,0.5,"xgb,lgb",0.3783783783783784,False,0.0,VALIDATED,,,28,27.86,46.0,45.77,1.0,1.0
2026-08-23 15:15:50.890409+00:00,1,1_block,79820,42.7,3,3,1,,,1.0,"xgb,lgb",0.4172661870503597,False,0.0,VALIDATED,,,1,1.0,1.0,1.0,1.0,1.0
2026-08-23 15:15:50.890409+00:00,3,3_blocks,79820,42.7,3,3,1,,,0.5,"xgb,lgb",0.4172661870503597,False,0.0,VALIDATED,,,46,45.34,75.0,74.9,1.0,1.0
2026-08-23 15:15:50.890409+00:00,6,6_blocks,79820,42.7,3,3,1,,,0.5,"xgb,lgb",0.4172661870503597,False,0.0,VALIDATED,,,46,45.34,75.0,74.9,1.0,1.0
2026-08-23 15:40:11.999368+00:00,1,1_block,73989,41.4,1,1,1,,,0.5,"xgb,lgb",0.4172661870503597,False,0.0,VALIDATED,,,14,13.75,23.0,22.18,2.0,1.1
2026-08-23 15:40:11.999368+00:00,3,3_blocks,73989,41.4,1,1,1,,,0.5,"xgb,lgb",0.4172661870503597,False,0.0,VALIDATED,,,39,38.54,64.0,63.57,1.0,1.0
2026-08-23 15:40:11.999368+00:00,6,6_blocks,73989,41.4,1,1,1,,,0.5,"xgb,lgb",0.4172661870503597,False,0.0,VALIDATED,,,39,38.54,64.0,63.57,1.0,1.0
2026-08-23 15:56:56.824907+00:00,1,1_block,76994,42.2,2,1,1,,,0.901,"xgb,lgb",0.4172661870503597,False,0.0,VALIDATED,,,2,1.04,1.0,1.0,2.0,1.1
2026-08-23 15:56:56.824907+00:00,3,3_blocks,76994,42.2,2,1,1,,,0.5,"xgb,lgb",0.4172661870503597,False,0.0,VALIDATED,,,83,82.25,137.0,136.41,1.0,1.0
2026-08-23 15:56:56.824907+00:00,6,6_blocks,76994,42.2,2,1,1,,,0.5,"xgb,lgb",0.4172661870503597,False,0.0,VALIDATED,,,83,82.25,137.0,136.41,1.0,1.0
2026-08-23 16:30:32.089997+00:00,1,1_block,77309,42.2,2,1,1,,,0.727,"xgb,lgb",0.4172661870503597,False,0.0,VALIDATED,,,2,1.13,1.0,1.0,2.0,1.32
2026-08-23 16:30:32.089997+00:00,3,3_blocks,77309,42.2,2,1,1,,,0.5,"xgb,lgb",0.4172661870503597,False,0.0,VALIDATED,,,71,70.98,118.0,117.63,1.0,1.0
2026-08-23 16:30:32.089997+00:00,6,6_blocks,77309,42.2,2,1,1,,,0.5,"xgb,lgb",0.3937007874015748,False,0.0,VALIDATED,,,71,70.98,118.0,117.63,1.0,1.0
2026-08-23 16:46:44.408767+00:00,1,1_block,77412,42.5,2,1,1,,,0.704,"xgb,lgb",0.4172661870503597,False,0.0,VALIDATED,,,2,1.14,1.0,1.0,2.0,1.35
2026-08-23 16:46:44.408767+00:00,3,3_blocks,77412,42.5,2,1,1,,,0.5,"xgb,lgb",0.5633333333333334,False,0.0,VALIDATED,,,17,16.11,27.0,26.19,1.0,1.0
2026-08-23 16:46:44.408767+00:00,6,6_blocks,77412,42.5,2,1,1,,,0.5,"xgb,lgb",0.3937007874015748,False,0.0,VALIDATED,,,17,16.11,27.0,26.19,1.0,1.0
2026-08-23 17:04:05.732794+00:00,1,1_block,80472,43.3,3,3,1,,,0.5,"xgb,lgb",0.5633333333333334,False,0.0,VALIDATED,,,3,2.11,3.0,2.61,2.0,1.35
2026-08-23 17:04:05.732794+00:00,3,3_blocks,80472,43.3,3,3,1,,,0.5,"xgb,lgb",0.5633333333333334,False,0.0,VALIDATED,,,14,13.83,23.0,22.39,1.0,1.0
2026-08-23 17:04:05.732794+00:00,6,6_blocks,80472,43.3,3,3,1,,,0.5,"xgb,lgb",0.4118993135011441,False,0.0,VALIDATED,,,14,13.83,23.0,22.39,1.0,1.0
2026-08-23 17:31:20.009820+00:00,1,1_block,76658,42.1,2,1,1,,,1.0,"xgb,lgb",0.5633333333333334,False,0.0,VALIDATED,,,1,1.0,1.0,1.0,1.0,1.0
2026-08-23 17:31:20.009820+00:00,3,3_blocks,76658,42.1,2,1,1,,,0.5,"xgb,lgb",0.5633333333333334,False,0.0,VALIDATED,,,63,62.23,104.0,103.04,1.0,1.0
2026-08-23 17:31:20.009820+00:00,6,6_blocks,76658,42.1,2,1,1,,,0.5,"xgb,lgb",0.4118993135011441,False,0.0,VALIDATED,,,63,62.23,104.0,103.04,1.0,1.0
2026-08-23 17:52:57.206009+00:00,1,1_block,76866,42.3,2,1,1,,,0.726,"xgb,lgb",0.5633333333333334,False,0.0,VALIDATED,,,2,1.13,1.0,1.0,2.0,1.32
2026-08-23 17:52:57.206009+00:00,3,3_blocks,76866,42.3,2,1,1,,,0.5,"xgb,lgb",0.4118993135011441,False,0.0,VALIDATED,,,13,12.12,20.0,19.52,1.0,1.0
2026-08-23 17:52:57.206009+00:00,6,6_blocks,76866,42.3,2,1,1,,,0.5,"xgb,lgb",0.4118993135011441,False,0.0,VALIDATED,,,13,12.11,20.0,19.52,1.0,1.0
2026-08-23 18:19:28.266963+00:00,1,1_block,77898,42.0,1,1,1,,,0.5,"xgb,lgb",2.0105820105820107,False,0.0,VALIDATED,,,10,9.29,15.0,14.82,1.0,1.0
2026-08-23 18:19:28.266963+00:00,3,3_blocks,77898,42.0,1,1,1,,,0.5,"xgb,lgb",0.4118993135011441,False,0.0,VALIDATED,,,7,6.87,11.0,10.77,1.0,1.0
2026-08-23 18:19:28.266963+00:00,6,6_blocks,77898,42.0,1,1,1,,,0.5,"xgb,lgb",0.4118993135011441,False,0.0,VALIDATED,,,7,6.86,11.0,10.77,1.0,1.0
2026-08-23 18:52:36.281980+00:00,1,1_block,81056,43.1,3,2,1,,,0.5,"xgb,lgb",2.0105820105820107,False,0.0,VALIDATED,,,13,12.8,21.0,20.61,2.0,1.09
2026-08-23 18:52:36.281980+00:00,3,3_blocks,81056,43.1,3,2,1,,,0.5,"xgb,lgb",2.006389776357828,False,0.0,VALIDATED,,,14,13.47,22.0,21.78,1.0,1.0
2026-08-23 18:52:36.281980+00:00,6,6_blocks,81056,43.1,3,2,1,,,0.5,"xgb,lgb",0.4118993135011441,False,0.0,VALIDATED,,,14,13.47,22.0,21.78,1.0,1.0
2026-08-23 19:18:15.571336+00:00,1,1_block,82104,43.5,3,3,1,,,0.5,"xgb,lgb",2.006389776357828,False,0.0,VALIDATED,,,10,9.76,16.0,15.38,2.0,1.32
2026-08-23 19:18:15.571336+00:00,3,3_blocks,82104,43.5,3,3,1,,,0.5,"xgb,lgb",2.006389776357828,False,0.0,VALIDATED,,,37,36.3,60.0,59.83,1.0,1.0
2026-08-23 19:18:15.571336+00:00,6,6_blocks,82104,43.5,3,3,1,,,0.5,"xgb,lgb",0.3795918367346939,False,0.0,VALIDATED,,,37,36.3,60.0,59.83,1.0,1.0
2026-08-23 19:40:24.994418+00:00,1,1_block,81834,43.5,3,3,1,,,0.5,"xgb,lgb",2.006389776357828,False,0.0,VALIDATED,,,9,8.91,14.0,13.97,2.0,1.32
2026-08-23 19:40:24.994418+00:00,3,3_blocks,81834,43.5,3,3,1,,,0.5,"xgb,lgb",0.3795918367346939,False,0.0,VALIDATED,,,48,47.89,80.0,79.15,1.0,1.0
2026-08-23 19:40:24.994418+00:00,6,6_blocks,81834,43.5,3,3,1,,,0.5,"xgb,lgb",0.3795918367346939,False,0.0,VALIDATED,,,48,47.89,80.0,79.15,1.0,1.0
2026-08-23 19:54:31.777755+00:00,1,1_block,84058,44.1,4,3,1,,,0.5,"xgb,lgb",0.3795918367346939,False,0.0,VALIDATED,,,13,12.7,21.0,20.28,2.0,1.32
2026-08-23 19:54:31.777755+00:00,3,3_blocks,84058,44.1,4,3,1,,,0.5,"xgb,lgb",0.3795918367346939,False,0.0,VALIDATED,,,11,10.35,17.0,16.58,1.0,1.0
2026-08-23 19:54:31.777755+00:00,6,6_blocks,84058,44.1,4,3,1,,,0.5,"xgb,lgb",0.3795918367346939,False,0.0,VALIDATED,,,11,10.35,17.0,16.58,1.0,1.0
2026-08-23 20:15:11.412632+00:00,1,1_block,84214,44.3,4,3,3,,,0.5,"xgb,lgb",0.3795918367346939,False,0.0,VALIDATED,,,20,19.14,31.0,31.0,2.0,1.34
2026-08-23 20:15:11.412632+00:00,3,3_blocks,84214,44.3,4,3,3,,,0.5,"xgb,lgb",0.3795918367346939,False,0.0,VALIDATED,,,3,2.92,5.0,4.19,1.0,1.0
2026-08-23 20:15:11.412632+00:00,6,6_blocks,84214,44.3,4,3,3,,,0.5,"xgb,lgb",0.3725490196078431,False,0.0,VALIDATED,,,3,2.92,5.0,4.19,1.0,1.0
2026-08-23 20:42:05.439409+00:00,1,1_block,83076,43.8,3,3,1,,,0.5,"xgb,lgb",0.3795918367346939,False,0.0,VALIDATED,,,16,15.9,26.0,25.65,2.0,1.27
2026-08-23 20:42:05.439409+00:00,3,3_blocks,83076,43.8,3,3,1,,,0.5,"xgb,lgb",0.3725490196078431,False,0.0,VALIDATED,,,49,48.99,81.0,80.99,1.0,1.0
2026-08-23 20:42:05.439409+00:00,6,6_blocks,83076,43.8,3,3,1,,,0.5,"xgb,lgb",0.3725490196078431,False,0.0,VALIDATED,,,49,48.99,81.0,80.99,1.0,1.0
2026-08-23 21:01:47.947837+00:00,1,1_block,80361,43.2,3,1,1,,,0.5,"xgb,lgb",0.3937007874015748,False,0.0,VALIDATED,,,7,6.5,11.0,10.07,2.0,1.15
2026-08-23 21:01:47.947837+00:00,3,3_blocks,80361,43.2,3,1,1,,,0.996,"xgb,lgb",0.3725490196078431,False,0.0,VALIDATED,,,2,1.0,1.0,1.0,1.0,1.0
2026-08-23 21:01:47.947837+00:00,6,6_blocks,80361,43.2,3,1,1,,,1.0,"xgb,lgb",0.3937007874015748,False,0.0,VALIDATED,,,1,1.0,1.0,1.0,1.0,1.0
2026-08-23 21:32:14.714077+00:00,1,1_block,73376,41.4,1,1,1,,,1.0,"xgb,lgb",0.3937007874015748,False,0.0,VALIDATED,,,1,1.0,1.0,1.0,1.0,1.0
2026-08-23 21:32:14.714077+00:00,3,3_blocks,73376,41.4,1,1,1,,,0.5,"xgb,lgb",0.3992869875222816,False,0.0,VALIDATED,,,29,28.15,47.0,46.25,1.0,1.0
2026-08-23 21:32:14.714077+00:00,6,6_blocks,73376,41.4,1,1,1,,,0.5,"xgb,lgb",0.3937007874015748,False,0.0,VALIDATED,,,29,28.15,47.0,46.25,1.0,1.0
2026-08-23 21:53:23.947199+00:00,1,1_block,74532,41.7,1,1,1,,,0.5,"xgb,lgb",0.3992869875222816,False,0.0,VALIDATED,,,9,8.77,14.0,13.94,1.0,1.0
2026-08-23 21:53:23.947199+00:00,3,3_blocks,74532,41.7,1,1,1,,,0.5,"xgb,lgb",0.3992869875222816,False,0.0,VALIDATED,,,4,3.39,5.0,4.98,1.0,1.0
2026-08-23 21:53:23.947199+00:00,6,6_blocks,74532,41.7,1,1,1,,,0.5,"xgb,lgb",0.3937007874015748,False,0.0,VALIDATED,,,4,3.39,5.0,4.98,1.0,1.0
2026-08-23 22:15:19.131661+00:00,1,1_block,74605,41.7,1,1,1,,,0.5,"xgb,lgb",0.3992869875222816,False,0.0,VALIDATED,,,5,4.4,7.0,6.66,1.0,1.0
2026-08-23 22:15:19.131661+00:00,3,3_blocks,74605,41.7,1,1,1,,,0.996,"xgb,lgb",0.3992869875222816,False,0.0,VALIDATED,,,2,1.0,1.0,1.0,1.0,1.0
2026-08-23 22:15:19.131661+00:00,6,6_blocks,74605,41.7,1,1,1,,,1.0,"xgb,lgb",0.3838383838383838,False,0.0,VALIDATED,,,1,1.0,1.0,1.0,1.0,1.0
2026-08-23 22:41:20.496745+00:00,1,1_block,78383,42.8,4,3,1,,,1.0,"xgb,lgb",0.3992869875222816,False,0.0,VALIDATED,,,1,1.0,1.0,1.0,1.0,1.0
2026-08-23 22:41:20.496745+00:00,3,3_blocks,78383,42.8,4,3,1,,,0.5,"xgb,lgb",0.5185185185185185,False,0.0,VALIDATED,,,9,8.26,14.0,13.1,1.0,1.0
2026-08-23 22:41:20.496745+00:00,6,6_blocks,78383,42.8,4,3,1,,,0.5,"xgb,lgb",0.3838383838383838,False,0.0,VALIDATED,,,9,8.26,14.0,13.1,1.0,1.0
2026-08-23 23:00:51.412848+00:00,1,1_block,75978,42.3,2,1,1,,,0.704,"xgb,lgb",0.7090909090909091,False,0.0,VALIDATED,,,2,1.14,1.0,1.0,2.0,1.35
2026-08-23 23:00:51.412848+00:00,3,3_blocks,75978,42.3,2,1,1,,,0.5,"xgb,lgb",0.5185185185185185,False,0.0,VALIDATED,,,41,40.98,68.0,67.63,1.0,1.0
2026-08-23 23:00:51.412848+00:00,6,6_blocks,75978,42.3,2,1,1,,,0.5,"xgb,lgb",0.3838383838383838,False,0.0,VALIDATED,,,41,40.98,68.0,67.63,1.0,1.0
2026-08-23 23:28:01.991205+00:00,1,1_block,77369,42.3,3,1,1,,,0.875,"xgb,lgb",0.7090909090909091,False,0.0,VALIDATED,,,2,1.05,1.0,1.0,2.0,1.13
2026-08-23 23:28:01.991205+00:00,3,3_blocks,77369,42.3,3,1,1,,,0.5,"xgb,lgb",0.5185185185185185,False,0.0,VALIDATED,,,53,52.22,87.0,86.36,1.0,1.0
2026-08-23 23:28:01.991205+00:00,6,6_blocks,77369,42.3,3,1,1,,,0.5,"xgb,lgb",0.3636363636363636,False,0.0,VALIDATED,,,53,52.23,87.0,86.36,2.0,1.04
2026-08-23 23:44:46.168704+00:00,1,1_block,74477,41.6,1,1,1,,,0.816,"xgb,lgb",0.7090909090909091,False,0.0,VALIDATED,,,2,1.21,2.0,1.12,2.0,1.35
2026-08-23 23:44:46.168704+00:00,3,3_blocks,74477,41.6,1,1,1,,,0.996,"xgb,lgb",0.5185185185185185,False,0.0,VALIDATED,,,2,1.0,1.0,1.0,1.0,1.0
2026-08-23 23:44:46.168704+00:00,6,6_blocks,74477,41.6,1,1,1,,,1.0,"xgb,lgb",0.3636363636363636,False,0.0,VALIDATED,,,1,1.0,1.0,1.0,1.0,1.0
2026-08-23 23:59:48.244586+00:00,1,1_block,76728,42.2,2,1,1,,,0.684,"xgb,lgb",0.7090909090909091,False,0.0,VALIDATED,,,2,1.15,1.0,1.0,2.0,1.37
2026-08-23 23:59:48.244586+00:00,3,3_blocks,76728,42.2,2,1,1,,,0.5,"xgb,lgb",0.4113475177304964,False,0.0,VALIDATED,,,51,50.1,83.0,82.83,1.0,1.0
2026-08-23 23:59:48.244586+00:00,6,6_blocks,76728,42.2,2,1,1,,,0.5,"xgb,lgb",0.3636363636363636,False,0.0,VALIDATED,,,51,50.1,83.0,82.83,1.0,1.0
2026-08-24 01:28:22.709331+00:00,1,1_block,76194,41.8,1,1,1,,,0.5,"xgb,lgb",0.4113475177304964,False,0.0,VALIDATED,,,15,14.72,24.0,23.86,1.0,1.0
2026-08-24 01:28:22.709331+00:00,3,3_blocks,76194,41.8,1,1,1,,,0.5,"xgb,lgb",0.4113475177304964,False,0.0,VALIDATED,,,11,10.47,17.0,16.78,1.0,1.0
2026-08-24 01:28:22.709331+00:00,6,6_blocks,76194,41.8,1,1,1,,,0.5,"xgb,lgb",0.3771428571428571,False,0.0,VALIDATED,,,11,10.47,17.0,16.78,1.0,1.0
2026-08-24 02:45:33.231399+00:00,1,1_block,80056,43.1,3,3,1,,,0.689,"xgb,lgb",0.3805309734513274,False,0.0,VALIDATED,,,2,1.15,1.0,1.0,2.0,1.37
2026-08-24 02:45:33.231399+00:00,3,3_blocks,80056,43.1,3,3,1,,,0.5,"xgb,lgb",0.3805309734513274,False,0.0,VALIDATED,,,27,26.7,44.0,43.83,1.0,1.0
2026-08-24 02:45:33.231399+00:00,6,6_blocks,80056,43.1,3,3,1,,,0.5,"xgb,lgb",0.3732394366197183,False,0.0,VALIDATED,,,27,26.71,44.0,43.83,2.0,1.02
2026-08-24 03:40:20.222137+00:00,1,1_block,75724,41.7,1,1,1,,,0.5,"xgb,lgb",0.3732394366197183,False,0.0,VALIDATED,,,5,4.24,7.0,6.39,1.0,1.0
2026-08-24 03:40:20.222137+00:00,3,3_blocks,75724,41.7,1,1,1,,,0.5,"xgb,lgb",0.3732394366197183,False,0.0,VALIDATED,,,32,31.7,53.0,52.17,1.0,1.0
2026-08-24 03:40:20.222137+00:00,6,6_blocks,75724,41.7,1,1,1,,,0.5,"xgb,lgb",0.3669064748201439,False,0.0,VALIDATED,,,32,31.7,53.0,52.17,1.0,1.0
2026-08-24 04:27:26.958404+00:00,1,1_block,75344,41.6,1,1,1,,,0.5,"xgb,lgb",0.3744292237442922,False,0.0,VALIDATED,,,11,10.45,17.0,16.75,1.0,1.0
2026-08-24 04:27:26.958404+00:00,3,3_blocks,75344,41.6,1,1,1,,,0.5,"xgb,lgb",0.3744292237442922,False,0.0,VALIDATED,,,30,29.57,49.0,48.62,1.0,1.0
2026-08-24 04:27:26.958404+00:00,6,6_blocks,75344,41.6,1,1,1,,,0.5,"xgb,lgb",0.3181818181818182,False,0.0,VALIDATED,,,30,29.59,49.0,48.62,2.0,1.04
2026-08-24 05:11:12.213334+00:00,1,1_block,74036,40.1,1,1,1,,,0.5,"xgb,lgb",1.0053097345132744,False,0.0,VALIDATED,,,3,2.43,4.0,3.39,1.0,1.0
2026-08-24 05:11:12.213334+00:00,3,3_blocks,74036,40.1,1,1,1,,,0.5,"xgb,lgb",0.3181818181818182,False,0.0,VALIDATED,,,5,4.8,8.0,7.33,1.0,1.0
2026-08-24 05:11:12.213334+00:00,6,6_blocks,74036,40.1,1,1,1,,,0.5,"xgb,lgb",0.3181818181818182,False,0.0,VALIDATED,,,5,4.8,8.0,7.33,1.0,1.0
2026-08-24 05:52:08.239778+00:00,1,1_block,76442,40.7,1,1,1,,,1.0,"xgb,lgb",1.0053097345132744,False,0.0,VALIDATED,,,1,1.0,1.0,1.0,1.0,1.0
2026-08-24 05:52:08.239778+00:00,3,3_blocks,76442,40.7,1,1,1,,,0.5,"xgb,lgb",0.3181818181818182,False,0.0,VALIDATED,,,12,11.87,20.0,19.11,1.0,1.0
2026-08-24 05:52:08.239778+00:00,6,6_blocks,76442,40.7,1,1,1,,,0.5,"xgb,lgb",0.3231597845601436,False,0.0,VALIDATED,,,12,11.87,20.0,19.11,1.0,1.0
2026-08-24 06:42:41.601550+00:00,1,1_block,69543,39.3,1,1,1,,,1.0,"xgb,lgb",1.1428571428571428,False,0.0,VALIDATED,,,1,1.0,1.0,1.0,1.0,1.0
2026-08-24 06:42:41.601550+00:00,3,3_blocks,69543,39.3,1,1,1,,,0.996,"xgb,lgb",0.4190600522193211,False,0.0,VALIDATED,,,2,1.0,1.0,1.0,1.0,1.0
2026-08-24 06:42:41.601550+00:00,6,6_blocks,69543,39.3,1,1,1,,,1.0,"xgb,lgb",0.4190600522193211,False,0.0,VALIDATED,,,1,1.0,1.0,1.0,1.0,1.0
2026-08-24 07:45:37.284846+00:00,1,1_block,75862,40.6,2,1,1,,,1.0,"xgb,lgb",1.0031948881789137,False,0.0,VALIDATED,,,1,1.0,1.0,1.0,1.0,1.0
2026-08-24 07:45:37.284846+00:00,3,3_blocks,75862,40.6,2,1,1,,,1.0,"xgb,lgb",0.991150442477876,False,0.0,VALIDATED,,,1,1.0,1.0,1.0,1.0,1.0
2026-08-24 07:45:37.284846+00:00,6,6_blocks,75862,40.6,2,1,1,,,1.0,"xgb,lgb",0.3203661327231121,False,0.0,VALIDATED,,,1,1.0,1.0,1.0,1.0,1.0
2026-08-24 08:29:44.521512+00:00,1,1_block,76106,40.7,2,1,1,,,0.71,"xgb,lgb",0.3203661327231121,False,0.0,VALIDATED,,,2,1.14,1.0,1.0,2.0,1.34
2026-08-24 08:29:44.521512+00:00,3,3_blocks,76106,40.7,2,1,1,,,0.5,"xgb,lgb",0.3203661327231121,False,0.0,VALIDATED,,,10,9.87,16.0,15.79,1.0,1.0
2026-08-24 08:29:44.521512+00:00,6,6_blocks,76106,40.7,2,1,1,,,0.5,"xgb,lgb",0.3147540983606557,False,0.0,VALIDATED,,,10,9.9,16.0,15.79,2.0,1.08
2026-08-24 09:24:23.791909+00:00,1,1_block,75711,40.4,1,1,1,,,1.0,"xgb,lgb",1.0,False,0.0,VALIDATED,,,1,1.0,1.0,1.0,1.0,1.0
2026-08-24 09:24:23.791909+00:00,3,3_blocks,75711,40.4,1,1,1,,,0.5,"xgb,lgb",0.3147540983606557,False,0.0,VALIDATED,,,27,26.93,45.0,44.22,1.0,1.0
2026-08-24 09:24:23.791909+00:00,6,6_blocks,75711,40.4,1,1,1,,,0.5,"xgb,lgb",0.3147540983606557,False,0.0,VALIDATED,,,27,26.93,45.0,44.22,1.0,1.0
2026-08-24 10:09:56.264317+00:00,1,1_block,76933,40.5,3,1,1,,,1.0,"xgb,lgb",1.004566210045662,False,0.0,VALIDATED,,,1,1.0,1.0,1.0,1.0,1.0
2026-08-24 10:09:56.264317+00:00,3,3_blocks,76933,40.5,3,1,1,,,0.5,"xgb,lgb",1.004566210045662,False,0.0,VALIDATED,,,46,45.56,76.0,75.26,1.0,1.0
2026-08-24 10:09:56.264317+00:00,6,6_blocks,76933,40.5,3,1,1,,,0.5,"xgb,lgb",0.3109540636042402,False,0.0,VALIDATED,,,46,45.55,76.0,75.26,1.0,1.0
2026-08-24 10:51:01.732629+00:00,1,1_block,79698,41.4,3,3,1,,,1.0,"xgb,lgb",1.004566210045662,False,0.0,VALIDATED,,,1,1.0,1.0,1.0,1.0,1.0
2026-08-24 10:51:01.732629+00:00,3,3_blocks,79698,41.4,3,3,1,,,0.5,"xgb,lgb",1.0,False,0.0,VALIDATED,,,78,77.71,129.0,128.85,1.0,1.0
2026-08-24 10:51:01.732629+00:00,6,6_blocks,79698,41.4,3,3,1,,,0.5,"xgb,lgb",0.3109540636042402,False,0.0,VALIDATED,,,78,77.71,129.0,128.85,1.0,1.0
2026-08-24 11:15:05.604985+00:00,1,1_block,75314,40.1,1,1,1,,,0.727,"xgb,lgb",1.0,False,0.0,VALIDATED,,,2,1.13,1.0,1.0,2.0,1.32
2026-08-24 11:15:05.604985+00:00,3,3_blocks,75314,40.1,1,1,1,,,0.5,"xgb,lgb",1.0,False,0.0,VALIDATED,,,45,44.64,74.0,73.74,1.0,1.0
2026-08-24 11:15:05.604985+00:00,6,6_blocks,75314,40.1,1,1,1,,,0.5,"xgb,lgb",1.009090909090909,False,0.0,VALIDATED,,,45,44.64,74.0,73.74,1.0,1.0
2026-08-24 11:46:16.304586+00:00,1,1_block,78359,40.7,3,1,1,,,0.5,"xgb,lgb",1.0,False,0.0,VALIDATED,,,10,9.18,15.0,14.63,1.0,1.0
2026-08-24 11:46:16.304586+00:00,3,3_blocks,78359,40.7,3,1,1,,,0.5,"xgb,lgb",1.2452830188679245,False,0.0,VALIDATED,,,75,74.34,124.0,123.22,1.0,1.0
2026-08-24 11:46:16.304586+00:00,6,6_blocks,78359,40.7,3,1,1,,,0.5,"xgb,lgb",1.009090909090909,False,0.0,VALIDATED,,,75,74.33,124.0,123.22,1.0,1.0
2026-08-24 12:04:26.181536+00:00,1,1_block,78149,40.7,2,1,1,,,1.0,"xgb,lgb",1.2452830188679245,False,0.0,VALIDATED,,,1,1.0,1.0,1.0,1.0,1.0
2026-08-24 12:04:26.181536+00:00,3,3_blocks,78149,40.7,2,1,1,,,0.5,"xgb,lgb",1.2452830188679245,False,0.0,VALIDATED,,,66,65.95,110.0,109.25,1.0,1.0
2026-08-24 12:04:26.181536+00:00,6,6_blocks,78149,40.7,2,1,1,,,0.5,"xgb,lgb",1.009090909090909,False,0.0,VALIDATED,,,66,65.95,110.0,109.25,1.0,1.0
2026-08-24 13:09:25.829939+00:00,1,1_block,82656,42.3,6,5,4,,,0.875,"xgb,lgb",1.2452830188679245,False,0.0,VALIDATED,,,2,1.05,1.0,1.0,2.0,1.13
2026-08-24 13:09:25.829939+00:00,3,3_blocks,82656,42.3,6,5,4,,,0.5,"xgb,lgb",1.0,False,0.0,VALIDATED,,,52,51.52,86.0,85.19,1.0,1.0
2026-08-24 13:09:25.829939+00:00,6,6_blocks,82656,42.3,6,5,4,,,0.5,"xgb,lgb",1.0,False,0.0,VALIDATED,,,52,51.52,86.0,85.19,1.0,1.0
2026-08-24 14:00:23.808773+00:00,1,1_block,78413,41.3,3,3,1,,,0.5,"xgb,lgb",1.0,False,0.0,VALIDATED,,,16,15.58,26.0,25.24,2.0,1.1
2026-08-24 14:00:23.808773+00:00,3,3_blocks,78413,41.3,3,3,1,,,0.5,"xgb,lgb",0.4553990610328638,False,0.0,VALIDATED,,,26,25.44,42.0,41.73,1.0,1.0
2026-08-24 14:00:23.808773+00:00,6,6_blocks,78413,41.3,3,3,1,,,0.5,"xgb,lgb",0.4553990610328638,False,0.0,VALIDATED,,,26,25.44,42.0,41.73,1.0,1.0
2026-08-24 14:48:29.335310+00:00,1,1_block,78502,40.9,3,1,1,,,0.5,"xgb,lgb",1.0909090909090908,False,0.0,VALIDATED,,,12,11.0,18.0,17.67,1.0,1.0
2026-08-24 14:48:29.335310+00:00,3,3_blocks,78502,40.9,3,1,1,,,0.996,"xgb,lgb",2.0,False,0.0,VALIDATED,,,2,1.0,1.0,1.0,1.0,1.0
2026-08-24 14:48:29.335310+00:00,6,6_blocks,78502,40.9,3,1,1,,,1.0,"xgb,lgb",1.0909090909090908,False,0.0,VALIDATED,,,1,1.0,1.0,1.0,1.0,1.0
2026-08-24 15:24:33.076748+00:00,1,1_block,81885,42.2,5,4,3,,,0.5,"xgb,lgb",2.0,False,0.0,VALIDATED,,,5,4.55,7.0,6.92,1.0,1.0
2026-08-24 15:24:33.076748+00:00,3,3_blocks,81885,42.2,5,4,3,,,0.5,"xgb,lgb",2.0,False,0.0,VALIDATED,,,34,33.77,56.0,55.61,1.0,1.0
2026-08-24 15:24:33.076748+00:00,6,6_blocks,81885,42.2,5,4,3,,,0.5,"xgb,lgb",1.0884955752212389,False,0.0,VALIDATED,,,34,33.76,56.0,55.61,1.0,1.0
2026-08-24 16:04:06.034301+00:00,1,1_block,79724,41.8,3,3,1,,,0.5,"xgb,lgb",1.0884955752212389,False,0.0,VALIDATED,,,20,19.14,32.0,31.16,2.0,1.1
2026-08-24 16:04:06.034301+00:00,3,3_blocks,79724,41.8,3,3,1,,,0.5,"xgb,lgb",1.0884955752212389,False,0.0,VALIDATED,,,35,34.0,56.0,56.0,1.0,1.0
2026-08-24 16:04:06.034301+00:00,6,6_blocks,79724,41.8,3,3,1,,,0.5,"xgb,lgb",1.0884955752212389,False,0.0,VALIDATED,,,34,34.0,56.0,56.0,1.0,1.0
2026-08-24 16:52:26.378733+00:00,1,1_block,78740,42.1,3,3,1,,,0.5,"xgb,lgb",1.0884955752212389,False,0.0,VALIDATED,,,21,20.12,33.0,32.87,1.0,1.0
2026-08-24 16:52:26.378733+00:00,3,3_blocks,78740,42.1,3,3,1,,,0.5,"xgb,lgb",0.8359941944847605,False,0.0,VALIDATED,,,28,27.85,46.0,45.74,1.0,1.0
2026-08-24 16:52:26.378733+00:00,6,6_blocks,78740,42.1,3,3,1,,,0.5,"xgb,lgb",0.45662100456621,False,0.0,VALIDATED,,,28,27.85,46.0,45.74,1.0,1.0
2026-08-24 17:25:40.582925+00:00,1,1_block,80346,42.4,4,3,2,,,0.5,"xgb,lgb",0.8359941944847605,False,0.0,VALIDATED,,,18,17.61,29.0,28.69,1.0,1.0
2026-08-24 17:25:40.582925+00:00,3,3_blocks,80346,42.4,4,3,2,,,0.5,"xgb,lgb",0.8359941944847605,False,0.0,VALIDATED,,,11,10.18,17.0,16.29,1.0,1.0
2026-08-24 17:25:40.582925+00:00,6,6_blocks,80346,42.4,4,3,2,,,0.5,"xgb,lgb",0.3852459016393442,False,0.0,VALIDATED,,,11,10.17,17.0,16.29,1.0,1.0
2026-08-24 17:56:43.047881+00:00,1,1_block,78507,40.8,3,1,1,,,0.5,"xgb,lgb",0.8359941944847605,False,0.0,VALIDATED,,,9,8.65,14.0,13.75,1.0,1.0
2026-08-24 17:56:43.047881+00:00,3,3_blocks,78507,40.8,3,1,1,,,0.5,"xgb,lgb",1.0076923076923077,False,0.0,VALIDATED,,,72,71.06,118.0,117.76,1.0,1.0
2026-08-24 17:56:43.047881+00:00,6,6_blocks,78507,40.8,3,1,1,,,0.5,"xgb,lgb",0.3852459016393442,False,0.0,VALIDATED,,,72,71.06,118.0,117.76,1.0,1.0
2026-08-24 18:43:51.005266+00:00,1,1_block,74588,39.8,1,1,1,,,0.5,"xgb,lgb",1.0076923076923077,False,0.0,VALIDATED,,,5,4.4,7.0,6.67,1.0,1.0
2026-08-24 18:43:51.005266+00:00,3,3_blocks,74588,39.8,1,1,1,,,0.5,"xgb,lgb",0.5583524027459954,False,0.0,VALIDATED,,,7,6.14,10.0,9.56,1.0,1.0
2026-08-24 18:43:51.005266+00:00,6,6_blocks,74588,39.8,1,1,1,,,0.5,"xgb,lgb",0.5583524027459954,False,0.0,VALIDATED,,,7,6.14,10.0,9.56,1.0,1.0
2026-08-24 19:16:32.267082+00:00,1,1_block,77288,40.9,2,1,1,,,0.5,"xgb,lgb",0.5583524027459954,False,0.0,VALIDATED,,,4,3.65,6.0,5.42,1.0,1.0
2026-08-24 19:16:32.267082+00:00,3,3_blocks,77288,40.9,2,1,1,,,0.5,"xgb,lgb",0.5583524027459954,False,0.0,VALIDATED,,,63,62.96,105.0,104.26,1.0,1.0
2026-08-24 19:16:32.267082+00:00,6,6_blocks,77288,40.9,2,1,1,,,0.5,"xgb,lgb",0.4975124378109453,False,0.0,VALIDATED,,,63,62.96,105.0,104.26,1.0,1.0
2026-08-24 19:47:39.862893+00:00,1,1_block,79173,41.5,3,3,1,,,0.5,"xgb,lgb",0.5583524027459954,False,0.0,VALIDATED,,,21,20.75,34.0,33.7,2.0,1.32
2026-08-24 19:47:39.862893+00:00,3,3_blocks,79173,41.5,3,3,1,,,0.5,"xgb,lgb",0.4975124378109453,False,0.0,VALIDATED,,,21,21.0,35.0,34.33,1.0,1.0
2026-08-24 19:47:39.862893+00:00,6,6_blocks,79173,41.5,3,3,1,,,0.5,"xgb,lgb",0.4975124378109453,False,0.0,VALIDATED,,,21,21.0,35.0,34.33,1.0,1.0
2026-08-24 20:11:50.411651+00:00,1,1_block,73867,39.8,1,1,1,,,0.702,"xgb,lgb",0.4975124378109453,False,0.0,VALIDATED,,,2,1.59,2.0,1.78,2.0,1.32
2026-08-24 20:11:50.411651+00:00,3,3_blocks,73867,39.8,1,1,1,,,0.996,"xgb,lgb",0.4975124378109453,False,0.0,VALIDATED,,,2,1.0,1.0,1.0,1.0,1.0
2026-08-24 20:11:50.411651+00:00,6,6_blocks,73867,39.8,1,1,1,,,0.995,"xgb,lgb",0.381294964028777,False,0.0,VALIDATED,,,2,1.0,1.0,1.0,2.0,1.01
2026-08-24 20:50:59.304150+00:00,1,1_block,75197,40.0,1,1,1,,,0.5,"xgb,lgb",0.4975124378109453,False,0.0,VALIDATED,,,8,7.96,13.0,12.59,1.0,1.0
2026-08-24 20:50:59.304150+00:00,3,3_blocks,75197,40.0,1,1,1,,,0.5,"xgb,lgb",0.381294964028777,False,0.0,VALIDATED,,,15,14.44,24.0,23.39,1.0,1.0
2026-08-24 20:50:59.304150+00:00,6,6_blocks,75197,40.0,1,1,1,,,0.5,"xgb,lgb",0.381294964028777,False,0.0,VALIDATED,,,15,14.43,24.0,23.39,1.0,1.0
2026-08-24 21:15:19.936475+00:00,1,1_block,80030,41.3,4,3,1,,,0.5,"xgb,lgb",1.553191489361702,False,0.0,VALIDATED,,,10,9.52,16.0,15.2,1.0,1.0
2026-08-24 21:15:19.936475+00:00,3,3_blocks,80030,41.3,4,3,1,,,0.5,"xgb,lgb",0.381294964028777,False,0.0,VALIDATED,,,38,37.92,63.0,62.54,1.0,1.0
2026-08-24 21:15:19.936475+00:00,6,6_blocks,80030,41.3,4,3,1,,,0.5,"xgb,lgb",1.0072202166064983,False,0.0,VALIDATED,,,38,37.92,63.0,62.54,1.0,1.0
2026-08-24 21:46:22.097241+00:00,1,1_block,76875,40.3,3,1,1,,,0.5,"xgb,lgb",1.553191489361702,False,0.0,VALIDATED,,,21,20.35,34.0,33.25,1.0,1.0
2026-08-24 21:46:22.097241+00:00,3,3_blocks,76875,40.3,3,1,1,,,0.5,"xgb,lgb",1.0072202166064983,False,0.0,VALIDATED,,,54,53.48,89.0,88.46,1.0,1.0
2026-08-24 21:46:22.097241+00:00,6,6_blocks,76875,40.3,3,1,1,,,0.5,"xgb,lgb",1.0072202166064983,False,0.0,VALIDATED,,,54,53.47,89.0,88.46,1.0,1.0
2026-08-24 22:03:28.767267+00:00,1,1_block,77407,40.5,3,1,1,,,0.5,"xgb,lgb",1.0072202166064983,False,0.0,VALIDATED,,,8,7.21,12.0,11.35,1.0,1.0
2026-08-24 22:03:28.767267+00:00,3,3_blocks,77407,40.5,3,1,1,,,0.5,"xgb,lgb",1.0072202166064983,False,0.0,VALIDATED,,,46,45.51,76.0,75.19,1.0,1.0
2026-08-24 22:03:28.767267+00:00,6,6_blocks,77407,40.5,3,1,1,,,0.5,"xgb,lgb",0.3,False,0.0,VALIDATED,,,46,45.51,76.0,75.19,1.0,1.0
2026-08-24 22:39:27.085466+00:00,1,1_block,78092,40.8,2,1,1,,,0.5,"xgb,lgb",1.0072202166064983,False,0.0,VALIDATED,,,9,8.24,14.0,13.06,1.0,1.0
2026-08-24 22:39:27.085466+00:00,3,3_blocks,78092,40.8,2,1,1,,,0.5,"xgb,lgb",0.3142857142857143,False,0.0,VALIDATED,,,10,9.37,15.0,14.95,1.0,1.0
2026-08-24 22:39:27.085466+00:00,6,6_blocks,78092,40.8,2,1,1,,,0.5,"xgb,lgb",0.3,False,0.0,VALIDATED,,,10,9.37,15.0,14.95,1.0,1.0
2026-08-24 22:59:49.908681+00:00,1,1_block,78157,41.2,2,2,1,,,0.5,"xgb,lgb",0.3142857142857143,False,0.0,VALIDATED,,,17,16.5,27.0,26.61,2.0,1.33
2026-08-24 22:59:49.908681+00:00,3,3_blocks,78157,41.2,2,2,1,,,0.5,"xgb,lgb",0.3142857142857143,False,0.0,VALIDATED,,,17,16.84,28.0,27.4,1.0,1.0
2026-08-24 22:59:49.908681+00:00,6,6_blocks,78157,41.2,2,2,1,,,0.5,"xgb,lgb",0.3,False,0.0,VALIDATED,,,17,16.84,28.0,27.4,1.0,1.0
2026-08-24 23:30:09.512408+00:00,1,1_block,74973,39.8,1,1,1,,,0.5,"xgb,lgb",0.3142857142857143,False,0.0,VALIDATED,,,3,2.29,4.0,3.11,2.0,1.07
2026-08-24 23:30:09.512408+00:00,3,3_blocks,74973,39.8,1,1,1,,,0.996,"xgb,lgb",0.3142857142857143,False,0.0,VALIDATED,,,2,1.0,1.0,1.0,1.0,1.0
2026-08-24 23:30:09.512408+00:00,6,6_blocks,74973,39.8,1,1,1,,,1.0,"xgb,lgb",0.3020594965675057,False,0.0,VALIDATED,,,1,1.0,1.0,1.0,1.0,1.0
2026-08-24 23:45:05.896036+00:00,1,1_block,73048,39.2,1,1,1,,,0.5,"xgb,lgb",0.3142857142857143,False,0.0,VALIDATED,,,12,11.38,19.0,18.3,1.0,1.0
2026-08-24 23:45:05.896036+00:00,3,3_blocks,73048,39.2,1,1,1,,,0.996,"xgb,lgb",0.3142857142857143,False,0.0,VALIDATED,,,2,1.0,1.0,1.0,1.0,1.0
2026-08-24 23:45:05.896036+00:00,6,6_blocks,73048,39.2,1,1,1,,,1.0,"xgb,lgb",0.3020594965675057,False,0.0,VALIDATED,,,1,1.0,1.0,1.0,1.0,1.0
2026-08-25 00:01:29.649484+00:00,1,1_block,75194,39.6,1,1,1,,,0.5,"xgb,lgb",0.3142857142857143,False,0.0,VALIDATED,,,7,6.12,10.0,9.53,1.0,1.0
2026-08-25 00:01:29.649484+00:00,3,3_blocks,75194,39.6,1,1,1,,,0.5,"xgb,lgb",0.35,False,0.0,VALIDATED,,,35,34.65,58.0,57.08,1.0,1.0
2026-08-25 00:01:29.649484+00:00,6,6_blocks,75194,39.6,1,1,1,,,0.5,"xgb,lgb",0.3020594965675057,False,0.0,VALIDATED,,,35,34.65,58.0,57.08,1.0,1.0
2026-08-25 01:48:35.180970+00:00,1,1_block,76044,39.6,1,1,1,,,0.5,"xgb,lgb",0.4236983842010772,False,0.0,VALIDATED,,,11,10.77,18.0,17.22,2.0,1.08
2026-08-25 01:48:35.180970+00:00,3,3_blocks,76044,39.6,1,1,1,,,0.5,"xgb,lgb",0.35,False,0.0,VALIDATED,,,54,53.94,90.0,89.24,1.0,1.0
2026-08-25 01:48:35.180970+00:00,6,6_blocks,76044,39.6,1,1,1,,,0.5,"xgb,lgb",0.35,False,0.0,VALIDATED,,,54,53.94,90.0,89.24,1.0,1.0
2026-08-25 02:46:24.828464+00:00,1,1_block,87375,42.4,4,3,1,,,0.5,"xgb,lgb",5.045454545454546,False,0.0,VALIDATED,,,10,9.45,16.0,15.09,1.0,1.0
2026-08-25 02:46:24.828464+00:00,3,3_blocks,87375,42.4,4,3,1,,,0.996,"xgb,lgb",0.35,False,0.0,VALIDATED,,,2,1.0,1.0,1.0,1.0,1.0
2026-08-25 02:46:24.828464+00:00,6,6_blocks,87375,42.4,4,3,1,,,1.0,"xgb,lgb",0.3303167420814479,False,0.0,VALIDATED,,,1,1.0,1.0,1.0,1.0,1.0
2026-08-25 03:34:04.258846+00:00,1,1_block,90637,43.3,6,5,4,,,0.5,"xgb,lgb",0.3303167420814479,False,0.0,VALIDATED,,,18,17.42,29.0,28.17,2.0,1.29
2026-08-25 03:34:04.258846+00:00,3,3_blocks,90637,43.3,6,5,4,,,0.5,"xgb,lgb",0.3303167420814479,False,0.0,VALIDATED,,,9,8.34,14.0,13.23,1.0,1.0
2026-08-25 03:34:04.258846+00:00,6,6_blocks,90637,43.3,6,5,4,,,0.5,"xgb,lgb",0.3333333333333333,False,0.0,VALIDATED,,,9,8.37,14.0,13.23,2.0,1.06
2026-08-25 04:20:36.652038+00:00,1,1_block,81139,40.5,1,1,1,,,0.5,"xgb,lgb",0.3333333333333333,False,0.0,VALIDATED,,,8,7.75,13.0,12.24,1.0,1.0
2026-08-25 04:20:36.652038+00:00,3,3_blocks,81139,40.5,1,1,1,,,0.5,"xgb,lgb",0.3333333333333333,False,0.0,VALIDATED,,,25,24.31,40.0,39.84,1.0,1.0
2026-08-25 04:20:36.652038+00:00,6,6_blocks,81139,40.5,1,1,1,,,0.5,"xgb,lgb",0.3378995433789954,False,0.0,VALIDATED,,,25,24.31,40.0,39.84,1.0,1.0
2026-08-25 04:58:59.171300+00:00,1,1_block,81241,40.7,1,1,1,,,0.5,"xgb,lgb",0.3333333333333333,False,0.0,VALIDATED,,,17,16.05,27.0,26.09,1.0,1.0
2026-08-25 04:58:59.171300+00:00,3,3_blocks,81241,40.7,1,1,1,,,0.5,"xgb,lgb",0.3378995433789954,False,0.0,VALIDATED,,,22,21.17,35.0,34.62,1.0,1.0
2026-08-25 04:58:59.171300+00:00,6,6_blocks,81241,40.7,1,1,1,,,0.5,"xgb,lgb",0.3378995433789954,False,0.0,VALIDATED,,,22,21.17,35.0,34.62,1.0,1.0
2026-08-25 05:39:20.707852+00:00,1,1_block,81307,40.6,1,1,1,,,0.5,"xgb,lgb",0.3937007874015748,False,0.0,VALIDATED,,,20,19.17,32.0,31.28,1.0,1.0
2026-08-25 05:39:20.707852+00:00,3,3_blocks,81307,40.6,1,1,1,,,0.5,"xgb,lgb",0.3378995433789954,False,0.0,VALIDATED,,,37,36.5,61.0,60.16,1.0,1.0
2026-08-25 05:39:20.707852+00:00,6,6_blocks,81307,40.6,1,1,1,,,0.5,"xgb,lgb",0.3380281690140845,False,0.0,VALIDATED,,,37,36.5,61.0,60.16,1.0,1.0
2026-08-25 06:02:16.426556+00:00,1,1_block,78817,40.2,1,1,1,,,0.5,"xgb,lgb",0.3937007874015748,False,0.0,VALIDATED,,,25,24.79,41.0,40.65,1.0,1.0
2026-08-25 06:02:16.426556+00:00,3,3_blocks,78817,40.2,1,1,1,,,0.5,"xgb,lgb",0.3380281690140845,False,0.0,VALIDATED,,,32,31.88,53.0,52.46,1.0,1.0
2026-08-25 06:02:16.426556+00:00,6,6_blocks,78817,40.2,1,1,1,,,0.5,"xgb,lgb",0.3380281690140845,False,0.0,VALIDATED,,,32,31.88,53.0,52.46,1.0,1.0
2026-08-25 07:05:45.162329+00:00,1,1_block,83356,41.3,2,1,1,,,0.5,"xgb,lgb",0.4038961038961039,False,0.0,VALIDATED,,,14,13.11,22.0,21.18,1.0,1.0
2026-08-25 07:05:45.162329+00:00,3,3_blocks,83356,41.3,2,1,1,,,0.5,"xgb,lgb",0.533678756476684,False,0.0,VALIDATED,,,30,29.06,48.0,47.77,1.0,1.0
2026-08-25 07:05:45.162329+00:00,6,6_blocks,83356,41.3,2,1,1,,,0.5,"xgb,lgb",0.3380281690140845,False,0.0,VALIDATED,,,30,29.06,48.0,47.77,1.0,1.0
2026-08-25 07:54:21.155936+00:00,1,1_block,80559,40.3,1,1,1,,,0.5,"xgb,lgb",0.5545454545454546,False,0.0,VALIDATED,,,14,13.8,23.0,22.34,1.0,1.0
2026-08-25 07:54:21.155936+00:00,3,3_blocks,80559,40.3,1,1,1,,,0.5,"xgb,lgb",0.3381294964028777,False,0.0,VALIDATED,,,24,23.32,39.0,38.2,1.0,1.0
2026-08-25 07:54:21.155936+00:00,6,6_blocks,80559,40.3,1,1,1,,,0.5,"xgb,lgb",0.3381294964028777,False,0.0,VALIDATED,,,24,23.32,39.0,38.2,1.0,1.0
2026-08-25 08:34:37.482267+00:00,1,1_block,86175,42.2,4,3,1,,,0.5,"xgb,lgb",0.3381294964028777,False,0.0,VALIDATED,,,2,1.65,3.0,2.08,1.0,1.0
2026-08-25 08:34:37.482267+00:00,3,3_blocks,86175,42.2,4,3,1,,,0.5,"xgb,lgb",0.3381294964028777,False,0.0,VALIDATED,,,13,12.25,20.0,19.74,1.0,1.0
2026-08-25 08:34:37.482267+00:00,6,6_blocks,86175,42.2,4,3,1,,,0.5,"xgb,lgb",0.3381294964028777,False,0.0,VALIDATED,,,13,12.25,20.0,19.74,1.0,1.0
2026-08-25 09:18:24.738007+00:00,1,1_block,82264,40.9,2,1,1,,,0.5,"xgb,lgb",0.3937007874015748,False,0.0,VALIDATED,,,14,13.02,22.0,21.03,1.0,1.0
2026-08-25 09:18:24.738007+00:00,3,3_blocks,82264,40.9,2,1,1,,,0.5,"xgb,lgb",0.3937007874015748,False,0.0,VALIDATED,,,80,79.71,133.0,132.19,1.0,1.0
2026-08-25 09:18:24.738007+00:00,6,6_blocks,82264,40.9,2,1,1,,,0.5,"xgb,lgb",0.3381294964028777,False,0.0,VALIDATED,,,80,79.71,133.0,132.19,1.0,1.0
2026-08-25 09:54:55.719275+00:00,1,1_block,81537,40.6,1,1,1,,,0.5,"xgb,lgb",0.3937007874015748,False,0.0,VALIDATED,,,18,17.18,28.0,27.96,1.0,1.0
2026-08-25 09:54:55.719275+00:00,3,3_blocks,81537,40.6,1,1,1,,,0.5,"xgb,lgb",0.3381294964028777,False,0.0,VALIDATED,,,41,40.53,67.0,66.88,1.0,1.0
2026-08-25 09:54:55.719275+00:00,6,6_blocks,81537,40.6,1,1,1,,,0.5,"xgb,lgb",0.3381294964028777,False,0.0,VALIDATED,,,41,40.53,67.0,66.88,1.0,1.0
2026-08-25 10:24:51.378634+00:00,1,1_block,82148,40.7,1,1,1,,,0.5,"xgb,lgb",0.3381294964028777,False,0.0,VALIDATED,,,12,11.84,20.0,19.07,1.0,1.0
2026-08-25 10:24:51.378634+00:00,3,3_blocks,82148,40.7,1,1,1,,,0.5,"xgb,lgb",0.3381294964028777,False,0.0,VALIDATED,,,55,54.47,91.0,90.12,1.0,1.0
2026-08-25 10:24:51.378634+00:00,6,6_blocks,82148,40.7,1,1,1,,,0.5,"xgb,lgb",0.3381294964028777,False,0.0,VALIDATED,,,55,54.47,91.0,90.12,1.0,1.0
2026-08-25 10:58:30.186964+00:00,1,1_block,79052,40.2,1,1,1,,,0.5,"xgb,lgb",1.0,False,0.0,VALIDATED,,,20,19.37,32.0,31.61,1.0,1.0
2026-08-25 10:58:30.186964+00:00,3,3_blocks,79052,40.2,1,1,1,,,0.5,"xgb,lgb",0.5165794066317626,False,0.0,VALIDATED,,,42,41.76,69.0,68.93,1.0,1.0
2026-08-25 10:58:30.186964+00:00,6,6_blocks,79052,40.2,1,1,1,,,0.5,"xgb,lgb",0.3381294964028777,False,0.0,VALIDATED,,,42,41.76,69.0,68.93,1.0,1.0
2026-08-25 11:34:27.833097+00:00,1,1_block,82086,40.8,1,1,1,,,0.5,"xgb,lgb",1.0,False,0.0,VALIDATED,,,12,11.38,19.0,18.29,1.0,1.0
2026-08-25 11:34:27.833097+00:00,3,3_blocks,82086,40.8,1,1,1,,,0.5,"xgb,lgb",0.5165794066317626,False,0.0,VALIDATED,,,75,74.29,124.0,123.15,1.0,1.0
2026-08-25 11:34:27.833097+00:00,6,6_blocks,82086,40.8,1,1,1,,,0.5,"xgb,lgb",0.5144230769230769,False,0.0,VALIDATED,,,75,74.29,124.0,123.15,1.0,1.0
2026-08-25 11:54:09.122261+00:00,1,1_block,81779,40.7,1,1,1,,,0.5,"xgb,lgb",1.0,False,0.0,VALIDATED,,,17,16.7,28.0,27.16,1.0,1.0
2026-08-25 11:54:09.122261+00:00,3,3_blocks,81779,40.7,1,1,1,,,0.5,"xgb,lgb",1.202247191011236,False,0.0,VALIDATED,,,39,38.81,65.0,64.02,1.0,1.0
2026-08-25 11:54:09.122261+00:00,6,6_blocks,81779,40.7,1,1,1,,,0.5,"xgb,lgb",0.5144230769230769,False,0.0,VALIDATED,,,39,38.81,65.0,64.02,1.0,1.0
2026-08-25 12:35:11.029205+00:00,1,1_block,82907,41.0,2,1,1,,,0.5,"xgb,lgb",1.3389423076923077,False,0.0,VALIDATED,,,21,20.8,35.0,34.01,1.0,1.0
2026-08-25 12:35:11.029205+00:00,3,3_blocks,82907,41.0,2,1,1,,,0.5,"xgb,lgb",1.202247191011236,False,0.0,VALIDATED,,,63,62.29,104.0,103.14,1.0,1.0
2026-08-25 12:35:11.029205+00:00,6,6_blocks,82907,41.0,2,1,1,,,0.5,"xgb,lgb",0.3393939393939394,False,0.0,VALIDATED,,,63,62.28,104.0,103.14,1.0,1.0
2026-08-25 13:32:12.941359+00:00,1,1_block,85030,42.2,4,3,1,,,0.5,"xgb,lgb",0.5,False,0.0,VALIDATED,,,21,20.67,34.0,33.57,2.0,1.32
2026-08-25 13:32:12.941359+00:00,3,3_blocks,85030,42.2,4,3,1,,,0.5,"xgb,lgb",0.3393939393939394,False,0.0,VALIDATED,,,16,15.27,25.0,24.77,1.0,1.0
2026-08-25 13:32:12.941359+00:00,6,6_blocks,85030,42.2,4,3,1,,,0.5,"xgb,lgb",0.8581560283687943,False,0.0,VALIDATED,,,16,15.26,25.0,24.77,1.0,1.0
2026-08-25 14:25:03.987648+00:00,1,1_block,81697,41.4,2,1,1,,,0.5,"xgb,lgb",1.1807780320366132,False,0.0,VALIDATED,,,7,6.12,10.0,9.53,1.0,1.0
2026-08-25 14:25:03.987648+00:00,3,3_blocks,81697,41.4,2,1,1,,,0.5,"xgb,lgb",1.0076335877862594,False,0.0,VALIDATED,,,24,23.1,38.0,37.83,1.0,1.0
2026-08-25 14:25:03.987648+00:00,6,6_blocks,81697,41.4,2,1,1,,,0.5,"xgb,lgb",0.3395522388059701,False,0.0,VALIDATED,,,24,23.1,38.0,37.83,1.0,1.0
2026-08-25 15:13:36.268101+00:00,1,1_block,83527,42.2,3,1,1,,,0.5,"xgb,lgb",0.8313953488372093,False,0.0,VALIDATED,,,23,22.05,37.0,36.08,1.0,1.0
2026-08-25 15:13:36.268101+00:00,3,3_blocks,83527,42.2,3,1,1,,,0.5,"xgb,lgb",0.3395522388059701,False,0.0,VALIDATED,,,11,10.19,17.0,16.31,1.0,1.0
2026-08-25 15:13:36.268101+00:00,6,6_blocks,83527,42.2,3,1,1,,,0.5,"xgb,lgb",0.588656491426418,False,0.0,VALIDATED,,,11,10.19,17.0,16.31,1.0,1.0
2026-08-25 16:03:03.895850+00:00,1,1_block,82469,41.8,2,1,1,,,0.5,"xgb,lgb",0.8313953488372093,False,0.0,VALIDATED,,,21,20.27,33.0,32.91,2.0,1.31
2026-08-25 16:03:03.895850+00:00,3,3_blocks,82469,41.8,2,1,1,,,0.5,"xgb,lgb",0.7189542483660131,False,0.0,VALIDATED,,,47,46.85,78.0,77.42,1.0,1.0
2026-08-25 16:03:03.895850+00:00,6,6_blocks,82469,41.8,2,1,1,,,0.5,"xgb,lgb",0.588656491426418,False,0.0,VALIDATED,,,47,46.85,78.0,77.42,1.0,1.0
2026-08-25 16:51:34.226210+00:00,1,1_block,80060,41.4,1,1,1,,,0.5,"xgb,lgb",0.7189542483660131,False,0.0,VALIDATED,,,21,20.61,34.0,33.68,1.0,1.0
2026-08-25 16:51:34.226210+00:00,3,3_blocks,80060,41.4,1,1,1,,,0.5,"xgb,lgb",0.3475177304964539,False,0.0,VALIDATED,,,23,22.55,37.0,36.91,1.0,1.0
2026-08-25 16:51:34.226210+00:00,6,6_blocks,80060,41.4,1,1,1,,,0.5,"xgb,lgb",0.3475177304964539,False,0.0,VALIDATED,,,23,22.55,37.0,36.91,1.0,1.0
2026-08-25 17:25:31.344892+00:00,1,1_block,82336,41.9,2,1,1,,,0.5,"xgb,lgb",0.3475177304964539,False,0.0,VALIDATED,,,18,17.85,30.0,29.08,1.0,1.0
2026-08-25 17:25:31.344892+00:00,3,3_blocks,82336,41.9,2,1,1,,,0.5,"xgb,lgb",0.3475177304964539,False,0.0,VALIDATED,,,65,64.21,107.0,106.36,1.0,1.0
2026-08-25 17:25:31.344892+00:00,6,6_blocks,82336,41.9,2,1,1,,,0.5,"xgb,lgb",0.3493761140819964,False,0.0,VALIDATED,,,65,64.21,107.0,106.36,1.0,1.0
2026-08-25 17:54:20.508503+00:00,1,1_block,82874,42.1,2,1,1,,,0.5,"xgb,lgb",0.3475177304964539,False,0.0,VALIDATED,,,28,27.92,46.0,45.82,2.0,1.07
2026-08-25 17:54:20.508503+00:00,3,3_blocks,82874,42.1,2,1,1,,,0.996,"xgb,lgb",0.3493761140819964,False,0.0,VALIDATED,,,2,1.0,1.0,1.0,1.0,1.0
2026-08-25 17:54:20.508503+00:00,6,6_blocks,82874,42.1,2,1,1,,,1.0,"xgb,lgb",0.3493761140819964,False,0.0,VALIDATED,,,1,1.0,1.0,1.0,1.0,1.0
2026-08-25 18:30:35.839336+00:00,1,1_block,83873,42.1,2,1,1,,,0.5,"xgb,lgb",0.3493761140819964,False,0.0,VALIDATED,,,20,19.11,32.0,31.19,1.0,1.0
2026-08-25 18:30:35.839336+00:00,3,3_blocks,83873,42.1,2,1,1,,,0.996,"xgb,lgb",0.3493761140819964,False,0.0,VALIDATED,,,2,1.0,1.0,1.0,1.0,1.0
2026-08-25 18:30:35.839336+00:00,6,6_blocks,83873,42.1,2,1,1,,,1.0,"xgb,lgb",0.3493761140819964,False,0.0,VALIDATED,,,1,1.0,1.0,1.0,1.0,1.0
2026-08-25 19:09:51.605693+00:00,1,1_block,79010,40.9,1,1,1,,,0.5,"xgb,lgb",2.0,False,0.0,VALIDATED,,,21,20.82,35.0,34.03,1.0,1.0
2026-08-25 19:09:51.605693+00:00,3,3_blocks,79010,40.9,1,1,1,,,0.5,"xgb,lgb",0.3493761140819964,False,0.0,VALIDATED,,,23,22.28,37.0,36.46,1.0,1.0
2026-08-25 19:09:51.605693+00:00,6,6_blocks,79010,40.9,1,1,1,,,0.5,"xgb,lgb",1.49580661075481,False,0.0,VALIDATED,,,23,22.27,37.0,36.46,1.0,1.0
2026-08-25 19:44:16.386564+00:00,1,1_block,87100,42.8,3,3,1,,,1.0,"xgb,lgb",2.0,False,0.0,VALIDATED,,,1,1.0,1.0,1.0,1.0,1.0
2026-08-25 19:44:16.386564+00:00,3,3_blocks,87100,42.8,3,3,1,,,0.996,"xgb,lgb",1.49580661075481,False,0.0,VALIDATED,,,2,1.0,1.0,1.0,1.0,1.0
2026-08-25 19:44:16.386564+00:00,6,6_blocks,87100,42.8,3,3,1,,,1.0,"xgb,lgb",1.49580661075481,False,0.0,VALIDATED,,,1,1.0,1.0,1.0,1.0,1.0
2026-08-25 20:04:12.462097+00:00,1,1_block,90603,43.6,5,4,3,,,1.0,"xgb,lgb",1.49580661075481,False,0.0,VALIDATED,,,1,1.0,1.0,1.0,1.0,1.0
2026-08-25 20:04:12.462097+00:00,3,3_blocks,90603,43.6,5,4,3,,,0.996,"xgb,lgb",1.49580661075481,False,0.0,VALIDATED,,,2,1.0,1.0,1.0,1.0,1.0
2026-08-25 20:04:12.462097+00:00,6,6_blocks,90603,43.6,5,4,3,,,1.0,"xgb,lgb",1.49580661075481,False,0.0,VALIDATED,,,1,1.0,1.0,1.0,1.0,1.0
2026-08-25 20:40:57.365979+00:00,1,1_block,88164,43.5,4,3,1,,,0.5,"xgb,lgb",1.49580661075481,False,0.0,VALIDATED,,,8,7.1,11.0,10.92,2.0,1.37
2026-08-25 20:40:57.365979+00:00,3,3_blocks,88164,43.5,4,3,1,,,0.996,"xgb,lgb",1.1899313501144164,False,0.0,VALIDATED,,,2,1.0,1.0,1.0,1.0,1.0
2026-08-25 20:40:57.365979+00:00,6,6_blocks,88164,43.5,4,3,1,,,0.998,"xgb,lgb",1.1899313501144164,False,0.0,VALIDATED,,,2,1.0,1.0,1.0,1.0,1.0
2026-08-25 21:01:58.262973+00:00,1,1_block,84630,42.8,2,2,1,,,0.5,"xgb,lgb",1.1899313501144164,False,0.0,VALIDATED,,,14,13.27,22.0,21.25,2.0,1.31
2026-08-25 21:01:58.262973+00:00,3,3_blocks,84630,42.8,2,2,1,,,0.996,"xgb,lgb",1.1899313501144164,False,0.0,VALIDATED,,,2,1.0,1.0,1.0,1.0,1.0
2026-08-25 21:01:58.262973+00:00,6,6_blocks,84630,42.8,2,2,1,,,1.0,"xgb,lgb",1.1899313501144164,False,0.0,VALIDATED,,,1,1.0,1.0,1.0,1.0,1.0
2026-08-25 21:39:22.686742+00:00,1,1_block,84553,42.6,2,1,1,,,0.5,"xgb,lgb",1.1899313501144164,False,0.0,VALIDATED,,,8,7.27,12.0,11.24,2.0,1.31
2026-08-25 21:39:22.686742+00:00,3,3_blocks,84553,42.6,2,1,1,,,0.996,"xgb,lgb",1.0205761316872428,False,0.0,VALIDATED,,,2,1.0,1.0,1.0,1.0,1.0
2026-08-25 21:39:22.686742+00:00,6,6_blocks,84553,42.6,2,1,1,,,1.0,"xgb,lgb",1.0205761316872428,False,0.0,VALIDATED,,,1,1.0,1.0,1.0,1.0,1.0
2026-08-25 21:58:50.609151+00:00,1,1_block,88119,43.7,4,3,1,,,0.5,"xgb,lgb",2.242424242424242,False,0.0,VALIDATED,,,7,6.59,11.0,10.12,2.0,1.3
2026-08-25 21:58:50.609151+00:00,3,3_blocks,88119,43.7,4,3,1,,,0.996,"xgb,lgb",1.0205761316872428,False,0.0,VALIDATED,,,2,1.0,1.0,1.0,1.0,1.0
2026-08-25 21:58:50.609151+00:00,6,6_blocks,88119,43.7,4,3,1,,,0.988,"xgb,lgb",1.0205761316872428,False,0.0,VALIDATED,,,2,1.0,1.0,1.0,2.0,1.01
2026-08-25 22:32:39.471188+00:00,1,1_block,86591,43.0,3,3,1,,,0.5,"xgb,lgb",2.242424242424242,False,0.0,VALIDATED,,,19,18.05,30.0,29.16,2.0,1.37
2026-08-25 22:32:39.471188+00:00,3,3_blocks,86591,43.0,3,3,1,,,0.996,"xgb,lgb",1.0205761316872428,False,0.0,VALIDATED,,,2,1.0,1.0,1.0,1.0,1.0
2026-08-25 22:32:39.471188+00:00,6,6_blocks,86591,43.0,3,3,1,,,0.998,"xgb,lgb",0.3525179856115107,False,0.0,VALIDATED,,,2,1.0,1.0,1.0,1.0,1.0
2026-08-25 22:55:45.114197+00:00,1,1_block,89855,44.1,5,4,3,,,0.676,"xgb,lgb",0.5363636363636364,False,0.0,VALIDATED,,,2,1.15,1.0,1.0,2.0,1.39
2026-08-25 22:55:45.114197+00:00,3,3_blocks,89855,44.1,5,4,3,,,0.5,"xgb,lgb",0.5363636363636364,False,0.0,VALIDATED,,,14,13.33,22.0,21.55,1.0,1.0
2026-08-25 22:55:45.114197+00:00,6,6_blocks,89855,44.1,5,4,3,,,0.5,"xgb,lgb",0.3525179856115107,False,0.0,VALIDATED,,,14,13.37,22.0,21.55,2.0,1.09
2026-08-25 23:19:46.834300+00:00,1,1_block,87039,43.5,3,3,1,,,0.5,"xgb,lgb",0.5363636363636364,False,0.0,VALIDATED,,,13,12.48,20.0,19.89,2.0,1.36
2026-08-25 23:19:46.834300+00:00,3,3_blocks,87039,43.5,3,3,1,,,1.0,"xgb,lgb",0.5363636363636364,False,0.0,VALIDATED,,,1,1.0,1.0,1.0,1.0,1.0
2026-08-25 23:19:46.834300+00:00,6,6_blocks,87039,43.5,3,3,1,,,1.0,"xgb,lgb",0.3525179856115107,False,0.0,VALIDATED,,,1,1.0,1.0,1.0,1.0,1.0
2026-08-25 23:43:46.901703+00:00,1,1_block,82185,41.7,1,1,1,,,0.5,"xgb,lgb",0.5363636363636364,False,0.0,VALIDATED,,,11,10.97,18.0,17.61,1.0,1.0
2026-08-25 23:43:46.901703+00:00,3,3_blocks,82185,41.7,1,1,1,,,0.5,"xgb,lgb",0.5363636363636364,False,0.0,VALIDATED,,,31,30.49,51.0,50.15,1.0,1.0
2026-08-25 23:43:46.901703+00:00,6,6_blocks,82185,41.7,1,1,1,,,0.5,"xgb,lgb",0.3495934959349593,False,0.0,VALIDATED,,,31,30.5,51.0,50.15,2.0,1.02
2026-08-26 00:01:52.664647+00:00,1,1_block,84440,42.4,3,1,1,,,0.5,"xgb,lgb",0.5363636363636364,False,0.0,VALIDATED,,,12,11.74,19.0,18.89,1.0,1.0
2026-08-26 00:01:52.664647+00:00,3,3_blocks,84440,42.4,3,1,1,,,0.5,"xgb,lgb",0.512987012987013,False,0.0,VALIDATED,,,20,19.94,33.0,32.56,1.0,1.0
2026-08-26 00:01:52.664647+00:00,6,6_blocks,84440,42.4,3,1,1,,,0.5,"xgb,lgb",0.3495934959349593,False,0.0,VALIDATED,,,20,19.94,33.0,32.56,1.0,1.0
2026-08-26 01:54:35.480443+00:00,1,1_block,82667,41.8,1,1,1,,,0.5,"xgb,lgb",0.512987012987013,False,0.0,VALIDATED,,,31,30.4,50.0,50.0,1.0,1.0
2026-08-26 01:54:35.480443+00:00,3,3_blocks,82667,41.8,1,1,1,,,0.5,"xgb,lgb",0.4070796460176991,False,0.0,VALIDATED,,,28,27.71,46.0,45.51,1.0,1.0
2026-08-26 01:54:35.480443+00:00,6,6_blocks,82667,41.8,1,1,1,,,0.5,"xgb,lgb",0.4070796460176991,False,0.0,VALIDATED,,,28,27.7,46.0,45.51,1.0,1.0
2026-08-26 02:59:13.769957+00:00,1,1_block,85347,42.4,3,1,1,,,0.5,"xgb,lgb",0.535483870967742,False,0.0,VALIDATED,,,30,29.34,49.0,48.24,1.0,1.0
2026-08-26 02:59:13.769957+00:00,3,3_blocks,85347,42.4,3,1,1,,,0.5,"xgb,lgb",0.4070796460176991,False,0.0,VALIDATED,,,35,34.05,57.0,56.09,1.0,1.0
2026-08-26 02:59:13.769957+00:00,6,6_blocks,85347,42.4,3,1,1,,,0.5,"xgb,lgb",0.35,False,0.0,VALIDATED,,,35,34.05,57.0,56.09,1.0,1.0
2026-08-26 04:01:35.593441+00:00,1,1_block,84518,42.3,2,1,1,,,0.5,"xgb,lgb",0.35,False,0.0,VALIDATED,,,7,6.99,11.0,10.76,2.0,1.33
2026-08-26 04:01:35.593441+00:00,3,3_blocks,84518,42.3,2,1,1,,,0.5,"xgb,lgb",0.365,False,0.0,VALIDATED,,,6,5.56,9.0,8.6,1.0,1.0
2026-08-26 04:01:35.593441+00:00,6,6_blocks,84518,42.3,2,1,1,,,0.5,"xgb,lgb",0.35,False,0.0,VALIDATED,,,6,5.58,9.0,8.6,2.0,1.05
2026-08-26 04:33:50.834242+00:00,1,1_block,80892,41.0,1,1,1,,,0.5,"xgb,lgb",1.0,False,0.0,VALIDATED,,,10,9.39,15.0,14.98,1.0,1.0
2026-08-26 04:33:50.834242+00:00,3,3_blocks,80892,41.0,1,1,1,,,0.5,"xgb,lgb",0.365,False,0.0,VALIDATED,,,17,16.74,28.0,27.23,1.0,1.0
2026-08-26 04:33:50.834242+00:00,6,6_blocks,80892,41.0,1,1,1,,,0.5,"xgb,lgb",0.3525179856115107,False,0.0,VALIDATED,,,17,16.74,28.0,27.23,1.0,1.0
2026-08-26 05:09:14.206499+00:00,1,1_block,84167,41.9,2,1,1,,,0.5,"xgb,lgb",0.3525179856115107,False,0.0,VALIDATED,,,20,19.58,32.0,31.97,1.0,1.0
2026-08-26 05:09:14.206499+00:00,3,3_blocks,84167,41.9,2,1,1,,,0.5,"xgb,lgb",0.3525179856115107,False,0.0,VALIDATED,,,34,33.18,55.0,54.63,1.0,1.0
2026-08-26 05:09:14.206499+00:00,6,6_blocks,84167,41.9,2,1,1,,,0.5,"xgb,lgb",0.3525179856115107,False,0.0,VALIDATED,,,34,33.18,55.0,54.63,1.0,1.0
2026-08-26 05:48:04.001946+00:00,1,1_block,84120,41.7,1,1,1,,,0.5,"xgb,lgb",0.3525179856115107,False,0.0,VALIDATED,,,19,18.83,31.0,30.49,2.0,1.34
2026-08-26 05:48:04.001946+00:00,3,3_blocks,84120,41.7,1,1,1,,,0.5,"xgb,lgb",0.5481927710843374,False,0.0,VALIDATED,,,39,38.88,65.0,64.13,1.0,1.0
2026-08-26 05:48:04.001946+00:00,6,6_blocks,84120,41.7,1,1,1,,,0.5,"xgb,lgb",0.3525179856115107,False,0.0,VALIDATED,,,39,38.88,65.0,64.13,2.0,1.01
2026-08-26 06:20:34.114576+00:00,1,1_block,83471,41.7,1,1,1,,,0.5,"xgb,lgb",0.5481927710843374,False,0.0,VALIDATED,,,14,13.22,22.0,21.37,1.0,1.0
2026-08-26 06:20:34.114576+00:00,3,3_blocks,83471,41.7,1,1,1,,,0.5,"xgb,lgb",0.5481927710843374,False,0.0,VALIDATED,,,73,72.18,120.0,119.63,1.0,1.0
2026-08-26 06:20:34.114576+00:00,6,6_blocks,83471,41.7,1,1,1,,,0.5,"xgb,lgb",0.3525179856115107,False,0.0,VALIDATED,,,73,72.18,120.0,119.63,1.0,1.0
2026-08-26 07:13:43.914953+00:00,1,1_block,87493,43.2,3,3,1,,,0.5,"xgb,lgb",0.5481927710843374,False,0.0,VALIDATED,,,21,20.12,33.0,32.87,1.0,1.0
2026-08-26 07:13:43.914953+00:00,3,3_blocks,87493,43.2,3,3,1,,,0.5,"xgb,lgb",0.3937007874015748,False,0.0,VALIDATED,,,19,18.26,30.0,29.77,1.0,1.0
2026-08-26 07:13:43.914953+00:00,6,6_blocks,87493,43.2,3,3,1,,,0.5,"xgb,lgb",0.3937007874015748,False,0.0,VALIDATED,,,19,18.26,30.0,29.77,1.0,1.0
2026-08-26 08:02:29.120577+00:00,1,1_block,84263,42.1,2,1,1,,,0.5,"xgb,lgb",0.3937007874015748,False,0.0,VALIDATED,,,8,7.72,13.0,12.08,2.0,1.18
2026-08-26 08:02:29.120577+00:00,3,3_blocks,84263,42.1,2,1,1,,,0.5,"xgb,lgb",0.4071428571428571,False,0.0,VALIDATED,,,28,27.8,46.0,45.66,1.0,1.0
2026-08-26 08:02:29.120577+00:00,6,6_blocks,84263,42.1,2,1,1,,,0.5,"xgb,lgb",0.4071428571428571,False,0.0,VALIDATED,,,28,27.8,46.0,45.66,2.0,1.01
2026-08-26 08:57:53.979228+00:00,1,1_block,86228,43.4,3,3,1,,,0.5,"xgb,lgb",0.4071428571428571,False,0.0,VALIDATED,,,21,20.94,35.0,34.01,2.0,1.33
2026-08-26 08:57:53.979228+00:00,3,3_blocks,86228,43.4,3,3,1,,,0.5,"xgb,lgb",0.3603603603603603,False,0.0,VALIDATED,,,3,2.95,5.0,4.24,1.0,1.0
2026-08-26 08:57:53.979228+00:00,6,6_blocks,86228,43.4,3,3,1,,,0.5,"xgb,lgb",0.3603603603603603,False,0.0,VALIDATED,,,3,2.98,5.0,4.24,2.0,1.09
2026-08-26 09:47:31.492387+00:00,1,1_block,84553,41.9,2,1,1,,,0.5,"xgb,lgb",2.1202672605790647,False,0.0,VALIDATED,,,12,11.91,20.0,19.18,1.0,1.0
2026-08-26 09:47:31.492387+00:00,3,3_blocks,84553,41.9,2,1,1,,,0.5,"xgb,lgb",0.3545454545454545,False,0.0,VALIDATED,,,93,92.18,153.0,152.97,1.0,1.0
2026-08-26 09:47:31.492387+00:00,6,6_blocks,84553,41.9,2,1,1,,,0.5,"xgb,lgb",0.3545454545454545,False,0.0,VALIDATED,,,93,92.21,153.0,152.97,2.0,1.06
2026-08-26 10:17:06.683227+00:00,1,1_block,85965,42.3,3,1,1,,,0.5,"xgb,lgb",0.3662477558348294,False,0.0,VALIDATED,,,16,15.75,26.0,25.58,1.0,1.0
2026-08-26 10:17:06.683227+00:00,3,3_blocks,85965,42.3,3,1,1,,,0.5,"xgb,lgb",0.3545454545454545,False,0.0,VALIDATED,,,28,27.97,46.0,45.95,1.0,1.0
2026-08-26 10:17:06.683227+00:00,6,6_blocks,85965,42.3,3,1,1,,,0.5,"xgb,lgb",0.3662477558348294,False,0.0,VALIDATED,,,28,27.97,46.0,45.95,1.0,1.0
2026-08-26 10:53:54.108418+00:00,1,1_block,81400,41.2,1,1,1,,,0.5,"xgb,lgb",0.3662477558348294,False,0.0,VALIDATED,,,12,11.59,19.0,18.53,2.0,1.18
2026-08-26 10:53:54.108418+00:00,3,3_blocks,81400,41.2,1,1,1,,,0.5,"xgb,lgb",1.0034843205574913,False,0.0,VALIDATED,,,39,38.4,64.0,63.33,1.0,1.0
2026-08-26 10:53:54.108418+00:00,6,6_blocks,81400,41.2,1,1,1,,,0.5,"xgb,lgb",0.3662477558348294,False,0.0,VALIDATED,,,39,38.43,64.0,63.33,2.0,1.08
2026-08-26 11:22:52.012608+00:00,1,1_block,85489,42.1,3,1,1,,,0.5,"xgb,lgb",1.0034843205574913,False,0.0,VALIDATED,,,7,6.39,10.0,9.99,1.0,1.0
2026-08-26 11:22:52.012608+00:00,3,3_blocks,85489,42.1,3,1,1,,,0.5,"xgb,lgb",1.0034843205574913,False,0.0,VALIDATED,,,55,54.61,91.0,90.35,1.0,1.0
2026-08-26 11:22:52.012608+00:00,6,6_blocks,85489,42.1,3,1,1,,,0.5,"xgb,lgb",0.35,False,0.0,VALIDATED,,,55,54.61,91.0,90.35,1.0,1.0
2026-08-26 11:54:40.186930+00:00,1,1_block,85105,42.1,2,1,1,,,0.5,"xgb,lgb",1.0034843205574913,False,0.0,VALIDATED,,,11,10.32,17.0,16.53,1.0,1.0
2026-08-26 11:54:40.186930+00:00,3,3_blocks,85105,42.1,2,1,1,,,0.5,"xgb,lgb",0.3678571428571429,False,0.0,VALIDATED,,,35,34.11,57.0,56.19,1.0,1.0
2026-08-26 11:54:40.186930+00:00,6,6_blocks,85105,42.1,2,1,1,,,0.5,"xgb,lgb",0.35,False,0.0,VALIDATED,,,35,34.11,57.0,56.19,1.0,1.0
2026-08-26 12:38:30.048378+00:00,1,1_block,85194,42.0,2,1,1,,,0.5,"xgb,lgb",0.400053057434673,False,0.0,VALIDATED,,,6,5.41,9.0,8.23,2.0,1.18
2026-08-26 12:38:30.048378+00:00,3,3_blocks,85194,42.0,2,1,1,,,0.5,"xgb,lgb",0.3678571428571429,False,0.0,VALIDATED,,,63,62.91,105.0,104.19,1.0,1.0
2026-08-26 12:38:30.048378+00:00,6,6_blocks,85194,42.0,2,1,1,,,0.5,"xgb,lgb",0.4056939501779359,False,0.0,VALIDATED,,,63,62.96,105.0,104.19,2.0,1.12
2026-08-26 13:38:48.663140+00:00,1,1_block,79273,40.8,1,1,1,,,0.5,"xgb,lgb",1.070921985815603,False,0.0,VALIDATED,,,19,18.99,31.0,30.99,1.0,1.0
2026-08-26 13:38:48.663140+00:00,3,3_blocks,79273,40.8,1,1,1,,,0.5,"xgb,lgb",0.4071428571428571,False,0.0,VALIDATED,,,27,26.34,44.0,43.23,1.0,1.0
2026-08-26 13:38:48.663140+00:00,6,6_blocks,79273,40.8,1,1,1,,,0.5,"xgb,lgb",0.3454545454545454,False,0.0,VALIDATED,,,27,26.34,44.0,43.23,1.0,1.0
2026-08-26 14:23:45.751505+00:00,1,1_block,82668,41.4,1,1,1,,,0.5,"xgb,lgb",0.6702317290552585,False,0.0,VALIDATED,,,12,11.36,19.0,18.26,1.0,1.0
2026-08-26 14:23:45.751505+00:00,3,3_blocks,82668,41.4,1,1,1,,,0.5,"xgb,lgb",0.35,False,0.0,VALIDATED,,,38,37.29,62.0,61.48,1.0,1.0
2026-08-26 14:23:45.751505+00:00,6,6_blocks,82668,41.4,1,1,1,,,0.5,"xgb,lgb",0.3454545454545454,False,0.0,VALIDATED,,,38,37.29,62.0,61.48,1.0,1.0
2026-08-26 15:58:22.903664+00:00,1,1_block,84533,41.7,1,1,1,,,0.5,"xgb,lgb",2.026143790849673,False,0.0,VALIDATED,,,19,18.22,30.0,29.7,1.0,1.0
2026-08-26 15:58:22.903664+00:00,3,3_blocks,84533,41.7,1,1,1,,,0.5,"xgb,lgb",2.00711743772242,False,0.0,VALIDATED,,,63,62.8,104.0,104.0,1.0,1.0
2026-08-26 15:58:22.903664+00:00,6,6_blocks,84533,41.7,1,1,1,,,0.5,"xgb,lgb",0.5460251046025104,False,0.0,VALIDATED,,,63,62.8,104.0,104.0,1.0,1.0
2026-08-26 16:47:54.948161+00:00,1,1_block,80038,40.9,1,1,1,,,0.5,"xgb,lgb",2.026143790849673,False,0.0,VALIDATED,,,10,9.81,16.0,15.68,1.0,1.0
2026-08-26 16:47:54.948161+00:00,3,3_blocks,80038,40.9,1,1,1,,,0.5,"xgb,lgb",2.00711743772242,False,0.0,VALIDATED,,,46,45.98,76.0,75.96,1.0,1.0
2026-08-26 16:47:54.948161+00:00,6,6_blocks,80038,40.9,1,1,1,,,0.5,"xgb,lgb",0.5460251046025104,False,0.0,VALIDATED,,,46,45.97,76.0,75.96,1.0,1.0
2026-08-26 18:28:32.366422+00:00,1,1_block,85118,42.6,3,3,1,,,0.727,"xgb,lgb",1.0061855670103093,False,0.0,VALIDATED,,,2,1.13,1.0,1.0,2.0,1.32
2026-08-26 18:28:32.366422+00:00,3,3_blocks,85118,42.6,3,3,1,,,0.5,"xgb,lgb",0.3734290843806104,False,0.0,VALIDATED,,,75,74.57,124.0,123.61,1.0,1.0
2026-08-26 18:28:32.366422+00:00,6,6_blocks,85118,42.6,3,3,1,,,0.5,"xgb,lgb",0.35,False,0.0,VALIDATED,,,75,74.57,124.0,123.61,1.0,1.0
2026-08-26 20:33:51.181744+00:00,1,1_block,80386,41.5,2,1,1,,,1.0,"xgb,lgb",1.0061855670103093,False,0.0,VALIDATED,,,1,1.0,1.0,1.0,1.0,1.0
2026-08-26 20:33:51.181744+00:00,3,3_blocks,80386,41.5,2,1,1,,,0.5,"xgb,lgb",0.3734290843806104,False,0.0,VALIDATED,,,48,47.89,80.0,79.15,1.0,1.0
2026-08-26 20:33:51.181744+00:00,6,6_blocks,80386,41.5,2,1,1,,,0.5,"xgb,lgb",0.3525179856115107,False,0.0,VALIDATED,,,48,47.89,80.0,79.15,1.0,1.0
2026-08-27 00:03:39.855005+00:00,1,1_block,86087,42.7,4,3,1,,,1.0,"xgb,lgb",0.3695067264573991,False,0.0,VALIDATED,,,1,1.0,1.0,1.0,1.0,1.0
2026-08-27 00:03:39.855005+00:00,3,3_blocks,86087,42.7,4,3,1,,,0.5,"xgb,lgb",0.3525179856115107,False,0.0,VALIDATED,,,33,32.22,54.0,53.03,1.0,1.0
2026-08-27 00:03:39.855005+00:00,6,6_blocks,86087,42.7,4,3,1,,,0.5,"xgb,lgb",0.3525179856115107,False,0.0,VALIDATED,,,33,32.22,54.0,53.03,1.0,1.0
2026-08-27 09:33:52.940701+00:00,1,1_block,83963,41.7,2,1,1,,,0.5,"xgb,lgb",1.0,False,0.0,VALIDATED,,,25,24.93,41.0,40.89,1.0,1.0
2026-08-27 09:33:52.940701+00:00,3,3_blocks,83963,41.7,2,1,1,,,0.5,"xgb,lgb",1.0,False,0.0,VALIDATED,,,38,37.97,63.0,62.61,1.0,1.0
2026-08-27 09:33:52.940701+00:00,6,6_blocks,83963,41.7,2,1,1,,,0.5,"xgb,lgb",0.35,False,0.0,VALIDATED,,,38,37.96,63.0,62.61,1.0,1.0
2026-08-27 19:58:42.740452+00:00,1,1_block,77806,40.7,1,1,1,,,0.5,"xgb,lgb",2.0133630289532296,False,0.0,VALIDATED,,,22,21.22,35.0,34.69,1.0,1.0
2026-08-27 19:58:42.740452+00:00,3,3_blocks,77806,40.7,1,1,1,,,0.5,"xgb,lgb",2.0133630289532296,False,0.0,VALIDATED,,,14,13.79,23.0,22.31,1.0,1.0
2026-08-27 19:58:42.740452+00:00,6,6_blocks,77806,40.7,1,1,1,,,0.5,"xgb,lgb",0.3727598566308244,False,0.0,VALIDATED,,,14,13.79,23.0,22.31,1.0,1.0
2026-08-28 04:04:46.791912+00:00,1,1_block,83235,42.1,3,1,1,,,0.5,"xgb,lgb",0.4674199623352166,False,0.0,VALIDATED,,,20,19.24,32.0,31.17,2.0,1.35
2026-08-28 04:04:46.791912+00:00,3,3_blocks,83235,42.1,3,1,1,,,0.5,"xgb,lgb",0.4025974025974026,False,0.0,VALIDATED,,,16,15.75,26.0,25.58,1.0,1.0
2026-08-28 04:04:46.791912+00:00,6,6_blocks,83235,42.1,3,1,1,,,0.5,"xgb,lgb",0.3478260869565217,False,0.0,VALIDATED,,,16,15.75,26.0,25.58,1.0,1.0
2026-08-28 16:34:30.087377+00:00,1,1_block,85711,44.3,4,4,3,,,0.5,"xgb,lgb",5.97887323943662,False,0.0,VALIDATED,,,19,18.44,30.0,29.84,2.0,1.35
2026-08-28 16:34:30.087377+00:00,3,3_blocks,85711,44.3,4,4,3,,,0.5,"xgb,lgb",0.5326045985676593,False,0.0,VALIDATED,,,31,30.75,51.0,50.58,1.0,1.0
2026-08-28 16:34:30.087377+00:00,6,6_blocks,85711,44.3,4,4,3,,,0.5,"xgb,lgb",0.5326045985676593,False,0.0,VALIDATED,,,31,30.75,51.0,50.58,1.0,1.0
2026-08-29 00:40:25.599388+00:00,1,1_block,82964,42.9,3,1,1,,,0.5,"xgb,lgb",0.3714285714285714,False,0.0,VALIDATED,,,9,8.15,13.0,12.92,1.0,1.0
2026-08-29 00:40:25.599388+00:00,3,3_blocks,82964,42.9,3,1,1,,,0.996,"xgb,lgb",0.3617021276595745,False,0.0,VALIDATED,,,2,1.0,1.0,1.0,1.0,1.0
2026-08-29 00:40:25.599388+00:00,6,6_blocks,82964,42.9,3,1,1,,,1.0,"xgb,lgb",0.3571428571428571,False,0.0,VALIDATED,,,1,1.0,1.0,1.0,1.0,1.0
2026-08-29 07:22:31.194012+00:00,1,1_block,88363,45.2,4,3,1,,,0.5,"xgb,lgb",0.3662477558348294,False,0.0,VALIDATED,,,9,8.89,14.0,13.91,2.0,1.36
2026-08-29 07:22:31.194012+00:00,3,3_blocks,88363,45.2,4,3,1,,,0.5,"xgb,lgb",0.3662477558348294,False,0.0,VALIDATED,,,15,14.28,24.0,23.14,1.0,1.0
2026-08-29 07:22:31.194012+00:00,6,6_blocks,88363,45.2,4,3,1,,,0.5,"xgb,lgb",0.3662477558348294,False,0.0,VALIDATED,,,15,14.28,24.0,23.14,1.0,1.0
2026-08-29 13:16:42.562591+00:00,1,1_block,85708,44.4,2,1,1,,,0.5,"xgb,lgb",0.5352517985611511,False,0.0,VALIDATED,,,18,17.77,29.0,28.95,1.0,1.0
2026-08-29 13:16:42.562591+00:00,3,3_blocks,85708,44.4,2,1,1,,,0.996,"xgb,lgb",0.3937007874015748,False,0.0,VALIDATED,,,2,1.0,1.0,1.0,1.0,1.0
2026-08-29 13:16:42.562591+00:00,6,6_blocks,85708,44.4,2,1,1,,,1.0,"xgb,lgb",0.3575757575757576,False,0.0,VALIDATED,,,1,1.0,1.0,1.0,1.0,1.0
2026-08-29 17:13:49.320314+00:00,1,1_block,95097,45.6,3,3,1,,,0.5,"xgb,lgb",3.011441647597254,False,0.0,VALIDATED,,,12,11.6,19.0,18.66,1.0,1.0
2026-08-29 17:13:49.320314+00:00,3,3_blocks,95097,45.6,3,3,1,,,0.996,"xgb,lgb",0.460431654676259,False,0.0,VALIDATED,,,2,1.0,1.0,1.0,1.0,1.0
2026-08-29 17:13:49.320314+00:00,6,6_blocks,95097,45.6,3,3,1,,,1.0,"xgb,lgb",,,,PENDING,,,1,1.0,1.0,1.0,1.0,1.0
2026-08-29T19:46:58.266583+00:00,1,1_block,94989,45.4,2,1,1,,,0.5,"xgb,lgb",,,,PENDING,,,11,10.8,18.0,17.11,2.0,1.32
2026-08-29T19:46:58.266583+00:00,3,3_blocks,94989,45.4,2,1,1,,,0.5,"xgb,lgb",,,,PENDING,,,20,19.63,33.0,32.05,1.0,1.0
2026-08-29T19:46:58.266583+00:00,6,6_blocks,94989,45.4,2,1,1,,,0.5,"xgb,lgb",,,,PENDING,,,20,19.63,33.0,32.05,1.0,1.0
