{
  "horizon": "3block",
  "xgb_metrics": {
    "horizon_blocks": 3,
    "mse": 0.5450183376925679,
    "rmse": 0.738253572759772,
    "mae": 0.5441972414652506,
    "r2": 0.0,
    "block_inclusion_accuracy": 1.0,
    "avg_overpay_sat_vb": 0.5441972414652506,
    "median_overpay_sat_vb": 0.4497781991958618,
    "avg_underpay_sat_vb": 0.0,
    "overpay_mape": 27.20986207326253,
    "within_10pct": 0.5,
    "within_20pct": 0.5,
    "within_50pct": 0.6666666666666666,
    "asymmetric_loss": 0.16350550130777042,
    "mape": 27.20986207326253
  },
  "lgb_metrics": {
    "horizon_blocks": 3,
    "model_type": "lightgbm",
    "mse": 1.0,
    "rmse": 1.0,
    "mae": 1.0,
    "r2": 0.0,
    "block_inclusion_accuracy": 0.0,
    "avg_overpay_sat_vb": 0.0,
    "avg_underpay_sat_vb": 1.0,
    "within_10pct": 0.0,
    "within_20pct": 0.0,
    "within_50pct": 0.0,
    "asymmetric_loss": 0.7000000000000001,
    "mape": 50.0
  }
}