{
  "horizon": "1block",
  "xgb_metrics": {
    "horizon_blocks": 1,
    "mse": 0.29257791834289765,
    "rmse": 0.5409047220563874,
    "mae": 0.35558249553044635,
    "r2": 0.6708498418642401,
    "block_inclusion_accuracy": 0.3333333333333333,
    "avg_overpay_sat_vb": 0.04534397522608439,
    "median_overpay_sat_vb": 0.0,
    "avg_underpay_sat_vb": 0.310238520304362,
    "overpay_mape": 4.5343975226084385,
    "within_10pct": 0.5,
    "within_20pct": 0.6666666666666666,
    "within_50pct": 1.0,
    "asymmetric_loss": 0.20098075640574178,
    "mape": 14.875681532753838
  },
  "lgb_metrics": {
    "horizon_blocks": 1,
    "model_type": "lightgbm",
    "mse": 2.6666666666666665,
    "rmse": 1.632993161855452,
    "mae": 1.3333333333333333,
    "r2": -1.9999999999999996,
    "block_inclusion_accuracy": 0.3333333333333333,
    "avg_overpay_sat_vb": 0.0,
    "avg_underpay_sat_vb": 1.3333333333333333,
    "within_10pct": 0.3333333333333333,
    "within_20pct": 0.3333333333333333,
    "within_50pct": 0.3333333333333333,
    "asymmetric_loss": 1.8666666666666665,
    "mape": 44.44444444444444
  }
}