{
  "horizon": "1block",
  "xgb_metrics": {
    "horizon_blocks": 1,
    "mse": 0.6785113761285212,
    "rmse": 0.8237180197910697,
    "mae": 0.7345066070556641,
    "r2": 0.0,
    "block_inclusion_accuracy": 0.8333333333333334,
    "avg_overpay_sat_vb": 0.5922566254933676,
    "median_overpay_sat_vb": 0.5314716100692749,
    "avg_underpay_sat_vb": 0.14224998156229654,
    "overpay_mape": 29.612831274668377,
    "within_10pct": 0.0,
    "within_20pct": 0.3333333333333333,
    "within_50pct": 0.8333333333333334,
    "asymmetric_loss": 0.2521175502492933,
    "mape": 36.7253303527832
  },
  "lgb_metrics": {
    "horizon_blocks": 1,
    "model_type": "lightgbm",
    "mse": 0.16890774967562872,
    "rmse": 0.41098388006785463,
    "mae": 0.4086037798102569,
    "r2": 0.0,
    "block_inclusion_accuracy": 0.0,
    "avg_overpay_sat_vb": 0.0,
    "avg_underpay_sat_vb": 0.4086037798102569,
    "within_10pct": 0.0,
    "within_20pct": 0.6666666666666666,
    "within_50pct": 1.0,
    "asymmetric_loss": 0.11823542477294009,
    "mape": 20.430188990512846
  }
}