{
  "horizon": "3block",
  "xgb_metrics": {
    "horizon_blocks": 3,
    "mse": 11.118469734146556,
    "rmse": 3.334436944095143,
    "mae": 3.1994107365608215,
    "r2": 0.0,
    "block_inclusion_accuracy": 0.8333333333333334,
    "avg_overpay_sat_vb": 2.8809073766072593,
    "median_overpay_sat_vb": 3.291485548019409,
    "avg_underpay_sat_vb": 0.31850335995356244,
    "overpay_mape": 96.03024588690865,
    "within_10pct": 0.0,
    "within_20pct": 0.0,
    "within_50pct": 0.0,
    "asymmetric_loss": 3.5790074569680677,
    "mape": 106.64702455202739
  },
  "lgb_metrics": {
    "horizon_blocks": 3,
    "model_type": "lightgbm",
    "mse": 3.98365941219696,
    "rmse": 1.9959106723991833,
    "mae": 1.9959106723991835,
    "r2": 0.0,
    "block_inclusion_accuracy": 0.0,
    "avg_overpay_sat_vb": 0.0,
    "avg_underpay_sat_vb": 1.9959106723991835,
    "within_10pct": 0.0,
    "within_20pct": 0.0,
    "within_50pct": 0.0,
    "asymmetric_loss": 2.788561588537872,
    "mape": 66.53035574663944
  }
}