{
  "horizon": "1block",
  "xgb_metrics": {
    "horizon_blocks": 1,
    "mse": 4.671526307636971,
    "rmse": 2.161371395118611,
    "mae": 2.0284194946289062,
    "r2": -17.686105230547884,
    "block_inclusion_accuracy": 1.0,
    "avg_overpay_sat_vb": 2.0284194946289062,
    "median_overpay_sat_vb": 1.7793538570404053,
    "avg_underpay_sat_vb": 0.0,
    "overpay_mape": 60.79143418206109,
    "within_10pct": 0.0,
    "within_20pct": 0.0,
    "within_50pct": 0.5,
    "asymmetric_loss": 1.4014578922910916,
    "mape": 60.79143418206109
  },
  "lgb_metrics": {
    "horizon_blocks": 1,
    "model_type": "lightgbm",
    "mse": 6.5,
    "rmse": 2.5495097567963922,
    "mae": 2.5,
    "r2": -25.0,
    "block_inclusion_accuracy": 0.0,
    "avg_overpay_sat_vb": 0.0,
    "avg_underpay_sat_vb": 2.5,
    "within_10pct": 0.0,
    "within_20pct": 0.0,
    "within_50pct": 0.0,
    "asymmetric_loss": 4.55,
    "mape": 70.83333333333334
  }
}