{
  "horizon": "1block",
  "xgb_metrics": {
    "horizon_blocks": 1,
    "mse": 0.30248711691837116,
    "rmse": 0.5499882879829089,
    "mae": 0.44841551780700684,
    "r2": -0.20994846767348463,
    "block_inclusion_accuracy": 0.6666666666666666,
    "avg_overpay_sat_vb": 0.17570984363555908,
    "median_overpay_sat_vb": 0.12199294567108154,
    "avg_underpay_sat_vb": 0.27270567417144775,
    "overpay_mape": 16.657276948293052,
    "within_10pct": 0.16666666666666666,
    "within_20pct": 0.3333333333333333,
    "within_50pct": 0.6666666666666666,
    "asymmetric_loss": 0.18439905241241564,
    "mape": 30.292560656865437
  },
  "lgb_metrics": {
    "horizon_blocks": 1,
    "model_type": "lightgbm",
    "mse": 0.28941562081282446,
    "rmse": 0.5379736246442055,
    "mae": 0.4985482169448023,
    "r2": -0.15766248325129784,
    "block_inclusion_accuracy": 0.5,
    "avg_overpay_sat_vb": 0.14820740622437736,
    "avg_underpay_sat_vb": 0.3503408107204249,
    "within_10pct": 0.0,
    "within_20pct": 0.0,
    "within_50pct": 1.0,
    "asymmetric_loss": 0.18501581303270034,
    "mape": 32.33778115845898
  }
}