{
  "horizon": "3block",
  "xgb_metrics": {
    "horizon_blocks": 3,
    "mse": 2.479546154155372,
    "rmse": 1.5746574720095072,
    "mae": 1.4030896425247192,
    "r2": 0.0,
    "block_inclusion_accuracy": 0.16666666666666666,
    "avg_overpay_sat_vb": 0.17750787734985352,
    "median_overpay_sat_vb": 0.0,
    "avg_underpay_sat_vb": 1.2255817651748657,
    "overpay_mape": 3.5501575469970703,
    "within_10pct": 0.0,
    "within_20pct": 0.16666666666666666,
    "within_50pct": 0.8333333333333334,
    "asymmetric_loss": 1.6600605962577586,
    "mape": 28.06179285049439
  },
  "lgb_metrics": {
    "horizon_blocks": 3,
    "model_type": "lightgbm",
    "mse": 15.967302101793694,
    "rmse": 3.9959106723991833,
    "mae": 3.9959106723991833,
    "r2": 0.0,
    "block_inclusion_accuracy": 0.0,
    "avg_overpay_sat_vb": 0.0,
    "avg_underpay_sat_vb": 3.9959106723991833,
    "within_10pct": 0.0,
    "within_20pct": 0.0,
    "within_50pct": 0.0,
    "asymmetric_loss": 11.177111471255586,
    "mape": 79.91821344798366
  }
}