{
  "horizon": "1block",
  "xgb_metrics": {
    "horizon_blocks": 1,
    "mse": 0.5107833382794263,
    "rmse": 0.7146910789141182,
    "mae": 0.6276760300000509,
    "r2": 0.0,
    "block_inclusion_accuracy": 0.0,
    "avg_overpay_sat_vb": 0.0,
    "median_overpay_sat_vb": 0.0,
    "avg_underpay_sat_vb": 0.6276760300000509,
    "overpay_mape": 0.0,
    "within_10pct": 0.16666666666666666,
    "within_20pct": 0.3333333333333333,
    "within_50pct": 1.0,
    "asymmetric_loss": 0.3575483367955985,
    "mape": 31.383801500002544
  },
  "lgb_metrics": {
    "horizon_blocks": 1,
    "model_type": "lightgbm",
    "mse": 0.4517802485616406,
    "rmse": 0.6721460024143866,
    "mae": 0.6721460024143866,
    "r2": 0.0,
    "block_inclusion_accuracy": 0.0,
    "avg_overpay_sat_vb": 0.0,
    "avg_underpay_sat_vb": 0.6721460024143866,
    "within_10pct": 0.0,
    "within_20pct": 0.0,
    "within_50pct": 1.0,
    "asymmetric_loss": 0.3162461739931484,
    "mape": 33.60730012071933
  }
}