{
  "horizon": "1block",
  "xgb_metrics": {
    "horizon_blocks": 1,
    "mse": 0.08248964719741754,
    "rmse": 0.28721010984541884,
    "mae": 0.24214770396550497,
    "r2": 0.0,
    "block_inclusion_accuracy": 0.16666666666666666,
    "avg_overpay_sat_vb": 0.01945916811625163,
    "median_overpay_sat_vb": 0.0,
    "avg_underpay_sat_vb": 0.22268853584925333,
    "overpay_mape": 0.9729584058125814,
    "within_10pct": 0.5,
    "within_20pct": 0.8333333333333334,
    "within_50pct": 1.0,
    "asymmetric_loss": 0.05683397090112857,
    "mape": 12.10738519827525
  },
  "lgb_metrics": {
    "horizon_blocks": 1,
    "model_type": "lightgbm",
    "mse": 0.8522389234318796,
    "rmse": 0.9231678739166997,
    "mae": 0.9231542118663656,
    "r2": 0.0,
    "block_inclusion_accuracy": 0.0,
    "avg_overpay_sat_vb": 0.0,
    "avg_underpay_sat_vb": 0.9231542118663656,
    "within_10pct": 0.0,
    "within_20pct": 0.0,
    "within_50pct": 1.0,
    "asymmetric_loss": 0.5965672464023156,
    "mape": 46.15771059331828
  }
}