{
  "horizon": "3block",
  "xgb_metrics": {
    "horizon_blocks": 3,
    "mse": 1.4467617856004438,
    "rmse": 1.202814110991571,
    "mae": 1.003315806388855,
    "r2": 0.0,
    "block_inclusion_accuracy": 0.8333333333333334,
    "avg_overpay_sat_vb": 0.7389180660247803,
    "median_overpay_sat_vb": 0.665597677230835,
    "avg_underpay_sat_vb": 0.2643977403640747,
    "overpay_mape": 24.63060220082601,
    "within_10pct": 0.16666666666666666,
    "within_20pct": 0.16666666666666666,
    "within_50pct": 0.6666666666666666,
    "asymmetric_loss": 0.6018033319432419,
    "mape": 33.44386021296184
  },
  "lgb_metrics": {
    "horizon_blocks": 3,
    "model_type": "lightgbm",
    "mse": 3.98365941219696,
    "rmse": 1.9959106723991833,
    "mae": 1.9959106723991835,
    "r2": 0.0,
    "block_inclusion_accuracy": 0.0,
    "avg_overpay_sat_vb": 0.0,
    "avg_underpay_sat_vb": 1.9959106723991835,
    "within_10pct": 0.0,
    "within_20pct": 0.0,
    "within_50pct": 0.0,
    "asymmetric_loss": 2.788561588537872,
    "mape": 66.53035574663944
  }
}