{
  "horizon": "1block",
  "xgb_metrics": {
    "horizon_blocks": 1,
    "mse": 0.0027243428195049546,
    "rmse": 0.05219523751746853,
    "mae": 0.04375819365183512,
    "r2": 0.0,
    "block_inclusion_accuracy": 0.5,
    "avg_overpay_sat_vb": 0.022705594698588055,
    "median_overpay_sat_vb": 0.016741394996643066,
    "avg_underpay_sat_vb": 0.02105259895324707,
    "overpay_mape": 1.1352797349294028,
    "within_10pct": 1.0,
    "within_20pct": 1.0,
    "within_50pct": 1.0,
    "asymmetric_loss": 0.0014740691156049479,
    "mape": 2.187909682591756
  },
  "lgb_metrics": {
    "horizon_blocks": 1,
    "model_type": "lightgbm",
    "mse": 1.0,
    "rmse": 1.0,
    "mae": 1.0,
    "r2": 0.0,
    "block_inclusion_accuracy": 0.0,
    "avg_overpay_sat_vb": 0.0,
    "avg_underpay_sat_vb": 1.0,
    "within_10pct": 0.0,
    "within_20pct": 0.0,
    "within_50pct": 0.0,
    "asymmetric_loss": 0.7000000000000001,
    "mape": 50.0
  }
}