{
  "horizon": "3block",
  "xgb_metrics": {
    "horizon_blocks": 3,
    "mse": 1.3679337650838477,
    "rmse": 1.1695870062051168,
    "mae": 0.8038675387700399,
    "r2": -4.471735060335391,
    "block_inclusion_accuracy": 0.3333333333333333,
    "avg_overpay_sat_vb": 0.5389033158620199,
    "median_overpay_sat_vb": 0.0,
    "avg_underpay_sat_vb": 0.26496422290802,
    "overpay_mape": 13.472582896550497,
    "within_10pct": 0.3333333333333333,
    "within_20pct": 0.8333333333333334,
    "within_50pct": 0.8333333333333334,
    "asymmetric_loss": 0.4629986014247598,
    "mape": 18.94264121850332
  },
  "lgb_metrics": {
    "horizon_blocks": 3,
    "model_type": "lightgbm",
    "mse": 12.47139142939451,
    "rmse": 3.53148572549777,
    "mae": 3.4959106723991833,
    "r2": -48.88556571757804,
    "block_inclusion_accuracy": 0.0,
    "avg_overpay_sat_vb": 0.0,
    "avg_underpay_sat_vb": 3.4959106723991833,
    "within_10pct": 0.0,
    "within_20pct": 0.0,
    "within_50pct": 0.0,
    "asymmetric_loss": 8.729974000576156,
    "mape": 77.40799012898162
  }
}