{
  "horizon": "1block",
  "xgb_metrics": {
    "horizon_blocks": 1,
    "mse": 0.27258299969746247,
    "rmse": 0.5220948186847505,
    "mae": 0.3765767018000285,
    "r2": 0.0,
    "block_inclusion_accuracy": 0.16666666666666666,
    "avg_overpay_sat_vb": 0.01004183292388916,
    "median_overpay_sat_vb": 0.0,
    "avg_underpay_sat_vb": 0.36653486887613934,
    "overpay_mape": 0.502091646194458,
    "within_10pct": 0.5,
    "within_20pct": 0.6666666666666666,
    "within_50pct": 0.8333333333333334,
    "asymmetric_loss": 0.1905660876078926,
    "mape": 18.828835090001427
  },
  "lgb_metrics": {
    "horizon_blocks": 1,
    "model_type": "lightgbm",
    "mse": 0.4405802423280519,
    "rmse": 0.6637621880824878,
    "mae": 0.6637621880824877,
    "r2": 0.0,
    "block_inclusion_accuracy": 0.0,
    "avg_overpay_sat_vb": 0.0,
    "avg_underpay_sat_vb": 0.6637621880824877,
    "within_10pct": 0.0,
    "within_20pct": 0.0,
    "within_50pct": 1.0,
    "asymmetric_loss": 0.3084061696296363,
    "mape": 33.18810940412438
  }
}