{
  "horizon": "1block",
  "xgb_metrics": {
    "horizon_blocks": 1,
    "mse": 0.8621376796558403,
    "rmse": 0.928513693844006,
    "mae": 0.6722656885782877,
    "r2": -2.4485507186233613,
    "block_inclusion_accuracy": 0.5,
    "avg_overpay_sat_vb": 0.4941886266072591,
    "median_overpay_sat_vb": 0.007484912872314453,
    "avg_underpay_sat_vb": 0.17807706197102866,
    "overpay_mape": 8.236477110120987,
    "within_10pct": 0.6666666666666666,
    "within_20pct": 0.8333333333333334,
    "within_50pct": 1.0,
    "asymmetric_loss": 0.2950677859622905,
    "mape": 10.780435138278538
  },
  "lgb_metrics": {
    "horizon_blocks": 1,
    "model_type": "lightgbm",
    "mse": 29.092089104283854,
    "rmse": 5.393708288764221,
    "mae": 5.370483051361821,
    "r2": -115.36835641713542,
    "block_inclusion_accuracy": 0.0,
    "avg_overpay_sat_vb": 0.0,
    "avg_underpay_sat_vb": 5.370483051361821,
    "within_10pct": 0.0,
    "within_20pct": 0.0,
    "within_50pct": 0.0,
    "asymmetric_loss": 20.364462372998698,
    "mape": 82.51938055679008
  }
}