{
  "horizon": "3block",
  "xgb_metrics": {
    "horizon_blocks": 3,
    "mse": 0.9441625279788468,
    "rmse": 0.9716802601570369,
    "mae": 0.7743966579437256,
    "r2": -2.7766501119153872,
    "block_inclusion_accuracy": 0.3333333333333333,
    "avg_overpay_sat_vb": 0.15900301933288574,
    "median_overpay_sat_vb": 0.0,
    "avg_underpay_sat_vb": 0.6153936386108398,
    "overpay_mape": 3.180060386657715,
    "within_10pct": 0.3333333333333333,
    "within_20pct": 0.8333333333333334,
    "within_50pct": 1.0,
    "asymmetric_loss": 0.6220670815632768,
    "mape": 13.520345422956678
  },
  "lgb_metrics": {
    "horizon_blocks": 3,
    "model_type": "lightgbm",
    "mse": 20.46321277419288,
    "rmse": 4.5236282754214985,
    "mae": 4.495910672399184,
    "r2": -80.85285109677152,
    "block_inclusion_accuracy": 0.0,
    "avg_overpay_sat_vb": 0.0,
    "avg_underpay_sat_vb": 4.495910672399184,
    "within_10pct": 0.0,
    "within_20pct": 0.0,
    "within_50pct": 0.0,
    "asymmetric_loss": 14.324248941935016,
    "mape": 81.59169566065168
  }
}