{
  "horizon": "1block",
  "xgb_metrics": {
    "horizon_blocks": 1,
    "mse": 0.14364171229505018,
    "rmse": 0.3790009397020675,
    "mae": 0.3729577859242757,
    "r2": 0.0,
    "block_inclusion_accuracy": 0.0,
    "avg_overpay_sat_vb": 0.0,
    "median_overpay_sat_vb": 0.0,
    "avg_underpay_sat_vb": 0.3729577859242757,
    "overpay_mape": 0.0,
    "within_10pct": 0.16666666666666666,
    "within_20pct": 1.0,
    "within_50pct": 1.0,
    "asymmetric_loss": 0.10054919860653512,
    "mape": 12.431926197475859
  },
  "lgb_metrics": {
    "horizon_blocks": 1,
    "model_type": "lightgbm",
    "mse": 4.0,
    "rmse": 2.0,
    "mae": 2.0,
    "r2": 0.0,
    "block_inclusion_accuracy": 0.0,
    "avg_overpay_sat_vb": 0.0,
    "avg_underpay_sat_vb": 2.0,
    "within_10pct": 0.0,
    "within_20pct": 0.0,
    "within_50pct": 0.0,
    "asymmetric_loss": 2.8000000000000003,
    "mape": 66.66666666666666
  }
}