{
  "horizon": "1block",
  "xgb_metrics": {
    "horizon_blocks": 1,
    "mse": 1.3228033592327126,
    "rmse": 1.1501318877557967,
    "mae": 1.1425179640452068,
    "r2": 0.0,
    "block_inclusion_accuracy": 1.0,
    "avg_overpay_sat_vb": 1.1425179640452068,
    "median_overpay_sat_vb": 1.200904369354248,
    "avg_underpay_sat_vb": 0.0,
    "overpay_mape": 57.12589820226034,
    "within_10pct": 0.0,
    "within_20pct": 0.0,
    "within_50pct": 0.16666666666666666,
    "asymmetric_loss": 0.3968410077698139,
    "mape": 57.12589820226034
  },
  "lgb_metrics": {
    "horizon_blocks": 1,
    "model_type": "lightgbm",
    "mse": 0.7458370089727663,
    "rmse": 0.8636185552503873,
    "mae": 0.8636185552503871,
    "r2": 0.0,
    "block_inclusion_accuracy": 0.0,
    "avg_overpay_sat_vb": 0.0,
    "avg_underpay_sat_vb": 0.8636185552503871,
    "within_10pct": 0.0,
    "within_20pct": 0.0,
    "within_50pct": 1.0,
    "asymmetric_loss": 0.5220859062809363,
    "mape": 43.18092776251935
  }
}