{
  "horizon": "1block",
  "xgb_metrics": {
    "horizon_blocks": 1,
    "mse": 1.0101584422772518,
    "rmse": 1.005066387000009,
    "mae": 0.8277685840924581,
    "r2": 0.0,
    "block_inclusion_accuracy": 0.8333333333333334,
    "avg_overpay_sat_vb": 0.8064643144607544,
    "median_overpay_sat_vb": 0.7725406885147095,
    "avg_underpay_sat_vb": 0.021304269631703694,
    "overpay_mape": 40.32321572303772,
    "within_10pct": 0.16666666666666666,
    "within_20pct": 0.16666666666666666,
    "within_50pct": 0.8333333333333334,
    "asymmetric_loss": 0.30413682525407243,
    "mape": 41.38842920462291
  },
  "lgb_metrics": {
    "horizon_blocks": 1,
    "model_type": "lightgbm",
    "mse": 0.8203557939305597,
    "rmse": 0.9057349468418229,
    "mae": 0.9057344503833743,
    "r2": 0.0,
    "block_inclusion_accuracy": 0.0,
    "avg_overpay_sat_vb": 0.0,
    "avg_underpay_sat_vb": 0.9057344503833743,
    "within_10pct": 0.0,
    "within_20pct": 0.0,
    "within_50pct": 1.0,
    "asymmetric_loss": 0.5742490557513918,
    "mape": 45.28672251916871
  }
}