{
  "horizon": "3block",
  "xgb_metrics": {
    "horizon_blocks": 3,
    "mse": 9.383236228622328,
    "rmse": 3.0632068537110464,
    "mae": 2.881044546763102,
    "r2": -41.22456302880046,
    "block_inclusion_accuracy": 1.0,
    "avg_overpay_sat_vb": 2.881044546763102,
    "median_overpay_sat_vb": 2.7579199075698853,
    "avg_underpay_sat_vb": 0.0,
    "overpay_mape": 244.86169815063477,
    "within_10pct": 0.0,
    "within_20pct": 0.0,
    "within_50pct": 0.0,
    "asymmetric_loss": 2.8149708685866988,
    "mape": 244.86169815063477
  },
  "lgb_metrics": {
    "horizon_blocks": 3,
    "model_type": "lightgbm",
    "mse": 0.33062383753301566,
    "rmse": 0.5749989891582555,
    "mae": 0.3346964425336056,
    "r2": -0.48780726889856996,
    "block_inclusion_accuracy": 0.6666666666666666,
    "avg_overpay_sat_vb": 0.0027262184005444703,
    "avg_underpay_sat_vb": 0.3319702241330611,
    "within_10pct": 0.6666666666666666,
    "within_20pct": 0.6666666666666666,
    "within_50pct": 1.0,
    "asymmetric_loss": 0.23143222691305046,
    "mape": 16.871133046707502
  }
}