{
  "horizon": "6block",
  "xgb_metrics": {
    "horizon_blocks": 6,
    "mse": 24.904226732360712,
    "rmse": 4.9904134831054545,
    "mae": 4.921398003896077,
    "r2": -98.61690692944285,
    "block_inclusion_accuracy": 1.0,
    "avg_overpay_sat_vb": 4.921398003896077,
    "median_overpay_sat_vb": 4.567862033843994,
    "avg_underpay_sat_vb": 0.0,
    "overpay_mape": 89.38009050157336,
    "within_10pct": 0.0,
    "within_20pct": 0.0,
    "within_50pct": 0.0,
    "asymmetric_loss": 7.471268019708215,
    "mape": 89.38009050157336
  },
  "lgb_metrics": {
    "horizon_blocks": 6,
    "model_type": "lightgbm",
    "mse": 20.5,
    "rmse": 4.527692569068709,
    "mae": 4.5,
    "r2": -81.0,
    "block_inclusion_accuracy": 0.0,
    "avg_overpay_sat_vb": 0.0,
    "avg_underpay_sat_vb": 4.5,
    "within_10pct": 0.0,
    "within_20pct": 0.0,
    "within_50pct": 0.0,
    "asymmetric_loss": 14.35,
    "mape": 81.66666666666667
  }
}