{
  "horizon": "1block",
  "xgb_metrics": {
    "horizon_blocks": 1,
    "mse": 0.03582705791653732,
    "rmse": 0.18928036854501662,
    "mae": 0.1388046940167745,
    "r2": 0.0,
    "block_inclusion_accuracy": 1.0,
    "avg_overpay_sat_vb": 0.1388046940167745,
    "median_overpay_sat_vb": 0.12470179796218872,
    "avg_underpay_sat_vb": 0.0,
    "overpay_mape": 13.88046940167745,
    "within_10pct": 0.5,
    "within_20pct": 0.6666666666666666,
    "within_50pct": 1.0,
    "asymmetric_loss": 0.010748117374961197,
    "mape": 13.88046940167745
  },
  "lgb_metrics": {
    "horizon_blocks": 1,
    "model_type": "lightgbm",
    "mse": 0.0,
    "rmse": 0.0,
    "mae": 0.0,
    "r2": 1.0,
    "block_inclusion_accuracy": 1.0,
    "avg_overpay_sat_vb": 0.0,
    "avg_underpay_sat_vb": 0.0,
    "within_10pct": 1.0,
    "within_20pct": 1.0,
    "within_50pct": 1.0,
    "asymmetric_loss": 0.0,
    "mape": 0.0
  }
}