{
  "horizon": "1block",
  "xgb_metrics": {
    "horizon_blocks": 1,
    "mse": 0.3841356616818909,
    "rmse": 0.6197867872759881,
    "mae": 0.44361448287963867,
    "r2": 0.0,
    "block_inclusion_accuracy": 1.0,
    "avg_overpay_sat_vb": 0.44361448287963867,
    "median_overpay_sat_vb": 0.3228738307952881,
    "avg_underpay_sat_vb": 0.0,
    "overpay_mape": 11.090362071990967,
    "within_10pct": 0.6666666666666666,
    "within_20pct": 0.8333333333333334,
    "within_50pct": 1.0,
    "asymmetric_loss": 0.11524069850456727,
    "mape": 11.090362071990967
  },
  "lgb_metrics": {
    "horizon_blocks": 1,
    "model_type": "lightgbm",
    "mse": 8.22318022386186,
    "rmse": 2.86760879895809,
    "mae": 2.86760879895809,
    "r2": 0.0,
    "block_inclusion_accuracy": 0.0,
    "avg_overpay_sat_vb": 0.0,
    "avg_underpay_sat_vb": 2.86760879895809,
    "within_10pct": 0.0,
    "within_20pct": 0.0,
    "within_50pct": 0.0,
    "asymmetric_loss": 5.756226156703302,
    "mape": 71.69021997395225
  }
}