{
  "horizon": "3block",
  "xgb_metrics": {
    "horizon_blocks": 3,
    "mse": 0.39486985742864295,
    "rmse": 0.6283867100986803,
    "mae": 0.4424177606900533,
    "r2": -0.5794794297145718,
    "block_inclusion_accuracy": 0.5,
    "avg_overpay_sat_vb": 0.0,
    "median_overpay_sat_vb": 0.0,
    "avg_underpay_sat_vb": 0.4424177606900533,
    "overpay_mape": 0.0,
    "within_10pct": 0.5,
    "within_20pct": 0.5,
    "within_50pct": 0.8333333333333334,
    "asymmetric_loss": 0.27640890020005005,
    "mape": 22.120888034502663
  },
  "lgb_metrics": {
    "horizon_blocks": 3,
    "model_type": "lightgbm",
    "mse": 0.4959273949994101,
    "rmse": 0.7042211264932415,
    "mae": 0.5,
    "r2": -0.9837095799976403,
    "block_inclusion_accuracy": 0.5,
    "avg_overpay_sat_vb": 0.002044663800408353,
    "avg_underpay_sat_vb": 0.49795533619959165,
    "within_10pct": 0.5,
    "within_20pct": 0.5,
    "within_50pct": 1.0,
    "asymmetric_loss": 0.3471458319795418,
    "mape": 25.102233190020417
  }
}