{
  "horizon": "6block",
  "xgb_metrics": {
    "horizon_blocks": 6,
    "mse": 13.530811296631176,
    "rmse": 3.6784251109178743,
    "mae": 3.3634390830993652,
    "r2": 0.0,
    "block_inclusion_accuracy": 0.8333333333333334,
    "avg_overpay_sat_vb": 3.0301057497660318,
    "median_overpay_sat_vb": 3.3657569885253906,
    "avg_underpay_sat_vb": 0.3333333333333333,
    "overpay_mape": 101.00352499220105,
    "within_10pct": 0.0,
    "within_20pct": 0.0,
    "within_50pct": 0.16666666666666666,
    "asymmetric_loss": 4.32591005565602,
    "mape": 112.11463610331217
  },
  "lgb_metrics": {
    "horizon_blocks": 6,
    "model_type": "lightgbm",
    "mse": 4.0,
    "rmse": 2.0,
    "mae": 2.0,
    "r2": 0.0,
    "block_inclusion_accuracy": 0.0,
    "avg_overpay_sat_vb": 0.0,
    "avg_underpay_sat_vb": 2.0,
    "within_10pct": 0.0,
    "within_20pct": 0.0,
    "within_50pct": 0.0,
    "asymmetric_loss": 2.8000000000000003,
    "mape": 66.66666666666666
  }
}