{
  "horizon": "1block",
  "xgb_metrics": {
    "horizon_blocks": 1,
    "mse": 0.3098066547413154,
    "rmse": 0.5566027800337646,
    "mae": 0.3242804805437724,
    "r2": -1.230607914137472,
    "block_inclusion_accuracy": 0.5,
    "avg_overpay_sat_vb": 0.06010564168294271,
    "median_overpay_sat_vb": 0.006864309310913086,
    "avg_underpay_sat_vb": 0.26417483886082965,
    "overpay_mape": 3.0052820841471357,
    "within_10pct": 0.6666666666666666,
    "within_20pct": 0.8333333333333334,
    "within_50pct": 1.0,
    "asymmetric_loss": 0.21124737266214288,
    "mape": 12.553666366471184
  },
  "lgb_metrics": {
    "horizon_blocks": 1,
    "model_type": "lightgbm",
    "mse": 0.8587664140829937,
    "rmse": 0.9266965059192754,
    "mae": 0.8481262627526993,
    "r2": -5.183118181397557,
    "block_inclusion_accuracy": 0.0,
    "avg_overpay_sat_vb": 0.0,
    "avg_underpay_sat_vb": 0.8481262627526993,
    "within_10pct": 0.0,
    "within_20pct": 0.0,
    "within_50pct": 0.8333333333333334,
    "asymmetric_loss": 0.6011364898580954,
    "mape": 37.73093532449024
  }
}