{
  "horizon": "6block",
  "xgb_metrics": {
    "horizon_blocks": 6,
    "mse": 72.79682136914641,
    "rmse": 8.53210533040623,
    "mae": 7.75716233253479,
    "r2": -523.1371138578543,
    "block_inclusion_accuracy": 1.0,
    "avg_overpay_sat_vb": 7.75716233253479,
    "median_overpay_sat_vb": 8.937821865081787,
    "avg_underpay_sat_vb": 0.0,
    "overpay_mape": 463.362181186676,
    "within_10pct": 0.0,
    "within_20pct": 0.16666666666666666,
    "within_50pct": 0.16666666666666666,
    "asymmetric_loss": 21.83904641074393,
    "mape": 463.362181186676
  },
  "lgb_metrics": {
    "horizon_blocks": 6,
    "model_type": "lightgbm",
    "mse": 0.8180324621611278,
    "rmse": 0.9044514703184068,
    "mae": 0.8271788954695741,
    "r2": -4.889833727560121,
    "block_inclusion_accuracy": 0.16666666666666666,
    "avg_overpay_sat_vb": 0.0015386094659397924,
    "avg_underpay_sat_vb": 0.8256402860036344,
    "within_10pct": 0.16666666666666666,
    "within_20pct": 0.16666666666666666,
    "within_50pct": 1.0,
    "asymmetric_loss": 0.5726170419469766,
    "mape": 41.4358752467757
  }
}