{
  "horizon": "1block",
  "xgb_metrics": {
    "horizon_blocks": 1,
    "mse": 1.0346248474753874,
    "rmse": 1.0171651033511655,
    "mae": 0.7746957341829935,
    "r2": 0.0,
    "block_inclusion_accuracy": 0.3333333333333333,
    "avg_overpay_sat_vb": 0.12820927302042642,
    "median_overpay_sat_vb": 0.0,
    "avg_underpay_sat_vb": 0.6464864611625671,
    "overpay_mape": 4.273642434014215,
    "within_10pct": 0.16666666666666666,
    "within_20pct": 0.6666666666666666,
    "within_50pct": 0.8333333333333334,
    "asymmetric_loss": 0.7039007178121613,
    "mape": 25.82319113943312
  },
  "lgb_metrics": {
    "horizon_blocks": 1,
    "model_type": "lightgbm",
    "mse": 4.0,
    "rmse": 2.0,
    "mae": 2.0,
    "r2": 0.0,
    "block_inclusion_accuracy": 0.0,
    "avg_overpay_sat_vb": 0.0,
    "avg_underpay_sat_vb": 2.0,
    "within_10pct": 0.0,
    "within_20pct": 0.0,
    "within_50pct": 0.0,
    "asymmetric_loss": 2.8000000000000003,
    "mape": 66.66666666666666
  }
}