{
  "horizon": "1block",
  "xgb_metrics": {
    "horizon_blocks": 1,
    "mse": 0.08045565114391214,
    "rmse": 0.2836470538255459,
    "mae": 0.21623897552490234,
    "r2": 0.0,
    "block_inclusion_accuracy": 0.16666666666666666,
    "avg_overpay_sat_vb": 0.007398128509521484,
    "median_overpay_sat_vb": 0.0,
    "avg_underpay_sat_vb": 0.20884084701538086,
    "overpay_mape": 0.24660428365071616,
    "within_10pct": 0.6666666666666666,
    "within_20pct": 1.0,
    "within_50pct": 1.0,
    "asymmetric_loss": 0.05618759826767435,
    "mape": 7.207965850830078
  },
  "lgb_metrics": {
    "horizon_blocks": 1,
    "model_type": "lightgbm",
    "mse": 4.0,
    "rmse": 2.0,
    "mae": 2.0,
    "r2": 0.0,
    "block_inclusion_accuracy": 0.0,
    "avg_overpay_sat_vb": 0.0,
    "avg_underpay_sat_vb": 2.0,
    "within_10pct": 0.0,
    "within_20pct": 0.0,
    "within_50pct": 0.0,
    "asymmetric_loss": 2.8000000000000003,
    "mape": 66.66666666666666
  }
}