{
  "horizon": "1block",
  "xgb_metrics": {
    "horizon_blocks": 1,
    "mse": 0.06717845406559302,
    "rmse": 0.25918806698147395,
    "mae": 0.24195214112599692,
    "r2": 0.0,
    "block_inclusion_accuracy": 0.5,
    "avg_overpay_sat_vb": 0.11807247002919515,
    "median_overpay_sat_vb": 0.06925570964813232,
    "avg_underpay_sat_vb": 0.12387967109680176,
    "overpay_mape": 5.903623501459757,
    "within_10pct": 0.5,
    "within_20pct": 0.8333333333333334,
    "within_50pct": 1.0,
    "asymmetric_loss": 0.0348509081065373,
    "mape": 12.097607056299847
  },
  "lgb_metrics": {
    "horizon_blocks": 1,
    "model_type": "lightgbm",
    "mse": 0.8985420848329584,
    "rmse": 0.9479145978583505,
    "mae": 0.9479143013787713,
    "r2": 0.0,
    "block_inclusion_accuracy": 0.0,
    "avg_overpay_sat_vb": 0.0,
    "avg_underpay_sat_vb": 0.9479143013787713,
    "within_10pct": 0.0,
    "within_20pct": 0.0,
    "within_50pct": 1.0,
    "asymmetric_loss": 0.628979459383071,
    "mape": 47.395715068938564
  }
}