{
  "horizon": "6block",
  "xgb_metrics": {
    "horizon_blocks": 6,
    "mse": 0.8529730680016977,
    "rmse": 0.9235654107867497,
    "mae": 0.7256870667139689,
    "r2": 0.0,
    "block_inclusion_accuracy": 0.5,
    "avg_overpay_sat_vb": 0.14312076568603516,
    "median_overpay_sat_vb": 0.020944595336914062,
    "avg_underpay_sat_vb": 0.5825663010279337,
    "overpay_mape": 3.578019142150879,
    "within_10pct": 0.3333333333333333,
    "within_20pct": 0.6666666666666666,
    "within_50pct": 1.0,
    "asymmetric_loss": 0.5589473894292903,
    "mape": 18.14217666784922
  },
  "lgb_metrics": {
    "horizon_blocks": 6,
    "model_type": "lightgbm",
    "mse": 8.924163051268538,
    "rmse": 2.987333769646194,
    "mae": 2.987333769646194,
    "r2": 0.0,
    "block_inclusion_accuracy": 0.0,
    "avg_overpay_sat_vb": 0.0,
    "avg_underpay_sat_vb": 2.987333769646194,
    "within_10pct": 0.0,
    "within_20pct": 0.0,
    "within_50pct": 0.0,
    "asymmetric_loss": 6.246914135887978,
    "mape": 74.68334424115484
  }
}