{
  "horizon": "1block",
  "xgb_metrics": {
    "horizon_blocks": 1,
    "mse": 0.09806063913654128,
    "rmse": 0.3131463541805034,
    "mae": 0.23585794369379678,
    "r2": 0.0,
    "block_inclusion_accuracy": 1.0,
    "avg_overpay_sat_vb": 0.23585794369379678,
    "median_overpay_sat_vb": 0.24562394618988037,
    "avg_underpay_sat_vb": 0.0,
    "overpay_mape": 23.585794369379677,
    "within_10pct": 0.3333333333333333,
    "within_20pct": 0.5,
    "within_50pct": 0.8333333333333334,
    "asymmetric_loss": 0.029418191740962395,
    "mape": 23.585794369379677
  },
  "lgb_metrics": {
    "horizon_blocks": 1,
    "model_type": "lightgbm",
    "mse": 0.09463838137001347,
    "rmse": 0.307633517956047,
    "mae": 0.307633517956047,
    "r2": 0.0,
    "block_inclusion_accuracy": 1.0,
    "avg_overpay_sat_vb": 0.307633517956047,
    "avg_underpay_sat_vb": 0.0,
    "within_10pct": 0.0,
    "within_20pct": 0.0,
    "within_50pct": 1.0,
    "asymmetric_loss": 0.028391514411004046,
    "mape": 30.7633517956047
  }
}