{
  "horizon": "1block",
  "xgb_metrics": {
    "horizon_blocks": 1,
    "mse": 0.5856216316510938,
    "rmse": 0.7652591924642878,
    "mae": 0.5803660949071249,
    "r2": 0.0,
    "block_inclusion_accuracy": 0.5,
    "avg_overpay_sat_vb": 0.047336578369140625,
    "median_overpay_sat_vb": 0.013323068618774414,
    "avg_underpay_sat_vb": 0.5330295165379842,
    "overpay_mape": 1.5778859456380208,
    "within_10pct": 0.5,
    "within_20pct": 0.5,
    "within_50pct": 1.0,
    "asymmetric_loss": 0.4069748271324111,
    "mape": 19.345536496904163
  },
  "lgb_metrics": {
    "horizon_blocks": 1,
    "model_type": "lightgbm",
    "mse": 2.7334540496530106,
    "rmse": 1.6533160767539312,
    "mae": 1.6533159067699241,
    "r2": 0.0,
    "block_inclusion_accuracy": 0.0,
    "avg_overpay_sat_vb": 0.0,
    "avg_underpay_sat_vb": 1.6533159067699241,
    "within_10pct": 0.0,
    "within_20pct": 0.0,
    "within_50pct": 0.0,
    "asymmetric_loss": 1.9134178347571076,
    "mape": 55.110530225664135
  }
}