{
  "horizon": "6block",
  "xgb_metrics": {
    "horizon_blocks": 6,
    "mse": 0.8023028684547953,
    "rmse": 0.8957136085015094,
    "mae": 0.443085253238678,
    "r2": 0.0,
    "block_inclusion_accuracy": 1.0,
    "avg_overpay_sat_vb": 0.443085253238678,
    "median_overpay_sat_vb": 0.09117072820663452,
    "avg_underpay_sat_vb": 0.0,
    "overpay_mape": 44.3085253238678,
    "within_10pct": 0.5,
    "within_20pct": 0.6666666666666666,
    "within_50pct": 0.8333333333333334,
    "asymmetric_loss": 0.24069086053643862,
    "mape": 44.3085253238678
  },
  "lgb_metrics": {
    "horizon_blocks": 6,
    "model_type": "lightgbm",
    "mse": 0.0,
    "rmse": 0.0,
    "mae": 0.0,
    "r2": 1.0,
    "block_inclusion_accuracy": 1.0,
    "avg_overpay_sat_vb": 0.0,
    "avg_underpay_sat_vb": 0.0,
    "within_10pct": 1.0,
    "within_20pct": 1.0,
    "within_50pct": 1.0,
    "asymmetric_loss": 0.0,
    "mape": 0.0
  }
}