{
  "horizon": "6block",
  "xgb_metrics": {
    "horizon_blocks": 6,
    "mse": 0.11650361338731585,
    "rmse": 0.3413262565161313,
    "mae": 0.24587748448053995,
    "r2": 0.0,
    "block_inclusion_accuracy": 1.0,
    "avg_overpay_sat_vb": 0.24587748448053995,
    "median_overpay_sat_vb": 0.20078569650650024,
    "avg_underpay_sat_vb": 0.0,
    "overpay_mape": 24.587748448053993,
    "within_10pct": 0.3333333333333333,
    "within_20pct": 0.5,
    "within_50pct": 0.8333333333333334,
    "asymmetric_loss": 0.03495108401619476,
    "mape": 24.587748448053993
  },
  "lgb_metrics": {
    "horizon_blocks": 6,
    "model_type": "lightgbm",
    "mse": 0.0,
    "rmse": 0.0,
    "mae": 0.0,
    "r2": 1.0,
    "block_inclusion_accuracy": 1.0,
    "avg_overpay_sat_vb": 0.0,
    "avg_underpay_sat_vb": 0.0,
    "within_10pct": 1.0,
    "within_20pct": 1.0,
    "within_50pct": 1.0,
    "asymmetric_loss": 0.0,
    "mape": 0.0
  }
}