{
  "horizon": "1block",
  "xgb_metrics": {
    "horizon_blocks": 1,
    "mse": 24.17737212895982,
    "rmse": 4.917049128182453,
    "mae": 4.849944353103638,
    "r2": 0.0,
    "block_inclusion_accuracy": 1.0,
    "avg_overpay_sat_vb": 4.849944353103638,
    "median_overpay_sat_vb": 5.0152482986450195,
    "avg_underpay_sat_vb": 0.0,
    "overpay_mape": 121.24860882759094,
    "within_10pct": 0.0,
    "within_20pct": 0.0,
    "within_50pct": 0.0,
    "asymmetric_loss": 7.253211638687947,
    "mape": 121.24860882759094
  },
  "lgb_metrics": {
    "horizon_blocks": 1,
    "model_type": "lightgbm",
    "mse": 7.237062303610384,
    "rmse": 2.6901788608957555,
    "mae": 2.690178693747146,
    "r2": 0.0,
    "block_inclusion_accuracy": 0.0,
    "avg_overpay_sat_vb": 0.0,
    "avg_underpay_sat_vb": 2.690178693747146,
    "within_10pct": 0.0,
    "within_20pct": 0.0,
    "within_50pct": 0.0,
    "asymmetric_loss": 5.065943612527268,
    "mape": 67.25446734367864
  }
}