{
  "horizon": "1block",
  "xgb_metrics": {
    "horizon_blocks": 1,
    "mse": 0.0045962699434885694,
    "rmse": 0.06779579591308424,
    "mae": 0.03898129860560099,
    "r2": 0.0,
    "block_inclusion_accuracy": 1.0,
    "avg_overpay_sat_vb": 0.03898129860560099,
    "median_overpay_sat_vb": 0.0,
    "avg_underpay_sat_vb": 0.0,
    "overpay_mape": 3.898129860560099,
    "within_10pct": 0.6666666666666666,
    "within_20pct": 1.0,
    "within_50pct": 1.0,
    "asymmetric_loss": 0.001378880983046571,
    "mape": 3.898129860560099
  },
  "lgb_metrics": {
    "horizon_blocks": 1,
    "model_type": "lightgbm",
    "mse": 0.0,
    "rmse": 0.0,
    "mae": 0.0,
    "r2": 1.0,
    "block_inclusion_accuracy": 1.0,
    "avg_overpay_sat_vb": 0.0,
    "avg_underpay_sat_vb": 0.0,
    "within_10pct": 1.0,
    "within_20pct": 1.0,
    "within_50pct": 1.0,
    "asymmetric_loss": 0.0,
    "mape": 0.0
  }
}