{
  "horizon": "6block",
  "xgb_metrics": {
    "horizon_blocks": 6,
    "mse": 29.462065383043342,
    "rmse": 5.4278969576663245,
    "mae": 4.657607277234395,
    "r2": -211.1268707579121,
    "block_inclusion_accuracy": 0.8333333333333334,
    "avg_overpay_sat_vb": 4.429792881011963,
    "median_overpay_sat_vb": 3.7615318298339844,
    "avg_underpay_sat_vb": 0.22781439622243246,
    "overpay_mape": 136.2456149525113,
    "within_10pct": 0.0,
    "within_20pct": 0.0,
    "within_50pct": 0.16666666666666666,
    "asymmetric_loss": 8.963178172815864,
    "mape": 143.8394281599257
  },
  "lgb_metrics": {
    "horizon_blocks": 6,
    "model_type": "lightgbm",
    "mse": 4.833333333333333,
    "rmse": 2.1984843263788196,
    "mae": 2.1666666666666665,
    "r2": -33.800000000000004,
    "block_inclusion_accuracy": 0.0,
    "avg_overpay_sat_vb": 0.0,
    "avg_underpay_sat_vb": 2.1666666666666665,
    "within_10pct": 0.0,
    "within_20pct": 0.0,
    "within_50pct": 0.0,
    "asymmetric_loss": 3.3833333333333333,
    "mape": 68.05555555555554
  }
}