{
  "horizon": "1block",
  "xgb_metrics": {
    "horizon_blocks": 1,
    "mse": 6.737442761920174,
    "rmse": 2.595658444772766,
    "mae": 2.4726444085439048,
    "r2": -29.31849242864078,
    "block_inclusion_accuracy": 1.0,
    "avg_overpay_sat_vb": 2.4726444085439048,
    "median_overpay_sat_vb": 2.2310627698898315,
    "avg_underpay_sat_vb": 0.0,
    "overpay_mape": 112.04933590359157,
    "within_10pct": 0.0,
    "within_20pct": 0.0,
    "within_50pct": 0.0,
    "asymmetric_loss": 2.021232828576052,
    "mape": 112.04933590359157
  },
  "lgb_metrics": {
    "horizon_blocks": 1,
    "model_type": "lightgbm",
    "mse": 2.0,
    "rmse": 1.4142135623730951,
    "mae": 1.3333333333333333,
    "r2": -8.0,
    "block_inclusion_accuracy": 0.0,
    "avg_overpay_sat_vb": 0.0,
    "avg_underpay_sat_vb": 1.3333333333333333,
    "within_10pct": 0.0,
    "within_20pct": 0.0,
    "within_50pct": 0.0,
    "asymmetric_loss": 1.4000000000000001,
    "mape": 55.55555555555555
  }
}