{
  "horizon": "1block",
  "xgb_metrics": {
    "horizon_blocks": 1,
    "mse": 1.0003800344523508,
    "rmse": 1.000189999176332,
    "mae": 0.9644642472267151,
    "r2": -0.12542753875889434,
    "block_inclusion_accuracy": 0.3333333333333333,
    "avg_overpay_sat_vb": 0.3083050449689229,
    "median_overpay_sat_vb": 0.0,
    "avg_underpay_sat_vb": 0.6561592022577921,
    "overpay_mape": 30.830504496892292,
    "within_10pct": 0.0,
    "within_20pct": 0.16666666666666666,
    "within_50pct": 0.6666666666666666,
    "asymmetric_loss": 0.5849329032681289,
    "mape": 52.70247790548536
  },
  "lgb_metrics": {
    "horizon_blocks": 1,
    "model_type": "lightgbm",
    "mse": 2.6666666666666665,
    "rmse": 1.632993161855452,
    "mae": 1.3333333333333333,
    "r2": -1.9999999999999996,
    "block_inclusion_accuracy": 0.3333333333333333,
    "avg_overpay_sat_vb": 0.0,
    "avg_underpay_sat_vb": 1.3333333333333333,
    "within_10pct": 0.3333333333333333,
    "within_20pct": 0.3333333333333333,
    "within_50pct": 0.3333333333333333,
    "asymmetric_loss": 1.8666666666666665,
    "mape": 44.44444444444444
  }
}