{
  "horizon": "1block",
  "xgb_metrics": {
    "horizon_blocks": 1,
    "mse": 0.35993985087766117,
    "rmse": 0.5999498736375075,
    "mae": 0.5456751187642416,
    "r2": -0.4397594035106447,
    "block_inclusion_accuracy": 0.5,
    "avg_overpay_sat_vb": 0.3941200574239095,
    "median_overpay_sat_vb": 0.3427286744117737,
    "avg_underpay_sat_vb": 0.15155506134033203,
    "overpay_mape": 39.412005742390946,
    "within_10pct": 0.0,
    "within_20pct": 0.5,
    "within_50pct": 0.5,
    "asymmetric_loss": 0.12652982659270626,
    "mape": 46.98975880940755
  },
  "lgb_metrics": {
    "horizon_blocks": 1,
    "model_type": "lightgbm",
    "mse": 0.5,
    "rmse": 0.7071067811865476,
    "mae": 0.5,
    "r2": -1.0,
    "block_inclusion_accuracy": 0.5,
    "avg_overpay_sat_vb": 0.0,
    "avg_underpay_sat_vb": 0.5,
    "within_10pct": 0.5,
    "within_20pct": 0.5,
    "within_50pct": 0.5,
    "asymmetric_loss": 0.3499999999999999,
    "mape": 25.0
  }
}