{
  "horizon": "3block",
  "xgb_metrics": {
    "horizon_blocks": 3,
    "mse": 0.34683595398820444,
    "rmse": 0.5889278003186846,
    "mae": 0.5533066590627035,
    "r2": -1.497218868715072,
    "block_inclusion_accuracy": 0.8333333333333334,
    "avg_overpay_sat_vb": 0.42260803778966266,
    "median_overpay_sat_vb": 0.4263908863067627,
    "avg_underpay_sat_vb": 0.13069862127304077,
    "overpay_mape": 42.26080377896626,
    "within_10pct": 0.0,
    "within_20pct": 0.0,
    "within_50pct": 0.6666666666666666,
    "asymmetric_loss": 0.14504789724287834,
    "mape": 48.7957348426183
  },
  "lgb_metrics": {
    "horizon_blocks": 3,
    "model_type": "lightgbm",
    "mse": 0.16666666666666666,
    "rmse": 0.408248290463863,
    "mae": 0.16666666666666666,
    "r2": -0.20000000000000018,
    "block_inclusion_accuracy": 0.8333333333333334,
    "avg_overpay_sat_vb": 0.0,
    "avg_underpay_sat_vb": 0.16666666666666666,
    "within_10pct": 0.8333333333333334,
    "within_20pct": 0.8333333333333334,
    "within_50pct": 0.8333333333333334,
    "asymmetric_loss": 0.11666666666666665,
    "mape": 8.333333333333332
  }
}