{
  "horizon": "1block",
  "xgb_metrics": {
    "horizon_blocks": 1,
    "mse": 2.0253123423404062,
    "rmse": 1.4231346887559189,
    "mae": 1.3595518072446187,
    "r2": 0.0,
    "block_inclusion_accuracy": 0.3333333333333333,
    "avg_overpay_sat_vb": 0.4010952313741048,
    "median_overpay_sat_vb": 0.0,
    "avg_underpay_sat_vb": 0.9584565758705139,
    "overpay_mape": 13.369841045803495,
    "within_10pct": 0.0,
    "within_20pct": 0.0,
    "within_50pct": 0.6666666666666666,
    "asymmetric_loss": 1.219084453961295,
    "mape": 45.31839357482062
  },
  "lgb_metrics": {
    "horizon_blocks": 1,
    "model_type": "lightgbm",
    "mse": 2.680935817139656,
    "rmse": 1.6373563500776658,
    "mae": 1.6373563500776658,
    "r2": 0.0,
    "block_inclusion_accuracy": 0.0,
    "avg_overpay_sat_vb": 0.0,
    "avg_underpay_sat_vb": 1.6373563500776658,
    "within_10pct": 0.0,
    "within_20pct": 0.0,
    "within_50pct": 0.0,
    "asymmetric_loss": 1.8766550719977586,
    "mape": 54.57854500258886
  }
}