{
  "horizon": "3block",
  "xgb_metrics": {
    "horizon_blocks": 3,
    "mse": 1.2440700558806081,
    "rmse": 1.1153788844516503,
    "mae": 0.9086194038391113,
    "r2": 0.0,
    "block_inclusion_accuracy": 0.3333333333333333,
    "avg_overpay_sat_vb": 0.5090217590332031,
    "median_overpay_sat_vb": 0.0,
    "avg_underpay_sat_vb": 0.3995976448059082,
    "overpay_mape": 10.180435180664062,
    "within_10pct": 0.3333333333333333,
    "within_20pct": 0.5,
    "within_50pct": 1.0,
    "asymmetric_loss": 0.5413010739999361,
    "mape": 18.172388076782227
  },
  "lgb_metrics": {
    "horizon_blocks": 3,
    "model_type": "lightgbm",
    "mse": 15.967302101793694,
    "rmse": 3.9959106723991833,
    "mae": 3.9959106723991833,
    "r2": 0.0,
    "block_inclusion_accuracy": 0.0,
    "avg_overpay_sat_vb": 0.0,
    "avg_underpay_sat_vb": 3.9959106723991833,
    "within_10pct": 0.0,
    "within_20pct": 0.0,
    "within_50pct": 0.0,
    "asymmetric_loss": 11.177111471255586,
    "mape": 79.91821344798366
  }
}