{
  "horizon": "1block",
  "xgb_metrics": {
    "horizon_blocks": 1,
    "mse": 2.611536993839877,
    "rmse": 1.616025059780905,
    "mae": 1.554438829421997,
    "r2": -17.803066355647115,
    "block_inclusion_accuracy": 1.0,
    "avg_overpay_sat_vb": 1.554438829421997,
    "median_overpay_sat_vb": 1.625504493713379,
    "avg_underpay_sat_vb": 0.0,
    "overpay_mape": 30.171518325805664,
    "within_10pct": 0.0,
    "within_20pct": 0.16666666666666666,
    "within_50pct": 1.0,
    "asymmetric_loss": 0.7834610981519633,
    "mape": 30.171518325805664
  },
  "lgb_metrics": {
    "horizon_blocks": 1,
    "model_type": "lightgbm",
    "mse": 16.866195694732912,
    "rmse": 4.106847415564999,
    "mae": 4.089903031349769,
    "r2": -120.43660900207698,
    "block_inclusion_accuracy": 0.0,
    "avg_overpay_sat_vb": 0.0,
    "avg_underpay_sat_vb": 4.089903031349769,
    "within_10pct": 0.0,
    "within_20pct": 0.0,
    "within_50pct": 0.0,
    "asymmetric_loss": 11.806336986313037,
    "mape": 79.06292931328252
  }
}