{
  "horizon": "6block",
  "xgb_metrics": {
    "horizon_blocks": 6,
    "mse": 0.9904193563965009,
    "rmse": 0.9951981493132415,
    "mae": 0.8213659127553304,
    "r2": 0.009580643603499084,
    "block_inclusion_accuracy": 0.3333333333333333,
    "avg_overpay_sat_vb": 0.3050973018010457,
    "median_overpay_sat_vb": 0.0,
    "avg_underpay_sat_vb": 0.5162686109542847,
    "overpay_mape": 15.254865090052286,
    "within_10pct": 0.16666666666666666,
    "within_20pct": 0.5,
    "within_50pct": 0.8333333333333334,
    "asymmetric_loss": 0.4815116507891995,
    "mape": 30.930745601654053
  },
  "lgb_metrics": {
    "horizon_blocks": 6,
    "model_type": "lightgbm",
    "mse": 5.0,
    "rmse": 2.23606797749979,
    "mae": 2.0,
    "r2": -4.0,
    "block_inclusion_accuracy": 0.0,
    "avg_overpay_sat_vb": 0.0,
    "avg_underpay_sat_vb": 2.0,
    "within_10pct": 0.0,
    "within_20pct": 0.0,
    "within_50pct": 0.0,
    "asymmetric_loss": 3.4999999999999996,
    "mape": 62.5
  }
}