{
  "horizon": "1block",
  "xgb_metrics": {
    "horizon_blocks": 1,
    "mse": 0.20782964388736977,
    "rmse": 0.45588336653947986,
    "mae": 0.3905832767486572,
    "r2": 0.0,
    "block_inclusion_accuracy": 0.16666666666666666,
    "avg_overpay_sat_vb": 0.033108909924825035,
    "median_overpay_sat_vb": 0.0,
    "avg_underpay_sat_vb": 0.3574743668238322,
    "overpay_mape": 1.1036303308275013,
    "within_10pct": 0.3333333333333333,
    "within_20pct": 0.8333333333333334,
    "within_50pct": 1.0,
    "asymmetric_loss": 0.1428498709217744,
    "mape": 13.019442558288578
  },
  "lgb_metrics": {
    "horizon_blocks": 1,
    "model_type": "lightgbm",
    "mse": 3.9665416809913414,
    "rmse": 1.991617855159805,
    "mae": 1.9916178551598052,
    "r2": 0.0,
    "block_inclusion_accuracy": 0.0,
    "avg_overpay_sat_vb": 0.0,
    "avg_underpay_sat_vb": 1.9916178551598052,
    "within_10pct": 0.0,
    "within_20pct": 0.0,
    "within_50pct": 0.0,
    "asymmetric_loss": 2.776579176693939,
    "mape": 66.38726183866017
  }
}