{
  "horizon": "6block",
  "xgb_metrics": {
    "horizon_blocks": 6,
    "mse": 1.5144210275402277,
    "rmse": 1.2306181485498366,
    "mae": 1.1107316811879475,
    "r2": 0.0,
    "block_inclusion_accuracy": 0.6666666666666666,
    "avg_overpay_sat_vb": 0.5682246685028076,
    "median_overpay_sat_vb": 0.482454776763916,
    "avg_underpay_sat_vb": 0.54250701268514,
    "overpay_mape": 14.20561671257019,
    "within_10pct": 0.16666666666666666,
    "within_20pct": 0.3333333333333333,
    "within_50pct": 1.0,
    "asymmetric_loss": 0.8176112618215674,
    "mape": 27.76829202969869
  },
  "lgb_metrics": {
    "horizon_blocks": 6,
    "model_type": "lightgbm",
    "mse": 8.990415560108476,
    "rmse": 2.998402167840144,
    "mae": 2.998402167840144,
    "r2": 0.0,
    "block_inclusion_accuracy": 0.0,
    "avg_overpay_sat_vb": 0.0,
    "avg_underpay_sat_vb": 2.998402167840144,
    "within_10pct": 0.0,
    "within_20pct": 0.0,
    "within_50pct": 0.0,
    "asymmetric_loss": 6.293290892075933,
    "mape": 74.9600541960036
  }
}