{
  "horizon": "1block",
  "xgb_metrics": {
    "horizon_blocks": 1,
    "mse": 12.818368541732829,
    "rmse": 3.580274925439781,
    "mae": 3.313690662384033,
    "r2": 0.0,
    "block_inclusion_accuracy": 0.8333333333333334,
    "avg_overpay_sat_vb": 3.2227181593577066,
    "median_overpay_sat_vb": 3.621647596359253,
    "avg_underpay_sat_vb": 0.09097250302632649,
    "overpay_mape": 107.42393864525688,
    "within_10pct": 0.0,
    "within_20pct": 0.16666666666666666,
    "within_50pct": 0.16666666666666666,
    "asymmetric_loss": 3.8653729536563493,
    "mape": 110.4563554128011
  },
  "lgb_metrics": {
    "horizon_blocks": 1,
    "model_type": "lightgbm",
    "mse": 2.736781374200726,
    "rmse": 1.6543220285666047,
    "mae": 1.654321756757566,
    "r2": 0.0,
    "block_inclusion_accuracy": 0.0,
    "avg_overpay_sat_vb": 0.0,
    "avg_underpay_sat_vb": 1.654321756757566,
    "within_10pct": 0.0,
    "within_20pct": 0.0,
    "within_50pct": 0.0,
    "asymmetric_loss": 1.915746961940508,
    "mape": 55.14405855858553
  }
}