{
  "horizon": "1block",
  "xgb_metrics": {
    "horizon_blocks": 1,
    "mse": 11.899017158959888,
    "rmse": 3.4494952034986057,
    "mae": 3.4004037380218506,
    "r2": 0.0,
    "block_inclusion_accuracy": 1.0,
    "avg_overpay_sat_vb": 3.4004037380218506,
    "median_overpay_sat_vb": 3.3818490505218506,
    "avg_underpay_sat_vb": 0.0,
    "overpay_mape": 85.01009345054626,
    "within_10pct": 0.0,
    "within_20pct": 0.0,
    "within_50pct": 0.0,
    "asymmetric_loss": 3.569705147687967,
    "mape": 85.01009345054626
  },
  "lgb_metrics": {
    "horizon_blocks": 1,
    "model_type": "lightgbm",
    "mse": 7.104890460008213,
    "rmse": 2.6655000393937742,
    "mae": 2.665500039393774,
    "r2": 0.0,
    "block_inclusion_accuracy": 0.0,
    "avg_overpay_sat_vb": 0.0,
    "avg_underpay_sat_vb": 2.665500039393774,
    "within_10pct": 0.0,
    "within_20pct": 0.0,
    "within_50pct": 0.0,
    "asymmetric_loss": 4.973423322005748,
    "mape": 66.63750098484435
  }
}