{
  "horizon": "1block",
  "xgb_metrics": {
    "horizon_blocks": 1,
    "mse": 0.5373898821954318,
    "rmse": 0.7330688113645484,
    "mae": 0.5897216399510702,
    "r2": -1.1495595287817273,
    "block_inclusion_accuracy": 0.5,
    "avg_overpay_sat_vb": 0.08972163995107015,
    "median_overpay_sat_vb": 0.0,
    "avg_underpay_sat_vb": 0.5,
    "overpay_mape": 8.972163995107014,
    "within_10pct": 0.3333333333333333,
    "within_20pct": 0.3333333333333333,
    "within_50pct": 0.5,
    "asymmetric_loss": 0.36121696465862946,
    "mape": 33.97216399510701
  },
  "lgb_metrics": {
    "horizon_blocks": 1,
    "model_type": "lightgbm",
    "mse": 0.39964717738729955,
    "rmse": 0.6321765397318218,
    "mae": 0.49999999999999983,
    "r2": -0.5985887095491982,
    "block_inclusion_accuracy": 0.5,
    "avg_overpay_sat_vb": 0.05657871278779869,
    "avg_underpay_sat_vb": 0.44342128721220125,
    "within_10pct": 0.0,
    "within_20pct": 0.5,
    "within_50pct": 1.0,
    "asymmetric_loss": 0.27719210357853025,
    "mape": 27.828935639389936
  }
}