{
  "horizon": "3block",
  "xgb_metrics": {
    "horizon_blocks": 3,
    "mse": 2.584406939061855,
    "rmse": 1.607609075323306,
    "mae": 1.5103205839792888,
    "r2": -9.33762775624742,
    "block_inclusion_accuracy": 0.0,
    "avg_overpay_sat_vb": 0.0,
    "median_overpay_sat_vb": 0.0,
    "avg_underpay_sat_vb": 1.5103205839792888,
    "overpay_mape": 0.0,
    "within_10pct": 0.0,
    "within_20pct": 0.0,
    "within_50pct": 0.6666666666666666,
    "asymmetric_loss": 1.8090848573432983,
    "mape": 41.963835557301834
  },
  "lgb_metrics": {
    "horizon_blocks": 3,
    "model_type": "lightgbm",
    "mse": 6.479570084596143,
    "rmse": 2.5454999675105365,
    "mae": 2.4959106723991833,
    "r2": -24.918280338384573,
    "block_inclusion_accuracy": 0.0,
    "avg_overpay_sat_vb": 0.0,
    "avg_underpay_sat_vb": 2.4959106723991833,
    "within_10pct": 0.0,
    "within_20pct": 0.0,
    "within_50pct": 0.0,
    "asymmetric_loss": 4.5356990592173,
    "mape": 70.71406127830952
  }
}