{
  "horizon": "6block",
  "xgb_metrics": {
    "horizon_blocks": 6,
    "mse": 1.8120820903870556,
    "rmse": 1.3461359851021946,
    "mae": 0.7361962795257568,
    "r2": 0.0,
    "block_inclusion_accuracy": 1.0,
    "avg_overpay_sat_vb": 0.7361962795257568,
    "median_overpay_sat_vb": 0.0,
    "avg_underpay_sat_vb": 0.0,
    "overpay_mape": 73.61962795257568,
    "within_10pct": 0.6666666666666666,
    "within_20pct": 0.6666666666666666,
    "within_50pct": 0.6666666666666666,
    "asymmetric_loss": 0.5436246271161168,
    "mape": 73.61962795257568
  },
  "lgb_metrics": {
    "horizon_blocks": 6,
    "model_type": "lightgbm",
    "mse": 0.0,
    "rmse": 0.0,
    "mae": 0.0,
    "r2": 1.0,
    "block_inclusion_accuracy": 1.0,
    "avg_overpay_sat_vb": 0.0,
    "avg_underpay_sat_vb": 0.0,
    "within_10pct": 1.0,
    "within_20pct": 1.0,
    "within_50pct": 1.0,
    "asymmetric_loss": 0.0,
    "mape": 0.0
  }
}