{
  "horizon": "6block",
  "xgb_metrics": {
    "horizon_blocks": 6,
    "mse": 0.19084060856702934,
    "rmse": 0.4368530743476911,
    "mae": 0.2609800895055135,
    "r2": 0.1412172614483681,
    "block_inclusion_accuracy": 0.8333333333333334,
    "avg_overpay_sat_vb": 0.09431342283884685,
    "median_overpay_sat_vb": 0.015409708023071289,
    "avg_underpay_sat_vb": 0.16666666666666666,
    "overpay_mape": 9.174513816833496,
    "within_10pct": 0.5,
    "within_20pct": 0.5,
    "within_50pct": 0.8333333333333334,
    "asymmetric_loss": 0.12391884923677544,
    "mape": 17.507847150166832
  },
  "lgb_metrics": {
    "horizon_blocks": 6,
    "model_type": "lightgbm",
    "mse": 0.3333333333333333,
    "rmse": 0.5773502691896257,
    "mae": 0.3333333333333333,
    "r2": -0.4999999999999998,
    "block_inclusion_accuracy": 0.6666666666666666,
    "avg_overpay_sat_vb": 0.0,
    "avg_underpay_sat_vb": 0.3333333333333333,
    "within_10pct": 0.6666666666666666,
    "within_20pct": 0.6666666666666666,
    "within_50pct": 0.6666666666666666,
    "asymmetric_loss": 0.2333333333333333,
    "mape": 16.666666666666664
  }
}