{
  "horizon": "3block",
  "xgb_metrics": {
    "horizon_blocks": 3,
    "mse": 0.29873820480277874,
    "rmse": 0.5465694876251131,
    "mae": 0.4627797603607178,
    "r2": -1.1509150745800079,
    "block_inclusion_accuracy": 0.5,
    "avg_overpay_sat_vb": 0.29660550753275555,
    "median_overpay_sat_vb": 0.06088578701019287,
    "avg_underpay_sat_vb": 0.16617425282796225,
    "overpay_mape": 12.48119009865655,
    "within_10pct": 0.3333333333333333,
    "within_20pct": 0.6666666666666666,
    "within_50pct": 1.0,
    "asymmetric_loss": 0.11504048182543251,
    "mape": 18.020331859588623
  },
  "lgb_metrics": {
    "horizon_blocks": 3,
    "model_type": "lightgbm",
    "mse": 3.4850225213972323,
    "rmse": 1.8668215022859664,
    "mae": 1.8292440057325168,
    "r2": -24.092162154060084,
    "block_inclusion_accuracy": 0.0,
    "avg_overpay_sat_vb": 0.0,
    "avg_underpay_sat_vb": 1.8292440057325168,
    "within_10pct": 0.0,
    "within_20pct": 0.0,
    "within_50pct": 0.16666666666666666,
    "asymmetric_loss": 2.4395157649780628,
    "mape": 63.741218725526075
  }
}