{
  "horizon": "1block",
  "xgb_metrics": {
    "horizon_blocks": 1,
    "mse": 0.3185339516426661,
    "rmse": 0.5643881214578015,
    "mae": 0.5251040657361349,
    "r2": -0.2741358065706645,
    "block_inclusion_accuracy": 0.5,
    "avg_overpay_sat_vb": 0.16507591803868613,
    "median_overpay_sat_vb": 0.1251751184463501,
    "avg_underpay_sat_vb": 0.36002814769744873,
    "overpay_mape": 16.507591803868614,
    "within_10pct": 0.0,
    "within_20pct": 0.0,
    "within_50pct": 1.0,
    "asymmetric_loss": 0.20045955473794594,
    "mape": 34.50899918874104
  },
  "lgb_metrics": {
    "horizon_blocks": 1,
    "model_type": "lightgbm",
    "mse": 0.5,
    "rmse": 0.7071067811865476,
    "mae": 0.5,
    "r2": -1.0,
    "block_inclusion_accuracy": 0.5,
    "avg_overpay_sat_vb": 0.0,
    "avg_underpay_sat_vb": 0.5,
    "within_10pct": 0.5,
    "within_20pct": 0.5,
    "within_50pct": 0.5,
    "asymmetric_loss": 0.3499999999999999,
    "mape": 25.0
  }
}