{
  "horizon": "1block",
  "xgb_metrics": {
    "horizon_blocks": 1,
    "mse": 0.6723083805759439,
    "rmse": 0.8199441325943762,
    "mae": 0.7247867385546366,
    "r2": -2.025387712591747,
    "block_inclusion_accuracy": 0.3333333333333333,
    "avg_overpay_sat_vb": 0.06410670280456543,
    "median_overpay_sat_vb": 0.0,
    "avg_underpay_sat_vb": 0.6606800357500712,
    "overpay_mape": 6.410670280456543,
    "within_10pct": 0.16666666666666666,
    "within_20pct": 0.16666666666666666,
    "within_50pct": 0.5,
    "asymmetric_loss": 0.4636558915055291,
    "mape": 39.4446720679601
  },
  "lgb_metrics": {
    "horizon_blocks": 1,
    "model_type": "lightgbm",
    "mse": 0.5886395558802849,
    "rmse": 0.7672284900082146,
    "mae": 0.6463808848089635,
    "r2": -1.648878001461282,
    "block_inclusion_accuracy": 0.3333333333333333,
    "avg_overpay_sat_vb": 0.020621065186917014,
    "avg_underpay_sat_vb": 0.6257598196220465,
    "within_10pct": 0.3333333333333333,
    "within_20pct": 0.3333333333333333,
    "within_50pct": 1.0,
    "asymmetric_loss": 0.41153728022297464,
    "mape": 33.350097499794025
  }
}