{
  "horizon": "1block",
  "xgb_metrics": {
    "horizon_blocks": 1,
    "mse": 0.9388161328678469,
    "rmse": 0.9689252462743692,
    "mae": 0.8559957345326742,
    "r2": 0.0,
    "block_inclusion_accuracy": 1.0,
    "avg_overpay_sat_vb": 0.8559957345326742,
    "median_overpay_sat_vb": 0.9451265335083008,
    "avg_underpay_sat_vb": 0.0,
    "overpay_mape": 85.59957345326742,
    "within_10pct": 0.16666666666666666,
    "within_20pct": 0.16666666666666666,
    "within_50pct": 0.16666666666666666,
    "asymmetric_loss": 0.2816448398603541,
    "mape": 85.59957345326742
  },
  "lgb_metrics": {
    "horizon_blocks": 1,
    "model_type": "lightgbm",
    "mse": 0.009805335639027515,
    "rmse": 0.09902189474569507,
    "mae": 0.09874166728007305,
    "r2": 0.0,
    "block_inclusion_accuracy": 1.0,
    "avg_overpay_sat_vb": 0.09874166728007305,
    "avg_underpay_sat_vb": 0.0,
    "within_10pct": 0.16666666666666666,
    "within_20pct": 1.0,
    "within_50pct": 1.0,
    "asymmetric_loss": 0.0029416006917082553,
    "mape": 9.874166728007305
  }
}