{
  "horizon": "6block",
  "xgb_metrics": {
    "horizon_blocks": 6,
    "mse": 0.03922643222155623,
    "rmse": 0.19805663892320355,
    "mae": 0.15495791037877402,
    "r2": 0.0,
    "block_inclusion_accuracy": 1.0,
    "avg_overpay_sat_vb": 0.15495791037877402,
    "median_overpay_sat_vb": 0.18765509128570557,
    "avg_underpay_sat_vb": 0.0,
    "overpay_mape": 15.495791037877401,
    "within_10pct": 0.3333333333333333,
    "within_20pct": 0.5,
    "within_50pct": 1.0,
    "asymmetric_loss": 0.011767929666466873,
    "mape": 15.495791037877401
  },
  "lgb_metrics": {
    "horizon_blocks": 6,
    "model_type": "lightgbm",
    "mse": 0.0,
    "rmse": 0.0,
    "mae": 0.0,
    "r2": 1.0,
    "block_inclusion_accuracy": 1.0,
    "avg_overpay_sat_vb": 0.0,
    "avg_underpay_sat_vb": 0.0,
    "within_10pct": 1.0,
    "within_20pct": 1.0,
    "within_50pct": 1.0,
    "asymmetric_loss": 0.0,
    "mape": 0.0
  }
}