{
  "horizon": "3block",
  "xgb_metrics": {
    "horizon_blocks": 3,
    "mse": 8.199759319408523,
    "rmse": 2.8635221876927237,
    "mae": 2.6976009209950766,
    "r2": 0.0,
    "block_inclusion_accuracy": 0.5,
    "avg_overpay_sat_vb": 1.0908612410227458,
    "median_overpay_sat_vb": 0.775254487991333,
    "avg_underpay_sat_vb": 1.6067396799723308,
    "overpay_mape": 18.181020683712433,
    "within_10pct": 0.0,
    "within_20pct": 0.0,
    "within_50pct": 0.6666666666666666,
    "asymmetric_loss": 4.715876141134189,
    "mape": 44.960015349917946
  },
  "lgb_metrics": {
    "horizon_blocks": 3,
    "model_type": "lightgbm",
    "mse": 25.0,
    "rmse": 5.0,
    "mae": 5.0,
    "r2": 0.0,
    "block_inclusion_accuracy": 0.0,
    "avg_overpay_sat_vb": 0.0,
    "avg_underpay_sat_vb": 5.0,
    "within_10pct": 0.0,
    "within_20pct": 0.0,
    "within_50pct": 0.0,
    "asymmetric_loss": 17.5,
    "mape": 83.33333333333334
  }
}