{
  "horizon": "1block",
  "xgb_metrics": {
    "horizon_blocks": 1,
    "mse": 1.02032443080995,
    "rmse": 1.0101110982510537,
    "mae": 0.5729952255884806,
    "r2": 0.0,
    "block_inclusion_accuracy": 1.0,
    "avg_overpay_sat_vb": 0.5729952255884806,
    "median_overpay_sat_vb": 0.06258141994476318,
    "avg_underpay_sat_vb": 0.0,
    "overpay_mape": 57.29952255884806,
    "within_10pct": 0.5,
    "within_20pct": 0.6666666666666666,
    "within_50pct": 0.6666666666666666,
    "asymmetric_loss": 0.306097329242985,
    "mape": 57.29952255884806
  },
  "lgb_metrics": {
    "horizon_blocks": 1,
    "model_type": "lightgbm",
    "mse": 0.0,
    "rmse": 0.0,
    "mae": 0.0,
    "r2": 1.0,
    "block_inclusion_accuracy": 1.0,
    "avg_overpay_sat_vb": 0.0,
    "avg_underpay_sat_vb": 0.0,
    "within_10pct": 1.0,
    "within_20pct": 1.0,
    "within_50pct": 1.0,
    "asymmetric_loss": 0.0,
    "mape": 0.0
  }
}