{
  "horizon": "6block",
  "xgb_metrics": {
    "horizon_blocks": 6,
    "mse": 0.9495874463892543,
    "rmse": 0.974467775962476,
    "mae": 0.6833674907684326,
    "r2": -0.709257403500658,
    "block_inclusion_accuracy": 0.5,
    "avg_overpay_sat_vb": 0.5249677499135336,
    "median_overpay_sat_vb": 0.0002994537353515625,
    "avg_underpay_sat_vb": 0.15839974085489908,
    "overpay_mape": 40.027684635586205,
    "within_10pct": 0.3333333333333333,
    "within_20pct": 0.6666666666666666,
    "within_50pct": 0.8333333333333334,
    "asymmetric_loss": 0.3067682370435156,
    "mape": 45.30767599741618
  },
  "lgb_metrics": {
    "horizon_blocks": 6,
    "model_type": "lightgbm",
    "mse": 3.3333333333333335,
    "rmse": 1.8257418583505538,
    "mae": 1.6666666666666667,
    "r2": -5.000000000000001,
    "block_inclusion_accuracy": 0.16666666666666666,
    "avg_overpay_sat_vb": 0.0,
    "avg_underpay_sat_vb": 1.6666666666666667,
    "within_10pct": 0.16666666666666666,
    "within_20pct": 0.16666666666666666,
    "within_50pct": 0.16666666666666666,
    "asymmetric_loss": 2.3333333333333335,
    "mape": 55.55555555555555
  }
}