{
  "horizon": "1block",
  "xgb_metrics": {
    "horizon_blocks": 1,
    "mse": 0.07361196294184207,
    "rmse": 0.27131524642349547,
    "mae": 0.17386160294214884,
    "r2": 0.0,
    "block_inclusion_accuracy": 1.0,
    "avg_overpay_sat_vb": 0.17386160294214884,
    "median_overpay_sat_vb": 0.08805906772613525,
    "avg_underpay_sat_vb": 0.0,
    "overpay_mape": 17.386160294214882,
    "within_10pct": 0.5,
    "within_20pct": 0.6666666666666666,
    "within_50pct": 0.8333333333333334,
    "asymmetric_loss": 0.02208358888255262,
    "mape": 17.386160294214882
  },
  "lgb_metrics": {
    "horizon_blocks": 1,
    "model_type": "lightgbm",
    "mse": 0.0,
    "rmse": 0.0,
    "mae": 0.0,
    "r2": 1.0,
    "block_inclusion_accuracy": 1.0,
    "avg_overpay_sat_vb": 0.0,
    "avg_underpay_sat_vb": 0.0,
    "within_10pct": 1.0,
    "within_20pct": 1.0,
    "within_50pct": 1.0,
    "asymmetric_loss": 0.0,
    "mape": 0.0
  }
}