{
  "horizon": "1block",
  "xgb_metrics": {
    "horizon_blocks": 1,
    "mse": 1.0672341426325527,
    "rmse": 1.0330702505795784,
    "mae": 0.9956964651743571,
    "r2": 0.0,
    "block_inclusion_accuracy": 0.0,
    "avg_overpay_sat_vb": 0.0,
    "median_overpay_sat_vb": 0.0,
    "avg_underpay_sat_vb": 0.9956964651743571,
    "overpay_mape": 0.0,
    "within_10pct": 0.3333333333333333,
    "within_20pct": 1.0,
    "within_50pct": 1.0,
    "asymmetric_loss": 0.7470638998427868,
    "mape": 11.063294057492856
  },
  "lgb_metrics": {
    "horizon_blocks": 1,
    "model_type": "lightgbm",
    "mse": 58.90082405222753,
    "rmse": 7.6746872282997645,
    "mae": 7.674687169709801,
    "r2": 0.0,
    "block_inclusion_accuracy": 0.0,
    "avg_overpay_sat_vb": 0.0,
    "avg_underpay_sat_vb": 7.674687169709801,
    "within_10pct": 0.0,
    "within_20pct": 0.0,
    "within_50pct": 0.0,
    "asymmetric_loss": 41.230576836559266,
    "mape": 85.27430188566444
  }
}