{
  "horizon": "1block",
  "xgb_metrics": {
    "horizon_blocks": 1,
    "mse": 0.21022424665988146,
    "rmse": 0.45850217737747057,
    "mae": 0.45206280549367267,
    "r2": 0.0,
    "block_inclusion_accuracy": 0.0,
    "avg_overpay_sat_vb": 0.0,
    "median_overpay_sat_vb": 0.0,
    "avg_underpay_sat_vb": 0.45206280549367267,
    "overpay_mape": 0.0,
    "within_10pct": 0.0,
    "within_20pct": 1.0,
    "within_50pct": 1.0,
    "asymmetric_loss": 0.147156972661917,
    "mape": 15.068760183122423
  },
  "lgb_metrics": {
    "horizon_blocks": 1,
    "model_type": "lightgbm",
    "mse": 3.8080694038347183,
    "rmse": 1.951427529741937,
    "mae": 1.9514272705126678,
    "r2": 0.0,
    "block_inclusion_accuracy": 0.0,
    "avg_overpay_sat_vb": 0.0,
    "avg_underpay_sat_vb": 1.9514272705126678,
    "within_10pct": 0.0,
    "within_20pct": 0.0,
    "within_50pct": 0.0,
    "asymmetric_loss": 2.665648582684303,
    "mape": 65.0475756837556
  }
}