{
  "horizon": "3block",
  "xgb_metrics": {
    "horizon_blocks": 3,
    "mse": 0.5971896860390586,
    "rmse": 0.7727804902034333,
    "mae": 0.5657363732655843,
    "r2": -0.07494143487030547,
    "block_inclusion_accuracy": 0.5,
    "avg_overpay_sat_vb": 0.19674700498580933,
    "median_overpay_sat_vb": 0.0050092339515686035,
    "avg_underpay_sat_vb": 0.36898936827977497,
    "overpay_mape": 19.674700498580933,
    "within_10pct": 0.16666666666666666,
    "within_20pct": 0.5,
    "within_50pct": 0.6666666666666666,
    "asymmetric_loss": 0.35166492860630955,
    "mape": 33.875902493794754
  },
  "lgb_metrics": {
    "horizon_blocks": 3,
    "model_type": "lightgbm",
    "mse": 0.9945642857991377,
    "rmse": 0.9972784394536651,
    "mae": 0.6666666666666666,
    "r2": -0.7902157144384476,
    "block_inclusion_accuracy": 0.5,
    "avg_overpay_sat_vb": 0.002044663800408353,
    "avg_underpay_sat_vb": 0.6646220028662583,
    "within_10pct": 0.5,
    "within_20pct": 0.5,
    "within_50pct": 0.8333333333333334,
    "asymmetric_loss": 0.6961916555393511,
    "mape": 27.891370211133797
  }
}