{
  "horizon": "3block",
  "xgb_metrics": {
    "horizon_blocks": 3,
    "mse": 2.492184502978963,
    "rmse": 1.5786654183135078,
    "mae": 1.402952512105306,
    "r2": -16.943728421448537,
    "block_inclusion_accuracy": 0.0,
    "avg_overpay_sat_vb": 0.0,
    "median_overpay_sat_vb": 0.0,
    "avg_underpay_sat_vb": 1.402952512105306,
    "overpay_mape": 0.0,
    "within_10pct": 0.16666666666666666,
    "within_20pct": 0.16666666666666666,
    "within_50pct": 0.3333333333333333,
    "asymmetric_loss": 1.7445291520852735,
    "mape": 49.54286151462131
  },
  "lgb_metrics": {
    "horizon_blocks": 3,
    "model_type": "lightgbm",
    "mse": 3.5,
    "rmse": 1.8708286933869707,
    "mae": 1.8333333333333333,
    "r2": -24.20000000000001,
    "block_inclusion_accuracy": 0.0,
    "avg_overpay_sat_vb": 0.0,
    "avg_underpay_sat_vb": 1.8333333333333333,
    "within_10pct": 0.0,
    "within_20pct": 0.0,
    "within_50pct": 0.0,
    "asymmetric_loss": 2.4499999999999997,
    "mape": 63.88888888888887
  }
}