{
  "horizon": "6block",
  "xgb_metrics": {
    "horizon_blocks": 6,
    "mse": 0.34683595398820444,
    "rmse": 0.5889278003186846,
    "mae": 0.5533066590627035,
    "r2": -1.497218868715072,
    "block_inclusion_accuracy": 0.8333333333333334,
    "avg_overpay_sat_vb": 0.42260803778966266,
    "median_overpay_sat_vb": 0.4263908863067627,
    "avg_underpay_sat_vb": 0.13069862127304077,
    "overpay_mape": 42.26080377896626,
    "within_10pct": 0.0,
    "within_20pct": 0.0,
    "within_50pct": 0.6666666666666666,
    "asymmetric_loss": 0.14504789724287834,
    "mape": 48.7957348426183
  },
  "lgb_metrics": {
    "horizon_blocks": 6,
    "model_type": "lightgbm",
    "mse": 0.16156458947705157,
    "rmse": 0.4019509789477463,
    "mae": 0.17738809130404412,
    "r2": -0.1632650442347714,
    "block_inclusion_accuracy": 0.8333333333333334,
    "avg_overpay_sat_vb": 0.01340178079672183,
    "avg_underpay_sat_vb": 0.1639863105073223,
    "within_10pct": 0.8333333333333334,
    "within_20pct": 0.8333333333333334,
    "within_50pct": 1.0,
    "asymmetric_loss": 0.11300900092424493,
    "mape": 9.539493605038297
  }
}