{
  "horizon": "3block",
  "xgb_metrics": {
    "horizon_blocks": 3,
    "mse": 3.481570509070982,
    "rmse": 1.8658967037515721,
    "mae": 1.7357019980748494,
    "r2": -24.06730766531107,
    "block_inclusion_accuracy": 1.0,
    "avg_overpay_sat_vb": 1.7357019980748494,
    "median_overpay_sat_vb": 1.5730403661727905,
    "avg_underpay_sat_vb": 0.0,
    "overpay_mape": 103.23673089345296,
    "within_10pct": 0.0,
    "within_20pct": 0.0,
    "within_50pct": 0.16666666666666666,
    "asymmetric_loss": 1.0444711527212946,
    "mape": 103.23673089345296
  },
  "lgb_metrics": {
    "horizon_blocks": 3,
    "model_type": "lightgbm",
    "mse": 0.8265345099321989,
    "rmse": 0.9091394337131126,
    "mae": 0.8306071149327888,
    "r2": -4.951048471511833,
    "block_inclusion_accuracy": 0.16666666666666666,
    "avg_overpay_sat_vb": 0.0006815546001361176,
    "avg_underpay_sat_vb": 0.8299255603326529,
    "within_10pct": 0.16666666666666666,
    "within_20pct": 0.16666666666666666,
    "within_50pct": 1.0,
    "asymmetric_loss": 0.578573042112524,
    "mape": 41.56443347664624
  }
}