{
  "horizon": "1block",
  "xgb_metrics": {
    "horizon_blocks": 1,
    "mse": 0.14619174467915977,
    "rmse": 0.38235029054410274,
    "mae": 0.295657217502594,
    "r2": 0.3421371489437811,
    "block_inclusion_accuracy": 1.0,
    "avg_overpay_sat_vb": 0.295657217502594,
    "median_overpay_sat_vb": 0.32483041286468506,
    "avg_underpay_sat_vb": 0.0,
    "overpay_mape": 20.816675821940102,
    "within_10pct": 0.3333333333333333,
    "within_20pct": 0.8333333333333334,
    "within_50pct": 0.8333333333333334,
    "asymmetric_loss": 0.04385752340374793,
    "mape": 20.816675821940102
  },
  "lgb_metrics": {
    "horizon_blocks": 1,
    "model_type": "lightgbm",
    "mse": 0.6666666666666666,
    "rmse": 0.816496580927726,
    "mae": 0.6666666666666666,
    "r2": -1.9999999999999996,
    "block_inclusion_accuracy": 0.3333333333333333,
    "avg_overpay_sat_vb": 0.0,
    "avg_underpay_sat_vb": 0.6666666666666666,
    "within_10pct": 0.3333333333333333,
    "within_20pct": 0.3333333333333333,
    "within_50pct": 0.3333333333333333,
    "asymmetric_loss": 0.4666666666666666,
    "mape": 33.33333333333333
  }
}