{
  "horizon": "1block",
  "xgb_metrics": {
    "horizon_blocks": 1,
    "mse": 0.38351038050677744,
    "rmse": 0.6192821493526012,
    "mae": 0.5770535469055176,
    "r2": 0.0,
    "block_inclusion_accuracy": 0.3333333333333333,
    "avg_overpay_sat_vb": 0.11213803291320801,
    "median_overpay_sat_vb": 0.0,
    "avg_underpay_sat_vb": 0.46491551399230957,
    "overpay_mape": 1.6019718987601146,
    "within_10pct": 0.6666666666666666,
    "within_20pct": 1.0,
    "within_50pct": 1.0,
    "asymmetric_loss": 0.2532892751523074,
    "mape": 8.24362209865025
  },
  "lgb_metrics": {
    "horizon_blocks": 1,
    "model_type": "lightgbm",
    "mse": 36.0,
    "rmse": 6.0,
    "mae": 6.0,
    "r2": 0.0,
    "block_inclusion_accuracy": 0.0,
    "avg_overpay_sat_vb": 0.0,
    "avg_underpay_sat_vb": 6.0,
    "within_10pct": 0.0,
    "within_20pct": 0.0,
    "within_50pct": 0.0,
    "asymmetric_loss": 25.2,
    "mape": 85.71428571428571
  }
}