{
  "horizon": "1block",
  "xgb_metrics": {
    "horizon_blocks": 1,
    "mse": 0.5590963536181448,
    "rmse": 0.7477274594517342,
    "mae": 0.6680115063985189,
    "r2": 0.0,
    "block_inclusion_accuracy": 0.16666666666666666,
    "avg_overpay_sat_vb": 0.07231048742930095,
    "median_overpay_sat_vb": 0.0,
    "avg_underpay_sat_vb": 0.5957010189692179,
    "overpay_mape": 3.6155243714650473,
    "within_10pct": 0.0,
    "within_20pct": 0.3333333333333333,
    "within_50pct": 0.5,
    "asymmetric_loss": 0.37881831171126984,
    "mape": 33.40057531992595
  },
  "lgb_metrics": {
    "horizon_blocks": 1,
    "model_type": "lightgbm",
    "mse": 0.5683980736105402,
    "rmse": 0.7539217954208116,
    "mae": 0.7539217954208118,
    "r2": 0.0,
    "block_inclusion_accuracy": 0.0,
    "avg_overpay_sat_vb": 0.0,
    "avg_underpay_sat_vb": 0.7539217954208118,
    "within_10pct": 0.0,
    "within_20pct": 0.0,
    "within_50pct": 1.0,
    "asymmetric_loss": 0.39787865152737817,
    "mape": 37.69608977104059
  }
}