{
  "horizon": "1block",
  "xgb_metrics": {
    "horizon_blocks": 1,
    "mse": 0.5291611070565144,
    "rmse": 0.72743460672181,
    "mae": 0.6794483661651611,
    "r2": 0.0,
    "block_inclusion_accuracy": 0.0,
    "avg_overpay_sat_vb": 0.0,
    "median_overpay_sat_vb": 0.0,
    "avg_underpay_sat_vb": 0.6794483661651611,
    "overpay_mape": 0.0,
    "within_10pct": 0.5,
    "within_20pct": 1.0,
    "within_50pct": 1.0,
    "asymmetric_loss": 0.37041277493956004,
    "mape": 9.706405230930875
  },
  "lgb_metrics": {
    "horizon_blocks": 1,
    "model_type": "lightgbm",
    "mse": 36.0,
    "rmse": 6.0,
    "mae": 6.0,
    "r2": 0.0,
    "block_inclusion_accuracy": 0.0,
    "avg_overpay_sat_vb": 0.0,
    "avg_underpay_sat_vb": 6.0,
    "within_10pct": 0.0,
    "within_20pct": 0.0,
    "within_50pct": 0.0,
    "asymmetric_loss": 25.2,
    "mape": 85.71428571428571
  }
}