{
  "horizon": "3block",
  "xgb_metrics": {
    "horizon_blocks": 3,
    "mse": 2.3664045822551736,
    "rmse": 1.5383122512205296,
    "mae": 1.3668940663337708,
    "r2": -8.465618329020694,
    "block_inclusion_accuracy": 0.8333333333333334,
    "avg_overpay_sat_vb": 1.200227399667104,
    "median_overpay_sat_vb": 1.0086239576339722,
    "avg_underpay_sat_vb": 0.16666666666666666,
    "overpay_mape": 86.93263332049051,
    "within_10pct": 0.0,
    "within_20pct": 0.0,
    "within_50pct": 0.0,
    "asymmetric_loss": 0.7765880413432189,
    "mape": 95.26596665382385
  },
  "lgb_metrics": {
    "horizon_blocks": 3,
    "model_type": "lightgbm",
    "mse": 0.4959273949994101,
    "rmse": 0.7042211264932415,
    "mae": 0.5,
    "r2": -0.9837095799976403,
    "block_inclusion_accuracy": 0.5,
    "avg_overpay_sat_vb": 0.002044663800408353,
    "avg_underpay_sat_vb": 0.49795533619959165,
    "within_10pct": 0.5,
    "within_20pct": 0.5,
    "within_50pct": 1.0,
    "asymmetric_loss": 0.3471458319795417,
    "mape": 25.102233190020417
  }
}