{
  "horizon": "6block",
  "xgb_metrics": {
    "horizon_blocks": 6,
    "mse": 0.07416000816885078,
    "rmse": 0.27232335222828535,
    "mae": 0.20959262053171793,
    "r2": 0.0,
    "block_inclusion_accuracy": 1.0,
    "avg_overpay_sat_vb": 0.20959262053171793,
    "median_overpay_sat_vb": 0.15662610530853271,
    "avg_underpay_sat_vb": 0.0,
    "overpay_mape": 10.479631026585896,
    "within_10pct": 0.6666666666666666,
    "within_20pct": 0.8333333333333334,
    "within_50pct": 1.0,
    "asymmetric_loss": 0.022248002450655238,
    "mape": 10.479631026585896
  },
  "lgb_metrics": {
    "horizon_blocks": 6,
    "model_type": "lightgbm",
    "mse": 1.0,
    "rmse": 1.0,
    "mae": 1.0,
    "r2": 0.0,
    "block_inclusion_accuracy": 0.0,
    "avg_overpay_sat_vb": 0.0,
    "avg_underpay_sat_vb": 1.0,
    "within_10pct": 0.0,
    "within_20pct": 0.0,
    "within_50pct": 0.0,
    "asymmetric_loss": 0.7000000000000001,
    "mape": 50.0
  }
}