{
  "horizon": "1block",
  "xgb_metrics": {
    "horizon_blocks": 1,
    "mse": 0.21950785562769445,
    "rmse": 0.46851665458945474,
    "mae": 0.37949246168136597,
    "r2": 0.0,
    "block_inclusion_accuracy": 0.8333333333333334,
    "avg_overpay_sat_vb": 0.37301313877105713,
    "median_overpay_sat_vb": 0.3704049587249756,
    "avg_underpay_sat_vb": 0.006479322910308838,
    "overpay_mape": 18.650656938552856,
    "within_10pct": 0.3333333333333333,
    "within_20pct": 0.6666666666666666,
    "within_50pct": 1.0,
    "asymmetric_loss": 0.06595311258921087,
    "mape": 18.9746230840683
  },
  "lgb_metrics": {
    "horizon_blocks": 1,
    "model_type": "lightgbm",
    "mse": 0.5436109019611707,
    "rmse": 0.7372997368514183,
    "mae": 0.7370839884621274,
    "r2": 0.0,
    "block_inclusion_accuracy": 0.0,
    "avg_overpay_sat_vb": 0.0,
    "avg_underpay_sat_vb": 0.7370839884621274,
    "within_10pct": 0.0,
    "within_20pct": 0.0,
    "within_50pct": 1.0,
    "asymmetric_loss": 0.3805276313728195,
    "mape": 36.85419942310637
  }
}