{
  "horizon": "3block",
  "xgb_metrics": {
    "horizon_blocks": 3,
    "mse": 0.11964546481509804,
    "rmse": 0.34589805552373093,
    "mae": 0.3143380085627238,
    "r2": 0.0,
    "block_inclusion_accuracy": 0.5,
    "avg_overpay_sat_vb": 0.1880012353261312,
    "median_overpay_sat_vb": 0.13145101070404053,
    "avg_underpay_sat_vb": 0.12633677323659262,
    "overpay_mape": 6.266707844204372,
    "within_10pct": 0.5,
    "within_20pct": 1.0,
    "within_50pct": 1.0,
    "asymmetric_loss": 0.05250978074134784,
    "mape": 10.477933618757461
  },
  "lgb_metrics": {
    "horizon_blocks": 3,
    "model_type": "lightgbm",
    "mse": 3.98365941219696,
    "rmse": 1.9959106723991833,
    "mae": 1.9959106723991835,
    "r2": 0.0,
    "block_inclusion_accuracy": 0.0,
    "avg_overpay_sat_vb": 0.0,
    "avg_underpay_sat_vb": 1.9959106723991835,
    "within_10pct": 0.0,
    "within_20pct": 0.0,
    "within_50pct": 0.0,
    "asymmetric_loss": 2.788561588537872,
    "mape": 66.53035574663944
  }
}