{
  "horizon": "1block",
  "xgb_metrics": {
    "horizon_blocks": 1,
    "mse": 0.37300355703760363,
    "rmse": 0.6107401714621395,
    "mae": 0.47192464272181195,
    "r2": 0.0,
    "block_inclusion_accuracy": 0.16666666666666666,
    "avg_overpay_sat_vb": 0.01846909523010254,
    "median_overpay_sat_vb": 0.0,
    "avg_underpay_sat_vb": 0.4534555474917094,
    "overpay_mape": 0.923454761505127,
    "within_10pct": 0.3333333333333333,
    "within_20pct": 0.5,
    "within_50pct": 0.6666666666666666,
    "asymmetric_loss": 0.26028383197763794,
    "mape": 23.5962321360906
  },
  "lgb_metrics": {
    "horizon_blocks": 1,
    "model_type": "lightgbm",
    "mse": 0.784318232663764,
    "rmse": 0.8856174301941917,
    "mae": 0.8856174301941916,
    "r2": 0.0,
    "block_inclusion_accuracy": 0.0,
    "avg_overpay_sat_vb": 0.0,
    "avg_underpay_sat_vb": 0.8856174301941916,
    "within_10pct": 0.0,
    "within_20pct": 0.0,
    "within_50pct": 1.0,
    "asymmetric_loss": 0.5490227628646348,
    "mape": 44.28087150970958
  }
}