{
  "horizon": "1block",
  "xgb_metrics": {
    "horizon_blocks": 1,
    "mse": 0.0623637389968934,
    "rmse": 0.24972732929516026,
    "mae": 0.19659332434336343,
    "r2": 0.0,
    "block_inclusion_accuracy": 1.0,
    "avg_overpay_sat_vb": 0.19659332434336343,
    "median_overpay_sat_vb": 0.21506214141845703,
    "avg_underpay_sat_vb": 0.0,
    "overpay_mape": 19.659332434336342,
    "within_10pct": 0.3333333333333333,
    "within_20pct": 0.3333333333333333,
    "within_50pct": 1.0,
    "asymmetric_loss": 0.018709121699068024,
    "mape": 19.659332434336342
  },
  "lgb_metrics": {
    "horizon_blocks": 1,
    "model_type": "lightgbm",
    "mse": 0.003979537095136577,
    "rmse": 0.06308357230798345,
    "mae": 0.06308357230798345,
    "r2": 0.0,
    "block_inclusion_accuracy": 1.0,
    "avg_overpay_sat_vb": 0.06308357230798345,
    "avg_underpay_sat_vb": 0.0,
    "within_10pct": 1.0,
    "within_20pct": 1.0,
    "within_50pct": 1.0,
    "asymmetric_loss": 0.001193861128540973,
    "mape": 6.308357230798345
  }
}