{
  "horizon": "1block",
  "xgb_metrics": {
    "horizon_blocks": 1,
    "mse": 0.13518864912884018,
    "rmse": 0.3676800907430809,
    "mae": 0.26821664969126385,
    "r2": 0.0,
    "block_inclusion_accuracy": 0.5,
    "avg_overpay_sat_vb": 0.035806894302368164,
    "median_overpay_sat_vb": 0.0055615901947021484,
    "avg_underpay_sat_vb": 0.23240975538889566,
    "overpay_mape": 1.7903447151184082,
    "within_10pct": 0.5,
    "within_20pct": 0.6666666666666666,
    "within_50pct": 1.0,
    "asymmetric_loss": 0.09316433227167427,
    "mape": 13.410832484563192
  },
  "lgb_metrics": {
    "horizon_blocks": 1,
    "model_type": "lightgbm",
    "mse": 0.596494722878704,
    "rmse": 0.7723307082323634,
    "mae": 0.7723307082323635,
    "r2": 0.0,
    "block_inclusion_accuracy": 0.0,
    "avg_overpay_sat_vb": 0.0,
    "avg_underpay_sat_vb": 0.7723307082323635,
    "within_10pct": 0.0,
    "within_20pct": 0.0,
    "within_50pct": 1.0,
    "asymmetric_loss": 0.41754630601509274,
    "mape": 38.61653541161817
  }
}