{
  "horizon": "6block",
  "xgb_metrics": {
    "horizon_blocks": 6,
    "mse": 0.24314115802248656,
    "rmse": 0.4930934576958881,
    "mae": 0.3740835189819336,
    "r2": 0.0,
    "block_inclusion_accuracy": 0.3333333333333333,
    "avg_overpay_sat_vb": 0.0911554495493571,
    "median_overpay_sat_vb": 0.0,
    "avg_underpay_sat_vb": 0.2829280694325765,
    "overpay_mape": 3.0385149849785695,
    "within_10pct": 0.5,
    "within_20pct": 0.8333333333333334,
    "within_50pct": 1.0,
    "asymmetric_loss": 0.15235283807757583,
    "mape": 12.469450632731121
  },
  "lgb_metrics": {
    "horizon_blocks": 6,
    "model_type": "lightgbm",
    "mse": 3.924462996364204,
    "rmse": 1.9810257434885101,
    "mae": 1.9810257434885103,
    "r2": 0.0,
    "block_inclusion_accuracy": 0.0,
    "avg_overpay_sat_vb": 0.0,
    "avg_underpay_sat_vb": 1.9810257434885103,
    "within_10pct": 0.0,
    "within_20pct": 0.0,
    "within_50pct": 0.0,
    "asymmetric_loss": 2.7471240974549427,
    "mape": 66.03419144961701
  }
}