{
  "horizon": "1block",
  "xgb_metrics": {
    "horizon_blocks": 1,
    "mse": 0.3190119080685605,
    "rmse": 0.5648113915888742,
    "mae": 0.5466752847035726,
    "r2": 0.0,
    "block_inclusion_accuracy": 1.0,
    "avg_overpay_sat_vb": 0.5466752847035726,
    "median_overpay_sat_vb": 0.5333045125007629,
    "avg_underpay_sat_vb": 0.0,
    "overpay_mape": 54.66752847035726,
    "within_10pct": 0.0,
    "within_20pct": 0.0,
    "within_50pct": 0.5,
    "asymmetric_loss": 0.09570357242056816,
    "mape": 54.66752847035726
  },
  "lgb_metrics": {
    "horizon_blocks": 1,
    "model_type": "lightgbm",
    "mse": 0.0,
    "rmse": 0.0,
    "mae": 0.0,
    "r2": 1.0,
    "block_inclusion_accuracy": 1.0,
    "avg_overpay_sat_vb": 0.0,
    "avg_underpay_sat_vb": 0.0,
    "within_10pct": 1.0,
    "within_20pct": 1.0,
    "within_50pct": 1.0,
    "asymmetric_loss": 0.0,
    "mape": 0.0
  }
}