{
  "horizon": "3block",
  "xgb_metrics": {
    "horizon_blocks": 3,
    "mse": 0.8529730680016977,
    "rmse": 0.9235654107867497,
    "mae": 0.7256870667139689,
    "r2": 0.0,
    "block_inclusion_accuracy": 0.5,
    "avg_overpay_sat_vb": 0.14312076568603516,
    "median_overpay_sat_vb": 0.020944595336914062,
    "avg_underpay_sat_vb": 0.5825663010279337,
    "overpay_mape": 3.578019142150879,
    "within_10pct": 0.3333333333333333,
    "within_20pct": 0.6666666666666666,
    "within_50pct": 1.0,
    "asymmetric_loss": 0.5589473894292903,
    "mape": 18.14217666784922
  },
  "lgb_metrics": {
    "horizon_blocks": 3,
    "model_type": "lightgbm",
    "mse": 8.975480756995326,
    "rmse": 2.9959106723991833,
    "mae": 2.9959106723991833,
    "r2": 0.0,
    "block_inclusion_accuracy": 0.0,
    "avg_overpay_sat_vb": 0.0,
    "avg_underpay_sat_vb": 2.9959106723991833,
    "within_10pct": 0.0,
    "within_20pct": 0.0,
    "within_50pct": 0.0,
    "asymmetric_loss": 6.282836529896728,
    "mape": 74.89776680997959
  }
}