{
  "horizon": "3block",
  "xgb_metrics": {
    "horizon_blocks": 3,
    "mse": 18.996973769029978,
    "rmse": 4.358551797217738,
    "mae": 4.244175354639689,
    "r2": 0.0,
    "block_inclusion_accuracy": 1.0,
    "avg_overpay_sat_vb": 4.244175354639689,
    "median_overpay_sat_vb": 4.630496978759766,
    "avg_underpay_sat_vb": 0.0,
    "overpay_mape": 212.20876773198447,
    "within_10pct": 0.0,
    "within_20pct": 0.0,
    "within_50pct": 0.0,
    "asymmetric_loss": 5.699092130708995,
    "mape": 212.20876773198447
  },
  "lgb_metrics": {
    "horizon_blocks": 3,
    "model_type": "lightgbm",
    "mse": 0.9918380673985933,
    "rmse": 0.9959106723991832,
    "mae": 0.9959106723991834,
    "r2": 0.0,
    "block_inclusion_accuracy": 0.0,
    "avg_overpay_sat_vb": 0.0,
    "avg_underpay_sat_vb": 0.9959106723991834,
    "within_10pct": 0.0,
    "within_20pct": 0.0,
    "within_50pct": 1.0,
    "asymmetric_loss": 0.6942866471790153,
    "mape": 49.79553361995917
  }
}