{
  "horizon": "1block",
  "xgb_metrics": {
    "horizon_blocks": 1,
    "mse": 0.9116771549084604,
    "rmse": 0.9548178647828393,
    "mae": 0.7775800625483195,
    "r2": -2.6467086196338414,
    "block_inclusion_accuracy": 0.6666666666666666,
    "avg_overpay_sat_vb": 0.6557143131891886,
    "median_overpay_sat_vb": 0.41570591926574707,
    "avg_underpay_sat_vb": 0.12186574935913086,
    "overpay_mape": 31.722995307710434,
    "within_10pct": 0.16666666666666666,
    "within_20pct": 0.5,
    "within_50pct": 0.6666666666666666,
    "asymmetric_loss": 0.29213489915874696,
    "mape": 35.785186953014794
  },
  "lgb_metrics": {
    "horizon_blocks": 1,
    "model_type": "lightgbm",
    "mse": 2.5,
    "rmse": 1.5811388300841898,
    "mae": 1.5,
    "r2": -9.0,
    "block_inclusion_accuracy": 0.0,
    "avg_overpay_sat_vb": 0.0,
    "avg_underpay_sat_vb": 1.5,
    "within_10pct": 0.0,
    "within_20pct": 0.0,
    "within_50pct": 0.0,
    "asymmetric_loss": 1.7499999999999993,
    "mape": 58.333333333333336
  }
}