{
  "horizon": "1block",
  "xgb_metrics": {
    "horizon_blocks": 1,
    "mse": 0.8040207686954943,
    "rmse": 0.8966720519205973,
    "mae": 0.875292976697286,
    "r2": 0.0,
    "block_inclusion_accuracy": 0.16666666666666666,
    "avg_overpay_sat_vb": 0.0805446704228719,
    "median_overpay_sat_vb": 0.0,
    "avg_underpay_sat_vb": 0.7947483062744141,
    "overpay_mape": 4.027233521143595,
    "within_10pct": 0.0,
    "within_20pct": 0.0,
    "within_50pct": 0.3333333333333333,
    "asymmetric_loss": 0.5472446726463763,
    "mape": 43.7646488348643
  },
  "lgb_metrics": {
    "horizon_blocks": 1,
    "model_type": "lightgbm",
    "mse": 0.4405802423280519,
    "rmse": 0.6637621880824878,
    "mae": 0.6637621880824877,
    "r2": 0.0,
    "block_inclusion_accuracy": 0.0,
    "avg_overpay_sat_vb": 0.0,
    "avg_underpay_sat_vb": 0.6637621880824877,
    "within_10pct": 0.0,
    "within_20pct": 0.0,
    "within_50pct": 1.0,
    "asymmetric_loss": 0.3084061696296363,
    "mape": 33.18810940412438
  }
}