{
  "horizon": "3block",
  "xgb_metrics": {
    "horizon_blocks": 3,
    "mse": 3.876602676913554,
    "rmse": 1.968909006763277,
    "mae": 1.857030709584554,
    "r2": -14.506410707654217,
    "block_inclusion_accuracy": 0.0,
    "avg_overpay_sat_vb": 0.0,
    "median_overpay_sat_vb": 0.0,
    "avg_underpay_sat_vb": 1.857030709584554,
    "overpay_mape": 0.0,
    "within_10pct": 0.0,
    "within_20pct": 0.0,
    "within_50pct": 0.5,
    "asymmetric_loss": 2.7136218738394877,
    "mape": 53.19541063573625
  },
  "lgb_metrics": {
    "horizon_blocks": 3,
    "model_type": "lightgbm",
    "mse": 6.479570084596143,
    "rmse": 2.5454999675105365,
    "mae": 2.4959106723991833,
    "r2": -24.918280338384573,
    "block_inclusion_accuracy": 0.0,
    "avg_overpay_sat_vb": 0.0,
    "avg_underpay_sat_vb": 2.4959106723991833,
    "within_10pct": 0.0,
    "within_20pct": 0.0,
    "within_50pct": 0.0,
    "asymmetric_loss": 4.5356990592173,
    "mape": 70.71406127830952
  }
}