{
  "horizon": "6block",
  "xgb_metrics": {
    "horizon_blocks": 6,
    "mse": 38.11557845147541,
    "rmse": 6.173781535774927,
    "mae": 5.441372513771057,
    "r2": -170.5201030316393,
    "block_inclusion_accuracy": 1.0,
    "avg_overpay_sat_vb": 5.441372513771057,
    "median_overpay_sat_vb": 5.944067478179932,
    "avg_underpay_sat_vb": 0.0,
    "overpay_mape": 407.90377259254456,
    "within_10pct": 0.0,
    "within_20pct": 0.0,
    "within_50pct": 0.0,
    "asymmetric_loss": 11.434673535442622,
    "mape": 407.90377259254456
  },
  "lgb_metrics": {
    "horizon_blocks": 6,
    "model_type": "lightgbm",
    "mse": 0.6666666666666666,
    "rmse": 0.816496580927726,
    "mae": 0.6666666666666666,
    "r2": -1.9999999999999996,
    "block_inclusion_accuracy": 0.3333333333333333,
    "avg_overpay_sat_vb": 0.0,
    "avg_underpay_sat_vb": 0.6666666666666666,
    "within_10pct": 0.3333333333333333,
    "within_20pct": 0.3333333333333333,
    "within_50pct": 0.3333333333333333,
    "asymmetric_loss": 0.4666666666666666,
    "mape": 33.33333333333333
  }
}