{
  "horizon": "3block",
  "xgb_metrics": {
    "horizon_blocks": 3,
    "mse": 0.0919843202429244,
    "rmse": 0.3032891693465568,
    "mae": 0.12381728490193684,
    "r2": 0.0,
    "block_inclusion_accuracy": 1.0,
    "avg_overpay_sat_vb": 0.12381728490193684,
    "median_overpay_sat_vb": 0.0,
    "avg_underpay_sat_vb": 0.0,
    "overpay_mape": 12.381728490193684,
    "within_10pct": 0.8333333333333334,
    "within_20pct": 0.8333333333333334,
    "within_50pct": 0.8333333333333334,
    "asymmetric_loss": 0.02759529607287732,
    "mape": 12.381728490193684
  },
  "lgb_metrics": {
    "horizon_blocks": 3,
    "model_type": "lightgbm",
    "mse": 0.0,
    "rmse": 0.0,
    "mae": 0.0,
    "r2": 1.0,
    "block_inclusion_accuracy": 1.0,
    "avg_overpay_sat_vb": 0.0,
    "avg_underpay_sat_vb": 0.0,
    "within_10pct": 1.0,
    "within_20pct": 1.0,
    "within_50pct": 1.0,
    "asymmetric_loss": 0.0,
    "mape": 0.0
  }
}