{
  "horizon": "1block",
  "xgb_metrics": {
    "horizon_blocks": 1,
    "mse": 0.3963749697524814,
    "rmse": 0.6295831714336727,
    "mae": 0.5813422997792562,
    "r2": 0.0,
    "block_inclusion_accuracy": 0.16666666666666666,
    "avg_overpay_sat_vb": 0.1278775930404663,
    "median_overpay_sat_vb": 0.0,
    "avg_underpay_sat_vb": 0.45346470673878986,
    "overpay_mape": 6.393879652023315,
    "within_10pct": 0.0,
    "within_20pct": 0.3333333333333333,
    "within_50pct": 0.8333333333333334,
    "asymmetric_loss": 0.23821604970236146,
    "mape": 29.06711498896281
  },
  "lgb_metrics": {
    "horizon_blocks": 1,
    "model_type": "lightgbm",
    "mse": 0.4263836945890187,
    "rmse": 0.6529806234407103,
    "mae": 0.6529806234407102,
    "r2": 0.0,
    "block_inclusion_accuracy": 0.0,
    "avg_overpay_sat_vb": 0.0,
    "avg_underpay_sat_vb": 0.6529806234407102,
    "within_10pct": 0.0,
    "within_20pct": 0.0,
    "within_50pct": 1.0,
    "asymmetric_loss": 0.2984685862123131,
    "mape": 32.64903117203551
  }
}