{
  "horizon": "1block",
  "xgb_metrics": {
    "horizon_blocks": 1,
    "mse": 0.36545866963908463,
    "rmse": 0.6045317771954463,
    "mae": 0.5197926163673401,
    "r2": 0.0,
    "block_inclusion_accuracy": 0.3333333333333333,
    "avg_overpay_sat_vb": 0.1232620080312093,
    "median_overpay_sat_vb": 0.0,
    "avg_underpay_sat_vb": 0.3965306083361308,
    "overpay_mape": 4.108733601040311,
    "within_10pct": 0.3333333333333333,
    "within_20pct": 0.6666666666666666,
    "within_50pct": 1.0,
    "asymmetric_loss": 0.2294936471941779,
    "mape": 17.326420545578003
  },
  "lgb_metrics": {
    "horizon_blocks": 1,
    "model_type": "lightgbm",
    "mse": 3.642367955751846,
    "rmse": 1.9084988749674037,
    "mae": 1.90849863935832,
    "r2": 0.0,
    "block_inclusion_accuracy": 0.0,
    "avg_overpay_sat_vb": 0.0,
    "avg_underpay_sat_vb": 1.90849863935832,
    "within_10pct": 0.0,
    "within_20pct": 0.0,
    "within_50pct": 0.0,
    "asymmetric_loss": 2.549657569026292,
    "mape": 63.616621311944
  }
}