{
  "horizon": "6block",
  "xgb_metrics": {
    "horizon_blocks": 6,
    "mse": 8.824835419436388,
    "rmse": 2.97066245464482,
    "mae": 2.4790390729904175,
    "r2": 0.0,
    "block_inclusion_accuracy": 0.6666666666666666,
    "avg_overpay_sat_vb": 2.145705739657084,
    "median_overpay_sat_vb": 1.9715255498886108,
    "avg_underpay_sat_vb": 0.3333333333333333,
    "overpay_mape": 107.2852869828542,
    "within_10pct": 0.0,
    "within_20pct": 0.0,
    "within_50pct": 0.0,
    "asymmetric_loss": 2.78078395916425,
    "mape": 123.95195364952087
  },
  "lgb_metrics": {
    "horizon_blocks": 6,
    "model_type": "lightgbm",
    "mse": 1.0,
    "rmse": 1.0,
    "mae": 1.0,
    "r2": 0.0,
    "block_inclusion_accuracy": 0.0,
    "avg_overpay_sat_vb": 0.0,
    "avg_underpay_sat_vb": 1.0,
    "within_10pct": 0.0,
    "within_20pct": 0.0,
    "within_50pct": 0.0,
    "asymmetric_loss": 0.7000000000000001,
    "mape": 50.0
  }
}