{
  "horizon": "1block",
  "xgb_metrics": {
    "horizon_blocks": 1,
    "mse": 0.14944884836927486,
    "rmse": 0.3865861461165866,
    "mae": 0.3488149642944336,
    "r2": 0.0,
    "block_inclusion_accuracy": 0.5,
    "avg_overpay_sat_vb": 0.15867201487223306,
    "median_overpay_sat_vb": 0.04701399803161621,
    "avg_underpay_sat_vb": 0.19014294942220053,
    "overpay_mape": 7.933600743611653,
    "within_10pct": 0.16666666666666666,
    "within_20pct": 0.6666666666666666,
    "within_50pct": 1.0,
    "asymmetric_loss": 0.07617109738700188,
    "mape": 17.44074821472168
  },
  "lgb_metrics": {
    "horizon_blocks": 1,
    "model_type": "lightgbm",
    "mse": 0.5862731290499842,
    "rmse": 0.7656847452117511,
    "mae": 0.7656847452117511,
    "r2": 0.0,
    "block_inclusion_accuracy": 0.0,
    "avg_overpay_sat_vb": 0.0,
    "avg_underpay_sat_vb": 0.7656847452117511,
    "within_10pct": 0.0,
    "within_20pct": 0.0,
    "within_50pct": 1.0,
    "asymmetric_loss": 0.41039119033498883,
    "mape": 38.28423726058755
  }
}