{
  "horizon": "1block",
  "xgb_metrics": {
    "horizon_blocks": 1,
    "mse": 0.27135415807083046,
    "rmse": 0.5209166517503836,
    "mae": 0.4299095074335734,
    "r2": 0.0,
    "block_inclusion_accuracy": 0.0,
    "avg_overpay_sat_vb": 0.0,
    "median_overpay_sat_vb": 0.0,
    "avg_underpay_sat_vb": 0.4299095074335734,
    "overpay_mape": 0.0,
    "within_10pct": 0.3333333333333333,
    "within_20pct": 0.5,
    "within_50pct": 1.0,
    "asymmetric_loss": 0.1899479106495813,
    "mape": 21.495475371678673
  },
  "lgb_metrics": {
    "horizon_blocks": 1,
    "model_type": "lightgbm",
    "mse": 0.5261280683484739,
    "rmse": 0.7253468607145646,
    "mae": 0.7253468607145646,
    "r2": 0.0,
    "block_inclusion_accuracy": 0.0,
    "avg_overpay_sat_vb": 0.0,
    "avg_underpay_sat_vb": 0.7253468607145646,
    "within_10pct": 0.0,
    "within_20pct": 0.0,
    "within_50pct": 1.0,
    "asymmetric_loss": 0.3682896478439317,
    "mape": 36.26734303572823
  }
}