{
  "horizon": "1block",
  "xgb_metrics": {
    "horizon_blocks": 1,
    "mse": 0.10783781717686954,
    "rmse": 0.3283866884891492,
    "mae": 0.2879136602083842,
    "r2": 0.0,
    "block_inclusion_accuracy": 1.0,
    "avg_overpay_sat_vb": 0.2879136602083842,
    "median_overpay_sat_vb": 0.325345516204834,
    "avg_underpay_sat_vb": 0.0,
    "overpay_mape": 28.79136602083842,
    "within_10pct": 0.16666666666666666,
    "within_20pct": 0.3333333333333333,
    "within_50pct": 1.0,
    "asymmetric_loss": 0.032351345153060866,
    "mape": 28.79136602083842
  },
  "lgb_metrics": {
    "horizon_blocks": 1,
    "model_type": "lightgbm",
    "mse": 0.02131729482083104,
    "rmse": 0.1460044342505769,
    "mae": 0.14600250938349243,
    "r2": 0.0,
    "block_inclusion_accuracy": 1.0,
    "avg_overpay_sat_vb": 0.14600250938349243,
    "avg_underpay_sat_vb": 0.0,
    "within_10pct": 0.0,
    "within_20pct": 1.0,
    "within_50pct": 1.0,
    "asymmetric_loss": 0.006395188446249312,
    "mape": 14.600250938349243
  }
}