{
  "horizon": "1block",
  "xgb_metrics": {
    "horizon_blocks": 1,
    "mse": 0.2833859505816842,
    "rmse": 0.5323400704264937,
    "mae": 0.4765448570251465,
    "r2": 0.0,
    "block_inclusion_accuracy": 0.16666666666666666,
    "avg_overpay_sat_vb": 0.012366294860839844,
    "median_overpay_sat_vb": 0.0,
    "avg_underpay_sat_vb": 0.46417856216430664,
    "overpay_mape": 0.15457868576049805,
    "within_10pct": 1.0,
    "within_20pct": 1.0,
    "within_50pct": 1.0,
    "asymmetric_loss": 0.19800314481057435,
    "mape": 5.956810712814331
  },
  "lgb_metrics": {
    "horizon_blocks": 1,
    "model_type": "lightgbm",
    "mse": 49.0,
    "rmse": 7.0,
    "mae": 7.0,
    "r2": 0.0,
    "block_inclusion_accuracy": 0.0,
    "avg_overpay_sat_vb": 0.0,
    "avg_underpay_sat_vb": 7.0,
    "within_10pct": 0.0,
    "within_20pct": 0.0,
    "within_50pct": 0.0,
    "asymmetric_loss": 34.300000000000004,
    "mape": 87.5
  }
}