{
  "horizon": "1block",
  "xgb_metrics": {
    "horizon_blocks": 1,
    "mse": 3.1619843404566077,
    "rmse": 1.7781969352286624,
    "mae": 1.5341839790344238,
    "r2": -21.76628725128758,
    "block_inclusion_accuracy": 1.0,
    "avg_overpay_sat_vb": 1.5341839790344238,
    "median_overpay_sat_vb": 1.3940632343292236,
    "avg_underpay_sat_vb": 0.0,
    "overpay_mape": 60.08904377619425,
    "within_10pct": 0.0,
    "within_20pct": 0.16666666666666666,
    "within_50pct": 0.5,
    "asymmetric_loss": 0.9485953021369825,
    "mape": 60.08904377619425
  },
  "lgb_metrics": {
    "horizon_blocks": 1,
    "model_type": "lightgbm",
    "mse": 2.462469411703788,
    "rmse": 1.5692257363756776,
    "mae": 1.5241825937389066,
    "r2": -16.729779764267274,
    "block_inclusion_accuracy": 0.0,
    "avg_overpay_sat_vb": 0.0,
    "avg_underpay_sat_vb": 1.5241825937389066,
    "within_10pct": 0.0,
    "within_20pct": 0.0,
    "within_50pct": 0.16666666666666666,
    "asymmetric_loss": 1.7237285881926516,
    "mape": 52.72138681098776
  }
}