{
  "horizon": "1block",
  "xgb_metrics": {
    "horizon_blocks": 1,
    "mse": 0.8157896334726024,
    "rmse": 0.9032107359152693,
    "mae": 0.6611157059669495,
    "r2": 0.0822366623433225,
    "block_inclusion_accuracy": 0.6666666666666666,
    "avg_overpay_sat_vb": 0.15904033184051514,
    "median_overpay_sat_vb": 0.0628325343132019,
    "avg_underpay_sat_vb": 0.5020753741264343,
    "overpay_mape": 15.904033184051514,
    "within_10pct": 0.3333333333333333,
    "within_20pct": 0.3333333333333333,
    "within_50pct": 0.8333333333333334,
    "asymmetric_loss": 0.5475137168397474,
    "mape": 32.63987898826599
  },
  "lgb_metrics": {
    "horizon_blocks": 1,
    "model_type": "lightgbm",
    "mse": 1.2740215563370665,
    "rmse": 1.128725633773357,
    "mae": 0.6985415181601123,
    "r2": -0.4332742508791996,
    "block_inclusion_accuracy": 0.6666666666666666,
    "avg_overpay_sat_vb": 0.04779737616142284,
    "avg_underpay_sat_vb": 0.6507441419986895,
    "within_10pct": 0.6666666666666666,
    "within_20pct": 0.6666666666666666,
    "within_50pct": 0.6666666666666666,
    "asymmetric_loss": 0.8904443359351962,
    "mape": 26.4712090160986
  }
}