{
  "horizon": "1block",
  "xgb_metrics": {
    "horizon_blocks": 1,
    "mse": 6.872593078527946,
    "rmse": 2.6215630983304496,
    "mae": 2.545118490854899,
    "r2": -48.4826701654012,
    "block_inclusion_accuracy": 1.0,
    "avg_overpay_sat_vb": 2.545118490854899,
    "median_overpay_sat_vb": 2.7771973609924316,
    "avg_underpay_sat_vb": 0.0,
    "overpay_mape": 53.09139370918273,
    "within_10pct": 0.0,
    "within_20pct": 0.0,
    "within_50pct": 0.3333333333333333,
    "asymmetric_loss": 2.061777923558384,
    "mape": 53.09139370918273
  },
  "lgb_metrics": {
    "horizon_blocks": 1,
    "model_type": "lightgbm",
    "mse": 14.833333333333334,
    "rmse": 3.851406669430448,
    "mae": 3.8333333333333335,
    "r2": -105.79999999999998,
    "block_inclusion_accuracy": 0.0,
    "avg_overpay_sat_vb": 0.0,
    "avg_underpay_sat_vb": 3.8333333333333335,
    "within_10pct": 0.0,
    "within_20pct": 0.0,
    "within_50pct": 0.0,
    "asymmetric_loss": 10.383333333333333,
    "mape": 79.16666666666666
  }
}