{
  "horizon": "6block",
  "xgb_metrics": {
    "horizon_blocks": 6,
    "mse": 0.34485134402753675,
    "rmse": 0.5872404482216265,
    "mae": 0.4810600280761719,
    "r2": 0.0,
    "block_inclusion_accuracy": 0.16666666666666666,
    "avg_overpay_sat_vb": 0.03214907646179199,
    "median_overpay_sat_vb": 0.0,
    "avg_underpay_sat_vb": 0.4489109516143799,
    "overpay_mape": 1.071635882059733,
    "within_10pct": 0.5,
    "within_20pct": 0.6666666666666666,
    "within_50pct": 1.0,
    "asymmetric_loss": 0.23891538933764492,
    "mape": 16.035334269205727
  },
  "lgb_metrics": {
    "horizon_blocks": 6,
    "model_type": "lightgbm",
    "mse": 4.0,
    "rmse": 2.0,
    "mae": 2.0,
    "r2": 0.0,
    "block_inclusion_accuracy": 0.0,
    "avg_overpay_sat_vb": 0.0,
    "avg_underpay_sat_vb": 2.0,
    "within_10pct": 0.0,
    "within_20pct": 0.0,
    "within_50pct": 0.0,
    "asymmetric_loss": 2.8000000000000003,
    "mape": 66.66666666666666
  }
}