{
  "horizon": "1block",
  "xgb_metrics": {
    "horizon_blocks": 1,
    "mse": 0.17163482035676006,
    "rmse": 0.4142883299789653,
    "mae": 0.34981908400853473,
    "r2": 0.0,
    "block_inclusion_accuracy": 0.5,
    "avg_overpay_sat_vb": 0.2381341060002645,
    "median_overpay_sat_vb": 0.15777122974395752,
    "avg_underpay_sat_vb": 0.11168497800827026,
    "overpay_mape": 11.906705300013225,
    "within_10pct": 0.3333333333333333,
    "within_20pct": 0.6666666666666666,
    "within_50pct": 1.0,
    "asymmetric_loss": 0.06660035871128092,
    "mape": 17.490954200426735
  },
  "lgb_metrics": {
    "horizon_blocks": 1,
    "model_type": "lightgbm",
    "mse": 0.9071288490259573,
    "rmse": 0.9524331205003096,
    "mae": 0.9524331205003095,
    "r2": 0.0,
    "block_inclusion_accuracy": 0.0,
    "avg_overpay_sat_vb": 0.0,
    "avg_underpay_sat_vb": 0.9524331205003095,
    "within_10pct": 0.0,
    "within_20pct": 0.0,
    "within_50pct": 1.0,
    "asymmetric_loss": 0.63499019431817,
    "mape": 47.621656025015476
  }
}