{
  "horizon": "6block",
  "xgb_metrics": {
    "horizon_blocks": 6,
    "mse": 1.3124193107217554,
    "rmse": 1.1456087075095736,
    "mae": 1.0922190348307292,
    "r2": 0.0,
    "block_inclusion_accuracy": 0.8333333333333334,
    "avg_overpay_sat_vb": 0.8826557795206705,
    "median_overpay_sat_vb": 0.9549603462219238,
    "avg_underpay_sat_vb": 0.2095632553100586,
    "overpay_mape": 9.807286439118561,
    "within_10pct": 0.3333333333333333,
    "within_20pct": 1.0,
    "within_50pct": 1.0,
    "asymmetric_loss": 0.49912601235928383,
    "mape": 12.135767053674769
  },
  "lgb_metrics": {
    "horizon_blocks": 6,
    "model_type": "lightgbm",
    "mse": 64.0,
    "rmse": 8.0,
    "mae": 8.0,
    "r2": 0.0,
    "block_inclusion_accuracy": 0.0,
    "avg_overpay_sat_vb": 0.0,
    "avg_underpay_sat_vb": 8.0,
    "within_10pct": 0.0,
    "within_20pct": 0.0,
    "within_50pct": 0.0,
    "asymmetric_loss": 44.800000000000004,
    "mape": 88.8888888888889
  }
}