{
  "horizon": "1block",
  "xgb_metrics": {
    "horizon_blocks": 1,
    "mse": 0.8351199825929617,
    "rmse": 0.9138489933205386,
    "mae": 0.7992861668268839,
    "r2": 0.0,
    "block_inclusion_accuracy": 1.0,
    "avg_overpay_sat_vb": 0.7992861668268839,
    "median_overpay_sat_vb": 0.858544111251831,
    "avg_underpay_sat_vb": 0.0,
    "overpay_mape": 39.96430834134419,
    "within_10pct": 0.16666666666666666,
    "within_20pct": 0.16666666666666666,
    "within_50pct": 0.6666666666666666,
    "asymmetric_loss": 0.2505359947778885,
    "mape": 39.96430834134419
  },
  "lgb_metrics": {
    "horizon_blocks": 1,
    "model_type": "lightgbm",
    "mse": 0.5373887282329188,
    "rmse": 0.7330680242875955,
    "mae": 0.7324673031632934,
    "r2": 0.0,
    "block_inclusion_accuracy": 0.0,
    "avg_overpay_sat_vb": 0.0,
    "avg_underpay_sat_vb": 0.7324673031632934,
    "within_10pct": 0.0,
    "within_20pct": 0.0,
    "within_50pct": 1.0,
    "asymmetric_loss": 0.3761721097630432,
    "mape": 36.623365158164674
  }
}