{
  "horizon": "1block",
  "xgb_metrics": {
    "horizon_blocks": 1,
    "mse": 1.757364761624596,
    "rmse": 1.3256563512557076,
    "mae": 1.0529962380727131,
    "r2": -6.029459046498384,
    "block_inclusion_accuracy": 1.0,
    "avg_overpay_sat_vb": 1.0529962380727131,
    "median_overpay_sat_vb": 0.8090798854827881,
    "avg_underpay_sat_vb": 0.0,
    "overpay_mape": 29.927104711532593,
    "within_10pct": 0.16666666666666666,
    "within_20pct": 0.5,
    "within_50pct": 0.6666666666666666,
    "asymmetric_loss": 0.5272094284873788,
    "mape": 29.927104711532593
  },
  "lgb_metrics": {
    "horizon_blocks": 1,
    "model_type": "lightgbm",
    "mse": 6.5,
    "rmse": 2.5495097567963922,
    "mae": 2.5,
    "r2": -25.0,
    "block_inclusion_accuracy": 0.0,
    "avg_overpay_sat_vb": 0.0,
    "avg_underpay_sat_vb": 2.5,
    "within_10pct": 0.0,
    "within_20pct": 0.0,
    "within_50pct": 0.0,
    "asymmetric_loss": 4.55,
    "mape": 70.83333333333334
  }
}