{
  "horizon": "1block",
  "xgb_metrics": {
    "horizon_blocks": 1,
    "mse": 0.5542373659431092,
    "rmse": 0.7444711988674305,
    "mae": 0.7066859404246012,
    "r2": 0.0,
    "block_inclusion_accuracy": 0.0,
    "avg_overpay_sat_vb": 0.0,
    "median_overpay_sat_vb": 0.0,
    "avg_underpay_sat_vb": 0.7066859404246012,
    "overpay_mape": 0.0,
    "within_10pct": 0.0,
    "within_20pct": 0.16666666666666666,
    "within_50pct": 0.8333333333333334,
    "asymmetric_loss": 0.38796615616017643,
    "mape": 35.33429702123006
  },
  "lgb_metrics": {
    "horizon_blocks": 1,
    "model_type": "lightgbm",
    "mse": 0.46575998440382627,
    "rmse": 0.6824661049486827,
    "mae": 0.6824654460736744,
    "r2": 0.0,
    "block_inclusion_accuracy": 0.0,
    "avg_overpay_sat_vb": 0.0,
    "avg_underpay_sat_vb": 0.6824654460736744,
    "within_10pct": 0.0,
    "within_20pct": 0.0,
    "within_50pct": 1.0,
    "asymmetric_loss": 0.32603198908267833,
    "mape": 34.12327230368372
  }
}