{
  "horizon": "1block",
  "xgb_metrics": {
    "horizon_blocks": 1,
    "mse": 20.293886664361292,
    "rmse": 4.504873656870001,
    "mae": 4.472373088200887,
    "r2": 0.0,
    "block_inclusion_accuracy": 1.0,
    "avg_overpay_sat_vb": 4.472373088200887,
    "median_overpay_sat_vb": 4.6748833656311035,
    "avg_underpay_sat_vb": 0.0,
    "overpay_mape": 149.07910294002954,
    "within_10pct": 0.0,
    "within_20pct": 0.0,
    "within_50pct": 0.0,
    "asymmetric_loss": 6.088165999308387,
    "mape": 149.07910294002954
  },
  "lgb_metrics": {
    "horizon_blocks": 1,
    "model_type": "lightgbm",
    "mse": 2.6410006193428655,
    "rmse": 1.6251155710726746,
    "mae": 1.6251155710726748,
    "r2": 0.0,
    "block_inclusion_accuracy": 0.0,
    "avg_overpay_sat_vb": 0.0,
    "avg_underpay_sat_vb": 1.6251155710726748,
    "within_10pct": 0.0,
    "within_20pct": 0.0,
    "within_50pct": 0.0,
    "asymmetric_loss": 1.848700433540006,
    "mape": 54.17051903575584
  }
}