{
  "horizon": "1block",
  "xgb_metrics": {
    "horizon_blocks": 1,
    "mse": 0.055507035949572035,
    "rmse": 0.23559931228586392,
    "mae": 0.21661335229873657,
    "r2": 0.0,
    "block_inclusion_accuracy": 0.16666666666666666,
    "avg_overpay_sat_vb": 0.0202713410059611,
    "median_overpay_sat_vb": 0.0,
    "avg_underpay_sat_vb": 0.19634201129277548,
    "overpay_mape": 1.0135670502980552,
    "within_10pct": 0.3333333333333333,
    "within_20pct": 1.0,
    "within_50pct": 1.0,
    "asymmetric_loss": 0.03786869972586852,
    "mape": 10.830667614936829
  },
  "lgb_metrics": {
    "horizon_blocks": 1,
    "model_type": "lightgbm",
    "mse": 1.0,
    "rmse": 1.0,
    "mae": 1.0,
    "r2": 0.0,
    "block_inclusion_accuracy": 0.0,
    "avg_overpay_sat_vb": 0.0,
    "avg_underpay_sat_vb": 1.0,
    "within_10pct": 0.0,
    "within_20pct": 0.0,
    "within_50pct": 0.0,
    "asymmetric_loss": 0.7000000000000001,
    "mape": 50.0
  }
}