{
  "horizon": "1block",
  "xgb_metrics": {
    "horizon_blocks": 1,
    "mse": 0.00010350689786757054,
    "rmse": 0.010173833980735607,
    "mae": 0.00415345033009847,
    "r2": 0.0,
    "block_inclusion_accuracy": 1.0,
    "avg_overpay_sat_vb": 0.00415345033009847,
    "median_overpay_sat_vb": 0.0,
    "avg_underpay_sat_vb": 0.0,
    "overpay_mape": 0.415345033009847,
    "within_10pct": 1.0,
    "within_20pct": 1.0,
    "within_50pct": 1.0,
    "asymmetric_loss": 3.105206936027117e-05,
    "mape": 0.415345033009847
  },
  "lgb_metrics": {
    "horizon_blocks": 1,
    "model_type": "lightgbm",
    "mse": 0.08609560774377285,
    "rmse": 0.2934205305423819,
    "mae": 0.29341899806332594,
    "r2": 0.0,
    "block_inclusion_accuracy": 1.0,
    "avg_overpay_sat_vb": 0.29341899806332594,
    "avg_underpay_sat_vb": 0.0,
    "within_10pct": 0.0,
    "within_20pct": 0.0,
    "within_50pct": 1.0,
    "asymmetric_loss": 0.02582868232313186,
    "mape": 29.341899806332595
  }
}