{
  "horizon": "1block",
  "xgb_metrics": {
    "horizon_blocks": 1,
    "mse": 1.5301640777309633,
    "rmse": 1.236998010398951,
    "mae": 1.232754389444987,
    "r2": 0.0,
    "block_inclusion_accuracy": 0.0,
    "avg_overpay_sat_vb": 0.0,
    "median_overpay_sat_vb": 0.0,
    "avg_underpay_sat_vb": 1.232754389444987,
    "overpay_mape": 0.0,
    "within_10pct": 0.0,
    "within_20pct": 1.0,
    "within_50pct": 1.0,
    "asymmetric_loss": 1.0711148544116742,
    "mape": 15.409429868062338
  },
  "lgb_metrics": {
    "horizon_blocks": 1,
    "model_type": "lightgbm",
    "mse": 44.66343867705939,
    "rmse": 6.6830710513250855,
    "mae": 6.6830709840416995,
    "r2": 0.0,
    "block_inclusion_accuracy": 0.0,
    "avg_overpay_sat_vb": 0.0,
    "avg_underpay_sat_vb": 6.6830709840416995,
    "within_10pct": 0.0,
    "within_20pct": 0.0,
    "within_50pct": 0.0,
    "asymmetric_loss": 31.264407073941566,
    "mape": 83.53838730052125
  }
}