{
  "horizon": "6block",
  "xgb_metrics": {
    "horizon_blocks": 6,
    "mse": 3.983275946687826,
    "rmse": 1.9958146072939305,
    "mae": 1.6915579239527385,
    "r2": 0.0,
    "block_inclusion_accuracy": 0.6666666666666666,
    "avg_overpay_sat_vb": 1.3729056517283122,
    "median_overpay_sat_vb": 1.2545838356018066,
    "avg_underpay_sat_vb": 0.31865227222442627,
    "overpay_mape": 68.64528258641562,
    "within_10pct": 0.0,
    "within_20pct": 0.0,
    "within_50pct": 0.16666666666666666,
    "asymmetric_loss": 1.317088548985236,
    "mape": 84.57789619763693
  },
  "lgb_metrics": {
    "horizon_blocks": 6,
    "model_type": "lightgbm",
    "mse": 1.0,
    "rmse": 1.0,
    "mae": 1.0,
    "r2": 0.0,
    "block_inclusion_accuracy": 0.0,
    "avg_overpay_sat_vb": 0.0,
    "avg_underpay_sat_vb": 1.0,
    "within_10pct": 0.0,
    "within_20pct": 0.0,
    "within_50pct": 0.0,
    "asymmetric_loss": 0.7000000000000001,
    "mape": 50.0
  }
}