{
  "horizon": "1block",
  "xgb_metrics": {
    "horizon_blocks": 1,
    "mse": 1.0957834246975438,
    "rmse": 1.0467967446918929,
    "mae": 0.7392870187759399,
    "r2": -3.931025411138945,
    "block_inclusion_accuracy": 0.6666666666666666,
    "avg_overpay_sat_vb": 0.4466441472371419,
    "median_overpay_sat_vb": 0.04293334484100342,
    "avg_underpay_sat_vb": 0.29264287153879803,
    "overpay_mape": 40.66732327143352,
    "within_10pct": 0.3333333333333333,
    "within_20pct": 0.5,
    "within_50pct": 0.6666666666666666,
    "asymmetric_loss": 0.4334897041414943,
    "mape": 55.29946684837341
  },
  "lgb_metrics": {
    "horizon_blocks": 1,
    "model_type": "lightgbm",
    "mse": 0.6666666666666666,
    "rmse": 0.816496580927726,
    "mae": 0.6666666666666666,
    "r2": -1.9999999999999991,
    "block_inclusion_accuracy": 0.3333333333333333,
    "avg_overpay_sat_vb": 0.0,
    "avg_underpay_sat_vb": 0.6666666666666666,
    "within_10pct": 0.3333333333333333,
    "within_20pct": 0.3333333333333333,
    "within_50pct": 0.3333333333333333,
    "asymmetric_loss": 0.4666666666666666,
    "mape": 33.33333333333333
  }
}