{
  "horizon": "1block",
  "xgb_metrics": {
    "horizon_blocks": 1,
    "mse": 5.44584987621901,
    "rmse": 2.3336344778518785,
    "mae": 2.2931641737620034,
    "r2": 0.0,
    "block_inclusion_accuracy": 1.0,
    "avg_overpay_sat_vb": 2.2931641737620034,
    "median_overpay_sat_vb": 2.2224655151367188,
    "avg_underpay_sat_vb": 0.0,
    "overpay_mape": 57.32910434405009,
    "within_10pct": 0.0,
    "within_20pct": 0.0,
    "within_50pct": 0.3333333333333333,
    "asymmetric_loss": 1.6337549628657033,
    "mape": 57.32910434405009
  },
  "lgb_metrics": {
    "horizon_blocks": 1,
    "model_type": "lightgbm",
    "mse": 8.606465829773029,
    "rmse": 2.9336778674171144,
    "mae": 2.9336777716202023,
    "r2": 0.0,
    "block_inclusion_accuracy": 0.0,
    "avg_overpay_sat_vb": 0.0,
    "avg_underpay_sat_vb": 2.9336777716202023,
    "within_10pct": 0.0,
    "within_20pct": 0.0,
    "within_50pct": 0.0,
    "asymmetric_loss": 6.024526080841119,
    "mape": 73.34194429050505
  }
}