{
  "horizon": "1block",
  "xgb_metrics": {
    "horizon_blocks": 1,
    "mse": 29.249893360115948,
    "rmse": 5.40831705432623,
    "mae": 5.10678752263387,
    "r2": 0.0,
    "block_inclusion_accuracy": 1.0,
    "avg_overpay_sat_vb": 5.10678752263387,
    "median_overpay_sat_vb": 5.529210090637207,
    "avg_underpay_sat_vb": 0.0,
    "overpay_mape": 127.66968806584676,
    "within_10pct": 0.0,
    "within_20pct": 0.0,
    "within_50pct": 0.16666666666666666,
    "asymmetric_loss": 8.774968008034785,
    "mape": 127.66968806584676
  },
  "lgb_metrics": {
    "horizon_blocks": 1,
    "model_type": "lightgbm",
    "mse": 8.116172129276928,
    "rmse": 2.8488896309399085,
    "mae": 2.848889453373495,
    "r2": 0.0,
    "block_inclusion_accuracy": 0.0,
    "avg_overpay_sat_vb": 0.0,
    "avg_underpay_sat_vb": 2.848889453373495,
    "within_10pct": 0.0,
    "within_20pct": 0.0,
    "within_50pct": 0.0,
    "asymmetric_loss": 5.6813204904938495,
    "mape": 71.22223633433737
  }
}