{
  "horizon": "1block",
  "xgb_metrics": {
    "horizon_blocks": 1,
    "mse": 8.350533966089037,
    "rmse": 2.889729047175364,
    "mae": 2.7087217966715493,
    "r2": 0.0,
    "block_inclusion_accuracy": 1.0,
    "avg_overpay_sat_vb": 2.7087217966715493,
    "median_overpay_sat_vb": 2.170732021331787,
    "avg_underpay_sat_vb": 0.0,
    "overpay_mape": 54.174435933430985,
    "within_10pct": 0.0,
    "within_20pct": 0.0,
    "within_50pct": 0.6666666666666666,
    "asymmetric_loss": 2.5051601898267113,
    "mape": 54.174435933430985
  },
  "lgb_metrics": {
    "horizon_blocks": 1,
    "model_type": "lightgbm",
    "mse": 13.51015971871997,
    "rmse": 3.675616916752883,
    "mae": 3.675616916752883,
    "r2": 0.0,
    "block_inclusion_accuracy": 0.0,
    "avg_overpay_sat_vb": 0.0,
    "avg_underpay_sat_vb": 3.675616916752883,
    "within_10pct": 0.0,
    "within_20pct": 0.0,
    "within_50pct": 0.0,
    "asymmetric_loss": 9.45711180310398,
    "mape": 73.51233833505766
  }
}