{
  "horizon": "1block",
  "xgb_metrics": {
    "horizon_blocks": 1,
    "mse": 0.27980741327114816,
    "rmse": 0.5289682535570052,
    "mae": 0.42648883660634357,
    "r2": 0.0,
    "block_inclusion_accuracy": 0.5,
    "avg_overpay_sat_vb": 0.11207664012908936,
    "median_overpay_sat_vb": 0.0002866983413696289,
    "avg_underpay_sat_vb": 0.3144121964772542,
    "overpay_mape": 5.603832006454468,
    "within_10pct": 0.16666666666666666,
    "within_20pct": 0.6666666666666666,
    "within_50pct": 0.8333333333333334,
    "asymmetric_loss": 0.18055179025760992,
    "mape": 21.324441830317177
  },
  "lgb_metrics": {
    "horizon_blocks": 1,
    "model_type": "lightgbm",
    "mse": 1.0,
    "rmse": 1.0,
    "mae": 1.0,
    "r2": 0.0,
    "block_inclusion_accuracy": 0.0,
    "avg_overpay_sat_vb": 0.0,
    "avg_underpay_sat_vb": 1.0,
    "within_10pct": 0.0,
    "within_20pct": 0.0,
    "within_50pct": 0.0,
    "asymmetric_loss": 0.7000000000000001,
    "mape": 50.0
  }
}