{
  "horizon": "6block",
  "xgb_metrics": {
    "horizon_blocks": 6,
    "mse": 7.353124512825389,
    "rmse": 2.7116645280759544,
    "mae": 2.515794595082601,
    "r2": -2.6765622564126943,
    "block_inclusion_accuracy": 1.0,
    "avg_overpay_sat_vb": 2.515794595082601,
    "median_overpay_sat_vb": 2.7488768100738525,
    "avg_underpay_sat_vb": 0.0,
    "overpay_mape": 58.46328337987264,
    "within_10pct": 0.0,
    "within_20pct": 0.16666666666666666,
    "within_50pct": 0.3333333333333333,
    "asymmetric_loss": 2.205937353847617,
    "mape": 58.46328337987264
  },
  "lgb_metrics": {
    "horizon_blocks": 6,
    "model_type": "lightgbm",
    "mse": 18.0,
    "rmse": 4.242640687119285,
    "mae": 4.0,
    "r2": -8.0,
    "block_inclusion_accuracy": 0.0,
    "avg_overpay_sat_vb": 0.0,
    "avg_underpay_sat_vb": 4.0,
    "within_10pct": 0.0,
    "within_20pct": 0.0,
    "within_50pct": 0.0,
    "asymmetric_loss": 12.6,
    "mape": 78.57142857142857
  }
}