{
  "horizon": "6block",
  "xgb_metrics": {
    "horizon_blocks": 6,
    "mse": 3.5395123846812453,
    "rmse": 1.881359185451105,
    "mae": 1.8192917505900066,
    "r2": -5.371122292426242,
    "block_inclusion_accuracy": 0.5,
    "avg_overpay_sat_vb": 0.8114436070124308,
    "median_overpay_sat_vb": 0.4102543592453003,
    "avg_underpay_sat_vb": 1.0078481435775757,
    "overpay_mape": 27.048120233747696,
    "within_10pct": 0.0,
    "within_20pct": 0.0,
    "within_50pct": 0.3333333333333333,
    "asymmetric_loss": 1.874558569186769,
    "mape": 56.093971994188095
  },
  "lgb_metrics": {
    "horizon_blocks": 6,
    "model_type": "lightgbm",
    "mse": 5.860703505809696,
    "rmse": 2.420888990806827,
    "mae": 2.3032906786278935,
    "r2": -9.549266310457455,
    "block_inclusion_accuracy": 0.0,
    "avg_overpay_sat_vb": 0.0,
    "avg_underpay_sat_vb": 2.3032906786278935,
    "within_10pct": 0.0,
    "within_20pct": 0.0,
    "within_50pct": 0.0,
    "asymmetric_loss": 4.102492454066787,
    "mape": 67.95422852027521
  }
}