{
  "horizon": "6block",
  "xgb_metrics": {
    "horizon_blocks": 6,
    "mse": 2.4594801348333326,
    "rmse": 1.568272978417129,
    "mae": 1.2487012545267742,
    "r2": 0.0,
    "block_inclusion_accuracy": 0.6666666666666666,
    "avg_overpay_sat_vb": 1.03521728515625,
    "median_overpay_sat_vb": 0.7674784660339355,
    "avg_underpay_sat_vb": 0.21348396937052408,
    "overpay_mape": 20.704345703124996,
    "within_10pct": 0.16666666666666666,
    "within_20pct": 0.5,
    "within_50pct": 0.8333333333333334,
    "asymmetric_loss": 0.7936060554866042,
    "mape": 24.974025090535477
  },
  "lgb_metrics": {
    "horizon_blocks": 6,
    "model_type": "lightgbm",
    "mse": 16.0,
    "rmse": 4.0,
    "mae": 4.0,
    "r2": 0.0,
    "block_inclusion_accuracy": 0.0,
    "avg_overpay_sat_vb": 0.0,
    "avg_underpay_sat_vb": 4.0,
    "within_10pct": 0.0,
    "within_20pct": 0.0,
    "within_50pct": 0.0,
    "asymmetric_loss": 11.200000000000001,
    "mape": 80.0
  }
}