{
  "horizon": "3block",
  "xgb_metrics": {
    "horizon_blocks": 3,
    "mse": 0.6082586757250207,
    "rmse": 0.7799094022545315,
    "mae": 0.6889382203420004,
    "r2": 0.0,
    "block_inclusion_accuracy": 0.6666666666666666,
    "avg_overpay_sat_vb": 0.435305118560791,
    "median_overpay_sat_vb": 0.518357515335083,
    "avg_underpay_sat_vb": 0.2536331017812093,
    "overpay_mape": 6.218644550868444,
    "within_10pct": 0.3333333333333333,
    "within_20pct": 1.0,
    "within_50pct": 1.0,
    "asymmetric_loss": 0.30148666349275194,
    "mape": 9.84197457631429
  },
  "lgb_metrics": {
    "horizon_blocks": 3,
    "model_type": "lightgbm",
    "mse": 35.950944791390434,
    "rmse": 5.995910672399184,
    "mae": 5.995910672399184,
    "r2": 0.0,
    "block_inclusion_accuracy": 0.0,
    "avg_overpay_sat_vb": 0.0,
    "avg_underpay_sat_vb": 5.995910672399184,
    "within_10pct": 0.0,
    "within_20pct": 0.0,
    "within_50pct": 0.0,
    "asymmetric_loss": 25.165661353973302,
    "mape": 85.65586674855977
  }
}