{
  "horizon": "3block",
  "xgb_metrics": {
    "horizon_blocks": 3,
    "mse": 0.42092316467335184,
    "rmse": 0.6487859159024276,
    "mae": 0.5594198107719421,
    "r2": 0.0,
    "block_inclusion_accuracy": 0.16666666666666666,
    "avg_overpay_sat_vb": 0.022189935048421223,
    "median_overpay_sat_vb": 0.0,
    "avg_underpay_sat_vb": 0.5372298757235209,
    "overpay_mape": 1.109496752421061,
    "within_10pct": 0.16666666666666666,
    "within_20pct": 0.5,
    "within_50pct": 1.0,
    "asymmetric_loss": 0.2934644715494587,
    "mape": 27.970990538597107
  },
  "lgb_metrics": {
    "horizon_blocks": 3,
    "model_type": "lightgbm",
    "mse": 0.9918380673985933,
    "rmse": 0.9959106723991832,
    "mae": 0.9959106723991834,
    "r2": 0.0,
    "block_inclusion_accuracy": 0.0,
    "avg_overpay_sat_vb": 0.0,
    "avg_underpay_sat_vb": 0.9959106723991834,
    "within_10pct": 0.0,
    "within_20pct": 0.0,
    "within_50pct": 1.0,
    "asymmetric_loss": 0.6942866471790153,
    "mape": 49.79553361995917
  }
}