{
  "horizon": "1block",
  "xgb_metrics": {
    "horizon_blocks": 1,
    "mse": 0.742516254106827,
    "rmse": 0.861693828518475,
    "mae": 0.7838409344355265,
    "r2": -4.346117029569155,
    "block_inclusion_accuracy": 0.16666666666666666,
    "avg_overpay_sat_vb": 0.0,
    "median_overpay_sat_vb": 0.0,
    "avg_underpay_sat_vb": 0.7838409344355265,
    "overpay_mape": 0.0,
    "within_10pct": 0.16666666666666666,
    "within_20pct": 0.16666666666666666,
    "within_50pct": 0.5,
    "asymmetric_loss": 0.5197613778747788,
    "mape": 39.19204672177632
  },
  "lgb_metrics": {
    "horizon_blocks": 1,
    "model_type": "lightgbm",
    "mse": 0.8333333333333334,
    "rmse": 0.9128709291752769,
    "mae": 0.8333333333333334,
    "r2": -5.000000000000001,
    "block_inclusion_accuracy": 0.16666666666666666,
    "avg_overpay_sat_vb": 0.0,
    "avg_underpay_sat_vb": 0.8333333333333334,
    "within_10pct": 0.16666666666666666,
    "within_20pct": 0.16666666666666666,
    "within_50pct": 0.16666666666666666,
    "asymmetric_loss": 0.5833333333333334,
    "mape": 41.66666666666667
  }
}