{
  "horizon": "1block",
  "xgb_metrics": {
    "horizon_blocks": 1,
    "mse": 0.38574302389230297,
    "rmse": 0.6210821394085512,
    "mae": 0.4738411108652751,
    "r2": -0.7358436075153634,
    "block_inclusion_accuracy": 0.5,
    "avg_overpay_sat_vb": 0.17458434899648032,
    "median_overpay_sat_vb": 0.022547483444213867,
    "avg_underpay_sat_vb": 0.29925676186879474,
    "overpay_mape": 6.104318300882975,
    "within_10pct": 0.5,
    "within_20pct": 0.5,
    "within_50pct": 1.0,
    "asymmetric_loss": 0.2151993017074403,
    "mape": 16.40072067578634
  },
  "lgb_metrics": {
    "horizon_blocks": 1,
    "model_type": "lightgbm",
    "mse": 3.0,
    "rmse": 1.7320508075688772,
    "mae": 1.6666666666666667,
    "r2": -12.5,
    "block_inclusion_accuracy": 0.0,
    "avg_overpay_sat_vb": 0.0,
    "avg_underpay_sat_vb": 1.6666666666666667,
    "within_10pct": 0.0,
    "within_20pct": 0.0,
    "within_50pct": 0.0,
    "asymmetric_loss": 2.0999999999999996,
    "mape": 61.11111111111111
  }
}