{
  "horizon": "6block",
  "xgb_metrics": {
    "horizon_blocks": 6,
    "mse": 1.111192553923163,
    "rmse": 1.0541311843993437,
    "mae": 1.0377487540245056,
    "r2": 0.0,
    "block_inclusion_accuracy": 1.0,
    "avg_overpay_sat_vb": 1.0377487540245056,
    "median_overpay_sat_vb": 1.069305658340454,
    "avg_underpay_sat_vb": 0.0,
    "overpay_mape": 103.77487540245056,
    "within_10pct": 0.0,
    "within_20pct": 0.0,
    "within_50pct": 0.0,
    "asymmetric_loss": 0.33335776617694896,
    "mape": 103.77487540245056
  },
  "lgb_metrics": {
    "horizon_blocks": 6,
    "model_type": "lightgbm",
    "mse": 0.0,
    "rmse": 0.0,
    "mae": 0.0,
    "r2": 1.0,
    "block_inclusion_accuracy": 1.0,
    "avg_overpay_sat_vb": 0.0,
    "avg_underpay_sat_vb": 0.0,
    "within_10pct": 1.0,
    "within_20pct": 1.0,
    "within_50pct": 1.0,
    "asymmetric_loss": 0.0,
    "mape": 0.0
  }
}