{
  "horizon": "6block",
  "xgb_metrics": {
    "horizon_blocks": 6,
    "mse": 9.46763632183172,
    "rmse": 3.076952440619081,
    "mae": 2.8485988775889077,
    "r2": -41.60436344824274,
    "block_inclusion_accuracy": 0.8333333333333334,
    "avg_overpay_sat_vb": 2.681932210922241,
    "median_overpay_sat_vb": 2.8737740516662598,
    "avg_underpay_sat_vb": 0.16666666666666666,
    "overpay_mape": 115.53467909495036,
    "within_10pct": 0.0,
    "within_20pct": 0.0,
    "within_50pct": 0.0,
    "asymmetric_loss": 2.906957563216183,
    "mape": 123.86801242828369
  },
  "lgb_metrics": {
    "horizon_blocks": 6,
    "model_type": "lightgbm",
    "mse": 2.0,
    "rmse": 1.4142135623730951,
    "mae": 1.3333333333333333,
    "r2": -8.0,
    "block_inclusion_accuracy": 0.0,
    "avg_overpay_sat_vb": 0.0,
    "avg_underpay_sat_vb": 1.3333333333333333,
    "within_10pct": 0.0,
    "within_20pct": 0.0,
    "within_50pct": 0.0,
    "asymmetric_loss": 1.4000000000000001,
    "mape": 55.55555555555555
  }
}