{
  "horizon": "6block",
  "xgb_metrics": {
    "horizon_blocks": 6,
    "mse": 2.912585376547289,
    "rmse": 1.7066298299711302,
    "mae": 0.9326807657877604,
    "r2": -19.97061471114048,
    "block_inclusion_accuracy": 1.0,
    "avg_overpay_sat_vb": 0.9326807657877604,
    "median_overpay_sat_vb": 0.0,
    "avg_underpay_sat_vb": 0.0,
    "overpay_mape": 77.89493799209595,
    "within_10pct": 0.6666666666666666,
    "within_20pct": 0.6666666666666666,
    "within_50pct": 0.6666666666666666,
    "asymmetric_loss": 0.8737756129641867,
    "mape": 77.89493799209595
  },
  "lgb_metrics": {
    "horizon_blocks": 6,
    "model_type": "lightgbm",
    "mse": 0.16666666666666666,
    "rmse": 0.408248290463863,
    "mae": 0.16666666666666666,
    "r2": -0.20000000000000018,
    "block_inclusion_accuracy": 0.8333333333333334,
    "avg_overpay_sat_vb": 0.0,
    "avg_underpay_sat_vb": 0.16666666666666666,
    "within_10pct": 0.8333333333333334,
    "within_20pct": 0.8333333333333334,
    "within_50pct": 0.8333333333333334,
    "asymmetric_loss": 0.11666666666666665,
    "mape": 8.333333333333332
  }
}