{
  "horizon": "6block",
  "xgb_metrics": {
    "horizon_blocks": 6,
    "mse": 1.4612216982035022,
    "rmse": 1.2088100339604657,
    "mae": 0.4934946298599243,
    "r2": 0.0,
    "block_inclusion_accuracy": 1.0,
    "avg_overpay_sat_vb": 0.4934946298599243,
    "median_overpay_sat_vb": 0.0,
    "avg_underpay_sat_vb": 0.0,
    "overpay_mape": 49.34946298599243,
    "within_10pct": 0.8333333333333334,
    "within_20pct": 0.8333333333333334,
    "within_50pct": 0.8333333333333334,
    "asymmetric_loss": 0.4383665094610507,
    "mape": 49.34946298599243
  },
  "lgb_metrics": {
    "horizon_blocks": 6,
    "model_type": "lightgbm",
    "mse": 0.0008887052234438727,
    "rmse": 0.02981115937772083,
    "mae": 0.02981115937772083,
    "r2": 0.0,
    "block_inclusion_accuracy": 1.0,
    "avg_overpay_sat_vb": 0.02981115937772083,
    "avg_underpay_sat_vb": 0.0,
    "within_10pct": 1.0,
    "within_20pct": 1.0,
    "within_50pct": 1.0,
    "asymmetric_loss": 0.00026661156703316184,
    "mape": 2.981115937772083
  }
}