{
  "horizon": "1block",
  "xgb_metrics": {
    "horizon_blocks": 1,
    "mse": 1.8604964895589333,
    "rmse": 1.364000179457075,
    "mae": 0.9904068907101949,
    "r2": -1.0930585507537995,
    "block_inclusion_accuracy": 0.3333333333333333,
    "avg_overpay_sat_vb": 0.2850313186645508,
    "median_overpay_sat_vb": 0.0,
    "avg_underpay_sat_vb": 0.7053755720456442,
    "overpay_mape": 14.251565933227539,
    "within_10pct": 0.16666666666666666,
    "within_20pct": 0.3333333333333333,
    "within_50pct": 0.6666666666666666,
    "asymmetric_loss": 1.1505725100175597,
    "mape": 34.24295733372371
  },
  "lgb_metrics": {
    "horizon_blocks": 1,
    "model_type": "lightgbm",
    "mse": 3.6666666666666665,
    "rmse": 1.9148542155126762,
    "mae": 1.6666666666666667,
    "r2": -3.124999999999999,
    "block_inclusion_accuracy": 0.0,
    "avg_overpay_sat_vb": 0.0,
    "avg_underpay_sat_vb": 1.6666666666666667,
    "within_10pct": 0.0,
    "within_20pct": 0.0,
    "within_50pct": 0.0,
    "asymmetric_loss": 2.566666666666666,
    "mape": 58.333333333333336
  }
}