{
  "horizon": "6block",
  "xgb_metrics": {
    "horizon_blocks": 6,
    "mse": 2.0962614903558574,
    "rmse": 1.4478471916455333,
    "mae": 1.2119253476460774,
    "r2": 0.0,
    "block_inclusion_accuracy": 0.3333333333333333,
    "avg_overpay_sat_vb": 0.15804330507914224,
    "median_overpay_sat_vb": 0.0,
    "avg_underpay_sat_vb": 1.0538820425669353,
    "overpay_mape": 5.268110169304741,
    "within_10pct": 0.0,
    "within_20pct": 0.5,
    "within_50pct": 0.5,
    "asymmetric_loss": 1.435846305933601,
    "mape": 40.397511588202576
  },
  "lgb_metrics": {
    "horizon_blocks": 6,
    "model_type": "lightgbm",
    "mse": 4.0,
    "rmse": 2.0,
    "mae": 2.0,
    "r2": 0.0,
    "block_inclusion_accuracy": 0.0,
    "avg_overpay_sat_vb": 0.0,
    "avg_underpay_sat_vb": 2.0,
    "within_10pct": 0.0,
    "within_20pct": 0.0,
    "within_50pct": 0.0,
    "asymmetric_loss": 2.8000000000000003,
    "mape": 66.66666666666666
  }
}