{
  "horizon": "1block",
  "xgb_metrics": {
    "horizon_blocks": 1,
    "mse": 0.4882529516704371,
    "rmse": 0.6987509940389617,
    "mae": 0.6163613001505533,
    "r2": 0.0,
    "block_inclusion_accuracy": 0.0,
    "avg_overpay_sat_vb": 0.0,
    "median_overpay_sat_vb": 0.0,
    "avg_underpay_sat_vb": 0.6163613001505533,
    "overpay_mape": 0.0,
    "within_10pct": 0.16666666666666666,
    "within_20pct": 0.3333333333333333,
    "within_50pct": 0.6666666666666666,
    "asymmetric_loss": 0.341777066169306,
    "mape": 30.818065007527668
  },
  "lgb_metrics": {
    "horizon_blocks": 1,
    "model_type": "lightgbm",
    "mse": 0.49480774674611466,
    "rmse": 0.7034257222664769,
    "mae": 0.7034253227397776,
    "r2": 0.0,
    "block_inclusion_accuracy": 0.0,
    "avg_overpay_sat_vb": 0.0,
    "avg_underpay_sat_vb": 0.7034253227397776,
    "within_10pct": 0.0,
    "within_20pct": 0.0,
    "within_50pct": 1.0,
    "asymmetric_loss": 0.34636542272228027,
    "mape": 35.17126613698888
  }
}