{
  "horizon": "1block",
  "xgb_metrics": {
    "horizon_blocks": 1,
    "mse": 0.5492988055325915,
    "rmse": 0.741146952724351,
    "mae": 0.5238659779230753,
    "r2": -2.9549513998346586,
    "block_inclusion_accuracy": 0.3333333333333333,
    "avg_overpay_sat_vb": 0.017467260360717773,
    "median_overpay_sat_vb": 0.0,
    "avg_underpay_sat_vb": 0.5063987175623575,
    "overpay_mape": 0.5822420120239258,
    "within_10pct": 0.5,
    "within_20pct": 0.6666666666666666,
    "within_50pct": 1.0,
    "asymmetric_loss": 0.38410894485778324,
    "mape": 15.335421760876974
  },
  "lgb_metrics": {
    "horizon_blocks": 1,
    "model_type": "lightgbm",
    "mse": 3.420573715059796,
    "rmse": 1.8494793091732051,
    "mae": 1.811542112723551,
    "r2": -23.628130748430532,
    "block_inclusion_accuracy": 0.0,
    "avg_overpay_sat_vb": 0.0,
    "avg_underpay_sat_vb": 1.811542112723551,
    "within_10pct": 0.0,
    "within_20pct": 0.0,
    "within_50pct": 0.0,
    "asymmetric_loss": 2.394401600541857,
    "mape": 56.711298971261584
  }
}