{
  "horizon": "1block",
  "xgb_metrics": {
    "horizon_blocks": 1,
    "mse": 0.37440662484740034,
    "rmse": 0.6118877551049705,
    "mae": 0.5709037780761719,
    "r2": 0.0,
    "block_inclusion_accuracy": 0.16666666666666666,
    "avg_overpay_sat_vb": 0.014170408248901367,
    "median_overpay_sat_vb": 0.0,
    "avg_underpay_sat_vb": 0.5567333698272705,
    "overpay_mape": 0.28340816497802734,
    "within_10pct": 0.16666666666666666,
    "within_20pct": 1.0,
    "within_50pct": 1.0,
    "asymmetric_loss": 0.261602716265323,
    "mape": 11.418075561523438
  },
  "lgb_metrics": {
    "horizon_blocks": 1,
    "model_type": "lightgbm",
    "mse": 16.0,
    "rmse": 4.0,
    "mae": 4.0,
    "r2": 0.0,
    "block_inclusion_accuracy": 0.0,
    "avg_overpay_sat_vb": 0.0,
    "avg_underpay_sat_vb": 4.0,
    "within_10pct": 0.0,
    "within_20pct": 0.0,
    "within_50pct": 0.0,
    "asymmetric_loss": 11.200000000000001,
    "mape": 80.0
  }
}