{
  "horizon": "1block",
  "xgb_metrics": {
    "horizon_blocks": 1,
    "mse": 0.2829180625512606,
    "rmse": 0.5319004254099263,
    "mae": 0.4888224204381307,
    "r2": 0.0,
    "block_inclusion_accuracy": 0.8333333333333334,
    "avg_overpay_sat_vb": 0.38612202803293866,
    "median_overpay_sat_vb": 0.3656047582626343,
    "avg_underpay_sat_vb": 0.10270039240519206,
    "overpay_mape": 12.870734267764622,
    "within_10pct": 0.3333333333333333,
    "within_20pct": 0.5,
    "within_50pct": 1.0,
    "asymmetric_loss": 0.11018910820581124,
    "mape": 16.294080681271026
  },
  "lgb_metrics": {
    "horizon_blocks": 1,
    "model_type": "lightgbm",
    "mse": 2.77743158492661,
    "rmse": 1.6665628055751784,
    "mae": 1.6665625357625569,
    "r2": 0.0,
    "block_inclusion_accuracy": 0.0,
    "avg_overpay_sat_vb": 0.0,
    "avg_underpay_sat_vb": 1.6665625357625569,
    "within_10pct": 0.0,
    "within_20pct": 0.0,
    "within_50pct": 0.0,
    "asymmetric_loss": 1.9442021094486266,
    "mape": 55.55208452541856
  }
}