{
  "horizon": "3block",
  "xgb_metrics": {
    "horizon_blocks": 3,
    "mse": 0.9316478028503544,
    "rmse": 0.9652190439741408,
    "mae": 0.9613401492436727,
    "r2": 0.0,
    "block_inclusion_accuracy": 0.0,
    "avg_overpay_sat_vb": 0.0,
    "median_overpay_sat_vb": 0.0,
    "avg_underpay_sat_vb": 0.9613401492436727,
    "overpay_mape": 0.0,
    "within_10pct": 0.0,
    "within_20pct": 0.0,
    "within_50pct": 0.16666666666666666,
    "asymmetric_loss": 0.652153461995248,
    "mape": 48.06700746218364
  },
  "lgb_metrics": {
    "horizon_blocks": 3,
    "model_type": "lightgbm",
    "mse": 1.0,
    "rmse": 1.0,
    "mae": 1.0,
    "r2": 0.0,
    "block_inclusion_accuracy": 0.0,
    "avg_overpay_sat_vb": 0.0,
    "avg_underpay_sat_vb": 1.0,
    "within_10pct": 0.0,
    "within_20pct": 0.0,
    "within_50pct": 0.0,
    "asymmetric_loss": 0.7000000000000001,
    "mape": 50.0
  }
}