{
  "horizon": "1block",
  "xgb_metrics": {
    "horizon_blocks": 1,
    "mse": 1.5140561145515836,
    "rmse": 1.2304698755156842,
    "mae": 0.9688466389973959,
    "r2": 0.0,
    "block_inclusion_accuracy": 0.5,
    "avg_overpay_sat_vb": 0.6936213970184326,
    "median_overpay_sat_vb": 0.12344074249267578,
    "avg_underpay_sat_vb": 0.2752252419789632,
    "overpay_mape": 34.68106985092163,
    "within_10pct": 0.16666666666666666,
    "within_20pct": 0.3333333333333333,
    "within_50pct": 0.5,
    "asymmetric_loss": 0.5412581542905983,
    "mape": 48.442331949869796
  },
  "lgb_metrics": {
    "horizon_blocks": 1,
    "model_type": "lightgbm",
    "mse": 0.4616142643917531,
    "rmse": 0.6794220075856781,
    "mae": 0.6794215939438478,
    "r2": 0.0,
    "block_inclusion_accuracy": 0.0,
    "avg_overpay_sat_vb": 0.0,
    "avg_underpay_sat_vb": 0.6794215939438478,
    "within_10pct": 0.0,
    "within_20pct": 0.0,
    "within_50pct": 1.0,
    "asymmetric_loss": 0.32312998507422713,
    "mape": 33.971079697192394
  }
}