{
  "horizon": "3block",
  "xgb_metrics": {
    "horizon_blocks": 3,
    "mse": 0.19798375907741436,
    "rmse": 0.4449536594718762,
    "mae": 0.23891288042068481,
    "r2": -0.42548306535738356,
    "block_inclusion_accuracy": 0.8333333333333334,
    "avg_overpay_sat_vb": 0.07224621375401814,
    "median_overpay_sat_vb": 0.0,
    "avg_underpay_sat_vb": 0.16666666666666666,
    "overpay_mape": 7.2246213754018145,
    "within_10pct": 0.6666666666666666,
    "within_20pct": 0.6666666666666666,
    "within_50pct": 0.8333333333333334,
    "asymmetric_loss": 0.12606179438989096,
    "mape": 15.557954708735148
  },
  "lgb_metrics": {
    "horizon_blocks": 3,
    "model_type": "lightgbm",
    "mse": 0.16532028006662122,
    "rmse": 0.40659596661381336,
    "mae": 0.16939288506721115,
    "r2": -0.19030601647967305,
    "block_inclusion_accuracy": 0.8333333333333334,
    "avg_overpay_sat_vb": 0.003407773000680588,
    "avg_underpay_sat_vb": 0.16598511206653055,
    "within_10pct": 0.8333333333333334,
    "within_20pct": 0.8333333333333334,
    "within_50pct": 1.0,
    "asymmetric_loss": 0.11571862184655925,
    "mape": 8.640032903394586
  }
}