{
  "horizon": "1block",
  "xgb_metrics": {
    "horizon_blocks": 1,
    "mse": 0.14827224722900686,
    "rmse": 0.3850613551487696,
    "mae": 0.3020625114440918,
    "r2": 0.0,
    "block_inclusion_accuracy": 0.5,
    "avg_overpay_sat_vb": 0.07835503419240315,
    "median_overpay_sat_vb": 0.027522802352905273,
    "avg_underpay_sat_vb": 0.22370747725168863,
    "overpay_mape": 2.611834473080105,
    "within_10pct": 0.6666666666666666,
    "within_20pct": 0.8333333333333334,
    "within_50pct": 1.0,
    "asymmetric_loss": 0.0978391101173372,
    "mape": 10.068750381469727
  },
  "lgb_metrics": {
    "horizon_blocks": 1,
    "model_type": "lightgbm",
    "mse": 2.90165839222567,
    "rmse": 1.7034254877233903,
    "mae": 1.7034253227397775,
    "r2": 0.0,
    "block_inclusion_accuracy": 0.0,
    "avg_overpay_sat_vb": 0.0,
    "avg_underpay_sat_vb": 1.7034253227397775,
    "within_10pct": 0.0,
    "within_20pct": 0.0,
    "within_50pct": 0.0,
    "asymmetric_loss": 2.031160874557969,
    "mape": 56.780844091325925
  }
}