{
  "horizon": "3block",
  "xgb_metrics": {
    "horizon_blocks": 3,
    "mse": 0.5546512351430574,
    "rmse": 0.74474910885684,
    "mae": 0.6544834574063619,
    "r2": 0.0,
    "block_inclusion_accuracy": 1.0,
    "avg_overpay_sat_vb": 0.6544834574063619,
    "median_overpay_sat_vb": 0.6237385869026184,
    "avg_underpay_sat_vb": 0.0,
    "overpay_mape": 65.4483457406362,
    "within_10pct": 0.0,
    "within_20pct": 0.0,
    "within_50pct": 0.5,
    "asymmetric_loss": 0.16639537054291723,
    "mape": 65.4483457406362
  },
  "lgb_metrics": {
    "horizon_blocks": 3,
    "model_type": "lightgbm",
    "mse": 1.672260022680131e-05,
    "rmse": 0.004089327600816705,
    "mae": 0.004089327600816706,
    "r2": 0.0,
    "block_inclusion_accuracy": 1.0,
    "avg_overpay_sat_vb": 0.004089327600816706,
    "avg_underpay_sat_vb": 0.0,
    "within_10pct": 1.0,
    "within_20pct": 1.0,
    "within_50pct": 1.0,
    "asymmetric_loss": 5.016780068040395e-06,
    "mape": 0.40893276008167057
  }
}