{
  "horizon": "6block",
  "xgb_metrics": {
    "horizon_blocks": 6,
    "mse": 0.9342364692070694,
    "rmse": 0.9665590872818223,
    "mae": 0.8771476745605469,
    "r2": 0.0,
    "block_inclusion_accuracy": 0.16666666666666666,
    "avg_overpay_sat_vb": 0.2150280475616455,
    "median_overpay_sat_vb": 0.0,
    "avg_underpay_sat_vb": 0.6621196269989014,
    "overpay_mape": 10.751402378082275,
    "within_10pct": 0.16666666666666666,
    "within_20pct": 0.16666666666666666,
    "within_50pct": 0.3333333333333333,
    "asymmetric_loss": 0.5429965814733326,
    "mape": 43.857383728027344
  },
  "lgb_metrics": {
    "horizon_blocks": 6,
    "model_type": "lightgbm",
    "mse": 1.0,
    "rmse": 1.0,
    "mae": 1.0,
    "r2": 0.0,
    "block_inclusion_accuracy": 0.0,
    "avg_overpay_sat_vb": 0.0,
    "avg_underpay_sat_vb": 1.0,
    "within_10pct": 0.0,
    "within_20pct": 0.0,
    "within_50pct": 0.0,
    "asymmetric_loss": 0.7000000000000001,
    "mape": 50.0
  }
}