{
  "horizon": "1block",
  "xgb_metrics": {
    "horizon_blocks": 1,
    "mse": 2.050073357411255,
    "rmse": 1.4318077236176843,
    "mae": 1.421166181564331,
    "r2": 0.0,
    "block_inclusion_accuracy": 1.0,
    "avg_overpay_sat_vb": 1.421166181564331,
    "median_overpay_sat_vb": 1.340728998184204,
    "avg_underpay_sat_vb": 0.0,
    "overpay_mape": 71.05830907821655,
    "within_10pct": 0.0,
    "within_20pct": 0.0,
    "within_50pct": 0.0,
    "asymmetric_loss": 0.6150220072233766,
    "mape": 71.05830907821655
  },
  "lgb_metrics": {
    "horizon_blocks": 1,
    "model_type": "lightgbm",
    "mse": 0.7603881325571217,
    "rmse": 0.8720023695822859,
    "mae": 0.8720023695822859,
    "r2": 0.0,
    "block_inclusion_accuracy": 0.0,
    "avg_overpay_sat_vb": 0.0,
    "avg_underpay_sat_vb": 0.8720023695822859,
    "within_10pct": 0.0,
    "within_20pct": 0.0,
    "within_50pct": 1.0,
    "asymmetric_loss": 0.5322716927899852,
    "mape": 43.6001184791143
  }
}