{
  "horizon": "1block",
  "xgb_metrics": {
    "horizon_blocks": 1,
    "mse": 0.2838380857204991,
    "rmse": 0.5327645687548104,
    "mae": 0.45317574342091876,
    "r2": 0.0,
    "block_inclusion_accuracy": 0.16666666666666666,
    "avg_overpay_sat_vb": 0.027381102244059246,
    "median_overpay_sat_vb": 0.0,
    "avg_underpay_sat_vb": 0.42579464117685956,
    "overpay_mape": 1.3690551122029624,
    "within_10pct": 0.16666666666666666,
    "within_20pct": 0.5,
    "within_50pct": 0.8333333333333334,
    "asymmetric_loss": 0.19688732058011027,
    "mape": 22.658787171045937
  },
  "lgb_metrics": {
    "horizon_blocks": 1,
    "model_type": "lightgbm",
    "mse": 0.34167082432141477,
    "rmse": 0.5845261536675795,
    "mae": 0.5740864756065321,
    "r2": 0.0,
    "block_inclusion_accuracy": 0.0,
    "avg_overpay_sat_vb": 0.0,
    "avg_underpay_sat_vb": 0.5740864756065321,
    "within_10pct": 0.0,
    "within_20pct": 0.0,
    "within_50pct": 1.0,
    "asymmetric_loss": 0.2391695770249903,
    "mape": 28.704323780326607
  }
}