{
  "horizon": "3block",
  "xgb_metrics": {
    "horizon_blocks": 3,
    "mse": 0.44440795869602095,
    "rmse": 0.6666393017937219,
    "mae": 0.4669843316078186,
    "r2": 0.20006567434716227,
    "block_inclusion_accuracy": 0.3333333333333333,
    "avg_overpay_sat_vb": 0.09086306889851888,
    "median_overpay_sat_vb": 0.0,
    "avg_underpay_sat_vb": 0.37612126270929974,
    "overpay_mape": 4.543153444925943,
    "within_10pct": 0.5,
    "within_20pct": 0.5,
    "within_50pct": 1.0,
    "asymmetric_loss": 0.2986881146287684,
    "mape": 17.34595994154612
  },
  "lgb_metrics": {
    "horizon_blocks": 3,
    "model_type": "lightgbm",
    "mse": 2.3333333333333335,
    "rmse": 1.5275252316519468,
    "mae": 1.3333333333333333,
    "r2": -3.2,
    "block_inclusion_accuracy": 0.0,
    "avg_overpay_sat_vb": 0.0,
    "avg_underpay_sat_vb": 1.3333333333333333,
    "within_10pct": 0.0,
    "within_20pct": 0.0,
    "within_50pct": 0.0,
    "asymmetric_loss": 1.633333333333333,
    "mape": 54.166666666666664
  }
}