{
  "horizon": "1block",
  "xgb_metrics": {
    "horizon_blocks": 1,
    "mse": 0.10976709099964903,
    "rmse": 0.3313111694459591,
    "mae": 0.30377399921417236,
    "r2": 0.0,
    "block_inclusion_accuracy": 1.0,
    "avg_overpay_sat_vb": 0.30377399921417236,
    "median_overpay_sat_vb": 0.3571813106536865,
    "avg_underpay_sat_vb": 0.0,
    "overpay_mape": 15.188699960708618,
    "within_10pct": 0.16666666666666666,
    "within_20pct": 0.8333333333333334,
    "within_50pct": 1.0,
    "asymmetric_loss": 0.03293012729989472,
    "mape": 15.188699960708618
  },
  "lgb_metrics": {
    "horizon_blocks": 1,
    "model_type": "lightgbm",
    "mse": 0.4535749602151839,
    "rmse": 0.6734797400183496,
    "mae": 0.6734797400183496,
    "r2": 0.0,
    "block_inclusion_accuracy": 0.0,
    "avg_overpay_sat_vb": 0.0,
    "avg_underpay_sat_vb": 0.6734797400183496,
    "within_10pct": 0.0,
    "within_20pct": 0.0,
    "within_50pct": 1.0,
    "asymmetric_loss": 0.3175024721506286,
    "mape": 33.673987000917485
  }
}