{
  "horizon": "1block",
  "xgb_metrics": {
    "horizon_blocks": 1,
    "mse": 0.6311719941285313,
    "rmse": 0.7944633371833664,
    "mae": 0.6415054400761923,
    "r2": 0.0,
    "block_inclusion_accuracy": 1.0,
    "avg_overpay_sat_vb": 0.6415054400761923,
    "median_overpay_sat_vb": 0.8498239517211914,
    "avg_underpay_sat_vb": 0.0,
    "overpay_mape": 64.15054400761923,
    "within_10pct": 0.3333333333333333,
    "within_20pct": 0.3333333333333333,
    "within_50pct": 0.3333333333333333,
    "asymmetric_loss": 0.18935159823855943,
    "mape": 64.15054400761923
  },
  "lgb_metrics": {
    "horizon_blocks": 1,
    "model_type": "lightgbm",
    "mse": 0.10582933687070643,
    "rmse": 0.3253142125249163,
    "mae": 0.3253128302901987,
    "r2": 0.0,
    "block_inclusion_accuracy": 1.0,
    "avg_overpay_sat_vb": 0.3253128302901987,
    "avg_underpay_sat_vb": 0.0,
    "within_10pct": 0.0,
    "within_20pct": 0.0,
    "within_50pct": 1.0,
    "asymmetric_loss": 0.03174880106121193,
    "mape": 32.53128302901987
  }
}