{
  "horizon": "1block",
  "xgb_metrics": {
    "horizon_blocks": 1,
    "mse": 0.056184255955654315,
    "rmse": 0.23703218337528412,
    "mae": 0.23121903340021768,
    "r2": 0.0,
    "block_inclusion_accuracy": 1.0,
    "avg_overpay_sat_vb": 0.23121903340021768,
    "median_overpay_sat_vb": 0.22773730754852295,
    "avg_underpay_sat_vb": 0.0,
    "overpay_mape": 23.121903340021767,
    "within_10pct": 0.0,
    "within_20pct": 0.3333333333333333,
    "within_50pct": 1.0,
    "asymmetric_loss": 0.016855276786696297,
    "mape": 23.121903340021767
  },
  "lgb_metrics": {
    "horizon_blocks": 1,
    "model_type": "lightgbm",
    "mse": 0.08919141487237614,
    "rmse": 0.29864931754882035,
    "mae": 0.29864781190072254,
    "r2": 0.0,
    "block_inclusion_accuracy": 1.0,
    "avg_overpay_sat_vb": 0.29864781190072254,
    "avg_underpay_sat_vb": 0.0,
    "within_10pct": 0.0,
    "within_20pct": 0.0,
    "within_50pct": 1.0,
    "asymmetric_loss": 0.026757424461712847,
    "mape": 29.864781190072254
  }
}