{
  "horizon": "3block",
  "xgb_metrics": {
    "horizon_blocks": 3,
    "mse": 0.10340024856757661,
    "rmse": 0.32155909032023433,
    "mae": 0.291131854057312,
    "r2": 0.25551821031344835,
    "block_inclusion_accuracy": 0.16666666666666666,
    "avg_overpay_sat_vb": 0.015070497989654541,
    "median_overpay_sat_vb": 0.0,
    "avg_underpay_sat_vb": 0.27606135606765747,
    "overpay_mape": 1.507049798965454,
    "within_10pct": 0.3333333333333333,
    "within_20pct": 0.6666666666666666,
    "within_50pct": 1.0,
    "asymmetric_loss": 0.07183508621412878,
    "mape": 15.310117602348328
  },
  "lgb_metrics": {
    "horizon_blocks": 3,
    "model_type": "lightgbm",
    "mse": 0.8265345099321989,
    "rmse": 0.9091394337131126,
    "mae": 0.8306071149327888,
    "r2": -4.951048471511833,
    "block_inclusion_accuracy": 0.16666666666666666,
    "avg_overpay_sat_vb": 0.0006815546001361176,
    "avg_underpay_sat_vb": 0.8299255603326529,
    "within_10pct": 0.16666666666666666,
    "within_20pct": 0.16666666666666666,
    "within_50pct": 1.0,
    "asymmetric_loss": 0.5785730421125241,
    "mape": 41.56443347664625
  }
}