{
  "horizon": "1block",
  "xgb_metrics": {
    "horizon_blocks": 1,
    "mse": 0.9756717067090813,
    "rmse": 0.9877609562586898,
    "mae": 0.9146490295728048,
    "r2": 0.0,
    "block_inclusion_accuracy": 0.16666666666666666,
    "avg_overpay_sat_vb": 0.05352425575256348,
    "median_overpay_sat_vb": 0.0,
    "avg_underpay_sat_vb": 0.8611247738202413,
    "overpay_mape": 1.7841418584187825,
    "within_10pct": 0.0,
    "within_20pct": 0.16666666666666666,
    "within_50pct": 0.8333333333333334,
    "asymmetric_loss": 0.6760945644070789,
    "mape": 30.48830098576016
  },
  "lgb_metrics": {
    "horizon_blocks": 1,
    "model_type": "lightgbm",
    "mse": 2.7921504963968764,
    "rmse": 1.670972919109366,
    "mae": 1.6709727509215468,
    "r2": 0.0,
    "block_inclusion_accuracy": 0.0,
    "avg_overpay_sat_vb": 0.0,
    "avg_underpay_sat_vb": 1.6709727509215468,
    "within_10pct": 0.0,
    "within_20pct": 0.0,
    "within_50pct": 0.0,
    "asymmetric_loss": 1.9545053474778131,
    "mape": 55.69909169738489
  }
}