{
  "horizon": "6block",
  "xgb_metrics": {
    "horizon_blocks": 6,
    "mse": 3.6346611633521966,
    "rmse": 1.9064787340414255,
    "mae": 1.184952179590861,
    "r2": 0.0,
    "block_inclusion_accuracy": 0.8333333333333334,
    "avg_overpay_sat_vb": 1.1645551919937134,
    "median_overpay_sat_vb": 0.5227749347686768,
    "avg_underpay_sat_vb": 0.020396987597147625,
    "overpay_mape": 58.22775959968567,
    "within_10pct": 0.3333333333333333,
    "within_20pct": 0.5,
    "within_50pct": 0.6666666666666666,
    "asymmetric_loss": 1.0913968380529508,
    "mape": 59.24760897954305
  },
  "lgb_metrics": {
    "horizon_blocks": 6,
    "model_type": "lightgbm",
    "mse": 1.0,
    "rmse": 1.0,
    "mae": 1.0,
    "r2": 0.0,
    "block_inclusion_accuracy": 0.0,
    "avg_overpay_sat_vb": 0.0,
    "avg_underpay_sat_vb": 1.0,
    "within_10pct": 0.0,
    "within_20pct": 0.0,
    "within_50pct": 0.0,
    "asymmetric_loss": 0.7000000000000001,
    "mape": 50.0
  }
}