{
  "horizon": "3block",
  "xgb_metrics": {
    "horizon_blocks": 3,
    "mse": 0.06514027212882685,
    "rmse": 0.2552259237006046,
    "mae": 0.19332359234491983,
    "r2": 0.0,
    "block_inclusion_accuracy": 0.6666666666666666,
    "avg_overpay_sat_vb": 0.10904669761657715,
    "median_overpay_sat_vb": 0.017282724380493164,
    "avg_underpay_sat_vb": 0.0842768947283427,
    "overpay_mape": 5.452334880828857,
    "within_10pct": 0.6666666666666666,
    "within_20pct": 0.8333333333333334,
    "within_50pct": 1.0,
    "asymmetric_loss": 0.02979731144067041,
    "mape": 9.66617961724599
  },
  "lgb_metrics": {
    "horizon_blocks": 3,
    "model_type": "lightgbm",
    "mse": 0.9918380673985933,
    "rmse": 0.9959106723991832,
    "mae": 0.9959106723991834,
    "r2": 0.0,
    "block_inclusion_accuracy": 0.0,
    "avg_overpay_sat_vb": 0.0,
    "avg_underpay_sat_vb": 0.9959106723991834,
    "within_10pct": 0.0,
    "within_20pct": 0.0,
    "within_50pct": 1.0,
    "asymmetric_loss": 0.6942866471790153,
    "mape": 49.79553361995917
  }
}