{
  "driver": "xgboost",
  "horizon": "6block",
  "metrics": {
    "horizon_blocks": 6,
    "mse": 3.2524632634552595e-06,
    "rmse": 0.0018034586946906379,
    "mae": 0.0012431939442952473,
    "r2": 0.0,
    "block_inclusion_accuracy": 1.0,
    "avg_overpay_sat_vb": 0.0012431939442952473,
    "median_overpay_sat_vb": 0.00031936168670654297,
    "avg_underpay_sat_vb": 0.0,
    "overpay_mape": 0.12431939442952473,
    "within_10pct": 1.0,
    "within_20pct": 1.0,
    "within_50pct": 1.0,
    "asymmetric_loss": 9.75738979036578e-07,
    "mape": 0.12431939442952473
  }
}