{
  "horizon": "1block",
  "xgb_metrics": {
    "horizon_blocks": 1,
    "mse": 1.3340540052239287,
    "rmse": 1.1550125563057436,
    "mae": 0.7907614707946777,
    "r2": 0.0,
    "block_inclusion_accuracy": 0.8333333333333334,
    "avg_overpay_sat_vb": 0.7369869152704874,
    "median_overpay_sat_vb": 0.4388810396194458,
    "avg_underpay_sat_vb": 0.05377455552419027,
    "overpay_mape": 24.566230509016247,
    "within_10pct": 0.16666666666666666,
    "within_20pct": 0.6666666666666666,
    "within_50pct": 0.8333333333333334,
    "asymmetric_loss": 0.4071562883395568,
    "mape": 26.358715693155926
  },
  "lgb_metrics": {
    "horizon_blocks": 1,
    "model_type": "lightgbm",
    "mse": 2.8150330020861998,
    "rmse": 1.6778060084783937,
    "mae": 1.6777748311876566,
    "r2": 0.0,
    "block_inclusion_accuracy": 0.0,
    "avg_overpay_sat_vb": 0.0,
    "avg_underpay_sat_vb": 1.6777748311876566,
    "within_10pct": 0.0,
    "within_20pct": 0.0,
    "within_50pct": 0.0,
    "asymmetric_loss": 1.9705231014603397,
    "mape": 55.92582770625521
  }
}