{
  "horizon": "3block",
  "xgb_metrics": {
    "horizon_blocks": 3,
    "mse": 0.17628072389144714,
    "rmse": 0.419857980621361,
    "mae": 0.33297236760457355,
    "r2": 0.0,
    "block_inclusion_accuracy": 0.3333333333333333,
    "avg_overpay_sat_vb": 0.14054608345031738,
    "median_overpay_sat_vb": 0.0,
    "avg_underpay_sat_vb": 0.1924262841542562,
    "overpay_mape": 2.007801192147391,
    "within_10pct": 0.8333333333333334,
    "within_20pct": 1.0,
    "within_50pct": 1.0,
    "asymmetric_loss": 0.09308565723735379,
    "mape": 4.756748108636765
  },
  "lgb_metrics": {
    "horizon_blocks": 3,
    "model_type": "lightgbm",
    "mse": 35.950944791390434,
    "rmse": 5.995910672399184,
    "mae": 5.995910672399184,
    "r2": 0.0,
    "block_inclusion_accuracy": 0.0,
    "avg_overpay_sat_vb": 0.0,
    "avg_underpay_sat_vb": 5.995910672399184,
    "within_10pct": 0.0,
    "within_20pct": 0.0,
    "within_50pct": 0.0,
    "asymmetric_loss": 25.165661353973302,
    "mape": 85.65586674855977
  }
}