{
  "horizon": "1block",
  "xgb_metrics": {
    "horizon_blocks": 1,
    "mse": 0.21007868611539493,
    "rmse": 0.4583434150453074,
    "mae": 0.32436180114746094,
    "r2": 0.0,
    "block_inclusion_accuracy": 1.0,
    "avg_overpay_sat_vb": 0.32436180114746094,
    "median_overpay_sat_vb": 0.2318638563156128,
    "avg_underpay_sat_vb": 0.0,
    "overpay_mape": 32.436180114746094,
    "within_10pct": 0.5,
    "within_20pct": 0.5,
    "within_50pct": 0.6666666666666666,
    "asymmetric_loss": 0.06302360583461848,
    "mape": 32.436180114746094
  },
  "lgb_metrics": {
    "horizon_blocks": 1,
    "model_type": "lightgbm",
    "mse": 0.0,
    "rmse": 0.0,
    "mae": 0.0,
    "r2": 1.0,
    "block_inclusion_accuracy": 1.0,
    "avg_overpay_sat_vb": 0.0,
    "avg_underpay_sat_vb": 0.0,
    "within_10pct": 1.0,
    "within_20pct": 1.0,
    "within_50pct": 1.0,
    "asymmetric_loss": 0.0,
    "mape": 0.0
  }
}