{
  "horizon": "6block",
  "xgb_metrics": {
    "horizon_blocks": 6,
    "mse": 0.44799422950748874,
    "rmse": 0.6693237105522922,
    "mae": 0.6053248842557272,
    "r2": -0.791976918029955,
    "block_inclusion_accuracy": 0.8333333333333334,
    "avg_overpay_sat_vb": 0.5706827441851298,
    "median_overpay_sat_vb": 0.6378105282783508,
    "avg_underpay_sat_vb": 0.03464214007059733,
    "overpay_mape": 49.70165491104126,
    "within_10pct": 0.0,
    "within_20pct": 0.3333333333333333,
    "within_50pct": 0.5,
    "asymmetric_loss": 0.13727845573705674,
    "mape": 51.43376191457113
  },
  "lgb_metrics": {
    "horizon_blocks": 6,
    "model_type": "lightgbm",
    "mse": 0.5,
    "rmse": 0.7071067811865476,
    "mae": 0.5,
    "r2": -1.0,
    "block_inclusion_accuracy": 0.5,
    "avg_overpay_sat_vb": 0.0,
    "avg_underpay_sat_vb": 0.5,
    "within_10pct": 0.5,
    "within_20pct": 0.5,
    "within_50pct": 0.5,
    "asymmetric_loss": 0.3499999999999999,
    "mape": 25.0
  }
}