{
  "horizon": "1block",
  "xgb_metrics": {
    "horizon_blocks": 1,
    "mse": 0.22247356145706002,
    "rmse": 0.4716710309708028,
    "mae": 0.32891686757405597,
    "r2": -0.6018096424908324,
    "block_inclusion_accuracy": 0.5,
    "avg_overpay_sat_vb": 0.12783549229303995,
    "median_overpay_sat_vb": 0.043015241622924805,
    "avg_underpay_sat_vb": 0.20108137528101602,
    "overpay_mape": 10.824181636174519,
    "within_10pct": 0.6666666666666666,
    "within_20pct": 0.6666666666666666,
    "within_50pct": 0.6666666666666666,
    "asymmetric_loss": 0.13489576669989417,
    "mape": 20.87825040022532
  },
  "lgb_metrics": {
    "horizon_blocks": 1,
    "model_type": "lightgbm",
    "mse": 0.8333333333333334,
    "rmse": 0.9128709291752769,
    "mae": 0.8333333333333334,
    "r2": -5.000000000000001,
    "block_inclusion_accuracy": 0.16666666666666666,
    "avg_overpay_sat_vb": 0.0,
    "avg_underpay_sat_vb": 0.8333333333333334,
    "within_10pct": 0.16666666666666666,
    "within_20pct": 0.16666666666666666,
    "within_50pct": 0.16666666666666666,
    "asymmetric_loss": 0.5833333333333334,
    "mape": 41.66666666666667
  }
}