{
  "horizon": "1block",
  "xgb_metrics": {
    "horizon_blocks": 1,
    "mse": 0.05361218296114837,
    "rmse": 0.23154304774954565,
    "mae": 0.20431460936864218,
    "r2": 0.0,
    "block_inclusion_accuracy": 1.0,
    "avg_overpay_sat_vb": 0.20431460936864218,
    "median_overpay_sat_vb": 0.23139214515686035,
    "avg_underpay_sat_vb": 0.0,
    "overpay_mape": 20.43146093686422,
    "within_10pct": 0.16666666666666666,
    "within_20pct": 0.5,
    "within_50pct": 1.0,
    "asymmetric_loss": 0.016083654888344515,
    "mape": 20.43146093686422
  },
  "lgb_metrics": {
    "horizon_blocks": 1,
    "model_type": "lightgbm",
    "mse": 0.0,
    "rmse": 0.0,
    "mae": 0.0,
    "r2": 1.0,
    "block_inclusion_accuracy": 1.0,
    "avg_overpay_sat_vb": 0.0,
    "avg_underpay_sat_vb": 0.0,
    "within_10pct": 1.0,
    "within_20pct": 1.0,
    "within_50pct": 1.0,
    "asymmetric_loss": 0.0,
    "mape": 0.0
  }
}