{
  "horizon": "1block",
  "xgb_metrics": {
    "horizon_blocks": 1,
    "mse": 0.7642931892045984,
    "rmse": 0.874238634015106,
    "mae": 0.7538165251413981,
    "r2": 0.0,
    "block_inclusion_accuracy": 0.0,
    "avg_overpay_sat_vb": 0.0,
    "median_overpay_sat_vb": 0.0,
    "avg_underpay_sat_vb": 0.7538165251413981,
    "overpay_mape": 0.0,
    "within_10pct": 0.0,
    "within_20pct": 0.5,
    "within_50pct": 0.8333333333333334,
    "asymmetric_loss": 0.5350052324432188,
    "mape": 25.127217504713272
  },
  "lgb_metrics": {
    "horizon_blocks": 1,
    "model_type": "lightgbm",
    "mse": 2.7763142684857645,
    "rmse": 1.6662275560336182,
    "mae": 1.6662272524333428,
    "r2": 0.0,
    "block_inclusion_accuracy": 0.0,
    "avg_overpay_sat_vb": 0.0,
    "avg_underpay_sat_vb": 1.6662272524333428,
    "within_10pct": 0.0,
    "within_20pct": 0.0,
    "within_50pct": 0.0,
    "asymmetric_loss": 1.943419987940035,
    "mape": 55.54090841444476
  }
}