{
  "horizon": "6block",
  "xgb_metrics": {
    "horizon_blocks": 6,
    "mse": 0.27846876077790245,
    "rmse": 0.5277013935720678,
    "mae": 0.5052286386489868,
    "r2": 0.0,
    "block_inclusion_accuracy": 0.3333333333333333,
    "avg_overpay_sat_vb": 0.2076141039530436,
    "median_overpay_sat_vb": 0.0,
    "avg_underpay_sat_vb": 0.2976145346959432,
    "overpay_mape": 5.19035259882609,
    "within_10pct": 0.3333333333333333,
    "within_20pct": 1.0,
    "within_50pct": 1.0,
    "asymmetric_loss": 0.14061725884288592,
    "mape": 12.63071596622467
  },
  "lgb_metrics": {
    "horizon_blocks": 6,
    "model_type": "lightgbm",
    "mse": 9.0,
    "rmse": 3.0,
    "mae": 3.0,
    "r2": 0.0,
    "block_inclusion_accuracy": 0.0,
    "avg_overpay_sat_vb": 0.0,
    "avg_underpay_sat_vb": 3.0,
    "within_10pct": 0.0,
    "within_20pct": 0.0,
    "within_50pct": 0.0,
    "asymmetric_loss": 6.3,
    "mape": 75.0
  }
}