{
  "horizon": "6block",
  "xgb_metrics": {
    "horizon_blocks": 6,
    "mse": 1.140053990589318,
    "rmse": 1.0677331083137387,
    "mae": 0.9938461383183798,
    "r2": -3.5602159623572716,
    "block_inclusion_accuracy": 1.0,
    "avg_overpay_sat_vb": 0.9938461383183798,
    "median_overpay_sat_vb": 1.06947922706604,
    "avg_underpay_sat_vb": 0.0,
    "overpay_mape": 83.94128481547037,
    "within_10pct": 0.0,
    "within_20pct": 0.0,
    "within_50pct": 0.5,
    "asymmetric_loss": 0.3420161971767954,
    "mape": 83.94128481547037
  },
  "lgb_metrics": {
    "horizon_blocks": 6,
    "model_type": "lightgbm",
    "mse": 0.5,
    "rmse": 0.7071067811865476,
    "mae": 0.5,
    "r2": -1.0,
    "block_inclusion_accuracy": 0.5,
    "avg_overpay_sat_vb": 0.0,
    "avg_underpay_sat_vb": 0.5,
    "within_10pct": 0.5,
    "within_20pct": 0.5,
    "within_50pct": 0.5,
    "asymmetric_loss": 0.3499999999999999,
    "mape": 25.0
  }
}