{
  "horizon": "6block",
  "xgb_metrics": {
    "horizon_blocks": 6,
    "mse": 1.2089099853484744,
    "rmse": 1.0995044271618348,
    "mae": 0.7245622873306274,
    "r2": 0.0,
    "block_inclusion_accuracy": 1.0,
    "avg_overpay_sat_vb": 0.7245622873306274,
    "median_overpay_sat_vb": 0.466876745223999,
    "avg_underpay_sat_vb": 0.0,
    "overpay_mape": 72.45622873306274,
    "within_10pct": 0.3333333333333333,
    "within_20pct": 0.3333333333333333,
    "within_50pct": 0.5,
    "asymmetric_loss": 0.36267299560454247,
    "mape": 72.45622873306274
  },
  "lgb_metrics": {
    "horizon_blocks": 6,
    "model_type": "lightgbm",
    "mse": 0.0,
    "rmse": 0.0,
    "mae": 0.0,
    "r2": 1.0,
    "block_inclusion_accuracy": 1.0,
    "avg_overpay_sat_vb": 0.0,
    "avg_underpay_sat_vb": 0.0,
    "within_10pct": 1.0,
    "within_20pct": 1.0,
    "within_50pct": 1.0,
    "asymmetric_loss": 0.0,
    "mape": 0.0
  }
}