{
  "horizon": "1block",
  "xgb_metrics": {
    "horizon_blocks": 1,
    "mse": 0.5315834370730599,
    "rmse": 0.7290976869206621,
    "mae": 0.5367043217023214,
    "r2": 0.0,
    "block_inclusion_accuracy": 1.0,
    "avg_overpay_sat_vb": 0.5367043217023214,
    "median_overpay_sat_vb": 0.5426512360572815,
    "avg_underpay_sat_vb": 0.0,
    "overpay_mape": 53.67043217023214,
    "within_10pct": 0.3333333333333333,
    "within_20pct": 0.5,
    "within_50pct": 0.5,
    "asymmetric_loss": 0.159475031121918,
    "mape": 53.67043217023214
  },
  "lgb_metrics": {
    "horizon_blocks": 1,
    "model_type": "lightgbm",
    "mse": 0.005733190015402897,
    "rmse": 0.07571783155507622,
    "mae": 0.07571189269933824,
    "r2": 0.0,
    "block_inclusion_accuracy": 1.0,
    "avg_overpay_sat_vb": 0.07571189269933824,
    "avg_underpay_sat_vb": 0.0,
    "within_10pct": 1.0,
    "within_20pct": 1.0,
    "within_50pct": 1.0,
    "asymmetric_loss": 0.0017199570046208693,
    "mape": 7.571189269933824
  }
}