{
  "horizon": "1block",
  "xgb_metrics": {
    "horizon_blocks": 1,
    "mse": 0.013033336622963057,
    "rmse": 0.11416363967114511,
    "mae": 0.10149502754211426,
    "r2": 0.0,
    "block_inclusion_accuracy": 1.0,
    "avg_overpay_sat_vb": 0.10149502754211426,
    "median_overpay_sat_vb": 0.09646713733673096,
    "avg_underpay_sat_vb": 0.0,
    "overpay_mape": 10.149502754211426,
    "within_10pct": 0.5,
    "within_20pct": 1.0,
    "within_50pct": 1.0,
    "asymmetric_loss": 0.003910000986888918,
    "mape": 10.149502754211426
  },
  "lgb_metrics": {
    "horizon_blocks": 1,
    "model_type": "lightgbm",
    "mse": 0.09463838137001347,
    "rmse": 0.307633517956047,
    "mae": 0.307633517956047,
    "r2": 0.0,
    "block_inclusion_accuracy": 1.0,
    "avg_overpay_sat_vb": 0.307633517956047,
    "avg_underpay_sat_vb": 0.0,
    "within_10pct": 0.0,
    "within_20pct": 0.0,
    "within_50pct": 1.0,
    "asymmetric_loss": 0.028391514411004046,
    "mape": 30.7633517956047
  }
}