{
  "horizon": "6block",
  "xgb_metrics": {
    "horizon_blocks": 6,
    "mse": 4.523439155059438,
    "rmse": 2.126837829985972,
    "mae": 1.802034596602122,
    "r2": 0.0,
    "block_inclusion_accuracy": 0.16666666666666666,
    "avg_overpay_sat_vb": 0.04314033190409342,
    "median_overpay_sat_vb": 0.0,
    "avg_underpay_sat_vb": 1.7588942646980286,
    "overpay_mape": 1.0785082976023355,
    "within_10pct": 0.16666666666666666,
    "within_20pct": 0.3333333333333333,
    "within_50pct": 0.5,
    "asymmetric_loss": 3.1619407967732975,
    "mape": 45.050864915053054
  },
  "lgb_metrics": {
    "horizon_blocks": 6,
    "model_type": "lightgbm",
    "mse": 9.0,
    "rmse": 3.0,
    "mae": 3.0,
    "r2": 0.0,
    "block_inclusion_accuracy": 0.0,
    "avg_overpay_sat_vb": 0.0,
    "avg_underpay_sat_vb": 3.0,
    "within_10pct": 0.0,
    "within_20pct": 0.0,
    "within_50pct": 0.0,
    "asymmetric_loss": 6.3,
    "mape": 75.0
  }
}