{
  "horizon": "1block",
  "xgb_metrics": {
    "horizon_blocks": 1,
    "mse": 0.08463126216189683,
    "rmse": 0.2909145272445101,
    "mae": 0.22633508841196695,
    "r2": 0.0,
    "block_inclusion_accuracy": 0.3333333333333333,
    "avg_overpay_sat_vb": 0.026734352111816406,
    "median_overpay_sat_vb": 0.0,
    "avg_underpay_sat_vb": 0.19960073630015054,
    "overpay_mape": 0.6683588027954102,
    "within_10pct": 0.6666666666666666,
    "within_20pct": 1.0,
    "within_50pct": 1.0,
    "asymmetric_loss": 0.058382045065556554,
    "mape": 5.658377210299173
  },
  "lgb_metrics": {
    "horizon_blocks": 1,
    "model_type": "lightgbm",
    "mse": 7.320200937353468,
    "rmse": 2.705586985730355,
    "mae": 2.705586985730355,
    "r2": 0.0,
    "block_inclusion_accuracy": 0.0,
    "avg_overpay_sat_vb": 0.0,
    "avg_underpay_sat_vb": 2.705586985730355,
    "within_10pct": 0.0,
    "within_20pct": 0.0,
    "within_50pct": 0.0,
    "asymmetric_loss": 5.124140656147426,
    "mape": 67.63967464325887
  }
}