{
  "horizon": "6block",
  "xgb_metrics": {
    "horizon_blocks": 6,
    "mse": 0.8344962192491607,
    "rmse": 0.9135076459719211,
    "mae": 0.8768510023752848,
    "r2": -2.7552329866212224,
    "block_inclusion_accuracy": 1.0,
    "avg_overpay_sat_vb": 0.8768510023752848,
    "median_overpay_sat_vb": 0.9779173135757446,
    "avg_underpay_sat_vb": 0.0,
    "overpay_mape": 59.03534491856893,
    "within_10pct": 0.0,
    "within_20pct": 0.0,
    "within_50pct": 0.5,
    "asymmetric_loss": 0.25034886577474824,
    "mape": 59.03534491856893
  },
  "lgb_metrics": {
    "horizon_blocks": 6,
    "model_type": "lightgbm",
    "mse": 0.6666666666666666,
    "rmse": 0.816496580927726,
    "mae": 0.6666666666666666,
    "r2": -1.9999999999999991,
    "block_inclusion_accuracy": 0.3333333333333333,
    "avg_overpay_sat_vb": 0.0,
    "avg_underpay_sat_vb": 0.6666666666666666,
    "within_10pct": 0.3333333333333333,
    "within_20pct": 0.3333333333333333,
    "within_50pct": 0.3333333333333333,
    "asymmetric_loss": 0.4666666666666666,
    "mape": 33.33333333333333
  }
}