{
  "horizon": "1block",
  "xgb_metrics": {
    "horizon_blocks": 1,
    "mse": 0.13274084957847995,
    "rmse": 0.36433617659859135,
    "mae": 0.3106387257575989,
    "r2": 0.0,
    "block_inclusion_accuracy": 0.16666666666666666,
    "avg_overpay_sat_vb": 0.02692862351735433,
    "median_overpay_sat_vb": 0.0,
    "avg_underpay_sat_vb": 0.28371010224024457,
    "overpay_mape": 1.3464311758677163,
    "within_10pct": 0.3333333333333333,
    "within_20pct": 0.6666666666666666,
    "within_50pct": 1.0,
    "asymmetric_loss": 0.09117823287004138,
    "mape": 15.531936287879944
  },
  "lgb_metrics": {
    "horizon_blocks": 1,
    "model_type": "lightgbm",
    "mse": 0.5997670799804067,
    "rmse": 0.7744463054211097,
    "mae": 0.7744463054211098,
    "r2": 0.0,
    "block_inclusion_accuracy": 0.0,
    "avg_overpay_sat_vb": 0.0,
    "avg_underpay_sat_vb": 0.7744463054211098,
    "within_10pct": 0.0,
    "within_20pct": 0.0,
    "within_50pct": 1.0,
    "asymmetric_loss": 0.41983695598628473,
    "mape": 38.72231527105549
  }
}