{
  "horizon": "1block",
  "xgb_metrics": {
    "horizon_blocks": 1,
    "mse": 0.015710182601400408,
    "rmse": 0.12534026727831885,
    "mae": 0.10019226868947347,
    "r2": 0.0,
    "block_inclusion_accuracy": 1.0,
    "avg_overpay_sat_vb": 0.10019226868947347,
    "median_overpay_sat_vb": 0.09132879972457886,
    "avg_underpay_sat_vb": 0.0,
    "overpay_mape": 10.019226868947346,
    "within_10pct": 0.5,
    "within_20pct": 0.8333333333333334,
    "within_50pct": 1.0,
    "asymmetric_loss": 0.004713054780420123,
    "mape": 10.019226868947346
  },
  "lgb_metrics": {
    "horizon_blocks": 1,
    "model_type": "lightgbm",
    "mse": 0.09430835546491038,
    "rmse": 0.3070966549230232,
    "mae": 0.3070966549230232,
    "r2": 0.0,
    "block_inclusion_accuracy": 1.0,
    "avg_overpay_sat_vb": 0.3070966549230232,
    "avg_underpay_sat_vb": 0.0,
    "within_10pct": 0.0,
    "within_20pct": 0.0,
    "within_50pct": 1.0,
    "asymmetric_loss": 0.02829250663947312,
    "mape": 30.709665492302317
  }
}