{
  "horizon": "1block",
  "xgb_metrics": {
    "horizon_blocks": 1,
    "mse": 0.032650436477437005,
    "rmse": 0.1806943177784985,
    "mae": 0.14986417690912882,
    "r2": 0.0,
    "block_inclusion_accuracy": 0.3333333333333333,
    "avg_overpay_sat_vb": 0.02823793888092041,
    "median_overpay_sat_vb": 0.0,
    "avg_underpay_sat_vb": 0.12162623802820842,
    "overpay_mape": 1.4118969440460205,
    "within_10pct": 0.8333333333333334,
    "within_20pct": 1.0,
    "within_50pct": 1.0,
    "asymmetric_loss": 0.02177364523960179,
    "mape": 7.493208845456441
  },
  "lgb_metrics": {
    "horizon_blocks": 1,
    "model_type": "lightgbm",
    "mse": 1.0,
    "rmse": 1.0,
    "mae": 1.0,
    "r2": 0.0,
    "block_inclusion_accuracy": 0.0,
    "avg_overpay_sat_vb": 0.0,
    "avg_underpay_sat_vb": 1.0,
    "within_10pct": 0.0,
    "within_20pct": 0.0,
    "within_50pct": 0.0,
    "asymmetric_loss": 0.7000000000000001,
    "mape": 50.0
  }
}