{
  "horizon": "1block",
  "xgb_metrics": {
    "horizon_blocks": 1,
    "mse": 3.419924155104072,
    "rmse": 1.8493036946656631,
    "mae": 1.5172534584999084,
    "r2": 0.0,
    "block_inclusion_accuracy": 1.0,
    "avg_overpay_sat_vb": 1.5172534584999084,
    "median_overpay_sat_vb": 1.8689771890640259,
    "avg_underpay_sat_vb": 0.0,
    "overpay_mape": 151.72534584999084,
    "within_10pct": 0.16666666666666666,
    "within_20pct": 0.16666666666666666,
    "within_50pct": 0.3333333333333333,
    "asymmetric_loss": 1.025977246531222,
    "mape": 151.72534584999084
  },
  "lgb_metrics": {
    "horizon_blocks": 1,
    "model_type": "lightgbm",
    "mse": 0.0039024712445025443,
    "rmse": 0.06246976264163763,
    "mae": 0.06246526370670583,
    "r2": 0.0,
    "block_inclusion_accuracy": 1.0,
    "avg_overpay_sat_vb": 0.06246526370670583,
    "avg_underpay_sat_vb": 0.0,
    "within_10pct": 1.0,
    "within_20pct": 1.0,
    "within_50pct": 1.0,
    "asymmetric_loss": 0.0011707413733507636,
    "mape": 6.246526370670583
  }
}