{
  "horizon": "6block",
  "xgb_metrics": {
    "horizon_blocks": 6,
    "mse": 0.42092316467335184,
    "rmse": 0.6487859159024276,
    "mae": 0.5594198107719421,
    "r2": 0.0,
    "block_inclusion_accuracy": 0.16666666666666666,
    "avg_overpay_sat_vb": 0.022189935048421223,
    "median_overpay_sat_vb": 0.0,
    "avg_underpay_sat_vb": 0.5372298757235209,
    "overpay_mape": 1.109496752421061,
    "within_10pct": 0.16666666666666666,
    "within_20pct": 0.5,
    "within_50pct": 1.0,
    "asymmetric_loss": 0.2934644715494587,
    "mape": 27.970990538597107
  },
  "lgb_metrics": {
    "horizon_blocks": 6,
    "model_type": "lightgbm",
    "mse": 1.0,
    "rmse": 1.0,
    "mae": 1.0,
    "r2": 0.0,
    "block_inclusion_accuracy": 0.0,
    "avg_overpay_sat_vb": 0.0,
    "avg_underpay_sat_vb": 1.0,
    "within_10pct": 0.0,
    "within_20pct": 0.0,
    "within_50pct": 0.0,
    "asymmetric_loss": 0.7000000000000001,
    "mape": 50.0
  }
}