{
  "horizon": "1block",
  "xgb_metrics": {
    "horizon_blocks": 1,
    "mse": 1.3339986525108714,
    "rmse": 1.1549885941042324,
    "mae": 0.8919701178868612,
    "r2": 0.0,
    "block_inclusion_accuracy": 0.3333333333333333,
    "avg_overpay_sat_vb": 0.5103004773457845,
    "median_overpay_sat_vb": 0.0,
    "avg_underpay_sat_vb": 0.38166964054107666,
    "overpay_mape": 25.515023867289226,
    "within_10pct": 0.16666666666666666,
    "within_20pct": 0.16666666666666666,
    "within_50pct": 0.6666666666666666,
    "asymmetric_loss": 0.5122504287028155,
    "mape": 44.59850589434306
  },
  "lgb_metrics": {
    "horizon_blocks": 1,
    "model_type": "lightgbm",
    "mse": 0.790212802098183,
    "rmse": 0.8889391442040242,
    "mae": 0.8889386383653802,
    "r2": 0.0,
    "block_inclusion_accuracy": 0.0,
    "avg_overpay_sat_vb": 0.0,
    "avg_underpay_sat_vb": 0.8889386383653802,
    "within_10pct": 0.0,
    "within_20pct": 0.0,
    "within_50pct": 1.0,
    "asymmetric_loss": 0.553148961468728,
    "mape": 44.44693191826901
  }
}