{
  "horizon": "1block",
  "xgb_metrics": {
    "horizon_blocks": 1,
    "mse": 0.6590440283362398,
    "rmse": 0.8118152673707484,
    "mae": 0.5961960554122925,
    "r2": 0.0,
    "block_inclusion_accuracy": 0.5,
    "avg_overpay_sat_vb": 0.44964333375295,
    "median_overpay_sat_vb": 0.14428210258483887,
    "avg_underpay_sat_vb": 0.14655272165934244,
    "overpay_mape": 22.4821666876475,
    "within_10pct": 0.16666666666666666,
    "within_20pct": 0.5,
    "within_50pct": 0.8333333333333334,
    "asymmetric_loss": 0.21860139562729072,
    "mape": 29.809802770614624
  },
  "lgb_metrics": {
    "horizon_blocks": 1,
    "model_type": "lightgbm",
    "mse": 0.4774706880946822,
    "rmse": 0.6909925383784417,
    "mae": 0.6909918062904108,
    "r2": 0.0,
    "block_inclusion_accuracy": 0.0,
    "avg_overpay_sat_vb": 0.0,
    "avg_underpay_sat_vb": 0.6909918062904108,
    "within_10pct": 0.0,
    "within_20pct": 0.0,
    "within_50pct": 1.0,
    "asymmetric_loss": 0.3342294816662776,
    "mape": 34.54959031452054
  }
}