{
  "horizon": "1block",
  "xgb_metrics": {
    "horizon_blocks": 1,
    "mse": 28.77626828129102,
    "rmse": 5.364351617976866,
    "mae": 5.274268627166748,
    "r2": 0.0,
    "block_inclusion_accuracy": 1.0,
    "avg_overpay_sat_vb": 5.274268627166748,
    "median_overpay_sat_vb": 5.446323871612549,
    "avg_underpay_sat_vb": 0.0,
    "overpay_mape": 131.8567156791687,
    "within_10pct": 0.0,
    "within_20pct": 0.0,
    "within_50pct": 0.0,
    "asymmetric_loss": 8.632880484387309,
    "mape": 131.8567156791687
  },
  "lgb_metrics": {
    "horizon_blocks": 1,
    "model_type": "lightgbm",
    "mse": 9.0,
    "rmse": 3.0,
    "mae": 3.0,
    "r2": 0.0,
    "block_inclusion_accuracy": 0.0,
    "avg_overpay_sat_vb": 0.0,
    "avg_underpay_sat_vb": 3.0,
    "within_10pct": 0.0,
    "within_20pct": 0.0,
    "within_50pct": 0.0,
    "asymmetric_loss": 6.3,
    "mape": 75.0
  }
}