{
  "horizon": "1block",
  "xgb_metrics": {
    "horizon_blocks": 1,
    "mse": 6.843570811363482,
    "rmse": 2.6160219439759067,
    "mae": 2.5294925371805825,
    "r2": 0.0,
    "block_inclusion_accuracy": 1.0,
    "avg_overpay_sat_vb": 2.5294925371805825,
    "median_overpay_sat_vb": 2.4103989601135254,
    "avg_underpay_sat_vb": 0.0,
    "overpay_mape": 63.237313429514565,
    "within_10pct": 0.0,
    "within_20pct": 0.0,
    "within_50pct": 0.3333333333333333,
    "asymmetric_loss": 2.053071243409045,
    "mape": 63.237313429514565
  },
  "lgb_metrics": {
    "horizon_blocks": 1,
    "model_type": "lightgbm",
    "mse": 7.090001857630159,
    "rmse": 2.6627057399626715,
    "mae": 2.6627055710894645,
    "r2": 0.0,
    "block_inclusion_accuracy": 0.0,
    "avg_overpay_sat_vb": 0.0,
    "avg_underpay_sat_vb": 2.6627055710894645,
    "within_10pct": 0.0,
    "within_20pct": 0.0,
    "within_50pct": 0.0,
    "asymmetric_loss": 4.963001300341111,
    "mape": 66.56763927723661
  }
}