{
  "horizon": "1block",
  "xgb_metrics": {
    "horizon_blocks": 1,
    "mse": 1.1986379618409444,
    "rmse": 1.0948232559828752,
    "mae": 1.053227384885152,
    "r2": -0.1986379618409444,
    "block_inclusion_accuracy": 0.5,
    "avg_overpay_sat_vb": 0.669528603553772,
    "median_overpay_sat_vb": 0.6098531484603882,
    "avg_underpay_sat_vb": 0.3836987813313802,
    "overpay_mape": 33.4764301776886,
    "within_10pct": 0.0,
    "within_20pct": 0.5,
    "within_50pct": 0.5,
    "asymmetric_loss": 0.4774124806840699,
    "mape": 43.0688997109731
  },
  "lgb_metrics": {
    "horizon_blocks": 1,
    "model_type": "lightgbm",
    "mse": 5.0,
    "rmse": 2.23606797749979,
    "mae": 2.0,
    "r2": -4.0,
    "block_inclusion_accuracy": 0.0,
    "avg_overpay_sat_vb": 0.0,
    "avg_underpay_sat_vb": 2.0,
    "within_10pct": 0.0,
    "within_20pct": 0.0,
    "within_50pct": 0.0,
    "asymmetric_loss": 3.4999999999999996,
    "mape": 62.5
  }
}