{
  "horizon": "6block",
  "xgb_metrics": {
    "horizon_blocks": 6,
    "mse": 2.2773969875061275,
    "rmse": 1.5091046973308802,
    "mae": 1.1803052425384521,
    "r2": -15.39725831004412,
    "block_inclusion_accuracy": 0.8333333333333334,
    "avg_overpay_sat_vb": 1.0800351699193318,
    "median_overpay_sat_vb": 0.8273470401763916,
    "avg_underpay_sat_vb": 0.10027007261912028,
    "overpay_mape": 108.00351699193318,
    "within_10pct": 0.16666666666666666,
    "within_20pct": 0.16666666666666666,
    "within_50pct": 0.3333333333333333,
    "asymmetric_loss": 0.7073489061631432,
    "mape": 113.0170206228892
  },
  "lgb_metrics": {
    "horizon_blocks": 6,
    "model_type": "lightgbm",
    "mse": 0.16666666666666666,
    "rmse": 0.408248290463863,
    "mae": 0.16666666666666666,
    "r2": -0.20000000000000018,
    "block_inclusion_accuracy": 0.8333333333333334,
    "avg_overpay_sat_vb": 0.0,
    "avg_underpay_sat_vb": 0.16666666666666666,
    "within_10pct": 0.8333333333333334,
    "within_20pct": 0.8333333333333334,
    "within_50pct": 0.8333333333333334,
    "asymmetric_loss": 0.11666666666666665,
    "mape": 8.333333333333332
  }
}