{
  "horizon": "6block",
  "xgb_metrics": {
    "horizon_blocks": 6,
    "mse": 0.028978643707271583,
    "rmse": 0.1702311478762673,
    "mae": 0.12541004021962485,
    "r2": 0.0,
    "block_inclusion_accuracy": 1.0,
    "avg_overpay_sat_vb": 0.12541004021962485,
    "median_overpay_sat_vb": 0.10281705856323242,
    "avg_underpay_sat_vb": 0.0,
    "overpay_mape": 12.541004021962484,
    "within_10pct": 0.5,
    "within_20pct": 0.6666666666666666,
    "within_50pct": 1.0,
    "asymmetric_loss": 0.008693593112181477,
    "mape": 12.541004021962484
  },
  "lgb_metrics": {
    "horizon_blocks": 6,
    "model_type": "lightgbm",
    "mse": 0.0005570460757518531,
    "rmse": 0.023601823568357026,
    "mae": 0.013626519190556982,
    "r2": 0.0,
    "block_inclusion_accuracy": 1.0,
    "avg_overpay_sat_vb": 0.013626519190556982,
    "avg_underpay_sat_vb": 0.0,
    "within_10pct": 1.0,
    "within_20pct": 1.0,
    "within_50pct": 1.0,
    "asymmetric_loss": 0.00016711382272555593,
    "mape": 1.3626519190556983
  }
}