{
  "horizon": "1block",
  "xgb_metrics": {
    "horizon_blocks": 1,
    "mse": 0.29409876262687834,
    "rmse": 0.5423087336811738,
    "mae": 0.40351903438568115,
    "r2": -0.32344443182095217,
    "block_inclusion_accuracy": 0.6666666666666666,
    "avg_overpay_sat_vb": 0.10321185986200969,
    "median_overpay_sat_vb": 0.05565685033798218,
    "avg_underpay_sat_vb": 0.30030717452367145,
    "overpay_mape": 10.32118598620097,
    "within_10pct": 0.3333333333333333,
    "within_20pct": 0.3333333333333333,
    "within_50pct": 1.0,
    "asymmetric_loss": 0.19645253404518095,
    "mape": 25.33654471238454
  },
  "lgb_metrics": {
    "horizon_blocks": 1,
    "model_type": "lightgbm",
    "mse": 0.3333333333333333,
    "rmse": 0.5773502691896257,
    "mae": 0.3333333333333333,
    "r2": -0.49999999999999956,
    "block_inclusion_accuracy": 0.6666666666666666,
    "avg_overpay_sat_vb": 0.0,
    "avg_underpay_sat_vb": 0.3333333333333333,
    "within_10pct": 0.6666666666666666,
    "within_20pct": 0.6666666666666666,
    "within_50pct": 0.6666666666666666,
    "asymmetric_loss": 0.2333333333333333,
    "mape": 16.666666666666664
  }
}