{
  "horizon": "1block",
  "xgb_metrics": {
    "horizon_blocks": 1,
    "mse": 0.13574803485737164,
    "rmse": 0.36844000170634517,
    "mae": 0.32021403312683105,
    "r2": 0.0,
    "block_inclusion_accuracy": 0.3333333333333333,
    "avg_overpay_sat_vb": 0.022614359855651855,
    "median_overpay_sat_vb": 0.0,
    "avg_underpay_sat_vb": 0.2975996732711792,
    "overpay_mape": 1.1307179927825928,
    "within_10pct": 0.3333333333333333,
    "within_20pct": 0.3333333333333333,
    "within_50pct": 1.0,
    "asymmetric_loss": 0.0943279850707081,
    "mape": 16.010701656341553
  },
  "lgb_metrics": {
    "horizon_blocks": 1,
    "model_type": "lightgbm",
    "mse": 0.9918908945761958,
    "rmse": 0.9959371940921756,
    "mae": 0.9959371940921756,
    "r2": 0.0,
    "block_inclusion_accuracy": 0.0,
    "avg_overpay_sat_vb": 0.0,
    "avg_underpay_sat_vb": 0.9959371940921756,
    "within_10pct": 0.0,
    "within_20pct": 0.0,
    "within_50pct": 1.0,
    "asymmetric_loss": 0.694323626203337,
    "mape": 49.79685970460878
  }
}