{
  "horizon": "3block",
  "xgb_metrics": {
    "horizon_blocks": 3,
    "mse": 12.977425854177362,
    "rmse": 3.602419444509115,
    "mae": 3.1693738102912903,
    "r2": -92.43746615007701,
    "block_inclusion_accuracy": 0.6666666666666666,
    "avg_overpay_sat_vb": 2.8956851164499917,
    "median_overpay_sat_vb": 3.847208261489868,
    "avg_underpay_sat_vb": 0.2736886938412984,
    "overpay_mape": 176.58415635426837,
    "within_10pct": 0.0,
    "within_20pct": 0.0,
    "within_50pct": 0.16666666666666666,
    "asymmetric_loss": 3.9873833372412375,
    "mape": 190.2685910463333
  },
  "lgb_metrics": {
    "horizon_blocks": 3,
    "model_type": "lightgbm",
    "mse": 0.8333333333333334,
    "rmse": 0.9128709291752769,
    "mae": 0.8333333333333334,
    "r2": -5.000000000000001,
    "block_inclusion_accuracy": 0.16666666666666666,
    "avg_overpay_sat_vb": 0.0,
    "avg_underpay_sat_vb": 0.8333333333333334,
    "within_10pct": 0.16666666666666666,
    "within_20pct": 0.16666666666666666,
    "within_50pct": 0.16666666666666666,
    "asymmetric_loss": 0.5833333333333334,
    "mape": 41.66666666666667
  }
}