{
  "horizon": "6block",
  "xgb_metrics": {
    "horizon_blocks": 6,
    "mse": 1.0906762364590463,
    "rmse": 1.0443544592038885,
    "mae": 0.5792235533396403,
    "r2": -6.852868902505135,
    "block_inclusion_accuracy": 0.8333333333333334,
    "avg_overpay_sat_vb": 0.41255688667297363,
    "median_overpay_sat_vb": 0.0,
    "avg_underpay_sat_vb": 0.16666666666666666,
    "overpay_mape": 41.25568866729736,
    "within_10pct": 0.5,
    "within_20pct": 0.6666666666666666,
    "within_50pct": 0.6666666666666666,
    "asymmetric_loss": 0.3938695376043806,
    "mape": 49.58902200063069
  },
  "lgb_metrics": {
    "horizon_blocks": 6,
    "model_type": "lightgbm",
    "mse": 0.16666666666666666,
    "rmse": 0.408248290463863,
    "mae": 0.16666666666666666,
    "r2": -0.20000000000000018,
    "block_inclusion_accuracy": 0.8333333333333334,
    "avg_overpay_sat_vb": 0.0,
    "avg_underpay_sat_vb": 0.16666666666666666,
    "within_10pct": 0.8333333333333334,
    "within_20pct": 0.8333333333333334,
    "within_50pct": 0.8333333333333334,
    "asymmetric_loss": 0.11666666666666665,
    "mape": 8.333333333333332
  }
}