{
  "horizon": "1block",
  "xgb_metrics": {
    "horizon_blocks": 1,
    "mse": 0.24950391744442393,
    "rmse": 0.499503671102049,
    "mae": 0.3765800396601359,
    "r2": -0.7964282055998531,
    "block_inclusion_accuracy": 0.3333333333333333,
    "avg_overpay_sat_vb": 0.071136474609375,
    "median_overpay_sat_vb": 0.0,
    "avg_underpay_sat_vb": 0.3054435650507609,
    "overpay_mape": 2.3712158203125,
    "within_10pct": 0.6666666666666666,
    "within_20pct": 0.8333333333333334,
    "within_50pct": 1.0,
    "asymmetric_loss": 0.16769486325143293,
    "mape": 13.49325544304318
  },
  "lgb_metrics": {
    "horizon_blocks": 1,
    "model_type": "lightgbm",
    "mse": 3.5,
    "rmse": 1.8708286933869707,
    "mae": 1.8333333333333333,
    "r2": -24.20000000000001,
    "block_inclusion_accuracy": 0.0,
    "avg_overpay_sat_vb": 0.0,
    "avg_underpay_sat_vb": 1.8333333333333333,
    "within_10pct": 0.0,
    "within_20pct": 0.0,
    "within_50pct": 0.0,
    "asymmetric_loss": 2.4499999999999997,
    "mape": 63.88888888888887
  }
}