{
  "horizon": "3block",
  "xgb_metrics": {
    "horizon_blocks": 3,
    "mse": 5.1715172667958695,
    "rmse": 2.2740970222916763,
    "mae": 2.1959009170532227,
    "r2": -36.234924320930254,
    "block_inclusion_accuracy": 0.0,
    "avg_overpay_sat_vb": 0.0,
    "median_overpay_sat_vb": 0.0,
    "avg_underpay_sat_vb": 2.1959009170532227,
    "overpay_mape": 0.0,
    "within_10pct": 0.0,
    "within_20pct": 0.0,
    "within_50pct": 0.3333333333333333,
    "asymmetric_loss": 3.6200620867571085,
    "mape": 52.11868027846018
  },
  "lgb_metrics": {
    "horizon_blocks": 3,
    "model_type": "lightgbm",
    "mse": 10.166666666666666,
    "rmse": 3.1885210782848317,
    "mae": 3.1666666666666665,
    "r2": -72.2,
    "block_inclusion_accuracy": 0.0,
    "avg_overpay_sat_vb": 0.0,
    "avg_underpay_sat_vb": 3.1666666666666665,
    "within_10pct": 0.0,
    "within_20pct": 0.0,
    "within_50pct": 0.0,
    "asymmetric_loss": 7.116666666666667,
    "mape": 75.83333333333333
  }
}