{
  "horizon": "1block",
  "xgb_metrics": {
    "horizon_blocks": 1,
    "mse": 2.4886340910910767,
    "rmse": 1.577540519635257,
    "mae": 1.5749675432840984,
    "r2": 0.0,
    "block_inclusion_accuracy": 1.0,
    "avg_overpay_sat_vb": 1.5749675432840984,
    "median_overpay_sat_vb": 1.6206046342849731,
    "avg_underpay_sat_vb": 0.0,
    "overpay_mape": 78.74837716420492,
    "within_10pct": 0.0,
    "within_20pct": 0.0,
    "within_50pct": 0.0,
    "asymmetric_loss": 0.7465902273273232,
    "mape": 78.74837716420492
  },
  "lgb_metrics": {
    "horizon_blocks": 1,
    "model_type": "lightgbm",
    "mse": 0.7458370089727663,
    "rmse": 0.8636185552503873,
    "mae": 0.8636185552503871,
    "r2": 0.0,
    "block_inclusion_accuracy": 0.0,
    "avg_overpay_sat_vb": 0.0,
    "avg_underpay_sat_vb": 0.8636185552503871,
    "within_10pct": 0.0,
    "within_20pct": 0.0,
    "within_50pct": 1.0,
    "asymmetric_loss": 0.5220859062809363,
    "mape": 43.18092776251935
  }
}