{
  "horizon": "1block",
  "xgb_metrics": null,
  "lgb_metrics": {
    "horizon_blocks": 1,
    "model_type": "lightgbm",
    "mse": 35.97069188896005,
    "rmse": 5.997557160124449,
    "mae": 5.997557075778925,
    "r2": 0.0,
    "block_inclusion_accuracy": 0.0,
    "avg_overpay_sat_vb": 0.0,
    "avg_underpay_sat_vb": 5.997557075778925,
    "within_10pct": 0.0,
    "within_20pct": 0.0,
    "within_50pct": 0.0,
    "asymmetric_loss": 25.17948432227203,
    "mape": 85.67938679684178
  }
}