{
  "horizon": "1block",
  "xgb_metrics": {
    "horizon_blocks": 1,
    "mse": 0.05543573062375392,
    "rmse": 0.23544793612124512,
    "mae": 0.13919426997502646,
    "r2": 0.0,
    "block_inclusion_accuracy": 1.0,
    "avg_overpay_sat_vb": 0.13919426997502646,
    "median_overpay_sat_vb": 0.013375282287597656,
    "avg_underpay_sat_vb": 0.0,
    "overpay_mape": 13.919426997502645,
    "within_10pct": 0.6666666666666666,
    "within_20pct": 0.6666666666666666,
    "within_50pct": 1.0,
    "asymmetric_loss": 0.016630719187126178,
    "mape": 13.919426997502645
  },
  "lgb_metrics": {
    "horizon_blocks": 1,
    "model_type": "lightgbm",
    "mse": 0.0,
    "rmse": 0.0,
    "mae": 0.0,
    "r2": 1.0,
    "block_inclusion_accuracy": 1.0,
    "avg_overpay_sat_vb": 0.0,
    "avg_underpay_sat_vb": 0.0,
    "within_10pct": 1.0,
    "within_20pct": 1.0,
    "within_50pct": 1.0,
    "asymmetric_loss": 0.0,
    "mape": 0.0
  }
}