{
  "horizon": "1block",
  "xgb_metrics": {
    "horizon_blocks": 1,
    "mse": 0.8480534250094655,
    "rmse": 0.9208981621273145,
    "mae": 0.8232927918434143,
    "r2": 0.0,
    "block_inclusion_accuracy": 0.8333333333333334,
    "avg_overpay_sat_vb": 0.6676011880238851,
    "median_overpay_sat_vb": 0.5713515281677246,
    "avg_underpay_sat_vb": 0.1556916038195292,
    "overpay_mape": 33.38005940119426,
    "within_10pct": 0.0,
    "within_20pct": 0.16666666666666666,
    "within_50pct": 0.6666666666666666,
    "asymmetric_loss": 0.31259172870259305,
    "mape": 41.164639592170715
  },
  "lgb_metrics": {
    "horizon_blocks": 1,
    "model_type": "lightgbm",
    "mse": 0.8506613123248177,
    "rmse": 0.922313022961737,
    "mae": 0.9223124744849871,
    "r2": 0.0,
    "block_inclusion_accuracy": 0.0,
    "avg_overpay_sat_vb": 0.0,
    "avg_underpay_sat_vb": 0.9223124744849871,
    "within_10pct": 0.0,
    "within_20pct": 0.0,
    "within_50pct": 1.0,
    "asymmetric_loss": 0.5954629186273724,
    "mape": 46.11562372424935
  }
}