{
  "horizon": "1block",
  "xgb_metrics": {
    "horizon_blocks": 1,
    "mse": 0.8578719174403963,
    "rmse": 0.9262137536445874,
    "mae": 0.9158902963002523,
    "r2": 0.0,
    "block_inclusion_accuracy": 0.0,
    "avg_overpay_sat_vb": 0.0,
    "median_overpay_sat_vb": 0.0,
    "avg_underpay_sat_vb": 0.9158902963002523,
    "overpay_mape": 0.0,
    "within_10pct": 0.0,
    "within_20pct": 0.0,
    "within_50pct": 0.3333333333333333,
    "asymmetric_loss": 0.6005103422082775,
    "mape": 45.79451481501262
  },
  "lgb_metrics": {
    "horizon_blocks": 1,
    "model_type": "lightgbm",
    "mse": 0.8170194015982358,
    "rmse": 0.9038912554053368,
    "mae": 0.9038912554053368,
    "r2": 0.0,
    "block_inclusion_accuracy": 0.0,
    "avg_overpay_sat_vb": 0.0,
    "avg_underpay_sat_vb": 0.9038912554053368,
    "within_10pct": 0.0,
    "within_20pct": 0.0,
    "within_50pct": 1.0,
    "asymmetric_loss": 0.5719135811187651,
    "mape": 45.19456277026684
  }
}