{
  "horizon": "1block",
  "xgb_metrics": {
    "horizon_blocks": 1,
    "mse": 0.11842705084319505,
    "rmse": 0.34413231589491133,
    "mae": 0.31201330820719403,
    "r2": 0.0,
    "block_inclusion_accuracy": 0.0,
    "avg_overpay_sat_vb": 0.0,
    "median_overpay_sat_vb": 0.0,
    "avg_underpay_sat_vb": 0.31201330820719403,
    "overpay_mape": 0.0,
    "within_10pct": 0.5,
    "within_20pct": 1.0,
    "within_50pct": 1.0,
    "asymmetric_loss": 0.08289893559023652,
    "mape": 10.400443606906467
  },
  "lgb_metrics": {
    "horizon_blocks": 1,
    "model_type": "lightgbm",
    "mse": 3.045234933661515,
    "rmse": 1.7450601518748616,
    "mae": 1.7450601518748616,
    "r2": 0.0,
    "block_inclusion_accuracy": 0.0,
    "avg_overpay_sat_vb": 0.0,
    "avg_underpay_sat_vb": 1.7450601518748616,
    "within_10pct": 0.0,
    "within_20pct": 0.0,
    "within_50pct": 0.0,
    "asymmetric_loss": 2.1316644535630602,
    "mape": 58.16867172916206
  }
}