{
  "horizon": "1block",
  "xgb_metrics": {
    "horizon_blocks": 1,
    "mse": 0.11589092357477664,
    "rmse": 0.34042755995185914,
    "mae": 0.31693140665690106,
    "r2": 0.0,
    "block_inclusion_accuracy": 0.0,
    "avg_overpay_sat_vb": 0.0,
    "median_overpay_sat_vb": 0.0,
    "avg_underpay_sat_vb": 0.31693140665690106,
    "overpay_mape": 0.0,
    "within_10pct": 0.8333333333333334,
    "within_20pct": 1.0,
    "within_50pct": 1.0,
    "asymmetric_loss": 0.08112364650234365,
    "mape": 6.338628133138021
  },
  "lgb_metrics": {
    "horizon_blocks": 1,
    "model_type": "lightgbm",
    "mse": 16.0,
    "rmse": 4.0,
    "mae": 4.0,
    "r2": 0.0,
    "block_inclusion_accuracy": 0.0,
    "avg_overpay_sat_vb": 0.0,
    "avg_underpay_sat_vb": 4.0,
    "within_10pct": 0.0,
    "within_20pct": 0.0,
    "within_50pct": 0.0,
    "asymmetric_loss": 11.200000000000001,
    "mape": 80.0
  }
}