{
  "horizon": "6block",
  "xgb_metrics": {
    "horizon_blocks": 6,
    "mse": 6.980273909835593,
    "rmse": 2.642020800416907,
    "mae": 2.113009492556254,
    "r2": 0.0,
    "block_inclusion_accuracy": 0.8333333333333334,
    "avg_overpay_sat_vb": 1.8296931584676106,
    "median_overpay_sat_vb": 1.3019099235534668,
    "avg_underpay_sat_vb": 0.2833163340886434,
    "overpay_mape": 36.59386316935221,
    "within_10pct": 0.16666666666666666,
    "within_20pct": 0.16666666666666666,
    "within_50pct": 0.6666666666666666,
    "asymmetric_loss": 2.2867257213381045,
    "mape": 42.26018985112508
  },
  "lgb_metrics": {
    "horizon_blocks": 6,
    "model_type": "lightgbm",
    "mse": 16.0,
    "rmse": 4.0,
    "mae": 4.0,
    "r2": 0.0,
    "block_inclusion_accuracy": 0.0,
    "avg_overpay_sat_vb": 0.0,
    "avg_underpay_sat_vb": 4.0,
    "within_10pct": 0.0,
    "within_20pct": 0.0,
    "within_50pct": 0.0,
    "asymmetric_loss": 11.200000000000001,
    "mape": 80.0
  }
}