{
  "horizon": "3block",
  "xgb_metrics": {
    "horizon_blocks": 3,
    "mse": 2.162807454949238,
    "rmse": 1.4706486510887766,
    "mae": 1.2507099111874898,
    "r2": -2.893053418908629,
    "block_inclusion_accuracy": 0.16666666666666666,
    "avg_overpay_sat_vb": 0.002542257308959961,
    "median_overpay_sat_vb": 0.0,
    "avg_underpay_sat_vb": 1.2481676538785298,
    "overpay_mape": 0.2542257308959961,
    "within_10pct": 0.16666666666666666,
    "within_20pct": 0.3333333333333333,
    "within_50pct": 0.5,
    "asymmetric_loss": 1.5139497070911265,
    "mape": 41.85981419351366
  },
  "lgb_metrics": {
    "horizon_blocks": 3,
    "model_type": "lightgbm",
    "mse": 3.3333333333333335,
    "rmse": 1.8257418583505538,
    "mae": 1.6666666666666667,
    "r2": -5.000000000000001,
    "block_inclusion_accuracy": 0.16666666666666666,
    "avg_overpay_sat_vb": 0.0,
    "avg_underpay_sat_vb": 1.6666666666666667,
    "within_10pct": 0.16666666666666666,
    "within_20pct": 0.16666666666666666,
    "within_50pct": 0.16666666666666666,
    "asymmetric_loss": 2.3333333333333335,
    "mape": 55.55555555555555
  }
}