{
  "horizon": "6block",
  "xgb_metrics": {
    "horizon_blocks": 6,
    "mse": 0.10040299668381891,
    "rmse": 0.3168643190449485,
    "mae": 0.2148246169090271,
    "r2": 0.0,
    "block_inclusion_accuracy": 0.5,
    "avg_overpay_sat_vb": 0.04185195763905843,
    "median_overpay_sat_vb": 0.008047223091125488,
    "avg_underpay_sat_vb": 0.17297265926996866,
    "overpay_mape": 2.092597881952922,
    "within_10pct": 0.5,
    "within_20pct": 0.8333333333333334,
    "within_50pct": 1.0,
    "asymmetric_loss": 0.06737558309985374,
    "mape": 10.741230845451355
  },
  "lgb_metrics": {
    "horizon_blocks": 6,
    "model_type": "lightgbm",
    "mse": 0.9955972225332886,
    "rmse": 0.9977961828616547,
    "mae": 0.9977961828616547,
    "r2": 0.0,
    "block_inclusion_accuracy": 0.0,
    "avg_overpay_sat_vb": 0.0,
    "avg_underpay_sat_vb": 0.9977961828616547,
    "within_10pct": 0.0,
    "within_20pct": 0.0,
    "within_50pct": 1.0,
    "asymmetric_loss": 0.6969180557733018,
    "mape": 49.889809143082736
  }
}