{
  "horizon": "1block",
  "xgb_metrics": {
    "horizon_blocks": 1,
    "mse": 0.8412592152834577,
    "rmse": 0.9172018399913171,
    "mae": 0.6884341239929199,
    "r2": 0.0,
    "block_inclusion_accuracy": 0.8333333333333334,
    "avg_overpay_sat_vb": 0.5217674573262533,
    "median_overpay_sat_vb": 0.2480027675628662,
    "avg_underpay_sat_vb": 0.16666666666666666,
    "overpay_mape": 26.088372866312664,
    "within_10pct": 0.3333333333333333,
    "within_20pct": 0.5,
    "within_50pct": 0.6666666666666666,
    "asymmetric_loss": 0.319044431251704,
    "mape": 34.421706199645996
  },
  "lgb_metrics": {
    "horizon_blocks": 1,
    "model_type": "lightgbm",
    "mse": 0.4502049945537825,
    "rmse": 0.6709731697719236,
    "mae": 0.670972750921547,
    "r2": 0.0,
    "block_inclusion_accuracy": 0.0,
    "avg_overpay_sat_vb": 0.0,
    "avg_underpay_sat_vb": 0.670972750921547,
    "within_10pct": 0.0,
    "within_20pct": 0.0,
    "within_50pct": 1.0,
    "asymmetric_loss": 0.31514349618764775,
    "mape": 33.548637546077344
  }
}