{
  "horizon": "1block",
  "xgb_metrics": {
    "horizon_blocks": 1,
    "mse": 0.18627662697673722,
    "rmse": 0.4315977606252577,
    "mae": 0.277521272500356,
    "r2": -0.34119171423250827,
    "block_inclusion_accuracy": 0.8333333333333334,
    "avg_overpay_sat_vb": 0.14116986592610678,
    "median_overpay_sat_vb": 0.0,
    "avg_underpay_sat_vb": 0.13635140657424927,
    "overpay_mape": 14.116986592610678,
    "within_10pct": 0.5,
    "within_20pct": 0.5,
    "within_50pct": 0.8333333333333334,
    "asymmetric_loss": 0.1005030826724841,
    "mape": 20.934556921323143
  },
  "lgb_metrics": {
    "horizon_blocks": 1,
    "model_type": "lightgbm",
    "mse": 0.16666666666666666,
    "rmse": 0.408248290463863,
    "mae": 0.16666666666666666,
    "r2": -0.20000000000000018,
    "block_inclusion_accuracy": 0.8333333333333334,
    "avg_overpay_sat_vb": 0.0,
    "avg_underpay_sat_vb": 0.16666666666666666,
    "within_10pct": 0.8333333333333334,
    "within_20pct": 0.8333333333333334,
    "within_50pct": 0.8333333333333334,
    "asymmetric_loss": 0.11666666666666665,
    "mape": 8.333333333333332
  }
}