{
  "horizon": "3block",
  "xgb_metrics": {
    "horizon_blocks": 3,
    "mse": 0.6666666666666666,
    "rmse": 0.816496580927726,
    "mae": 0.6666666666666666,
    "r2": -1.9999999999999991,
    "block_inclusion_accuracy": 0.3333333333333333,
    "avg_overpay_sat_vb": 0.0,
    "median_overpay_sat_vb": 0.0,
    "avg_underpay_sat_vb": 0.6666666666666666,
    "overpay_mape": 0.0,
    "within_10pct": 0.3333333333333333,
    "within_20pct": 0.3333333333333333,
    "within_50pct": 0.3333333333333333,
    "asymmetric_loss": 0.4666666666666666,
    "mape": 33.33333333333333
  },
  "lgb_metrics": {
    "horizon_blocks": 3,
    "model_type": "lightgbm",
    "mse": 0.6612309524658045,
    "rmse": 0.8131610864188009,
    "mae": 0.6653035574663945,
    "r2": -1.9755392860961196,
    "block_inclusion_accuracy": 0.3333333333333333,
    "avg_overpay_sat_vb": 0.0013631092002722351,
    "avg_underpay_sat_vb": 0.6639404482661222,
    "within_10pct": 0.3333333333333333,
    "within_20pct": 0.3333333333333333,
    "within_50pct": 1.0,
    "asymmetric_loss": 0.4628594370460329,
    "mape": 33.33333333333333
  }
}