{
  "horizon": "1block",
  "xgb_metrics": {
    "horizon_blocks": 1,
    "mse": 0.0042122237637869375,
    "rmse": 0.06490164684957492,
    "mae": 0.049150307973225914,
    "r2": 0.0,
    "block_inclusion_accuracy": 1.0,
    "avg_overpay_sat_vb": 0.049150307973225914,
    "median_overpay_sat_vb": 0.03344029188156128,
    "avg_underpay_sat_vb": 0.0,
    "overpay_mape": 4.915030797322592,
    "within_10pct": 0.8333333333333334,
    "within_20pct": 1.0,
    "within_50pct": 1.0,
    "asymmetric_loss": 0.0012636671291360816,
    "mape": 4.915030797322592
  },
  "lgb_metrics": {
    "horizon_blocks": 1,
    "model_type": "lightgbm",
    "mse": 0.10044490047558309,
    "rmse": 0.3169304347575081,
    "mae": 0.31692901595829986,
    "r2": 0.0,
    "block_inclusion_accuracy": 1.0,
    "avg_overpay_sat_vb": 0.31692901595829986,
    "avg_underpay_sat_vb": 0.0,
    "within_10pct": 0.0,
    "within_20pct": 0.0,
    "within_50pct": 1.0,
    "asymmetric_loss": 0.030133470142674933,
    "mape": 31.692901595829987
  }
}