{
  "horizon": "1block",
  "xgb_metrics": {
    "horizon_blocks": 1,
    "mse": 2.0353011575271958,
    "rmse": 1.4266398135223886,
    "mae": 1.423160235087077,
    "r2": 0.0,
    "block_inclusion_accuracy": 1.0,
    "avg_overpay_sat_vb": 1.423160235087077,
    "median_overpay_sat_vb": 1.4588651657104492,
    "avg_underpay_sat_vb": 0.0,
    "overpay_mape": 71.15801175435385,
    "within_10pct": 0.0,
    "within_20pct": 0.0,
    "within_50pct": 0.0,
    "asymmetric_loss": 0.6105903472581587,
    "mape": 71.15801175435385
  },
  "lgb_metrics": {
    "horizon_blocks": 1,
    "model_type": "lightgbm",
    "mse": 0.948085252279391,
    "rmse": 0.9736966941914669,
    "mae": 0.973696694191467,
    "r2": 0.0,
    "block_inclusion_accuracy": 0.0,
    "avg_overpay_sat_vb": 0.0,
    "avg_underpay_sat_vb": 0.973696694191467,
    "within_10pct": 0.0,
    "within_20pct": 0.0,
    "within_50pct": 1.0,
    "asymmetric_loss": 0.6636596765955737,
    "mape": 48.68483470957335
  }
}