{
  "horizon": "1block",
  "xgb_metrics": {
    "horizon_blocks": 1,
    "mse": 0.18041309939948982,
    "rmse": 0.4247506320177638,
    "mae": 0.35356269280115765,
    "r2": 0.0,
    "block_inclusion_accuracy": 0.3333333333333333,
    "avg_overpay_sat_vb": 0.1874012549718221,
    "median_overpay_sat_vb": 0.0,
    "avg_underpay_sat_vb": 0.16616143782933554,
    "overpay_mape": 9.370062748591106,
    "within_10pct": 0.3333333333333333,
    "within_20pct": 0.6666666666666666,
    "within_50pct": 1.0,
    "asymmetric_loss": 0.07561333572679203,
    "mape": 17.678134640057884
  },
  "lgb_metrics": {
    "horizon_blocks": 1,
    "model_type": "lightgbm",
    "mse": 0.8140426968483626,
    "rmse": 0.9022431472991982,
    "mae": 0.9022373730895094,
    "r2": 0.0,
    "block_inclusion_accuracy": 0.0,
    "avg_overpay_sat_vb": 0.0,
    "avg_underpay_sat_vb": 0.9022373730895094,
    "within_10pct": 0.0,
    "within_20pct": 0.0,
    "within_50pct": 1.0,
    "asymmetric_loss": 0.5698298877938538,
    "mape": 45.111868654475465
  }
}