{
  "horizon": "6block",
  "xgb_metrics": {
    "horizon_blocks": 6,
    "mse": 1.1603005848817578,
    "rmse": 1.0771724954164759,
    "mae": 0.9454202254613241,
    "r2": 0.0,
    "block_inclusion_accuracy": 0.16666666666666666,
    "avg_overpay_sat_vb": 0.008105039596557617,
    "median_overpay_sat_vb": 0.0,
    "avg_underpay_sat_vb": 0.9373151858647665,
    "overpay_mape": 0.27016798655192054,
    "within_10pct": 0.16666666666666666,
    "within_20pct": 0.16666666666666666,
    "within_50pct": 0.8333333333333334,
    "asymmetric_loss": 0.8120527494167623,
    "mape": 31.514007515377468
  },
  "lgb_metrics": {
    "horizon_blocks": 6,
    "model_type": "lightgbm",
    "mse": 4.0,
    "rmse": 2.0,
    "mae": 2.0,
    "r2": 0.0,
    "block_inclusion_accuracy": 0.0,
    "avg_overpay_sat_vb": 0.0,
    "avg_underpay_sat_vb": 2.0,
    "within_10pct": 0.0,
    "within_20pct": 0.0,
    "within_50pct": 0.0,
    "asymmetric_loss": 2.8000000000000003,
    "mape": 66.66666666666666
  }
}