{
  "horizon": "6block",
  "xgb_metrics": {
    "horizon_blocks": 6,
    "mse": 0.6033070410809293,
    "rmse": 0.7767284217028042,
    "mae": 0.5645291407903036,
    "r2": -1.714881684864181,
    "block_inclusion_accuracy": 0.8333333333333334,
    "avg_overpay_sat_vb": 0.3978624741236369,
    "median_overpay_sat_vb": 0.053874850273132324,
    "avg_underpay_sat_vb": 0.16666666666666666,
    "overpay_mape": 38.88833324114482,
    "within_10pct": 0.5,
    "within_20pct": 0.5,
    "within_50pct": 0.5,
    "asymmetric_loss": 0.24765877899094546,
    "mape": 47.22166657447815
  },
  "lgb_metrics": {
    "horizon_blocks": 6,
    "model_type": "lightgbm",
    "mse": 0.3333333333333333,
    "rmse": 0.5773502691896257,
    "mae": 0.3333333333333333,
    "r2": -0.4999999999999998,
    "block_inclusion_accuracy": 0.6666666666666666,
    "avg_overpay_sat_vb": 0.0,
    "avg_underpay_sat_vb": 0.3333333333333333,
    "within_10pct": 0.6666666666666666,
    "within_20pct": 0.6666666666666666,
    "within_50pct": 0.6666666666666666,
    "asymmetric_loss": 0.2333333333333333,
    "mape": 16.666666666666664
  }
}