{
  "horizon": "1block",
  "xgb_metrics": {
    "horizon_blocks": 1,
    "mse": 0.48625020294069304,
    "rmse": 0.6973164295645794,
    "mae": 0.6174700061480204,
    "r2": 0.0,
    "block_inclusion_accuracy": 0.5,
    "avg_overpay_sat_vb": 0.15912334124247232,
    "median_overpay_sat_vb": 0.06689321994781494,
    "avg_underpay_sat_vb": 0.4583466649055481,
    "overpay_mape": 7.956167062123616,
    "within_10pct": 0.16666666666666666,
    "within_20pct": 0.16666666666666666,
    "within_50pct": 0.6666666666666666,
    "asymmetric_loss": 0.3167163935854241,
    "mape": 30.87350030740102
  },
  "lgb_metrics": {
    "horizon_blocks": 1,
    "model_type": "lightgbm",
    "mse": 0.80551565691837,
    "rmse": 0.8975052406077471,
    "mae": 0.897505240607747,
    "r2": 0.0,
    "block_inclusion_accuracy": 0.0,
    "avg_overpay_sat_vb": 0.0,
    "avg_underpay_sat_vb": 0.897505240607747,
    "within_10pct": 0.0,
    "within_20pct": 0.0,
    "within_50pct": 1.0,
    "asymmetric_loss": 0.5638609598428589,
    "mape": 44.87526203038735
  }
}