{
  "horizon": "3block",
  "xgb_metrics": {
    "horizon_blocks": 3,
    "mse": 0.15329431847864802,
    "rmse": 0.39152818350490176,
    "mae": 0.32122143109639484,
    "r2": -0.1037190930462657,
    "block_inclusion_accuracy": 0.8333333333333334,
    "avg_overpay_sat_vb": 0.193801482518514,
    "median_overpay_sat_vb": 0.20060217380523682,
    "avg_underpay_sat_vb": 0.12741994857788086,
    "overpay_mape": 9.690074125925701,
    "within_10pct": 0.3333333333333333,
    "within_20pct": 0.8333333333333334,
    "within_50pct": 1.0,
    "asymmetric_loss": 0.08495431945300992,
    "mape": 13.937405745188395
  },
  "lgb_metrics": {
    "horizon_blocks": 3,
    "model_type": "lightgbm",
    "mse": 1.4904749581983212,
    "rmse": 1.220850096530414,
    "mae": 1.16257733906585,
    "r2": -9.731419699027914,
    "block_inclusion_accuracy": 0.0,
    "avg_overpay_sat_vb": 0.0,
    "avg_underpay_sat_vb": 1.16257733906585,
    "within_10pct": 0.0,
    "within_20pct": 0.0,
    "within_50pct": 0.8333333333333334,
    "asymmetric_loss": 1.0433324707388247,
    "mape": 52.58467064107255
  }
}