{
  "horizon": "3block",
  "xgb_metrics": {
    "horizon_blocks": 3,
    "mse": 3.804776378384323,
    "rmse": 1.9505835994348775,
    "mae": 1.560593843460083,
    "r2": 0.0,
    "block_inclusion_accuracy": 0.5,
    "avg_overpay_sat_vb": 1.3064640363057454,
    "median_overpay_sat_vb": 0.982288122177124,
    "avg_underpay_sat_vb": 0.2541298071543376,
    "overpay_mape": 43.54880121019151,
    "within_10pct": 0.16666666666666666,
    "within_20pct": 0.3333333333333333,
    "within_50pct": 0.5,
    "asymmetric_loss": 1.2020496742301001,
    "mape": 52.01979478200277
  },
  "lgb_metrics": {
    "horizon_blocks": 3,
    "model_type": "lightgbm",
    "mse": 3.98365941219696,
    "rmse": 1.9959106723991833,
    "mae": 1.9959106723991835,
    "r2": 0.0,
    "block_inclusion_accuracy": 0.0,
    "avg_overpay_sat_vb": 0.0,
    "avg_underpay_sat_vb": 1.9959106723991835,
    "within_10pct": 0.0,
    "within_20pct": 0.0,
    "within_50pct": 0.0,
    "asymmetric_loss": 2.788561588537872,
    "mape": 66.53035574663944
  }
}