{
  "horizon": "6block",
  "xgb_metrics": {
    "horizon_blocks": 6,
    "mse": 53.974639332888124,
    "rmse": 7.346743450869107,
    "mae": 6.600010871887207,
    "r2": 0.0,
    "block_inclusion_accuracy": 1.0,
    "avg_overpay_sat_vb": 6.600010871887207,
    "median_overpay_sat_vb": 6.807839870452881,
    "avg_underpay_sat_vb": 0.0,
    "overpay_mape": 165.00027179718018,
    "within_10pct": 0.0,
    "within_20pct": 0.0,
    "within_50pct": 0.16666666666666666,
    "asymmetric_loss": 16.192391799866435,
    "mape": 165.00027179718018
  },
  "lgb_metrics": {
    "horizon_blocks": 6,
    "model_type": "lightgbm",
    "mse": 8.986781953979909,
    "rmse": 2.997796182861655,
    "mae": 2.9977961828616553,
    "r2": 0.0,
    "block_inclusion_accuracy": 0.0,
    "avg_overpay_sat_vb": 0.0,
    "avg_underpay_sat_vb": 2.9977961828616553,
    "within_10pct": 0.0,
    "within_20pct": 0.0,
    "within_50pct": 0.0,
    "asymmetric_loss": 6.290747367785936,
    "mape": 74.94490457154139
  }
}