{
  "horizon": "6block",
  "xgb_metrics": {
    "horizon_blocks": 6,
    "mse": 0.1880464825093,
    "rmse": 0.43364326641757045,
    "mae": 0.37502870957056683,
    "r2": 0.0,
    "block_inclusion_accuracy": 1.0,
    "avg_overpay_sat_vb": 0.37502870957056683,
    "median_overpay_sat_vb": 0.42563438415527344,
    "avg_underpay_sat_vb": 0.0,
    "overpay_mape": 37.502870957056686,
    "within_10pct": 0.16666666666666666,
    "within_20pct": 0.3333333333333333,
    "within_50pct": 0.6666666666666666,
    "asymmetric_loss": 0.05641394475279001,
    "mape": 37.502870957056686
  },
  "lgb_metrics": {
    "horizon_blocks": 6,
    "model_type": "lightgbm",
    "mse": 0.0,
    "rmse": 0.0,
    "mae": 0.0,
    "r2": 1.0,
    "block_inclusion_accuracy": 1.0,
    "avg_overpay_sat_vb": 0.0,
    "avg_underpay_sat_vb": 0.0,
    "within_10pct": 1.0,
    "within_20pct": 1.0,
    "within_50pct": 1.0,
    "asymmetric_loss": 0.0,
    "mape": 0.0
  }
}