{
  "horizon": "6block",
  "xgb_metrics": {
    "horizon_blocks": 6,
    "mse": 0.9206815729846601,
    "rmse": 0.9595215333616334,
    "mae": 0.9570814569791158,
    "r2": 0.0,
    "block_inclusion_accuracy": 0.16666666666666666,
    "avg_overpay_sat_vb": 0.15430251757303873,
    "median_overpay_sat_vb": 0.0,
    "avg_underpay_sat_vb": 0.802778939406077,
    "overpay_mape": 7.7151258786519366,
    "within_10pct": 0.0,
    "within_20pct": 0.0,
    "within_50pct": 0.3333333333333333,
    "asymmetric_loss": 0.587334860458755,
    "mape": 47.854072848955795
  },
  "lgb_metrics": {
    "horizon_blocks": 6,
    "model_type": "lightgbm",
    "mse": 1.0,
    "rmse": 1.0,
    "mae": 1.0,
    "r2": 0.0,
    "block_inclusion_accuracy": 0.0,
    "avg_overpay_sat_vb": 0.0,
    "avg_underpay_sat_vb": 1.0,
    "within_10pct": 0.0,
    "within_20pct": 0.0,
    "within_50pct": 0.0,
    "asymmetric_loss": 0.7000000000000001,
    "mape": 50.0
  }
}