{
  "horizon": "1block",
  "xgb_metrics": {
    "horizon_blocks": 1,
    "mse": 1.943535742057615,
    "rmse": 1.3941075073528637,
    "mae": 1.1305360794067383,
    "r2": 0.0,
    "block_inclusion_accuracy": 1.0,
    "avg_overpay_sat_vb": 1.1305360794067383,
    "median_overpay_sat_vb": 0.889399528503418,
    "avg_underpay_sat_vb": 0.0,
    "overpay_mape": 113.05360794067383,
    "within_10pct": 0.0,
    "within_20pct": 0.0,
    "within_50pct": 0.3333333333333333,
    "asymmetric_loss": 0.5830607226172845,
    "mape": 113.05360794067383
  },
  "lgb_metrics": {
    "horizon_blocks": 1,
    "model_type": "lightgbm",
    "mse": 0.004399200051816297,
    "rmse": 0.06632646569670585,
    "mae": 0.06632222837979777,
    "r2": 0.0,
    "block_inclusion_accuracy": 1.0,
    "avg_overpay_sat_vb": 0.06632222837979777,
    "avg_underpay_sat_vb": 0.0,
    "within_10pct": 1.0,
    "within_20pct": 1.0,
    "within_50pct": 1.0,
    "asymmetric_loss": 0.001319760015544889,
    "mape": 6.632222837979778
  }
}