{
  "horizon": "3block",
  "xgb_metrics": {
    "horizon_blocks": 3,
    "mse": 4.175770063354709,
    "rmse": 2.043470103366993,
    "mae": 1.8572603464126587,
    "r2": -6.516386114038475,
    "block_inclusion_accuracy": 0.8333333333333334,
    "avg_overpay_sat_vb": 1.8052632411321003,
    "median_overpay_sat_vb": 1.9451885223388672,
    "avg_underpay_sat_vb": 0.051997105280558266,
    "overpay_mape": 180.52632411321002,
    "within_10pct": 0.0,
    "within_20pct": 0.16666666666666666,
    "within_50pct": 0.16666666666666666,
    "asymmetric_loss": 1.259219896504551,
    "mape": 182.25956095589532
  },
  "lgb_metrics": {
    "horizon_blocks": 3,
    "model_type": "lightgbm",
    "mse": 0.663957170866349,
    "rmse": 0.8148356710811997,
    "mae": 0.3360595517338778,
    "r2": -0.19512290755942785,
    "block_inclusion_accuracy": 0.8333333333333334,
    "avg_overpay_sat_vb": 0.003407773000680588,
    "avg_underpay_sat_vb": 0.33265177873319723,
    "within_10pct": 0.8333333333333334,
    "within_20pct": 0.8333333333333334,
    "within_50pct": 0.8333333333333334,
    "asymmetric_loss": 0.46476444540636885,
    "mape": 11.429169924507967
  }
}