{
  "horizon": "1block",
  "xgb_metrics": {
    "horizon_blocks": 1,
    "mse": 0.21228247333701233,
    "rmse": 0.46074122166028547,
    "mae": 0.37876848379770917,
    "r2": 0.0,
    "block_inclusion_accuracy": 0.6666666666666666,
    "avg_overpay_sat_vb": 0.2615973154703776,
    "median_overpay_sat_vb": 0.12904572486877441,
    "avg_underpay_sat_vb": 0.11717116832733154,
    "overpay_mape": 6.53993288675944,
    "within_10pct": 0.5,
    "within_20pct": 0.8333333333333334,
    "within_50pct": 1.0,
    "asymmetric_loss": 0.08478101822080646,
    "mape": 9.46921209494273
  },
  "lgb_metrics": {
    "horizon_blocks": 1,
    "model_type": "lightgbm",
    "mse": 9.0,
    "rmse": 3.0,
    "mae": 3.0,
    "r2": 0.0,
    "block_inclusion_accuracy": 0.0,
    "avg_overpay_sat_vb": 0.0,
    "avg_underpay_sat_vb": 3.0,
    "within_10pct": 0.0,
    "within_20pct": 0.0,
    "within_50pct": 0.0,
    "asymmetric_loss": 6.3,
    "mape": 75.0
  }
}