{
  "horizon": "1block",
  "xgb_metrics": {
    "horizon_blocks": 1,
    "mse": 0.207542562343671,
    "rmse": 0.4555683948033171,
    "mae": 0.3935917218526204,
    "r2": 0.0,
    "block_inclusion_accuracy": 0.3333333333333333,
    "avg_overpay_sat_vb": 0.1549710432688395,
    "median_overpay_sat_vb": 0.0,
    "avg_underpay_sat_vb": 0.23862067858378092,
    "overpay_mape": 5.16570144229465,
    "within_10pct": 0.3333333333333333,
    "within_20pct": 0.6666666666666666,
    "within_50pct": 1.0,
    "asymmetric_loss": 0.11646056453837067,
    "mape": 13.119724061754015
  },
  "lgb_metrics": {
    "horizon_blocks": 1,
    "model_type": "lightgbm",
    "mse": 4.0,
    "rmse": 2.0,
    "mae": 2.0,
    "r2": 0.0,
    "block_inclusion_accuracy": 0.0,
    "avg_overpay_sat_vb": 0.0,
    "avg_underpay_sat_vb": 2.0,
    "within_10pct": 0.0,
    "within_20pct": 0.0,
    "within_50pct": 0.0,
    "asymmetric_loss": 2.7999999999999994,
    "mape": 66.66666666666666
  }
}