{
  "horizon": "1block",
  "xgb_metrics": {
    "horizon_blocks": 1,
    "mse": 0.031710406555696125,
    "rmse": 0.17807416026952402,
    "mae": 0.11649340391159058,
    "r2": 0.0,
    "block_inclusion_accuracy": 1.0,
    "avg_overpay_sat_vb": 0.11649340391159058,
    "median_overpay_sat_vb": 0.09017592668533325,
    "avg_underpay_sat_vb": 0.0,
    "overpay_mape": 11.649340391159058,
    "within_10pct": 0.6666666666666666,
    "within_20pct": 0.8333333333333334,
    "within_50pct": 1.0,
    "asymmetric_loss": 0.009513121966708839,
    "mape": 11.649340391159058
  },
  "lgb_metrics": {
    "horizon_blocks": 1,
    "model_type": "lightgbm",
    "mse": 0.0038875659469330462,
    "rmse": 0.06235034841067888,
    "mae": 0.06235034841067888,
    "r2": 0.0,
    "block_inclusion_accuracy": 1.0,
    "avg_overpay_sat_vb": 0.06235034841067888,
    "avg_underpay_sat_vb": 0.0,
    "within_10pct": 1.0,
    "within_20pct": 1.0,
    "within_50pct": 1.0,
    "asymmetric_loss": 0.001166269784079914,
    "mape": 6.235034841067888
  }
}