{
  "horizon": "1block",
  "xgb_metrics": {
    "horizon_blocks": 1,
    "mse": 0.5687536262571484,
    "rmse": 0.7541575606311645,
    "mae": 0.7408566474914551,
    "r2": 0.0,
    "block_inclusion_accuracy": 0.5,
    "avg_overpay_sat_vb": 0.363001028696696,
    "median_overpay_sat_vb": 0.22494125366210938,
    "avg_underpay_sat_vb": 0.3778556187947591,
    "overpay_mape": 7.260020573933919,
    "within_10pct": 0.16666666666666666,
    "within_20pct": 1.0,
    "within_50pct": 1.0,
    "asymmetric_loss": 0.2849921891757579,
    "mape": 14.817132949829102
  },
  "lgb_metrics": {
    "horizon_blocks": 1,
    "model_type": "lightgbm",
    "mse": 14.813951036023916,
    "rmse": 3.848889584805456,
    "mae": 3.848889453373495,
    "r2": 0.0,
    "block_inclusion_accuracy": 0.0,
    "avg_overpay_sat_vb": 0.0,
    "avg_underpay_sat_vb": 3.848889453373495,
    "within_10pct": 0.0,
    "within_20pct": 0.0,
    "within_50pct": 0.0,
    "asymmetric_loss": 10.369765725216741,
    "mape": 76.9777890674699
  }
}