{
  "horizon": "3block",
  "xgb_metrics": {
    "horizon_blocks": 3,
    "mse": 0.49759295100114304,
    "rmse": 0.7054026871235628,
    "mae": 0.6405832370122274,
    "r2": 0.0,
    "block_inclusion_accuracy": 0.3333333333333333,
    "avg_overpay_sat_vb": 0.2586357593536377,
    "median_overpay_sat_vb": 0.0,
    "avg_underpay_sat_vb": 0.38194747765858966,
    "overpay_mape": 12.931787967681885,
    "within_10pct": 0.0,
    "within_20pct": 0.16666666666666666,
    "within_50pct": 0.6666666666666666,
    "asymmetric_loss": 0.2534478018046755,
    "mape": 32.02916185061137
  },
  "lgb_metrics": {
    "horizon_blocks": 3,
    "model_type": "lightgbm",
    "mse": 0.9918380673985933,
    "rmse": 0.9959106723991832,
    "mae": 0.9959106723991834,
    "r2": 0.0,
    "block_inclusion_accuracy": 0.0,
    "avg_overpay_sat_vb": 0.0,
    "avg_underpay_sat_vb": 0.9959106723991834,
    "within_10pct": 0.0,
    "within_20pct": 0.0,
    "within_50pct": 1.0,
    "asymmetric_loss": 0.6942866471790153,
    "mape": 49.79553361995917
  }
}