{
  "horizon": "3block",
  "xgb_metrics": {
    "horizon_blocks": 3,
    "mse": 0.8611561158906819,
    "rmse": 0.9279849761125887,
    "mae": 0.9141494234402975,
    "r2": 0.0,
    "block_inclusion_accuracy": 0.3333333333333333,
    "avg_overpay_sat_vb": 0.27826178073883057,
    "median_overpay_sat_vb": 0.0,
    "avg_underpay_sat_vb": 0.6358876427014669,
    "overpay_mape": 13.913089036941528,
    "within_10pct": 0.0,
    "within_20pct": 0.0,
    "within_50pct": 0.3333333333333333,
    "asymmetric_loss": 0.5026639182207122,
    "mape": 45.70747117201488
  },
  "lgb_metrics": {
    "horizon_blocks": 3,
    "model_type": "lightgbm",
    "mse": 0.9918380673985933,
    "rmse": 0.9959106723991832,
    "mae": 0.9959106723991834,
    "r2": 0.0,
    "block_inclusion_accuracy": 0.0,
    "avg_overpay_sat_vb": 0.0,
    "avg_underpay_sat_vb": 0.9959106723991834,
    "within_10pct": 0.0,
    "within_20pct": 0.0,
    "within_50pct": 1.0,
    "asymmetric_loss": 0.6942866471790153,
    "mape": 49.79553361995917
  }
}