{
  "horizon": "1block",
  "xgb_metrics": {
    "horizon_blocks": 1,
    "mse": 2.1939477913151677,
    "rmse": 1.481198093205351,
    "mae": 1.3178691864013672,
    "r2": -8.872765060918253,
    "block_inclusion_accuracy": 0.8333333333333334,
    "avg_overpay_sat_vb": 1.2579456170399983,
    "median_overpay_sat_vb": 1.339257001876831,
    "avg_underpay_sat_vb": 0.05992356936136881,
    "overpay_mape": 24.743182659149173,
    "within_10pct": 0.16666666666666666,
    "within_20pct": 0.5,
    "within_50pct": 1.0,
    "asymmetric_loss": 0.6668023393905668,
    "mape": 25.741908815171982
  },
  "lgb_metrics": {
    "horizon_blocks": 1,
    "model_type": "lightgbm",
    "mse": 16.360259113195802,
    "rmse": 4.044781713911865,
    "mae": 4.017217429918299,
    "r2": -72.6211660093811,
    "block_inclusion_accuracy": 0.0,
    "avg_overpay_sat_vb": 0.0,
    "avg_underpay_sat_vb": 4.017217429918299,
    "within_10pct": 0.0,
    "within_20pct": 0.0,
    "within_50pct": 0.0,
    "asymmetric_loss": 11.45218137923706,
    "mape": 75.14003293549379
  }
}