{
  "horizon": "6block",
  "xgb_metrics": {
    "horizon_blocks": 6,
    "mse": 0.5971896860390586,
    "rmse": 0.7727804902034333,
    "mae": 0.5657363732655843,
    "r2": -0.07494143487030547,
    "block_inclusion_accuracy": 0.5,
    "avg_overpay_sat_vb": 0.19674700498580933,
    "median_overpay_sat_vb": 0.0050092339515686035,
    "avg_underpay_sat_vb": 0.36898936827977497,
    "overpay_mape": 19.674700498580933,
    "within_10pct": 0.16666666666666666,
    "within_20pct": 0.5,
    "within_50pct": 0.6666666666666666,
    "asymmetric_loss": 0.35166492860630955,
    "mape": 33.875902493794754
  },
  "lgb_metrics": {
    "horizon_blocks": 6,
    "model_type": "lightgbm",
    "mse": 1.0,
    "rmse": 1.0,
    "mae": 0.6666666666666666,
    "r2": -0.7999999999999996,
    "block_inclusion_accuracy": 0.5,
    "avg_overpay_sat_vb": 0.0,
    "avg_underpay_sat_vb": 0.6666666666666666,
    "within_10pct": 0.5,
    "within_20pct": 0.5,
    "within_50pct": 0.5,
    "asymmetric_loss": 0.7000000000000001,
    "mape": 27.777777777777775
  }
}