{
  "horizon": "3block",
  "xgb_metrics": {
    "horizon_blocks": 3,
    "mse": 0.00496742932680642,
    "rmse": 0.07047999238653775,
    "mae": 0.04302485783894857,
    "r2": 0.0,
    "block_inclusion_accuracy": 1.0,
    "avg_overpay_sat_vb": 0.04302485783894857,
    "median_overpay_sat_vb": 0.0074574947357177734,
    "avg_underpay_sat_vb": 0.0,
    "overpay_mape": 4.302485783894857,
    "within_10pct": 0.6666666666666666,
    "within_20pct": 1.0,
    "within_50pct": 1.0,
    "asymmetric_loss": 0.0014902287980419263,
    "mape": 4.302485783894857
  },
  "lgb_metrics": {
    "horizon_blocks": 3,
    "model_type": "lightgbm",
    "mse": 1.672260022680131e-05,
    "rmse": 0.004089327600816705,
    "mae": 0.004089327600816706,
    "r2": 0.0,
    "block_inclusion_accuracy": 1.0,
    "avg_overpay_sat_vb": 0.004089327600816706,
    "avg_underpay_sat_vb": 0.0,
    "within_10pct": 1.0,
    "within_20pct": 1.0,
    "within_50pct": 1.0,
    "asymmetric_loss": 5.016780068040395e-06,
    "mape": 0.40893276008167057
  }
}