{
  "horizon": "1block",
  "xgb_metrics": {
    "horizon_blocks": 1,
    "mse": 1.0008482047503928,
    "rmse": 1.000424012481904,
    "mae": 0.9280690352121989,
    "r2": 0.0,
    "block_inclusion_accuracy": 1.0,
    "avg_overpay_sat_vb": 0.9280690352121989,
    "median_overpay_sat_vb": 0.9190273284912109,
    "avg_underpay_sat_vb": 0.0,
    "overpay_mape": 46.40345176060994,
    "within_10pct": 0.0,
    "within_20pct": 0.16666666666666666,
    "within_50pct": 0.6666666666666666,
    "asymmetric_loss": 0.30025446142511786,
    "mape": 46.40345176060994
  },
  "lgb_metrics": {
    "horizon_blocks": 1,
    "model_type": "lightgbm",
    "mse": 0.596494722878704,
    "rmse": 0.7723307082323634,
    "mae": 0.7723307082323635,
    "r2": 0.0,
    "block_inclusion_accuracy": 0.0,
    "avg_overpay_sat_vb": 0.0,
    "avg_underpay_sat_vb": 0.7723307082323635,
    "within_10pct": 0.0,
    "within_20pct": 0.0,
    "within_50pct": 1.0,
    "asymmetric_loss": 0.41754630601509274,
    "mape": 38.61653541161817
  }
}