{
  "horizon": "1block",
  "xgb_metrics": {
    "horizon_blocks": 1,
    "mse": 0.21181470037026884,
    "rmse": 0.4602333108003688,
    "mae": 0.32493050893147785,
    "r2": 0.0,
    "block_inclusion_accuracy": 0.6666666666666666,
    "avg_overpay_sat_vb": 0.16155672073364258,
    "median_overpay_sat_vb": 0.0747828483581543,
    "avg_underpay_sat_vb": 0.1633737881978353,
    "overpay_mape": 2.0194590091705322,
    "within_10pct": 0.8333333333333334,
    "within_20pct": 1.0,
    "within_50pct": 1.0,
    "asymmetric_loss": 0.12153037162985736,
    "mape": 4.061631361643473
  },
  "lgb_metrics": {
    "horizon_blocks": 1,
    "model_type": "lightgbm",
    "mse": 49.0,
    "rmse": 7.0,
    "mae": 7.0,
    "r2": 0.0,
    "block_inclusion_accuracy": 0.0,
    "avg_overpay_sat_vb": 0.0,
    "avg_underpay_sat_vb": 7.0,
    "within_10pct": 0.0,
    "within_20pct": 0.0,
    "within_50pct": 0.0,
    "asymmetric_loss": 34.300000000000004,
    "mape": 87.5
  }
}