{
  "horizon": "1block",
  "xgb_metrics": {
    "horizon_blocks": 1,
    "mse": 0.5,
    "rmse": 0.7071067811865476,
    "mae": 0.5,
    "r2": -1.0,
    "block_inclusion_accuracy": 0.5,
    "avg_overpay_sat_vb": 0.0,
    "median_overpay_sat_vb": 0.0,
    "avg_underpay_sat_vb": 0.5,
    "overpay_mape": 0.0,
    "within_10pct": 0.5,
    "within_20pct": 0.5,
    "within_50pct": 0.5,
    "asymmetric_loss": 0.3499999999999999,
    "mape": 25.0
  },
  "lgb_metrics": {
    "horizon_blocks": 1,
    "model_type": "lightgbm",
    "mse": 0.32998314639273946,
    "rmse": 0.5744415952842721,
    "mae": 0.5300075176680945,
    "r2": -0.31993258557095783,
    "block_inclusion_accuracy": 0.5,
    "avg_overpay_sat_vb": 0.16126169797744858,
    "avg_underpay_sat_vb": 0.36874581969064596,
    "within_10pct": 0.0,
    "within_20pct": 0.0,
    "within_50pct": 1.0,
    "asymmetric_loss": 0.20787551824174158,
    "mape": 34.56346078227715
  }
}