{
  "horizon": "3block",
  "xgb_metrics": {
    "horizon_blocks": 3,
    "mse": 1.1073509681117173,
    "rmse": 1.0523074494232745,
    "mae": 0.8893192211786906,
    "r2": 0.0,
    "block_inclusion_accuracy": 0.3333333333333333,
    "avg_overpay_sat_vb": 0.33766146500905353,
    "median_overpay_sat_vb": 0.0,
    "avg_underpay_sat_vb": 0.5516577561696371,
    "overpay_mape": 16.883073250452675,
    "within_10pct": 0.16666666666666666,
    "within_20pct": 0.3333333333333333,
    "within_50pct": 0.3333333333333333,
    "asymmetric_loss": 0.5386097474874713,
    "mape": 44.465961058934525
  },
  "lgb_metrics": {
    "horizon_blocks": 3,
    "model_type": "lightgbm",
    "mse": 0.9918380673985933,
    "rmse": 0.9959106723991832,
    "mae": 0.9959106723991834,
    "r2": 0.0,
    "block_inclusion_accuracy": 0.0,
    "avg_overpay_sat_vb": 0.0,
    "avg_underpay_sat_vb": 0.9959106723991834,
    "within_10pct": 0.0,
    "within_20pct": 0.0,
    "within_50pct": 1.0,
    "asymmetric_loss": 0.6942866471790153,
    "mape": 49.79553361995917
  }
}