{
  "horizon": "3block",
  "xgb_metrics": {
    "horizon_blocks": 3,
    "mse": 0.60539185457705,
    "rmse": 0.7780693121933611,
    "mae": 0.5026958386103312,
    "r2": -1.7242633455967247,
    "block_inclusion_accuracy": 0.8333333333333334,
    "avg_overpay_sat_vb": 0.33602917194366455,
    "median_overpay_sat_vb": 0.0,
    "avg_underpay_sat_vb": 0.16666666666666666,
    "overpay_mape": 29.7660489877065,
    "within_10pct": 0.5,
    "within_20pct": 0.5,
    "within_50pct": 0.6666666666666666,
    "asymmetric_loss": 0.24828422303978168,
    "mape": 38.09938232103984
  },
  "lgb_metrics": {
    "horizon_blocks": 3,
    "model_type": "lightgbm",
    "mse": 0.3333333333333333,
    "rmse": 0.5773502691896257,
    "mae": 0.3333333333333333,
    "r2": -0.4999999999999998,
    "block_inclusion_accuracy": 0.6666666666666666,
    "avg_overpay_sat_vb": 0.0,
    "avg_underpay_sat_vb": 0.3333333333333333,
    "within_10pct": 0.6666666666666666,
    "within_20pct": 0.6666666666666666,
    "within_50pct": 0.6666666666666666,
    "asymmetric_loss": 0.2333333333333333,
    "mape": 16.666666666666664
  }
}