{
  "horizon": "1block",
  "xgb_metrics": {
    "horizon_blocks": 1,
    "mse": 0.7157786823872195,
    "rmse": 0.8460370455170504,
    "mae": 0.5704750219980875,
    "r2": 0.0,
    "block_inclusion_accuracy": 0.6666666666666666,
    "avg_overpay_sat_vb": 0.4577956597010295,
    "median_overpay_sat_vb": 0.15861976146697998,
    "avg_underpay_sat_vb": 0.1126793622970581,
    "overpay_mape": 22.889782985051475,
    "within_10pct": 0.16666666666666666,
    "within_20pct": 0.6666666666666666,
    "within_50pct": 0.8333333333333334,
    "asymmetric_loss": 0.23003519488727167,
    "mape": 28.523751099904377
  },
  "lgb_metrics": {
    "horizon_blocks": 1,
    "model_type": "lightgbm",
    "mse": 0.49433650283763503,
    "rmse": 0.7030906789580097,
    "mae": 0.7030900394105638,
    "r2": 0.0,
    "block_inclusion_accuracy": 0.0,
    "avg_overpay_sat_vb": 0.0,
    "avg_underpay_sat_vb": 0.7030900394105638,
    "within_10pct": 0.0,
    "within_20pct": 0.0,
    "within_50pct": 1.0,
    "asymmetric_loss": 0.34603555198634456,
    "mape": 35.15450197052819
  }
}