{
  "horizon": "6block",
  "xgb_metrics": {
    "horizon_blocks": 6,
    "mse": 0.13467073734257914,
    "rmse": 0.3669751181518703,
    "mae": 0.31765906016031903,
    "r2": 0.0,
    "block_inclusion_accuracy": 0.16666666666666666,
    "avg_overpay_sat_vb": 0.021562894185384113,
    "median_overpay_sat_vb": 0.0,
    "avg_underpay_sat_vb": 0.2960961659749349,
    "overpay_mape": 0.2695361773173014,
    "within_10pct": 1.0,
    "within_20pct": 1.0,
    "within_50pct": 1.0,
    "asymmetric_loss": 0.09315361596624522,
    "mape": 3.970738252003988
  },
  "lgb_metrics": {
    "horizon_blocks": 6,
    "model_type": "lightgbm",
    "mse": 49.0,
    "rmse": 7.0,
    "mae": 7.0,
    "r2": 0.0,
    "block_inclusion_accuracy": 0.0,
    "avg_overpay_sat_vb": 0.0,
    "avg_underpay_sat_vb": 7.0,
    "within_10pct": 0.0,
    "within_20pct": 0.0,
    "within_50pct": 0.0,
    "asymmetric_loss": 34.300000000000004,
    "mape": 87.5
  }
}