{
  "horizon": "3block",
  "xgb_metrics": {
    "horizon_blocks": 3,
    "mse": 0.6003983454388239,
    "rmse": 0.7748537574528653,
    "mae": 0.6583616733551025,
    "r2": -3.3228680871595317,
    "block_inclusion_accuracy": 0.6666666666666666,
    "avg_overpay_sat_vb": 0.5804563363393148,
    "median_overpay_sat_vb": 0.5511643886566162,
    "avg_underpay_sat_vb": 0.07790533701578777,
    "overpay_mape": 9.674272272321915,
    "within_10pct": 0.5,
    "within_20pct": 0.8333333333333334,
    "within_50pct": 1.0,
    "asymmetric_loss": 0.1895384515348004,
    "mape": 10.82972553041246
  },
  "lgb_metrics": {
    "horizon_blocks": 3,
    "model_type": "lightgbm",
    "mse": 26.79109367072512,
    "rmse": 5.176011366943191,
    "mae": 5.162577339065851,
    "r2": -191.89587442922087,
    "block_inclusion_accuracy": 0.0,
    "avg_overpay_sat_vb": 0.0,
    "avg_underpay_sat_vb": 5.162577339065851,
    "within_10pct": 0.0,
    "within_20pct": 0.0,
    "within_50pct": 0.0,
    "asymmetric_loss": 18.753765569507586,
    "mape": 83.66362601919307
  }
}