{
  "horizon": "6block",
  "xgb_metrics": {
    "horizon_blocks": 6,
    "mse": 2.491728536433982,
    "rmse": 1.5785209965135027,
    "mae": 1.226798454920451,
    "r2": -1.8031946034882291,
    "block_inclusion_accuracy": 0.16666666666666666,
    "avg_overpay_sat_vb": 0.17494718233744302,
    "median_overpay_sat_vb": 0.0,
    "avg_underpay_sat_vb": 1.0518512725830078,
    "overpay_mape": 4.373679558436075,
    "within_10pct": 0.3333333333333333,
    "within_20pct": 0.3333333333333333,
    "within_50pct": 0.6666666666666666,
    "asymmetric_loss": 1.6707543356450418,
    "mape": 31.41674796740214
  },
  "lgb_metrics": {
    "horizon_blocks": 6,
    "model_type": "lightgbm",
    "mse": 6.333333333333333,
    "rmse": 2.516611478423583,
    "mae": 2.3333333333333335,
    "r2": -6.124999999999999,
    "block_inclusion_accuracy": 0.0,
    "avg_overpay_sat_vb": 0.0,
    "avg_underpay_sat_vb": 2.3333333333333335,
    "within_10pct": 0.0,
    "within_20pct": 0.0,
    "within_50pct": 0.0,
    "asymmetric_loss": 4.433333333333333,
    "mape": 66.66666666666666
  }
}