{
  "horizon": "6block",
  "xgb_metrics": {
    "horizon_blocks": 6,
    "mse": 0.4921202258843825,
    "rmse": 0.7015128123451363,
    "mae": 0.6380809942881266,
    "r2": -0.9684809035375299,
    "block_inclusion_accuracy": 0.3333333333333333,
    "avg_overpay_sat_vb": 0.16802644729614258,
    "median_overpay_sat_vb": 0.0,
    "avg_underpay_sat_vb": 0.47005454699198407,
    "overpay_mape": 8.401322364807129,
    "within_10pct": 0.16666666666666666,
    "within_20pct": 0.16666666666666666,
    "within_50pct": 1.0,
    "asymmetric_loss": 0.31047435622115954,
    "mape": 24.568854769070946
  },
  "lgb_metrics": {
    "horizon_blocks": 6,
    "model_type": "lightgbm",
    "mse": 2.5,
    "rmse": 1.5811388300841898,
    "mae": 1.5,
    "r2": -9.0,
    "block_inclusion_accuracy": 0.0,
    "avg_overpay_sat_vb": 0.0,
    "avg_underpay_sat_vb": 1.5,
    "within_10pct": 0.0,
    "within_20pct": 0.0,
    "within_50pct": 0.0,
    "asymmetric_loss": 1.75,
    "mape": 58.33333333333333
  }
}