{
  "horizon": "1block",
  "xgb_metrics": {
    "horizon_blocks": 1,
    "mse": 0.4460027970115495,
    "rmse": 0.6678344083764698,
    "mae": 0.5780564943949381,
    "r2": 0.0,
    "block_inclusion_accuracy": 0.5,
    "avg_overpay_sat_vb": 0.24140326182047525,
    "median_overpay_sat_vb": 0.10606038570404053,
    "avg_underpay_sat_vb": 0.3366532325744629,
    "overpay_mape": 12.070163091023762,
    "within_10pct": 0.16666666666666666,
    "within_20pct": 0.3333333333333333,
    "within_50pct": 0.8333333333333334,
    "asymmetric_loss": 0.2574589320315657,
    "mape": 28.902824719746906
  },
  "lgb_metrics": {
    "horizon_blocks": 1,
    "model_type": "lightgbm",
    "mse": 0.47374992576192043,
    "rmse": 0.6882949409678386,
    "mae": 0.6882872863927153,
    "r2": 0.0,
    "block_inclusion_accuracy": 0.0,
    "avg_overpay_sat_vb": 0.0,
    "avg_underpay_sat_vb": 0.6882872863927153,
    "within_10pct": 0.0,
    "within_20pct": 0.0,
    "within_50pct": 1.0,
    "asymmetric_loss": 0.3316249480333443,
    "mape": 34.414364319635766
  }
}