{
  "horizon": "1block",
  "xgb_metrics": {
    "horizon_blocks": 1,
    "mse": 7.32060909589984,
    "rmse": 2.7056624135135263,
    "mae": 2.59783927599589,
    "r2": -28.28243638359936,
    "block_inclusion_accuracy": 1.0,
    "avg_overpay_sat_vb": 2.59783927599589,
    "median_overpay_sat_vb": 2.526339054107666,
    "avg_underpay_sat_vb": 0.0,
    "overpay_mape": 211.87804142634073,
    "within_10pct": 0.0,
    "within_20pct": 0.0,
    "within_50pct": 0.0,
    "asymmetric_loss": 2.1961827287699527,
    "mape": 211.87804142634073
  },
  "lgb_metrics": {
    "horizon_blocks": 1,
    "model_type": "lightgbm",
    "mse": 0.2879370709940197,
    "rmse": 0.5365976807572128,
    "mae": 0.5003352833292137,
    "r2": -0.15174828397607887,
    "block_inclusion_accuracy": 0.5,
    "avg_overpay_sat_vb": 0.15321304413229775,
    "avg_underpay_sat_vb": 0.34712223919691604,
    "within_10pct": 0.0,
    "within_20pct": 0.0,
    "within_50pct": 1.0,
    "asymmetric_loss": 0.18277638031812807,
    "mape": 32.67741637307558
  }
}