{
  "horizon": "1block",
  "xgb_metrics": {
    "horizon_blocks": 1,
    "mse": 1.4634915504611097,
    "rmse": 1.2097485484434811,
    "mae": 1.0314470926920574,
    "r2": 0.0,
    "block_inclusion_accuracy": 0.16666666666666666,
    "avg_overpay_sat_vb": 0.0868972937266032,
    "median_overpay_sat_vb": 0.0,
    "avg_underpay_sat_vb": 0.9445497989654541,
    "overpay_mape": 1.2413899103800454,
    "within_10pct": 0.6666666666666666,
    "within_20pct": 0.6666666666666666,
    "within_50pct": 1.0,
    "asymmetric_loss": 1.0063213501459587,
    "mape": 14.734958467029388
  },
  "lgb_metrics": {
    "horizon_blocks": 1,
    "model_type": "lightgbm",
    "mse": 31.82648062248909,
    "rmse": 5.641496310597844,
    "mae": 5.641496310597844,
    "r2": 0.0,
    "block_inclusion_accuracy": 0.0,
    "avg_overpay_sat_vb": 0.0,
    "avg_underpay_sat_vb": 5.641496310597844,
    "within_10pct": 0.0,
    "within_20pct": 0.0,
    "within_50pct": 0.0,
    "asymmetric_loss": 22.278536435742357,
    "mape": 80.59280443711206
  }
}