{
  "horizon": "6block",
  "xgb_metrics": {
    "horizon_blocks": 6,
    "mse": 0.23501302580727904,
    "rmse": 0.484781420649842,
    "mae": 0.41884662707646686,
    "r2": 0.0,
    "block_inclusion_accuracy": 0.3333333333333333,
    "avg_overpay_sat_vb": 0.1529939572016398,
    "median_overpay_sat_vb": 0.0,
    "avg_underpay_sat_vb": 0.2658526698748271,
    "overpay_mape": 7.64969786008199,
    "within_10pct": 0.16666666666666666,
    "within_20pct": 0.5,
    "within_50pct": 1.0,
    "asymmetric_loss": 0.12858223529951188,
    "mape": 20.94233135382334
  },
  "lgb_metrics": {
    "horizon_blocks": 6,
    "model_type": "lightgbm",
    "mse": 1.0,
    "rmse": 1.0,
    "mae": 1.0,
    "r2": 0.0,
    "block_inclusion_accuracy": 0.0,
    "avg_overpay_sat_vb": 0.0,
    "avg_underpay_sat_vb": 1.0,
    "within_10pct": 0.0,
    "within_20pct": 0.0,
    "within_50pct": 0.0,
    "asymmetric_loss": 0.7000000000000001,
    "mape": 50.0
  }
}