{
  "horizon": "1block",
  "xgb_metrics": {
    "horizon_blocks": 1,
    "mse": 0.7849468875654869,
    "rmse": 0.8859722837456525,
    "mae": 0.859529972076416,
    "r2": 0.0,
    "block_inclusion_accuracy": 0.16666666666666666,
    "avg_overpay_sat_vb": 0.07281764348347981,
    "median_overpay_sat_vb": 0.0,
    "avg_underpay_sat_vb": 0.7867123285929362,
    "overpay_mape": 3.6408821741739907,
    "within_10pct": 0.0,
    "within_20pct": 0.0,
    "within_50pct": 0.3333333333333333,
    "asymmetric_loss": 0.5367370392098715,
    "mape": 42.9764986038208
  },
  "lgb_metrics": {
    "horizon_blocks": 1,
    "model_type": "lightgbm",
    "mse": 1.0,
    "rmse": 1.0,
    "mae": 1.0,
    "r2": 0.0,
    "block_inclusion_accuracy": 0.0,
    "avg_overpay_sat_vb": 0.0,
    "avg_underpay_sat_vb": 1.0,
    "within_10pct": 0.0,
    "within_20pct": 0.0,
    "within_50pct": 0.0,
    "asymmetric_loss": 0.7000000000000001,
    "mape": 50.0
  }
}