{
  "horizon": "3block",
  "xgb_metrics": {
    "horizon_blocks": 3,
    "mse": 21.311889083350376,
    "rmse": 4.616480161697911,
    "mae": 3.99851127465566,
    "r2": -84.2475563334015,
    "block_inclusion_accuracy": 1.0,
    "avg_overpay_sat_vb": 3.99851127465566,
    "median_overpay_sat_vb": 3.919076919555664,
    "avg_underpay_sat_vb": 0.0,
    "overpay_mape": 305.3877492745718,
    "within_10pct": 0.0,
    "within_20pct": 0.0,
    "within_50pct": 0.0,
    "asymmetric_loss": 6.393566725005113,
    "mape": 305.3877492745718
  },
  "lgb_metrics": {
    "horizon_blocks": 3,
    "model_type": "lightgbm",
    "mse": 0.4959273949994101,
    "rmse": 0.7042211264932415,
    "mae": 0.5,
    "r2": -0.9837095799976403,
    "block_inclusion_accuracy": 0.5,
    "avg_overpay_sat_vb": 0.002044663800408353,
    "avg_underpay_sat_vb": 0.49795533619959165,
    "within_10pct": 0.5,
    "within_20pct": 0.5,
    "within_50pct": 1.0,
    "asymmetric_loss": 0.3471458319795418,
    "mape": 25.102233190020417
  }
}