{
  "horizon": "1block",
  "xgb_metrics": {
    "horizon_blocks": 1,
    "mse": 0.44918497312461625,
    "rmse": 0.6702126327700906,
    "mae": 0.5781765381495158,
    "r2": -0.796739892498465,
    "block_inclusion_accuracy": 0.5,
    "avg_overpay_sat_vb": 0.4545325040817261,
    "median_overpay_sat_vb": 0.3860098719596863,
    "avg_underpay_sat_vb": 0.12364403406778972,
    "overpay_mape": 45.45325040817261,
    "within_10pct": 0.0,
    "within_20pct": 0.5,
    "within_50pct": 0.5,
    "asymmetric_loss": 0.1469927017394227,
    "mape": 51.635452111562095
  },
  "lgb_metrics": {
    "horizon_blocks": 1,
    "model_type": "lightgbm",
    "mse": 0.5,
    "rmse": 0.7071067811865476,
    "mae": 0.5,
    "r2": -1.0,
    "block_inclusion_accuracy": 0.5,
    "avg_overpay_sat_vb": 0.0,
    "avg_underpay_sat_vb": 0.5,
    "within_10pct": 0.5,
    "within_20pct": 0.5,
    "within_50pct": 0.5,
    "asymmetric_loss": 0.3499999999999999,
    "mape": 25.0
  }
}