{
  "horizon": "6block",
  "xgb_metrics": {
    "horizon_blocks": 6,
    "mse": 24.74252227627805,
    "rmse": 4.974185589247555,
    "mae": 4.553500970204671,
    "r2": 0.0,
    "block_inclusion_accuracy": 1.0,
    "avg_overpay_sat_vb": 4.553500970204671,
    "median_overpay_sat_vb": 5.324951171875,
    "avg_underpay_sat_vb": 0.0,
    "overpay_mape": 91.07001940409342,
    "within_10pct": 0.0,
    "within_20pct": 0.0,
    "within_50pct": 0.16666666666666666,
    "asymmetric_loss": 7.422756682883416,
    "mape": 91.07001940409342
  },
  "lgb_metrics": {
    "horizon_blocks": 6,
    "model_type": "lightgbm",
    "mse": 15.987219895788764,
    "rmse": 3.998402167840144,
    "mae": 3.998402167840144,
    "r2": 0.0,
    "block_inclusion_accuracy": 0.0,
    "avg_overpay_sat_vb": 0.0,
    "avg_underpay_sat_vb": 3.998402167840144,
    "within_10pct": 0.0,
    "within_20pct": 0.0,
    "within_50pct": 0.0,
    "asymmetric_loss": 11.191053927052137,
    "mape": 79.96804335680288
  }
}