{
  "horizon": "6block",
  "xgb_metrics": {
    "horizon_blocks": 6,
    "mse": 2.2642179034678143,
    "rmse": 1.5047318377265146,
    "mae": 1.4810335636138916,
    "r2": 0.0,
    "block_inclusion_accuracy": 1.0,
    "avg_overpay_sat_vb": 1.4810335636138916,
    "median_overpay_sat_vb": 1.474560260772705,
    "avg_underpay_sat_vb": 0.0,
    "overpay_mape": 29.620671272277832,
    "within_10pct": 0.0,
    "within_20pct": 0.0,
    "within_50pct": 1.0,
    "asymmetric_loss": 0.6792653710403443,
    "mape": 29.620671272277832
  },
  "lgb_metrics": {
    "horizon_blocks": 6,
    "model_type": "lightgbm",
    "mse": 16.0,
    "rmse": 4.0,
    "mae": 4.0,
    "r2": 0.0,
    "block_inclusion_accuracy": 0.0,
    "avg_overpay_sat_vb": 0.0,
    "avg_underpay_sat_vb": 4.0,
    "within_10pct": 0.0,
    "within_20pct": 0.0,
    "within_50pct": 0.0,
    "asymmetric_loss": 11.200000000000001,
    "mape": 80.0
  }
}