{
  "horizon": "3block",
  "xgb_metrics": {
    "horizon_blocks": 3,
    "mse": 0.3333333333333333,
    "rmse": 0.5773502691896257,
    "mae": 0.3333333333333333,
    "r2": -0.4999999999999998,
    "block_inclusion_accuracy": 0.6666666666666666,
    "avg_overpay_sat_vb": 0.0,
    "median_overpay_sat_vb": 0.0,
    "avg_underpay_sat_vb": 0.3333333333333333,
    "overpay_mape": 0.0,
    "within_10pct": 0.6666666666666666,
    "within_20pct": 0.6666666666666666,
    "within_50pct": 0.6666666666666666,
    "asymmetric_loss": 0.2333333333333333,
    "mape": 16.666666666666664
  },
  "lgb_metrics": {
    "horizon_blocks": 3,
    "model_type": "lightgbm",
    "mse": 0.33062383753301566,
    "rmse": 0.5749989891582555,
    "mae": 0.3346964425336056,
    "r2": -0.4878072688985702,
    "block_inclusion_accuracy": 0.6666666666666666,
    "avg_overpay_sat_vb": 0.0027262184005444703,
    "avg_underpay_sat_vb": 0.3319702241330611,
    "within_10pct": 0.6666666666666666,
    "within_20pct": 0.6666666666666666,
    "within_50pct": 1.0,
    "asymmetric_loss": 0.23143222691305046,
    "mape": 16.871133046707502
  }
}