{
  "horizon": "6block",
  "xgb_metrics": {
    "horizon_blocks": 6,
    "mse": 1.3493597239306798,
    "rmse": 1.1616194402344857,
    "mae": 0.7978470325469971,
    "r2": 0.0,
    "block_inclusion_accuracy": 1.0,
    "avg_overpay_sat_vb": 0.7978470325469971,
    "median_overpay_sat_vb": 0.5749689340591431,
    "avg_underpay_sat_vb": 0.0,
    "overpay_mape": 79.7847032546997,
    "within_10pct": 0.5,
    "within_20pct": 0.5,
    "within_50pct": 0.5,
    "asymmetric_loss": 0.40480791717920406,
    "mape": 79.7847032546997
  },
  "lgb_metrics": {
    "horizon_blocks": 6,
    "model_type": "lightgbm",
    "mse": 0.0,
    "rmse": 0.0,
    "mae": 0.0,
    "r2": 1.0,
    "block_inclusion_accuracy": 1.0,
    "avg_overpay_sat_vb": 0.0,
    "avg_underpay_sat_vb": 0.0,
    "within_10pct": 1.0,
    "within_20pct": 1.0,
    "within_50pct": 1.0,
    "asymmetric_loss": 0.0,
    "mape": 0.0
  }
}