{
  "horizon": "1block",
  "xgb_metrics": {
    "horizon_blocks": 1,
    "mse": 0.4606875133962234,
    "rmse": 0.678739650673381,
    "mae": 0.5275768836339315,
    "r2": -0.8427500535848935,
    "block_inclusion_accuracy": 0.5,
    "avg_overpay_sat_vb": 0.057752509911855064,
    "median_overpay_sat_vb": 0.0,
    "avg_underpay_sat_vb": 0.4698243737220764,
    "overpay_mape": 5.775250991185507,
    "within_10pct": 0.3333333333333333,
    "within_20pct": 0.3333333333333333,
    "within_50pct": 0.8333333333333334,
    "asymmetric_loss": 0.315373523203994,
    "mape": 29.266469677289326
  },
  "lgb_metrics": {
    "horizon_blocks": 1,
    "model_type": "lightgbm",
    "mse": 0.3845392527705344,
    "rmse": 0.6201122904527328,
    "mae": 0.5043356967337566,
    "r2": -0.5381570110821376,
    "block_inclusion_accuracy": 0.5,
    "avg_overpay_sat_vb": 0.07177524908378426,
    "avg_underpay_sat_vb": 0.43256044764997226,
    "within_10pct": 0.0,
    "within_20pct": 0.5,
    "within_50pct": 1.0,
    "asymmetric_loss": 0.2650486085280758,
    "mape": 28.805547290877037
  }
}