{
  "horizon": "1block",
  "xgb_metrics": {
    "horizon_blocks": 1,
    "mse": 2.328170604789136,
    "rmse": 1.5258343962531242,
    "mae": 1.4347277482350667,
    "r2": 0.0,
    "block_inclusion_accuracy": 0.3333333333333333,
    "avg_overpay_sat_vb": 0.609597365061442,
    "median_overpay_sat_vb": 0.0,
    "avg_underpay_sat_vb": 0.8251303831736246,
    "overpay_mape": 20.319912168714733,
    "within_10pct": 0.0,
    "within_20pct": 0.16666666666666666,
    "within_50pct": 0.5,
    "asymmetric_loss": 1.175871236748865,
    "mape": 47.82425827450222
  },
  "lgb_metrics": {
    "horizon_blocks": 1,
    "model_type": "lightgbm",
    "mse": 3.287419763374293,
    "rmse": 1.8131243099617558,
    "mae": 1.809272262499813,
    "r2": 0.0,
    "block_inclusion_accuracy": 0.0,
    "avg_overpay_sat_vb": 0.0,
    "avg_underpay_sat_vb": 1.809272262499813,
    "within_10pct": 0.0,
    "within_20pct": 0.0,
    "within_50pct": 0.0,
    "asymmetric_loss": 2.3011938343620053,
    "mape": 60.30907541666043
  }
}