{
  "horizon": "1block",
  "xgb_metrics": {
    "horizon_blocks": 1,
    "mse": 1.6007335422784124,
    "rmse": 1.2652009888861186,
    "mae": 1.1448961297671,
    "r2": 0.0,
    "block_inclusion_accuracy": 0.6666666666666666,
    "avg_overpay_sat_vb": 0.8770831425984701,
    "median_overpay_sat_vb": 1.0319914817810059,
    "avg_underpay_sat_vb": 0.26781298716862995,
    "overpay_mape": 29.236104753282333,
    "within_10pct": 0.16666666666666666,
    "within_20pct": 0.16666666666666666,
    "within_50pct": 0.5,
    "asymmetric_loss": 0.6351200421142426,
    "mape": 38.16320432557001
  },
  "lgb_metrics": {
    "horizon_blocks": 1,
    "model_type": "lightgbm",
    "mse": 2.7332661820612665,
    "rmse": 1.6532592603887832,
    "mae": 1.653259260388783,
    "r2": 0.0,
    "block_inclusion_accuracy": 0.0,
    "avg_overpay_sat_vb": 0.0,
    "avg_underpay_sat_vb": 1.653259260388783,
    "within_10pct": 0.0,
    "within_20pct": 0.0,
    "within_50pct": 0.0,
    "asymmetric_loss": 1.9132863274428864,
    "mape": 55.10864201295944
  }
}