{
  "horizon": "1block",
  "xgb_metrics": {
    "horizon_blocks": 1,
    "mse": 0.33196786012324725,
    "rmse": 0.5761665211752999,
    "mae": 0.5088435411453247,
    "r2": 0.0,
    "block_inclusion_accuracy": 0.0,
    "avg_overpay_sat_vb": 0.0,
    "median_overpay_sat_vb": 0.0,
    "avg_underpay_sat_vb": 0.5088435411453247,
    "overpay_mape": 0.0,
    "within_10pct": 0.16666666666666666,
    "within_20pct": 0.3333333333333333,
    "within_50pct": 1.0,
    "asymmetric_loss": 0.23237750208627306,
    "mape": 25.442177057266235
  },
  "lgb_metrics": {
    "horizon_blocks": 1,
    "model_type": "lightgbm",
    "mse": 0.7603881325571217,
    "rmse": 0.8720023695822859,
    "mae": 0.8720023695822859,
    "r2": 0.0,
    "block_inclusion_accuracy": 0.0,
    "avg_overpay_sat_vb": 0.0,
    "avg_underpay_sat_vb": 0.8720023695822859,
    "within_10pct": 0.0,
    "within_20pct": 0.0,
    "within_50pct": 1.0,
    "asymmetric_loss": 0.5322716927899852,
    "mape": 43.6001184791143
  }
}