{
  "horizon": "6block",
  "xgb_metrics": {
    "horizon_blocks": 6,
    "mse": 3.167517921883539,
    "rmse": 1.7797522080007484,
    "mae": 1.5228921969731648,
    "r2": -2.5634576621189815,
    "block_inclusion_accuracy": 0.0,
    "avg_overpay_sat_vb": 0.0,
    "median_overpay_sat_vb": 0.0,
    "avg_underpay_sat_vb": 1.5228921969731648,
    "overpay_mape": 0.0,
    "within_10pct": 0.3333333333333333,
    "within_20pct": 0.3333333333333333,
    "within_50pct": 1.0,
    "asymmetric_loss": 2.2172625453184778,
    "mape": 31.450615194108742
  },
  "lgb_metrics": {
    "horizon_blocks": 6,
    "model_type": "lightgbm",
    "mse": 12.0,
    "rmse": 3.4641016151377544,
    "mae": 3.3333333333333335,
    "r2": -12.5,
    "block_inclusion_accuracy": 0.0,
    "avg_overpay_sat_vb": 0.0,
    "avg_underpay_sat_vb": 3.3333333333333335,
    "within_10pct": 0.0,
    "within_20pct": 0.0,
    "within_50pct": 0.0,
    "asymmetric_loss": 8.399999999999999,
    "mape": 75.55555555555556
  }
}