{
  "horizon": "1block",
  "xgb_metrics": {
    "horizon_blocks": 1,
    "mse": 2.0587021046359744,
    "rmse": 1.4348177949258833,
    "mae": 1.3093867699305217,
    "r2": -13.822655153379019,
    "block_inclusion_accuracy": 0.0,
    "avg_overpay_sat_vb": 0.0,
    "median_overpay_sat_vb": 0.0,
    "avg_underpay_sat_vb": 1.3093867699305217,
    "overpay_mape": 0.0,
    "within_10pct": 0.16666666666666666,
    "within_20pct": 0.16666666666666666,
    "within_50pct": 0.5,
    "asymmetric_loss": 1.441091473245182,
    "mape": 44.019242127736405
  },
  "lgb_metrics": {
    "horizon_blocks": 1,
    "model_type": "lightgbm",
    "mse": 3.5,
    "rmse": 1.8708286933869707,
    "mae": 1.8333333333333333,
    "r2": -24.20000000000001,
    "block_inclusion_accuracy": 0.0,
    "avg_overpay_sat_vb": 0.0,
    "avg_underpay_sat_vb": 1.8333333333333333,
    "within_10pct": 0.0,
    "within_20pct": 0.0,
    "within_50pct": 0.0,
    "asymmetric_loss": 2.4499999999999997,
    "mape": 63.88888888888887
  }
}