{
  "horizon": "6block",
  "xgb_metrics": {
    "horizon_blocks": 6,
    "mse": 0.10340024856757661,
    "rmse": 0.32155909032023433,
    "mae": 0.291131854057312,
    "r2": 0.25551821031344835,
    "block_inclusion_accuracy": 0.16666666666666666,
    "avg_overpay_sat_vb": 0.015070497989654541,
    "median_overpay_sat_vb": 0.0,
    "avg_underpay_sat_vb": 0.27606135606765747,
    "overpay_mape": 1.507049798965454,
    "within_10pct": 0.3333333333333333,
    "within_20pct": 0.6666666666666666,
    "within_50pct": 1.0,
    "asymmetric_loss": 0.07183508621412878,
    "mape": 15.310117602348328
  },
  "lgb_metrics": {
    "horizon_blocks": 6,
    "model_type": "lightgbm",
    "mse": 0.7810212504533666,
    "rmse": 0.8837540667252212,
    "mae": 0.812235761971981,
    "r2": -4.62335300326424,
    "block_inclusion_accuracy": 0.16666666666666666,
    "avg_overpay_sat_vb": 0.005580259117722715,
    "avg_underpay_sat_vb": 0.8066555028542584,
    "within_10pct": 0.16666666666666666,
    "within_20pct": 0.16666666666666666,
    "within_50pct": 1.0,
    "asymmetric_loss": 0.5466401410169864,
    "mape": 40.890801054485195
  }
}