{
  "horizon": "1block",
  "xgb_metrics": {
    "horizon_blocks": 1,
    "mse": 0.1356390747664733,
    "rmse": 0.36829210521876965,
    "mae": 0.23787136872609457,
    "r2": 0.0,
    "block_inclusion_accuracy": 1.0,
    "avg_overpay_sat_vb": 0.23787136872609457,
    "median_overpay_sat_vb": 0.08969169855117798,
    "avg_underpay_sat_vb": 0.0,
    "overpay_mape": 23.78713687260946,
    "within_10pct": 0.5,
    "within_20pct": 0.6666666666666666,
    "within_50pct": 0.6666666666666666,
    "asymmetric_loss": 0.04069172242994199,
    "mape": 23.78713687260946
  },
  "lgb_metrics": {
    "horizon_blocks": 1,
    "model_type": "lightgbm",
    "mse": 0.010574579760652932,
    "rmse": 0.10283277571208964,
    "mae": 0.10283004272146683,
    "r2": 0.0,
    "block_inclusion_accuracy": 1.0,
    "avg_overpay_sat_vb": 0.10283004272146683,
    "avg_underpay_sat_vb": 0.0,
    "within_10pct": 0.0,
    "within_20pct": 1.0,
    "within_50pct": 1.0,
    "asymmetric_loss": 0.0031723739281958804,
    "mape": 10.283004272146682
  }
}