{
  "horizon": "1block",
  "xgb_metrics": {
    "horizon_blocks": 1,
    "mse": 0.16604429415829713,
    "rmse": 0.407485329991519,
    "mae": 0.36463646094004315,
    "r2": 0.0,
    "block_inclusion_accuracy": 0.0,
    "avg_overpay_sat_vb": 0.0,
    "median_overpay_sat_vb": 0.0,
    "avg_underpay_sat_vb": 0.36463646094004315,
    "overpay_mape": 0.0,
    "within_10pct": 0.3333333333333333,
    "within_20pct": 1.0,
    "within_50pct": 1.0,
    "asymmetric_loss": 0.116231005910808,
    "mape": 12.154548698001438
  },
  "lgb_metrics": {
    "horizon_blocks": 1,
    "model_type": "lightgbm",
    "mse": 2.9964861730096843,
    "rmse": 1.7310361558932512,
    "mae": 1.7310058187691062,
    "r2": 0.0,
    "block_inclusion_accuracy": 0.0,
    "avg_overpay_sat_vb": 0.0,
    "avg_underpay_sat_vb": 1.7310058187691062,
    "within_10pct": 0.0,
    "within_20pct": 0.0,
    "within_50pct": 0.0,
    "asymmetric_loss": 2.0975403211067793,
    "mape": 57.70019395897022
  }
}