{
  "horizon": "1block",
  "xgb_metrics": {
    "horizon_blocks": 1,
    "mse": 5.010716312289039,
    "rmse": 2.2384629352055483,
    "mae": 2.230598568916321,
    "r2": 0.0,
    "block_inclusion_accuracy": 1.0,
    "avg_overpay_sat_vb": 2.230598568916321,
    "median_overpay_sat_vb": 2.1863279342651367,
    "avg_underpay_sat_vb": 0.0,
    "overpay_mape": 111.52992844581604,
    "within_10pct": 0.0,
    "within_20pct": 0.0,
    "within_50pct": 0.0,
    "asymmetric_loss": 1.5032148936867118,
    "mape": 111.52992844581604
  },
  "lgb_metrics": {
    "horizon_blocks": 1,
    "model_type": "lightgbm",
    "mse": 0.4914257125075981,
    "rmse": 0.7010176263886652,
    "mae": 0.7010169047700637,
    "r2": 0.0,
    "block_inclusion_accuracy": 0.0,
    "avg_overpay_sat_vb": 0.0,
    "avg_underpay_sat_vb": 0.7010169047700637,
    "within_10pct": 0.0,
    "within_20pct": 0.0,
    "within_50pct": 1.0,
    "asymmetric_loss": 0.3439979987553186,
    "mape": 35.050845238503186
  }
}