{
  "horizon": "3block",
  "xgb_metrics": {
    "horizon_blocks": 3,
    "mse": 6.2921394651054925,
    "rmse": 2.508413734834326,
    "mae": 2.219620704650879,
    "r2": 0.0,
    "block_inclusion_accuracy": 0.5,
    "avg_overpay_sat_vb": 0.7196207046508789,
    "median_overpay_sat_vb": 0.13506150245666504,
    "avg_underpay_sat_vb": 1.5,
    "overpay_mape": 17.990517616271973,
    "within_10pct": 0.16666666666666666,
    "within_20pct": 0.16666666666666666,
    "within_50pct": 0.3333333333333333,
    "asymmetric_loss": 3.6876418395316475,
    "mape": 55.49051761627197
  },
  "lgb_metrics": {
    "horizon_blocks": 3,
    "model_type": "lightgbm",
    "mse": 8.975480756995326,
    "rmse": 2.9959106723991833,
    "mae": 2.9959106723991833,
    "r2": 0.0,
    "block_inclusion_accuracy": 0.0,
    "avg_overpay_sat_vb": 0.0,
    "avg_underpay_sat_vb": 2.9959106723991833,
    "within_10pct": 0.0,
    "within_20pct": 0.0,
    "within_50pct": 0.0,
    "asymmetric_loss": 6.282836529896728,
    "mape": 74.89776680997959
  }
}