{
  "horizon": "1block",
  "xgb_metrics": {
    "horizon_blocks": 1,
    "mse": 0.5708133270595349,
    "rmse": 0.7555218905230575,
    "mae": 0.512073834737142,
    "r2": -0.027463988707163045,
    "block_inclusion_accuracy": 0.0,
    "avg_overpay_sat_vb": 0.0,
    "median_overpay_sat_vb": 0.0,
    "avg_underpay_sat_vb": 0.512073834737142,
    "overpay_mape": 0.0,
    "within_10pct": 0.16666666666666666,
    "within_20pct": 0.6666666666666666,
    "within_50pct": 1.0,
    "asymmetric_loss": 0.39956932894167446,
    "mape": 18.594270944595337
  },
  "lgb_metrics": {
    "horizon_blocks": 1,
    "model_type": "lightgbm",
    "mse": 1.9891166588286462,
    "rmse": 1.4103604712372813,
    "mae": 1.1971270440161532,
    "r2": -2.5804099858915635,
    "block_inclusion_accuracy": 0.0,
    "avg_overpay_sat_vb": 0.0,
    "avg_underpay_sat_vb": 1.1971270440161532,
    "within_10pct": 0.0,
    "within_20pct": 0.0,
    "within_50pct": 0.8333333333333334,
    "asymmetric_loss": 1.3923816611800526,
    "mape": 47.92108437855245
  }
}