{
  "horizon": "1block",
  "xgb_metrics": {
    "horizon_blocks": 1,
    "mse": 1.0516841887747337,
    "rmse": 1.0255165472944519,
    "mae": 0.83445672194163,
    "r2": -3.732578849486301,
    "block_inclusion_accuracy": 0.6666666666666666,
    "avg_overpay_sat_vb": 0.5908819437026978,
    "median_overpay_sat_vb": 0.37251293659210205,
    "avg_underpay_sat_vb": 0.24357477823893228,
    "overpay_mape": 50.5923330783844,
    "within_10pct": 0.0,
    "within_20pct": 0.16666666666666666,
    "within_50pct": 0.6666666666666666,
    "asymmetric_loss": 0.3963675816005557,
    "mape": 62.771071990331016
  },
  "lgb_metrics": {
    "horizon_blocks": 1,
    "model_type": "lightgbm",
    "mse": 0.6666666666666666,
    "rmse": 0.816496580927726,
    "mae": 0.6666666666666666,
    "r2": -1.9999999999999996,
    "block_inclusion_accuracy": 0.3333333333333333,
    "avg_overpay_sat_vb": 0.0,
    "avg_underpay_sat_vb": 0.6666666666666666,
    "within_10pct": 0.3333333333333333,
    "within_20pct": 0.3333333333333333,
    "within_50pct": 0.3333333333333333,
    "asymmetric_loss": 0.4666666666666666,
    "mape": 33.33333333333333
  }
}