{
  "horizon": "3block",
  "xgb_metrics": {
    "horizon_blocks": 3,
    "mse": 7.410718329079451,
    "rmse": 2.7222634569562607,
    "mae": 2.7072028517723083,
    "r2": -28.642873316317804,
    "block_inclusion_accuracy": 0.16666666666666666,
    "avg_overpay_sat_vb": 0.4626933733622233,
    "median_overpay_sat_vb": 0.0,
    "avg_underpay_sat_vb": 2.244509478410085,
    "overpay_mape": 11.567334334055584,
    "within_10pct": 0.0,
    "within_20pct": 0.0,
    "within_50pct": 0.16666666666666666,
    "asymmetric_loss": 4.673698451747662,
    "mape": 61.16371879975001
  },
  "lgb_metrics": {
    "horizon_blocks": 3,
    "model_type": "lightgbm",
    "mse": 12.47139142939451,
    "rmse": 3.53148572549777,
    "mae": 3.4959106723991833,
    "r2": -48.88556571757804,
    "block_inclusion_accuracy": 0.0,
    "avg_overpay_sat_vb": 0.0,
    "avg_underpay_sat_vb": 3.4959106723991833,
    "within_10pct": 0.0,
    "within_20pct": 0.0,
    "within_50pct": 0.0,
    "asymmetric_loss": 8.729974000576156,
    "mape": 77.40799012898162
  }
}