{
  "horizon": "3block",
  "xgb_metrics": {
    "horizon_blocks": 3,
    "mse": 1.9702231948844353,
    "rmse": 1.4036463923953337,
    "mae": 1.1580888430277507,
    "r2": 0.0,
    "block_inclusion_accuracy": 0.6666666666666666,
    "avg_overpay_sat_vb": 1.0473700364430745,
    "median_overpay_sat_vb": 1.0229027271270752,
    "avg_underpay_sat_vb": 0.1107188065846761,
    "overpay_mape": 26.184250911076862,
    "within_10pct": 0.16666666666666666,
    "within_20pct": 0.5,
    "within_50pct": 0.8333333333333334,
    "asymmetric_loss": 0.6084172907524059,
    "mape": 28.952221075693767
  },
  "lgb_metrics": {
    "horizon_blocks": 3,
    "model_type": "lightgbm",
    "mse": 8.975480756995326,
    "rmse": 2.9959106723991833,
    "mae": 2.9959106723991833,
    "r2": 0.0,
    "block_inclusion_accuracy": 0.0,
    "avg_overpay_sat_vb": 0.0,
    "avg_underpay_sat_vb": 2.9959106723991833,
    "within_10pct": 0.0,
    "within_20pct": 0.0,
    "within_50pct": 0.0,
    "asymmetric_loss": 6.282836529896728,
    "mape": 74.89776680997959
  }
}