{
  "horizon": "1block",
  "xgb_metrics": {
    "horizon_blocks": 1,
    "mse": 0.1281069377394033,
    "rmse": 0.3579202952326164,
    "mae": 0.2942369778951009,
    "r2": 0.0,
    "block_inclusion_accuracy": 0.3333333333333333,
    "avg_overpay_sat_vb": 0.047963221867879234,
    "median_overpay_sat_vb": 0.0,
    "avg_underpay_sat_vb": 0.24627375602722168,
    "overpay_mape": 0.9592644373575846,
    "within_10pct": 0.6666666666666666,
    "within_20pct": 1.0,
    "within_50pct": 1.0,
    "asymmetric_loss": 0.08447614841848765,
    "mape": 5.884739557902019
  },
  "lgb_metrics": {
    "horizon_blocks": 1,
    "model_type": "lightgbm",
    "mse": 13.535676980271285,
    "rmse": 3.679086432835098,
    "mae": 3.679086310614634,
    "r2": 0.0,
    "block_inclusion_accuracy": 0.0,
    "avg_overpay_sat_vb": 0.0,
    "avg_underpay_sat_vb": 3.679086310614634,
    "within_10pct": 0.0,
    "within_20pct": 0.0,
    "within_50pct": 0.0,
    "asymmetric_loss": 9.474973886189899,
    "mape": 73.58172621229268
  }
}