{
  "horizon": "1block",
  "xgb_metrics": {
    "horizon_blocks": 1,
    "mse": 0.03451229862934232,
    "rmse": 0.1857748600573886,
    "mae": 0.15158236026763916,
    "r2": 0.0,
    "block_inclusion_accuracy": 0.6666666666666666,
    "avg_overpay_sat_vb": 0.10900131861368816,
    "median_overpay_sat_vb": 0.07500350475311279,
    "avg_underpay_sat_vb": 0.04258104165395101,
    "overpay_mape": 3.633377287122938,
    "within_10pct": 0.8333333333333334,
    "within_20pct": 1.0,
    "within_50pct": 1.0,
    "asymmetric_loss": 0.013193047324990442,
    "mape": 5.052745342254639
  },
  "lgb_metrics": {
    "horizon_blocks": 1,
    "model_type": "lightgbm",
    "mse": 4.0,
    "rmse": 2.0,
    "mae": 2.0,
    "r2": 0.0,
    "block_inclusion_accuracy": 0.0,
    "avg_overpay_sat_vb": 0.0,
    "avg_underpay_sat_vb": 2.0,
    "within_10pct": 0.0,
    "within_20pct": 0.0,
    "within_50pct": 0.0,
    "asymmetric_loss": 2.8000000000000003,
    "mape": 66.66666666666666
  }
}