{
  "horizon": "1block",
  "xgb_metrics": {
    "horizon_blocks": 1,
    "mse": 3.712187839254019,
    "rmse": 1.9267038794931666,
    "mae": 1.8218753337860107,
    "r2": -25.727752442628937,
    "block_inclusion_accuracy": 1.0,
    "avg_overpay_sat_vb": 1.8218753337860107,
    "median_overpay_sat_vb": 1.9790558815002441,
    "avg_underpay_sat_vb": 0.0,
    "overpay_mape": 59.6494992574056,
    "within_10pct": 0.0,
    "within_20pct": 0.16666666666666666,
    "within_50pct": 0.3333333333333333,
    "asymmetric_loss": 1.113656351776206,
    "mape": 59.6494992574056
  },
  "lgb_metrics": {
    "horizon_blocks": 1,
    "model_type": "lightgbm",
    "mse": 4.833333333333333,
    "rmse": 2.1984843263788196,
    "mae": 2.1666666666666665,
    "r2": -33.800000000000004,
    "block_inclusion_accuracy": 0.0,
    "avg_overpay_sat_vb": 0.0,
    "avg_underpay_sat_vb": 2.1666666666666665,
    "within_10pct": 0.0,
    "within_20pct": 0.0,
    "within_50pct": 0.0,
    "asymmetric_loss": 3.3833333333333333,
    "mape": 68.05555555555554
  }
}