{
  "horizon": "3block",
  "xgb_metrics": {
    "horizon_blocks": 3,
    "mse": 1.6634927675774331,
    "rmse": 1.2897646171210595,
    "mae": 0.899311383565267,
    "r2": -0.8714293635246122,
    "block_inclusion_accuracy": 0.5,
    "avg_overpay_sat_vb": 0.6710556348164877,
    "median_overpay_sat_vb": 0.0441746711730957,
    "avg_underpay_sat_vb": 0.2282557487487793,
    "overpay_mape": 11.122906870312162,
    "within_10pct": 0.6666666666666666,
    "within_20pct": 0.8333333333333334,
    "within_50pct": 1.0,
    "asymmetric_loss": 0.5516909271883682,
    "mape": 13.976103729671904
  },
  "lgb_metrics": {
    "horizon_blocks": 3,
    "model_type": "lightgbm",
    "mse": 40.94821857298989,
    "rmse": 6.3990795098193525,
    "mae": 6.329244005732517,
    "r2": -45.066745894613625,
    "block_inclusion_accuracy": 0.0,
    "avg_overpay_sat_vb": 0.0,
    "avg_underpay_sat_vb": 6.329244005732517,
    "within_10pct": 0.0,
    "within_20pct": 0.0,
    "within_50pct": 0.0,
    "asymmetric_loss": 28.663753001092918,
    "mape": 86.0543148944331
  }
}