{
  "horizon": "6block",
  "xgb_metrics": {
    "horizon_blocks": 6,
    "mse": 0.9700488827317505,
    "rmse": 0.9849105963140768,
    "mae": 0.9842834075291952,
    "r2": 0.0,
    "block_inclusion_accuracy": 0.16666666666666666,
    "avg_overpay_sat_vb": 0.15095007419586182,
    "median_overpay_sat_vb": 0.0,
    "avg_underpay_sat_vb": 0.8333333333333334,
    "overpay_mape": 7.547503709793091,
    "within_10pct": 0.0,
    "within_20pct": 0.0,
    "within_50pct": 0.16666666666666666,
    "asymmetric_loss": 0.6243479981528585,
    "mape": 49.21417037645976
  },
  "lgb_metrics": {
    "horizon_blocks": 6,
    "model_type": "lightgbm",
    "mse": 0.9889084046950581,
    "rmse": 0.9944387385329768,
    "mae": 0.9944387385329767,
    "r2": 0.0,
    "block_inclusion_accuracy": 0.0,
    "avg_overpay_sat_vb": 0.0,
    "avg_underpay_sat_vb": 0.9944387385329767,
    "within_10pct": 0.0,
    "within_20pct": 0.0,
    "within_50pct": 1.0,
    "asymmetric_loss": 0.6922358832865406,
    "mape": 49.72193692664884
  }
}