{
  "horizon": "1block",
  "xgb_metrics": {
    "horizon_blocks": 1,
    "mse": 0.11138063190265986,
    "rmse": 0.3337373696526355,
    "mae": 0.22143274545669556,
    "r2": 0.0,
    "block_inclusion_accuracy": 1.0,
    "avg_overpay_sat_vb": 0.22143274545669556,
    "median_overpay_sat_vb": 0.11200642585754395,
    "avg_underpay_sat_vb": 0.0,
    "overpay_mape": 22.143274545669556,
    "within_10pct": 0.5,
    "within_20pct": 0.5,
    "within_50pct": 0.8333333333333334,
    "asymmetric_loss": 0.03341418957079797,
    "mape": 22.143274545669556
  },
  "lgb_metrics": {
    "horizon_blocks": 1,
    "model_type": "lightgbm",
    "mse": 0.1043221039488121,
    "rmse": 0.32298932482175335,
    "mae": 0.32287734961644826,
    "r2": 0.0,
    "block_inclusion_accuracy": 1.0,
    "avg_overpay_sat_vb": 0.32287734961644826,
    "avg_underpay_sat_vb": 0.0,
    "within_10pct": 0.0,
    "within_20pct": 0.0,
    "within_50pct": 1.0,
    "asymmetric_loss": 0.03129663118464363,
    "mape": 32.28773496164482
  }
}