{
  "horizon": "1block",
  "xgb_metrics": {
    "horizon_blocks": 1,
    "mse": 0.031401361857897804,
    "rmse": 0.1772042941293969,
    "mae": 0.1556163231531779,
    "r2": 0.0,
    "block_inclusion_accuracy": 1.0,
    "avg_overpay_sat_vb": 0.1556163231531779,
    "median_overpay_sat_vb": 0.14951705932617188,
    "avg_underpay_sat_vb": 0.0,
    "overpay_mape": 7.780816157658895,
    "within_10pct": 0.5,
    "within_20pct": 1.0,
    "within_50pct": 1.0,
    "asymmetric_loss": 0.009420408557369343,
    "mape": 7.780816157658895
  },
  "lgb_metrics": {
    "horizon_blocks": 1,
    "model_type": "lightgbm",
    "mse": 0.4547510287396109,
    "rmse": 0.674352303132132,
    "mae": 0.6743518863805873,
    "r2": 0.0,
    "block_inclusion_accuracy": 0.0,
    "avg_overpay_sat_vb": 0.0,
    "avg_underpay_sat_vb": 0.6743518863805873,
    "within_10pct": 0.0,
    "within_20pct": 0.0,
    "within_50pct": 1.0,
    "asymmetric_loss": 0.3183257201177276,
    "mape": 33.71759431902937
  }
}