{
  "horizon": "1block",
  "xgb_metrics": {
    "horizon_blocks": 1,
    "mse": 0.2142270588132741,
    "rmse": 0.46284669039896364,
    "mae": 0.38281865914662677,
    "r2": 0.0,
    "block_inclusion_accuracy": 0.8333333333333334,
    "avg_overpay_sat_vb": 0.34854622681935626,
    "median_overpay_sat_vb": 0.370092511177063,
    "avg_underpay_sat_vb": 0.03427243232727051,
    "overpay_mape": 17.42731134096781,
    "within_10pct": 0.3333333333333333,
    "within_20pct": 0.5,
    "within_50pct": 1.0,
    "asymmetric_loss": 0.06708715672628786,
    "mape": 19.140932957331337
  },
  "lgb_metrics": {
    "horizon_blocks": 1,
    "model_type": "lightgbm",
    "mse": 1.0,
    "rmse": 1.0,
    "mae": 1.0,
    "r2": 0.0,
    "block_inclusion_accuracy": 0.0,
    "avg_overpay_sat_vb": 0.0,
    "avg_underpay_sat_vb": 1.0,
    "within_10pct": 0.0,
    "within_20pct": 0.0,
    "within_50pct": 0.0,
    "asymmetric_loss": 0.7000000000000001,
    "mape": 50.0
  }
}