{
  "horizon": "1block",
  "xgb_metrics": {
    "horizon_blocks": 1,
    "mse": 0.3584283516573355,
    "rmse": 0.5986888604754022,
    "mae": 0.4880022009213765,
    "r2": -0.6129275824580098,
    "block_inclusion_accuracy": 0.6666666666666666,
    "avg_overpay_sat_vb": 0.1629784107208252,
    "median_overpay_sat_vb": 0.23369598388671875,
    "avg_underpay_sat_vb": 0.32502379020055133,
    "overpay_mape": 8.14892053604126,
    "within_10pct": 0.0,
    "within_20pct": 0.6666666666666666,
    "within_50pct": 1.0,
    "asymmetric_loss": 0.2349198027463243,
    "mape": 18.983046876059635
  },
  "lgb_metrics": {
    "horizon_blocks": 1,
    "model_type": "lightgbm",
    "mse": 2.0,
    "rmse": 1.4142135623730951,
    "mae": 1.3333333333333333,
    "r2": -8.0,
    "block_inclusion_accuracy": 0.0,
    "avg_overpay_sat_vb": 0.0,
    "avg_underpay_sat_vb": 1.3333333333333333,
    "within_10pct": 0.0,
    "within_20pct": 0.0,
    "within_50pct": 0.0,
    "asymmetric_loss": 1.3999999999999997,
    "mape": 55.55555555555555
  }
}