{
  "horizon": "6block",
  "xgb_metrics": {
    "horizon_blocks": 6,
    "mse": 1.3970310938629236,
    "rmse": 1.1819606989502331,
    "mae": 1.0616756478945415,
    "r2": -0.5716599805957887,
    "block_inclusion_accuracy": 0.3333333333333333,
    "avg_overpay_sat_vb": 0.4668099482854207,
    "median_overpay_sat_vb": 0.0,
    "avg_underpay_sat_vb": 0.5948656996091207,
    "overpay_mape": 46.68099482854207,
    "within_10pct": 0.0,
    "within_20pct": 0.3333333333333333,
    "within_50pct": 0.5,
    "asymmetric_loss": 0.7006545462859006,
    "mape": 66.50985148217943
  },
  "lgb_metrics": {
    "horizon_blocks": 6,
    "model_type": "lightgbm",
    "mse": 2.6666666666666665,
    "rmse": 1.632993161855452,
    "mae": 1.3333333333333333,
    "r2": -1.9999999999999996,
    "block_inclusion_accuracy": 0.3333333333333333,
    "avg_overpay_sat_vb": 0.0,
    "avg_underpay_sat_vb": 1.3333333333333333,
    "within_10pct": 0.3333333333333333,
    "within_20pct": 0.3333333333333333,
    "within_50pct": 0.3333333333333333,
    "asymmetric_loss": 1.8666666666666665,
    "mape": 44.44444444444444
  }
}