{
  "horizon": "6block",
  "xgb_metrics": {
    "horizon_blocks": 6,
    "mse": 5.798753920776903,
    "rmse": 2.408060198744397,
    "mae": 2.136986017227173,
    "r2": 0.0,
    "block_inclusion_accuracy": 0.16666666666666666,
    "avg_overpay_sat_vb": 0.24817180633544922,
    "median_overpay_sat_vb": 0.0,
    "avg_underpay_sat_vb": 1.8888142108917236,
    "overpay_mape": 3.1021475791931152,
    "within_10pct": 0.0,
    "within_20pct": 0.5,
    "within_50pct": 0.8333333333333334,
    "asymmetric_loss": 3.9113135554403127,
    "mape": 26.71232521533966
  },
  "lgb_metrics": {
    "horizon_blocks": 6,
    "model_type": "lightgbm",
    "mse": 49.0,
    "rmse": 7.0,
    "mae": 7.0,
    "r2": 0.0,
    "block_inclusion_accuracy": 0.0,
    "avg_overpay_sat_vb": 0.0,
    "avg_underpay_sat_vb": 7.0,
    "within_10pct": 0.0,
    "within_20pct": 0.0,
    "within_50pct": 0.0,
    "asymmetric_loss": 34.300000000000004,
    "mape": 87.5
  }
}