{
  "horizon": "1block",
  "xgb_metrics": {
    "horizon_blocks": 1,
    "mse": 0.5673939425827257,
    "rmse": 0.7532555625966035,
    "mae": 0.6632742881774902,
    "r2": 0.0,
    "block_inclusion_accuracy": 1.0,
    "avg_overpay_sat_vb": 0.6632742881774902,
    "median_overpay_sat_vb": 0.6959648132324219,
    "avg_underpay_sat_vb": 0.0,
    "overpay_mape": 33.16371440887451,
    "within_10pct": 0.16666666666666666,
    "within_20pct": 0.3333333333333333,
    "within_50pct": 0.8333333333333334,
    "asymmetric_loss": 0.1702181827748177,
    "mape": 33.16371440887451
  },
  "lgb_metrics": {
    "horizon_blocks": 1,
    "model_type": "lightgbm",
    "mse": 0.49433650283763503,
    "rmse": 0.7030906789580097,
    "mae": 0.7030900394105638,
    "r2": 0.0,
    "block_inclusion_accuracy": 0.0,
    "avg_overpay_sat_vb": 0.0,
    "avg_underpay_sat_vb": 0.7030900394105638,
    "within_10pct": 0.0,
    "within_20pct": 0.0,
    "within_50pct": 1.0,
    "asymmetric_loss": 0.3460355519863445,
    "mape": 35.15450197052819
  }
}