{
  "timestamp": "2026-04-19T18:51:57.532575",
  "duration_seconds": 0.749311,
  "xgb_results": {
    "1block": {
      "horizon_blocks": 1,
      "mse": 0.063856926527374,
      "rmse": 0.2526992808208484,
      "mae": 0.24504228432973227,
      "r2": 0.0,
      "block_inclusion_accuracy": 0.0,
      "avg_overpay_sat_vb": 0.0,
      "median_overpay_sat_vb": 0.0,
      "avg_underpay_sat_vb": 0.24504228432973227,
      "overpay_mape": 0.0,
      "within_10pct": 0.3333333333333333,
      "within_20pct": 1.0,
      "within_50pct": 1.0,
      "asymmetric_loss": 0.044699848569161794,
      "mape": 12.252114216486614
    },
    "3block": {
      "horizon_blocks": 3,
      "mse": 0.09704205717563259,
      "rmse": 0.3115157414572056,
      "mae": 0.25898297627766925,
      "r2": 0.0,
      "block_inclusion_accuracy": 0.16666666666666666,
      "avg_overpay_sat_vb": 0.02185233434041341,
      "median_overpay_sat_vb": 0.0,
      "avg_underpay_sat_vb": 0.23713064193725586,
      "overpay_mape": 1.0926167170206704,
      "within_10pct": 0.5,
      "within_20pct": 0.8333333333333334,
      "within_50pct": 1.0,
      "asymmetric_loss": 0.0667833811842423,
      "mape": 12.949148813883463
    },
    "6block": {
      "horizon_blocks": 6,
      "mse": 0.09704205717563259,
      "rmse": 0.3115157414572056,
      "mae": 0.25898297627766925,
      "r2": 0.0,
      "block_inclusion_accuracy": 0.16666666666666666,
      "avg_overpay_sat_vb": 0.02185233434041341,
      "median_overpay_sat_vb": 0.0,
      "avg_underpay_sat_vb": 0.23713064193725586,
      "overpay_mape": 1.0926167170206704,
      "within_10pct": 0.5,
      "within_20pct": 0.8333333333333334,
      "within_50pct": 1.0,
      "asymmetric_loss": 0.0667833811842423,
      "mape": 12.949148813883463
    }
  },
  "lgb_results": {
    "1block": {
      "horizon_blocks": 1,
      "model_type": "lightgbm",
      "mse": 1.0,
      "rmse": 1.0,
      "mae": 1.0,
      "r2": 0.0,
      "block_inclusion_accuracy": 0.0,
      "avg_overpay_sat_vb": 0.0,
      "avg_underpay_sat_vb": 1.0,
      "within_10pct": 0.0,
      "within_20pct": 0.0,
      "within_50pct": 0.0,
      "asymmetric_loss": 0.7000000000000001,
      "mape": 50.0
    },
    "3block": {
      "horizon_blocks": 3,
      "model_type": "lightgbm",
      "mse": 0.9918380673985933,
      "rmse": 0.9959106723991832,
      "mae": 0.9959106723991834,
      "r2": 0.0,
      "block_inclusion_accuracy": 0.0,
      "avg_overpay_sat_vb": 0.0,
      "avg_underpay_sat_vb": 0.9959106723991834,
      "within_10pct": 0.0,
      "within_20pct": 0.0,
      "within_50pct": 1.0,
      "asymmetric_loss": 0.6942866471790153,
      "mape": 49.79553361995917
    },
    "6block": {
      "horizon_blocks": 6,
      "model_type": "lightgbm",
      "mse": 1.0,
      "rmse": 1.0,
      "mae": 1.0,
      "r2": 0.0,
      "block_inclusion_accuracy": 0.0,
      "avg_overpay_sat_vb": 0.0,
      "avg_underpay_sat_vb": 1.0,
      "within_10pct": 0.0,
      "within_20pct": 0.0,
      "within_50pct": 0.0,
      "asymmetric_loss": 0.7000000000000001,
      "mape": 50.0
    }
  }
}