{
  "timestamp": "2026-05-31T10:23:01.812570",
  "duration_seconds": 4.026547,
  "xgb_results": {
    "1block": {
      "horizon_blocks": 1,
      "mse": 4.942392861957491,
      "rmse": 2.2231493116652086,
      "mae": 2.1238048473993936,
      "r2": 0.0,
      "block_inclusion_accuracy": 1.0,
      "avg_overpay_sat_vb": 2.1238048473993936,
      "median_overpay_sat_vb": 2.144389033317566,
      "avg_underpay_sat_vb": 0.0,
      "overpay_mape": 212.38048473993936,
      "within_10pct": 0.0,
      "within_20pct": 0.0,
      "within_50pct": 0.0,
      "asymmetric_loss": 1.4827178585872476,
      "mape": 212.38048473993936
    },
    "3block": {
      "horizon_blocks": 3,
      "mse": 1.6859652273688372,
      "rmse": 1.29844723703693,
      "mae": 1.0328409075737,
      "r2": 0.0,
      "block_inclusion_accuracy": 1.0,
      "avg_overpay_sat_vb": 1.0328409075737,
      "median_overpay_sat_vb": 1.2459884285926819,
      "avg_underpay_sat_vb": 0.0,
      "overpay_mape": 103.28409075737,
      "within_10pct": 0.3333333333333333,
      "within_20pct": 0.3333333333333333,
      "within_50pct": 0.3333333333333333,
      "asymmetric_loss": 0.5057895682106514,
      "mape": 103.28409075737
    },
    "6block": {
      "horizon_blocks": 6,
      "mse": 1.6859652273688372,
      "rmse": 1.29844723703693,
      "mae": 1.0328409075737,
      "r2": 0.0,
      "block_inclusion_accuracy": 1.0,
      "avg_overpay_sat_vb": 1.0328409075737,
      "median_overpay_sat_vb": 1.2459884285926819,
      "avg_underpay_sat_vb": 0.0,
      "overpay_mape": 103.28409075737,
      "within_10pct": 0.3333333333333333,
      "within_20pct": 0.3333333333333333,
      "within_50pct": 0.3333333333333333,
      "asymmetric_loss": 0.5057895682106514,
      "mape": 103.28409075737
    }
  },
  "lgb_results": {
    "1block": {
      "horizon_blocks": 1,
      "model_type": "lightgbm",
      "mse": 0.0,
      "rmse": 0.0,
      "mae": 0.0,
      "r2": 1.0,
      "block_inclusion_accuracy": 1.0,
      "avg_overpay_sat_vb": 0.0,
      "avg_underpay_sat_vb": 0.0,
      "within_10pct": 1.0,
      "within_20pct": 1.0,
      "within_50pct": 1.0,
      "asymmetric_loss": 0.0,
      "mape": 0.0
    },
    "3block": {
      "horizon_blocks": 3,
      "model_type": "lightgbm",
      "mse": 1.672260022680131e-05,
      "rmse": 0.004089327600816705,
      "mae": 0.004089327600816706,
      "r2": 0.0,
      "block_inclusion_accuracy": 1.0,
      "avg_overpay_sat_vb": 0.004089327600816706,
      "avg_underpay_sat_vb": 0.0,
      "within_10pct": 1.0,
      "within_20pct": 1.0,
      "within_50pct": 1.0,
      "asymmetric_loss": 5.016780068040395e-06,
      "mape": 0.40893276008167057
    },
    "6block": {
      "horizon_blocks": 6,
      "model_type": "lightgbm",
      "mse": 0.0,
      "rmse": 0.0,
      "mae": 0.0,
      "r2": 1.0,
      "block_inclusion_accuracy": 1.0,
      "avg_overpay_sat_vb": 0.0,
      "avg_underpay_sat_vb": 0.0,
      "within_10pct": 1.0,
      "within_20pct": 1.0,
      "within_50pct": 1.0,
      "asymmetric_loss": 0.0,
      "mape": 0.0
    }
  }
}