{
  "timestamp": "2026-05-09T05:56:02.139862",
  "duration_seconds": 1.978935,
  "xgb_results": {
    "1block": {
      "horizon_blocks": 1,
      "mse": 3.207320985686998,
      "rmse": 1.790899490671377,
      "mae": 1.7710647384325664,
      "r2": 0.0,
      "block_inclusion_accuracy": 0.0,
      "avg_overpay_sat_vb": 0.0,
      "median_overpay_sat_vb": 0.0,
      "avg_underpay_sat_vb": 1.7710647384325664,
      "overpay_mape": 0.0,
      "within_10pct": 0.0,
      "within_20pct": 0.0,
      "within_50pct": 0.8333333333333334,
      "asymmetric_loss": 2.2451246899808983,
      "mape": 44.27661846081416
    },
    "3block": {
      "horizon_blocks": 3,
      "mse": 0.9904193563965009,
      "rmse": 0.9951981493132415,
      "mae": 0.8213659127553304,
      "r2": 0.009580643603499084,
      "block_inclusion_accuracy": 0.3333333333333333,
      "avg_overpay_sat_vb": 0.3050973018010457,
      "median_overpay_sat_vb": 0.0,
      "avg_underpay_sat_vb": 0.5162686109542847,
      "overpay_mape": 15.254865090052286,
      "within_10pct": 0.16666666666666666,
      "within_20pct": 0.5,
      "within_50pct": 0.8333333333333334,
      "asymmetric_loss": 0.4815116507891995,
      "mape": 30.930745601654053
    },
    "6block": {
      "horizon_blocks": 6,
      "mse": 0.9904193563965009,
      "rmse": 0.9951981493132415,
      "mae": 0.8213659127553304,
      "r2": 0.009580643603499084,
      "block_inclusion_accuracy": 0.3333333333333333,
      "avg_overpay_sat_vb": 0.3050973018010457,
      "median_overpay_sat_vb": 0.0,
      "avg_underpay_sat_vb": 0.5162686109542847,
      "overpay_mape": 15.254865090052286,
      "within_10pct": 0.16666666666666666,
      "within_20pct": 0.5,
      "within_50pct": 0.8333333333333334,
      "asymmetric_loss": 0.4815116507891995,
      "mape": 30.930745601654053
    }
  },
  "lgb_results": {
    "1block": {
      "horizon_blocks": 1,
      "model_type": "lightgbm",
      "mse": 9.0,
      "rmse": 3.0,
      "mae": 3.0,
      "r2": 0.0,
      "block_inclusion_accuracy": 0.0,
      "avg_overpay_sat_vb": 0.0,
      "avg_underpay_sat_vb": 3.0,
      "within_10pct": 0.0,
      "within_20pct": 0.0,
      "within_50pct": 0.0,
      "asymmetric_loss": 6.3,
      "mape": 75.0
    },
    "3block": {
      "horizon_blocks": 3,
      "model_type": "lightgbm",
      "mse": 4.9836594121969595,
      "rmse": 2.2324111207833024,
      "mae": 1.9959106723991835,
      "r2": -3.9836594121969595,
      "block_inclusion_accuracy": 0.0,
      "avg_overpay_sat_vb": 0.0,
      "avg_underpay_sat_vb": 1.9959106723991835,
      "within_10pct": 0.0,
      "within_20pct": 0.0,
      "within_50pct": 0.5,
      "asymmetric_loss": 3.488561588537872,
      "mape": 62.34665021496938
    },
    "6block": {
      "horizon_blocks": 6,
      "model_type": "lightgbm",
      "mse": 5.0,
      "rmse": 2.23606797749979,
      "mae": 2.0,
      "r2": -4.0,
      "block_inclusion_accuracy": 0.0,
      "avg_overpay_sat_vb": 0.0,
      "avg_underpay_sat_vb": 2.0,
      "within_10pct": 0.0,
      "within_20pct": 0.0,
      "within_50pct": 0.0,
      "asymmetric_loss": 3.4999999999999996,
      "mape": 62.5
    }
  }
}