{
  "timestamp": "2026-06-07T11:16:24.580414",
  "duration_seconds": 4.303503,
  "xgb_results": {
    "1block": {
      "horizon_blocks": 1,
      "mse": 0.07818014788700604,
      "rmse": 0.2796071313235877,
      "mae": 0.11414913336435954,
      "r2": 0.0,
      "block_inclusion_accuracy": 1.0,
      "avg_overpay_sat_vb": 0.11414913336435954,
      "median_overpay_sat_vb": 0.0,
      "avg_underpay_sat_vb": 0.0,
      "overpay_mape": 11.414913336435955,
      "within_10pct": 0.8333333333333334,
      "within_20pct": 0.8333333333333334,
      "within_50pct": 0.8333333333333334,
      "asymmetric_loss": 0.023454044366101812,
      "mape": 11.414913336435955
    },
    "3block": {
      "horizon_blocks": 3,
      "mse": 1.2329253676362295,
      "rmse": 1.1103717249805263,
      "mae": 0.7090550462404887,
      "r2": 0.0,
      "block_inclusion_accuracy": 1.0,
      "avg_overpay_sat_vb": 0.7090550462404887,
      "median_overpay_sat_vb": 0.2374698519706726,
      "avg_underpay_sat_vb": 0.0,
      "overpay_mape": 70.90550462404886,
      "within_10pct": 0.5,
      "within_20pct": 0.5,
      "within_50pct": 0.6666666666666666,
      "asymmetric_loss": 0.3698776102908689,
      "mape": 70.90550462404886
    },
    "6block": {
      "horizon_blocks": 6,
      "mse": 1.2329253676362295,
      "rmse": 1.1103717249805263,
      "mae": 0.7090550462404887,
      "r2": 0.0,
      "block_inclusion_accuracy": 1.0,
      "avg_overpay_sat_vb": 0.7090550462404887,
      "median_overpay_sat_vb": 0.2374698519706726,
      "avg_underpay_sat_vb": 0.0,
      "overpay_mape": 70.90550462404886,
      "within_10pct": 0.5,
      "within_20pct": 0.5,
      "within_50pct": 0.6666666666666666,
      "asymmetric_loss": 0.3698776102908689,
      "mape": 70.90550462404886
    }
  },
  "lgb_results": {
    "1block": {
      "horizon_blocks": 1,
      "model_type": "lightgbm",
      "mse": 0.1171124285579647,
      "rmse": 0.34221693201530035,
      "mae": 0.34221545380617613,
      "r2": 0.0,
      "block_inclusion_accuracy": 1.0,
      "avg_overpay_sat_vb": 0.34221545380617613,
      "avg_underpay_sat_vb": 0.0,
      "within_10pct": 0.0,
      "within_20pct": 0.0,
      "within_50pct": 1.0,
      "asymmetric_loss": 0.035133728567389416,
      "mape": 34.22154538061761
    },
    "3block": {
      "horizon_blocks": 3,
      "model_type": "lightgbm",
      "mse": 0.0,
      "rmse": 0.0,
      "mae": 0.0,
      "r2": 1.0,
      "block_inclusion_accuracy": 1.0,
      "avg_overpay_sat_vb": 0.0,
      "avg_underpay_sat_vb": 0.0,
      "within_10pct": 1.0,
      "within_20pct": 1.0,
      "within_50pct": 1.0,
      "asymmetric_loss": 0.0,
      "mape": 0.0
    },
    "6block": {
      "horizon_blocks": 6,
      "model_type": "lightgbm",
      "mse": 0.0,
      "rmse": 0.0,
      "mae": 0.0,
      "r2": 1.0,
      "block_inclusion_accuracy": 1.0,
      "avg_overpay_sat_vb": 0.0,
      "avg_underpay_sat_vb": 0.0,
      "within_10pct": 1.0,
      "within_20pct": 1.0,
      "within_50pct": 1.0,
      "asymmetric_loss": 0.0,
      "mape": 0.0
    }
  }
}