{
  "timestamp": "2026-05-31T12:20:03.655165",
  "duration_seconds": 3.382004,
  "xgb_results": {
    "1block": {
      "horizon_blocks": 1,
      "mse": 0.23596694625587608,
      "rmse": 0.4857642908406052,
      "mae": 0.31089981396993,
      "r2": 0.0,
      "block_inclusion_accuracy": 1.0,
      "avg_overpay_sat_vb": 0.31089981396993,
      "median_overpay_sat_vb": 0.10053896903991699,
      "avg_underpay_sat_vb": 0.0,
      "overpay_mape": 31.089981396993,
      "within_10pct": 0.5,
      "within_20pct": 0.6666666666666666,
      "within_50pct": 0.6666666666666666,
      "asymmetric_loss": 0.07079008387676285,
      "mape": 31.089981396993
    },
    "3block": {
      "horizon_blocks": 3,
      "mse": 0.26304883540383156,
      "rmse": 0.5128828671381328,
      "mae": 0.2828267018000285,
      "r2": 0.0,
      "block_inclusion_accuracy": 1.0,
      "avg_overpay_sat_vb": 0.2828267018000285,
      "median_overpay_sat_vb": 0.09601497650146484,
      "avg_underpay_sat_vb": 0.0,
      "overpay_mape": 28.28267018000285,
      "within_10pct": 0.5,
      "within_20pct": 0.6666666666666666,
      "within_50pct": 0.8333333333333334,
      "asymmetric_loss": 0.07891465062114948,
      "mape": 28.28267018000285
    },
    "6block": {
      "horizon_blocks": 6,
      "mse": 0.26304883540383156,
      "rmse": 0.5128828671381328,
      "mae": 0.2828267018000285,
      "r2": 0.0,
      "block_inclusion_accuracy": 1.0,
      "avg_overpay_sat_vb": 0.2828267018000285,
      "median_overpay_sat_vb": 0.09601497650146484,
      "avg_underpay_sat_vb": 0.0,
      "overpay_mape": 28.28267018000285,
      "within_10pct": 0.5,
      "within_20pct": 0.6666666666666666,
      "within_50pct": 0.8333333333333334,
      "asymmetric_loss": 0.07891465062114948,
      "mape": 28.28267018000285
    }
  },
  "lgb_results": {
    "1block": {
      "horizon_blocks": 1,
      "model_type": "lightgbm",
      "mse": 0.0,
      "rmse": 0.0,
      "mae": 0.0,
      "r2": 1.0,
      "block_inclusion_accuracy": 1.0,
      "avg_overpay_sat_vb": 0.0,
      "avg_underpay_sat_vb": 0.0,
      "within_10pct": 1.0,
      "within_20pct": 1.0,
      "within_50pct": 1.0,
      "asymmetric_loss": 0.0,
      "mape": 0.0
    },
    "3block": {
      "horizon_blocks": 3,
      "model_type": "lightgbm",
      "mse": 1.672260022680131e-05,
      "rmse": 0.004089327600816705,
      "mae": 0.004089327600816706,
      "r2": 0.0,
      "block_inclusion_accuracy": 1.0,
      "avg_overpay_sat_vb": 0.004089327600816706,
      "avg_underpay_sat_vb": 0.0,
      "within_10pct": 1.0,
      "within_20pct": 1.0,
      "within_50pct": 1.0,
      "asymmetric_loss": 5.016780068040395e-06,
      "mape": 0.40893276008167057
    },
    "6block": {
      "horizon_blocks": 6,
      "model_type": "lightgbm",
      "mse": 0.0,
      "rmse": 0.0,
      "mae": 0.0,
      "r2": 1.0,
      "block_inclusion_accuracy": 1.0,
      "avg_overpay_sat_vb": 0.0,
      "avg_underpay_sat_vb": 0.0,
      "within_10pct": 1.0,
      "within_20pct": 1.0,
      "within_50pct": 1.0,
      "asymmetric_loss": 0.0,
      "mape": 0.0
    }
  }
}