{
  "timestamp": "2026-06-23T10:47:27.860571",
  "duration_seconds": 4.63481,
  "xgb_results": {
    "1block": {
      "horizon_blocks": 1,
      "mse": 0.8480534250094655,
      "rmse": 0.9208981621273145,
      "mae": 0.8232927918434143,
      "r2": 0.0,
      "block_inclusion_accuracy": 0.8333333333333334,
      "avg_overpay_sat_vb": 0.6676011880238851,
      "median_overpay_sat_vb": 0.5713515281677246,
      "avg_underpay_sat_vb": 0.1556916038195292,
      "overpay_mape": 33.38005940119426,
      "within_10pct": 0.0,
      "within_20pct": 0.16666666666666666,
      "within_50pct": 0.6666666666666666,
      "asymmetric_loss": 0.31259172870259305,
      "mape": 41.164639592170715
    },
    "3block": {
      "horizon_blocks": 3,
      "mse": 21.565407493022462,
      "rmse": 4.643856963023566,
      "mae": 2.8837031523386636,
      "r2": 0.0,
      "block_inclusion_accuracy": 0.3333333333333333,
      "avg_overpay_sat_vb": 2.217036485671997,
      "median_overpay_sat_vb": 0.0,
      "avg_underpay_sat_vb": 0.6666666666666666,
      "overpay_mape": 110.85182428359985,
      "within_10pct": 0.0,
      "within_20pct": 0.0,
      "within_50pct": 0.0,
      "asymmetric_loss": 6.736288914573406,
      "mape": 144.18515761693317
    },
    "6block": {
      "horizon_blocks": 6,
      "mse": 21.565407493022462,
      "rmse": 4.643856963023566,
      "mae": 2.8837031523386636,
      "r2": 0.0,
      "block_inclusion_accuracy": 0.3333333333333333,
      "avg_overpay_sat_vb": 2.217036485671997,
      "median_overpay_sat_vb": 0.0,
      "avg_underpay_sat_vb": 0.6666666666666666,
      "overpay_mape": 110.85182428359985,
      "within_10pct": 0.0,
      "within_20pct": 0.0,
      "within_50pct": 0.0,
      "asymmetric_loss": 6.736288914573406,
      "mape": 144.18515761693317
    }
  },
  "lgb_results": {
    "1block": {
      "horizon_blocks": 1,
      "model_type": "lightgbm",
      "mse": 0.8506613123248177,
      "rmse": 0.922313022961737,
      "mae": 0.9223124744849871,
      "r2": 0.0,
      "block_inclusion_accuracy": 0.0,
      "avg_overpay_sat_vb": 0.0,
      "avg_underpay_sat_vb": 0.9223124744849871,
      "within_10pct": 0.0,
      "within_20pct": 0.0,
      "within_50pct": 1.0,
      "asymmetric_loss": 0.5954629186273724,
      "mape": 46.11562372424935
    },
    "3block": {
      "horizon_blocks": 3,
      "model_type": "lightgbm",
      "mse": 0.9918380673985933,
      "rmse": 0.9959106723991832,
      "mae": 0.9959106723991834,
      "r2": 0.0,
      "block_inclusion_accuracy": 0.0,
      "avg_overpay_sat_vb": 0.0,
      "avg_underpay_sat_vb": 0.9959106723991834,
      "within_10pct": 0.0,
      "within_20pct": 0.0,
      "within_50pct": 1.0,
      "asymmetric_loss": 0.6942866471790153,
      "mape": 49.79553361995917
    },
    "6block": {
      "horizon_blocks": 6,
      "model_type": "lightgbm",
      "mse": 1.0,
      "rmse": 1.0,
      "mae": 1.0,
      "r2": 0.0,
      "block_inclusion_accuracy": 0.0,
      "avg_overpay_sat_vb": 0.0,
      "avg_underpay_sat_vb": 1.0,
      "within_10pct": 0.0,
      "within_20pct": 0.0,
      "within_50pct": 0.0,
      "asymmetric_loss": 0.7000000000000001,
      "mape": 50.0
    }
  }
}