{
  "timestamp": "2026-05-25T03:02:33.680658",
  "duration_seconds": 3.131336,
  "xgb_results": {
    "1block": {
      "horizon_blocks": 1,
      "mse": 1.4587399903390217,
      "rmse": 1.207783089109556,
      "mae": 1.2006844679514568,
      "r2": 0.0,
      "block_inclusion_accuracy": 1.0,
      "avg_overpay_sat_vb": 1.2006844679514568,
      "median_overpay_sat_vb": 1.2228076457977295,
      "avg_underpay_sat_vb": 0.0,
      "overpay_mape": 60.03422339757284,
      "within_10pct": 0.0,
      "within_20pct": 0.0,
      "within_50pct": 0.16666666666666666,
      "asymmetric_loss": 0.4376219971017066,
      "mape": 60.03422339757284
    },
    "3block": {
      "horizon_blocks": 3,
      "mse": 1.0799576039837955,
      "rmse": 1.0392100865483338,
      "mae": 0.7743095556894938,
      "r2": 0.0,
      "block_inclusion_accuracy": 1.0,
      "avg_overpay_sat_vb": 0.7743095556894938,
      "median_overpay_sat_vb": 0.5647343397140503,
      "avg_underpay_sat_vb": 0.0,
      "overpay_mape": 38.715477784474686,
      "within_10pct": 0.16666666666666666,
      "within_20pct": 0.3333333333333333,
      "within_50pct": 0.8333333333333334,
      "asymmetric_loss": 0.32398728119513864,
      "mape": 38.715477784474686
    },
    "6block": {
      "horizon_blocks": 6,
      "mse": 1.0799576039837955,
      "rmse": 1.0392100865483338,
      "mae": 0.7743095556894938,
      "r2": 0.0,
      "block_inclusion_accuracy": 1.0,
      "avg_overpay_sat_vb": 0.7743095556894938,
      "median_overpay_sat_vb": 0.5647343397140503,
      "avg_underpay_sat_vb": 0.0,
      "overpay_mape": 38.715477784474686,
      "within_10pct": 0.16666666666666666,
      "within_20pct": 0.3333333333333333,
      "within_50pct": 0.8333333333333334,
      "asymmetric_loss": 0.32398728119513864,
      "mape": 38.715477784474686
    }
  },
  "lgb_results": {
    "1block": {
      "horizon_blocks": 1,
      "model_type": "lightgbm",
      "mse": 0.7458370089727663,
      "rmse": 0.8636185552503873,
      "mae": 0.8636185552503871,
      "r2": 0.0,
      "block_inclusion_accuracy": 0.0,
      "avg_overpay_sat_vb": 0.0,
      "avg_underpay_sat_vb": 0.8636185552503871,
      "within_10pct": 0.0,
      "within_20pct": 0.0,
      "within_50pct": 1.0,
      "asymmetric_loss": 0.5220859062809363,
      "mape": 43.18092776251935
    },
    "3block": {
      "horizon_blocks": 3,
      "model_type": "lightgbm",
      "mse": 1.0,
      "rmse": 1.0,
      "mae": 1.0,
      "r2": 0.0,
      "block_inclusion_accuracy": 0.0,
      "avg_overpay_sat_vb": 0.0,
      "avg_underpay_sat_vb": 1.0,
      "within_10pct": 0.0,
      "within_20pct": 0.0,
      "within_50pct": 0.0,
      "asymmetric_loss": 0.7000000000000001,
      "mape": 50.0
    },
    "6block": {
      "horizon_blocks": 6,
      "model_type": "lightgbm",
      "mse": 1.0,
      "rmse": 1.0,
      "mae": 1.0,
      "r2": 0.0,
      "block_inclusion_accuracy": 0.0,
      "avg_overpay_sat_vb": 0.0,
      "avg_underpay_sat_vb": 1.0,
      "within_10pct": 0.0,
      "within_20pct": 0.0,
      "within_50pct": 0.0,
      "asymmetric_loss": 0.7000000000000001,
      "mape": 50.0
    }
  }
}