{
  "timestamp": "2026-05-06T21:17:58.636663",
  "duration_seconds": 1.658256,
  "xgb_results": {
    "1block": {
      "horizon_blocks": 1,
      "mse": 0.16864854416907823,
      "rmse": 0.41066841145756294,
      "mae": 0.3547811508178711,
      "r2": 0.0,
      "block_inclusion_accuracy": 0.3333333333333333,
      "avg_overpay_sat_vb": 0.0569914182027181,
      "median_overpay_sat_vb": 0.0,
      "avg_underpay_sat_vb": 0.297789732615153,
      "overpay_mape": 1.8997139400906033,
      "within_10pct": 0.5,
      "within_20pct": 0.8333333333333334,
      "within_50pct": 1.0,
      "asymmetric_loss": 0.11304570111727609,
      "mape": 11.826038360595703
    },
    "3block": {
      "horizon_blocks": 3,
      "mse": 0.9495874463892543,
      "rmse": 0.974467775962476,
      "mae": 0.6833674907684326,
      "r2": -0.709257403500658,
      "block_inclusion_accuracy": 0.5,
      "avg_overpay_sat_vb": 0.5249677499135336,
      "median_overpay_sat_vb": 0.0002994537353515625,
      "avg_underpay_sat_vb": 0.15839974085489908,
      "overpay_mape": 40.027684635586205,
      "within_10pct": 0.3333333333333333,
      "within_20pct": 0.6666666666666666,
      "within_50pct": 0.8333333333333334,
      "asymmetric_loss": 0.3067682370435156,
      "mape": 45.30767599741618
    },
    "6block": {
      "horizon_blocks": 6,
      "mse": 0.9495874463892543,
      "rmse": 0.974467775962476,
      "mae": 0.6833674907684326,
      "r2": -0.709257403500658,
      "block_inclusion_accuracy": 0.5,
      "avg_overpay_sat_vb": 0.5249677499135336,
      "median_overpay_sat_vb": 0.0002994537353515625,
      "avg_underpay_sat_vb": 0.15839974085489908,
      "overpay_mape": 40.027684635586205,
      "within_10pct": 0.3333333333333333,
      "within_20pct": 0.6666666666666666,
      "within_50pct": 0.8333333333333334,
      "asymmetric_loss": 0.3067682370435156,
      "mape": 45.30767599741618
    }
  },
  "lgb_results": {
    "1block": {
      "horizon_blocks": 1,
      "model_type": "lightgbm",
      "mse": 4.0,
      "rmse": 2.0,
      "mae": 2.0,
      "r2": 0.0,
      "block_inclusion_accuracy": 0.0,
      "avg_overpay_sat_vb": 0.0,
      "avg_underpay_sat_vb": 2.0,
      "within_10pct": 0.0,
      "within_20pct": 0.0,
      "within_50pct": 0.0,
      "asymmetric_loss": 2.8000000000000003,
      "mape": 66.66666666666666
    },
    "3block": {
      "horizon_blocks": 3,
      "model_type": "lightgbm",
      "mse": 3.3197189639308373,
      "rmse": 1.8220095949063597,
      "mae": 1.6639404482661222,
      "r2": -4.9754941350755075,
      "block_inclusion_accuracy": 0.16666666666666666,
      "avg_overpay_sat_vb": 0.0006815546001361176,
      "avg_underpay_sat_vb": 1.6632588936659862,
      "within_10pct": 0.16666666666666666,
      "within_20pct": 0.16666666666666666,
      "within_50pct": 0.16666666666666666,
      "asymmetric_loss": 2.3238021599115712,
      "mape": 55.51011858221315
    },
    "6block": {
      "horizon_blocks": 6,
      "model_type": "lightgbm",
      "mse": 3.3333333333333335,
      "rmse": 1.8257418583505538,
      "mae": 1.6666666666666667,
      "r2": -5.000000000000001,
      "block_inclusion_accuracy": 0.16666666666666666,
      "avg_overpay_sat_vb": 0.0,
      "avg_underpay_sat_vb": 1.6666666666666667,
      "within_10pct": 0.16666666666666666,
      "within_20pct": 0.16666666666666666,
      "within_50pct": 0.16666666666666666,
      "asymmetric_loss": 2.3333333333333335,
      "mape": 55.55555555555555
    }
  }
}