{
  "timestamp": "2026-06-27T23:15:23.101993",
  "duration_seconds": 4.719983,
  "xgb_results": {
    "1block": {
      "horizon_blocks": 1,
      "mse": 27.48576104793301,
      "rmse": 5.242686434256107,
      "mae": 5.114569028218587,
      "r2": 0.0,
      "block_inclusion_accuracy": 1.0,
      "avg_overpay_sat_vb": 5.114569028218587,
      "median_overpay_sat_vb": 4.847685813903809,
      "avg_underpay_sat_vb": 0.0,
      "overpay_mape": 127.86422570546468,
      "within_10pct": 0.0,
      "within_20pct": 0.0,
      "within_50pct": 0.0,
      "asymmetric_loss": 8.245728314379905,
      "mape": 127.86422570546468
    },
    "3block": {
      "horizon_blocks": 3,
      "mse": 9.09416101002816,
      "rmse": 3.0156526673388897,
      "mae": 2.204062024752299,
      "r2": 0.0,
      "block_inclusion_accuracy": 0.6666666666666666,
      "avg_overpay_sat_vb": 1.5983452796936035,
      "median_overpay_sat_vb": 0.11920857429504395,
      "avg_underpay_sat_vb": 0.6057167450586954,
      "overpay_mape": 39.95863199234009,
      "within_10pct": 0.3333333333333333,
      "within_20pct": 0.5,
      "within_50pct": 0.5,
      "asymmetric_loss": 3.3550707754543807,
      "mape": 55.10155061880747
    },
    "6block": {
      "horizon_blocks": 6,
      "mse": 9.09416101002816,
      "rmse": 3.0156526673388897,
      "mae": 2.204062024752299,
      "r2": 0.0,
      "block_inclusion_accuracy": 0.6666666666666666,
      "avg_overpay_sat_vb": 1.5983452796936035,
      "median_overpay_sat_vb": 0.11920857429504395,
      "avg_underpay_sat_vb": 0.6057167450586954,
      "overpay_mape": 39.95863199234009,
      "within_10pct": 0.3333333333333333,
      "within_20pct": 0.5,
      "within_50pct": 0.5,
      "asymmetric_loss": 3.3550707754543807,
      "mape": 55.10155061880747
    }
  },
  "lgb_results": {
    "1block": {
      "horizon_blocks": 1,
      "model_type": "lightgbm",
      "mse": 9.0,
      "rmse": 3.0,
      "mae": 3.0,
      "r2": 0.0,
      "block_inclusion_accuracy": 0.0,
      "avg_overpay_sat_vb": 0.0,
      "avg_underpay_sat_vb": 3.0,
      "within_10pct": 0.0,
      "within_20pct": 0.0,
      "within_50pct": 0.0,
      "asymmetric_loss": 6.3,
      "mape": 75.0
    },
    "3block": {
      "horizon_blocks": 3,
      "model_type": "lightgbm",
      "mse": 8.975480756995326,
      "rmse": 2.9959106723991833,
      "mae": 2.9959106723991833,
      "r2": 0.0,
      "block_inclusion_accuracy": 0.0,
      "avg_overpay_sat_vb": 0.0,
      "avg_underpay_sat_vb": 2.9959106723991833,
      "within_10pct": 0.0,
      "within_20pct": 0.0,
      "within_50pct": 0.0,
      "asymmetric_loss": 6.282836529896728,
      "mape": 74.89776680997959
    },
    "6block": {
      "horizon_blocks": 6,
      "model_type": "lightgbm",
      "mse": 9.0,
      "rmse": 3.0,
      "mae": 3.0,
      "r2": 0.0,
      "block_inclusion_accuracy": 0.0,
      "avg_overpay_sat_vb": 0.0,
      "avg_underpay_sat_vb": 3.0,
      "within_10pct": 0.0,
      "within_20pct": 0.0,
      "within_50pct": 0.0,
      "asymmetric_loss": 6.3,
      "mape": 75.0
    }
  }
}