{
  "timestamp": "2026-07-02T02:53:37.137979",
  "duration_seconds": 5.154279,
  "xgb_results": {
    "1block": {
      "horizon_blocks": 1,
      "mse": 6.843570811363482,
      "rmse": 2.6160219439759067,
      "mae": 2.5294925371805825,
      "r2": 0.0,
      "block_inclusion_accuracy": 1.0,
      "avg_overpay_sat_vb": 2.5294925371805825,
      "median_overpay_sat_vb": 2.4103989601135254,
      "avg_underpay_sat_vb": 0.0,
      "overpay_mape": 63.237313429514565,
      "within_10pct": 0.0,
      "within_20pct": 0.0,
      "within_50pct": 0.3333333333333333,
      "asymmetric_loss": 2.053071243409045,
      "mape": 63.237313429514565
    },
    "3block": {
      "horizon_blocks": 3,
      "mse": 53.974639332888124,
      "rmse": 7.346743450869107,
      "mae": 6.600010871887207,
      "r2": 0.0,
      "block_inclusion_accuracy": 1.0,
      "avg_overpay_sat_vb": 6.600010871887207,
      "median_overpay_sat_vb": 6.807839870452881,
      "avg_underpay_sat_vb": 0.0,
      "overpay_mape": 165.00027179718018,
      "within_10pct": 0.0,
      "within_20pct": 0.0,
      "within_50pct": 0.16666666666666666,
      "asymmetric_loss": 16.192391799866435,
      "mape": 165.00027179718018
    },
    "6block": {
      "horizon_blocks": 6,
      "mse": 53.974639332888124,
      "rmse": 7.346743450869107,
      "mae": 6.600010871887207,
      "r2": 0.0,
      "block_inclusion_accuracy": 1.0,
      "avg_overpay_sat_vb": 6.600010871887207,
      "median_overpay_sat_vb": 6.807839870452881,
      "avg_underpay_sat_vb": 0.0,
      "overpay_mape": 165.00027179718018,
      "within_10pct": 0.0,
      "within_20pct": 0.0,
      "within_50pct": 0.16666666666666666,
      "asymmetric_loss": 16.192391799866435,
      "mape": 165.00027179718018
    }
  },
  "lgb_results": {
    "1block": {
      "horizon_blocks": 1,
      "model_type": "lightgbm",
      "mse": 7.090001857630159,
      "rmse": 2.6627057399626715,
      "mae": 2.6627055710894645,
      "r2": 0.0,
      "block_inclusion_accuracy": 0.0,
      "avg_overpay_sat_vb": 0.0,
      "avg_underpay_sat_vb": 2.6627055710894645,
      "within_10pct": 0.0,
      "within_20pct": 0.0,
      "within_50pct": 0.0,
      "asymmetric_loss": 4.963001300341111,
      "mape": 66.56763927723661
    },
    "3block": {
      "horizon_blocks": 3,
      "model_type": "lightgbm",
      "mse": 8.975480756995326,
      "rmse": 2.9959106723991833,
      "mae": 2.9959106723991833,
      "r2": 0.0,
      "block_inclusion_accuracy": 0.0,
      "avg_overpay_sat_vb": 0.0,
      "avg_underpay_sat_vb": 2.9959106723991833,
      "within_10pct": 0.0,
      "within_20pct": 0.0,
      "within_50pct": 0.0,
      "asymmetric_loss": 6.282836529896728,
      "mape": 74.89776680997959
    },
    "6block": {
      "horizon_blocks": 6,
      "model_type": "lightgbm",
      "mse": 8.986781953979909,
      "rmse": 2.997796182861655,
      "mae": 2.9977961828616553,
      "r2": 0.0,
      "block_inclusion_accuracy": 0.0,
      "avg_overpay_sat_vb": 0.0,
      "avg_underpay_sat_vb": 2.9977961828616553,
      "within_10pct": 0.0,
      "within_20pct": 0.0,
      "within_50pct": 0.0,
      "asymmetric_loss": 6.290747367785936,
      "mape": 74.94490457154139
    }
  }
}