{
  "timestamp": "2026-05-30T13:27:24.184290",
  "duration_seconds": 3.477536,
  "xgb_results": {
    "1block": {
      "horizon_blocks": 1,
      "mse": 4.7943641065168,
      "rmse": 2.1896036414193323,
      "mae": 2.0815241734186807,
      "r2": 0.0,
      "block_inclusion_accuracy": 1.0,
      "avg_overpay_sat_vb": 2.0815241734186807,
      "median_overpay_sat_vb": 2.1876736879348755,
      "avg_underpay_sat_vb": 0.0,
      "overpay_mape": 104.07620867093404,
      "within_10pct": 0.0,
      "within_20pct": 0.0,
      "within_50pct": 0.16666666666666666,
      "asymmetric_loss": 1.4383092319550403,
      "mape": 104.07620867093404
    },
    "3block": {
      "horizon_blocks": 3,
      "mse": 15.085641592665107,
      "rmse": 3.884023891876195,
      "mae": 3.6141289869944253,
      "r2": 0.0,
      "block_inclusion_accuracy": 1.0,
      "avg_overpay_sat_vb": 3.6141289869944253,
      "median_overpay_sat_vb": 3.4439897537231445,
      "avg_underpay_sat_vb": 0.0,
      "overpay_mape": 180.70644934972125,
      "within_10pct": 0.0,
      "within_20pct": 0.0,
      "within_50pct": 0.0,
      "asymmetric_loss": 4.525692477799532,
      "mape": 180.70644934972125
    },
    "6block": {
      "horizon_blocks": 6,
      "mse": 15.085641592665107,
      "rmse": 3.884023891876195,
      "mae": 3.6141289869944253,
      "r2": 0.0,
      "block_inclusion_accuracy": 1.0,
      "avg_overpay_sat_vb": 3.6141289869944253,
      "median_overpay_sat_vb": 3.4439897537231445,
      "avg_underpay_sat_vb": 0.0,
      "overpay_mape": 180.70644934972125,
      "within_10pct": 0.0,
      "within_20pct": 0.0,
      "within_50pct": 0.0,
      "asymmetric_loss": 4.525692477799532,
      "mape": 180.70644934972125
    }
  },
  "lgb_results": {
    "1block": {
      "horizon_blocks": 1,
      "model_type": "lightgbm",
      "mse": 1.0,
      "rmse": 1.0,
      "mae": 1.0,
      "r2": 0.0,
      "block_inclusion_accuracy": 0.0,
      "avg_overpay_sat_vb": 0.0,
      "avg_underpay_sat_vb": 1.0,
      "within_10pct": 0.0,
      "within_20pct": 0.0,
      "within_50pct": 0.0,
      "asymmetric_loss": 0.7000000000000001,
      "mape": 50.0
    },
    "3block": {
      "horizon_blocks": 3,
      "model_type": "lightgbm",
      "mse": 0.9918380673985933,
      "rmse": 0.9959106723991832,
      "mae": 0.9959106723991834,
      "r2": 0.0,
      "block_inclusion_accuracy": 0.0,
      "avg_overpay_sat_vb": 0.0,
      "avg_underpay_sat_vb": 0.9959106723991834,
      "within_10pct": 0.0,
      "within_20pct": 0.0,
      "within_50pct": 1.0,
      "asymmetric_loss": 0.6942866471790153,
      "mape": 49.79553361995917
    },
    "6block": {
      "horizon_blocks": 6,
      "model_type": "lightgbm",
      "mse": 1.0,
      "rmse": 1.0,
      "mae": 1.0,
      "r2": 0.0,
      "block_inclusion_accuracy": 0.0,
      "avg_overpay_sat_vb": 0.0,
      "avg_underpay_sat_vb": 1.0,
      "within_10pct": 0.0,
      "within_20pct": 0.0,
      "within_50pct": 0.0,
      "asymmetric_loss": 0.7000000000000001,
      "mape": 50.0
    }
  }
}