{
  "timestamp": "2026-06-14T00:21:35.463713",
  "duration_seconds": 4.619785,
  "xgb_results": {
    "1block": {
      "horizon_blocks": 1,
      "mse": 1.0,
      "rmse": 1.0,
      "mae": 1.0,
      "r2": 0.0,
      "block_inclusion_accuracy": 0.0,
      "avg_overpay_sat_vb": 0.0,
      "median_overpay_sat_vb": 0.0,
      "avg_underpay_sat_vb": 1.0,
      "overpay_mape": 0.0,
      "within_10pct": 0.0,
      "within_20pct": 0.0,
      "within_50pct": 0.0,
      "asymmetric_loss": 0.7000000000000001,
      "mape": 50.0
    },
    "3block": {
      "horizon_blocks": 3,
      "mse": 1.1532879694494984,
      "rmse": 1.0739124589320577,
      "mae": 0.8823150793711344,
      "r2": 0.0,
      "block_inclusion_accuracy": 0.5,
      "avg_overpay_sat_vb": 0.5228442748387655,
      "median_overpay_sat_vb": 0.19586944580078125,
      "avg_underpay_sat_vb": 0.35947080453236896,
      "overpay_mape": 26.142213741938274,
      "within_10pct": 0.16666666666666666,
      "within_20pct": 0.3333333333333333,
      "within_50pct": 0.5,
      "asymmetric_loss": 0.48095932592981594,
      "mape": 44.11575396855672
    },
    "6block": {
      "horizon_blocks": 6,
      "mse": 1.1532879694494984,
      "rmse": 1.0739124589320577,
      "mae": 0.8823150793711344,
      "r2": 0.0,
      "block_inclusion_accuracy": 0.5,
      "avg_overpay_sat_vb": 0.5228442748387655,
      "median_overpay_sat_vb": 0.19586944580078125,
      "avg_underpay_sat_vb": 0.35947080453236896,
      "overpay_mape": 26.142213741938274,
      "within_10pct": 0.16666666666666666,
      "within_20pct": 0.3333333333333333,
      "within_50pct": 0.5,
      "asymmetric_loss": 0.48095932592981594,
      "mape": 44.11575396855672
    }
  },
  "lgb_results": {
    "1block": {
      "horizon_blocks": 1,
      "model_type": "lightgbm",
      "mse": 0.8043133317170686,
      "rmse": 0.8968351753343915,
      "mae": 0.8968346739493193,
      "r2": 0.0,
      "block_inclusion_accuracy": 0.0,
      "avg_overpay_sat_vb": 0.0,
      "avg_underpay_sat_vb": 0.8968346739493193,
      "within_10pct": 0.0,
      "within_20pct": 0.0,
      "within_50pct": 1.0,
      "asymmetric_loss": 0.563019332201948,
      "mape": 44.84173369746596
    },
    "3block": {
      "horizon_blocks": 3,
      "model_type": "lightgbm",
      "mse": 1.0,
      "rmse": 1.0,
      "mae": 1.0,
      "r2": 0.0,
      "block_inclusion_accuracy": 0.0,
      "avg_overpay_sat_vb": 0.0,
      "avg_underpay_sat_vb": 1.0,
      "within_10pct": 0.0,
      "within_20pct": 0.0,
      "within_50pct": 0.0,
      "asymmetric_loss": 0.7000000000000001,
      "mape": 50.0
    },
    "6block": {
      "horizon_blocks": 6,
      "model_type": "lightgbm",
      "mse": 1.0,
      "rmse": 1.0,
      "mae": 1.0,
      "r2": 0.0,
      "block_inclusion_accuracy": 0.0,
      "avg_overpay_sat_vb": 0.0,
      "avg_underpay_sat_vb": 1.0,
      "within_10pct": 0.0,
      "within_20pct": 0.0,
      "within_50pct": 0.0,
      "asymmetric_loss": 0.7000000000000001,
      "mape": 50.0
    }
  }
}