{
  "timestamp": "2026-04-27T12:32:51.962389",
  "duration_seconds": 1.303831,
  "xgb_results": {
    "1block": {
      "horizon_blocks": 1,
      "mse": 0.006625940369048067,
      "rmse": 0.08139987941666785,
      "mae": 0.04527127742767334,
      "r2": 0.0,
      "block_inclusion_accuracy": 1.0,
      "avg_overpay_sat_vb": 0.04527127742767334,
      "median_overpay_sat_vb": 0.010401248931884766,
      "avg_underpay_sat_vb": 0.0,
      "overpay_mape": 4.527127742767334,
      "within_10pct": 0.8333333333333334,
      "within_20pct": 1.0,
      "within_50pct": 1.0,
      "asymmetric_loss": 0.0019877821107144207,
      "mape": 4.527127742767334
    },
    "3block": {
      "horizon_blocks": 3,
      "mse": 0.3971690566954014,
      "rmse": 0.6302135008831542,
      "mae": 0.5177140037218729,
      "r2": 0.0,
      "block_inclusion_accuracy": 1.0,
      "avg_overpay_sat_vb": 0.5177140037218729,
      "median_overpay_sat_vb": 0.5567931532859802,
      "avg_underpay_sat_vb": 0.0,
      "overpay_mape": 51.771400372187294,
      "within_10pct": 0.16666666666666666,
      "within_20pct": 0.3333333333333333,
      "within_50pct": 0.5,
      "asymmetric_loss": 0.11915071700862045,
      "mape": 51.771400372187294
    },
    "6block": {
      "horizon_blocks": 6,
      "mse": 0.3971690566954014,
      "rmse": 0.6302135008831542,
      "mae": 0.5177140037218729,
      "r2": 0.0,
      "block_inclusion_accuracy": 1.0,
      "avg_overpay_sat_vb": 0.5177140037218729,
      "median_overpay_sat_vb": 0.5567931532859802,
      "avg_underpay_sat_vb": 0.0,
      "overpay_mape": 51.771400372187294,
      "within_10pct": 0.16666666666666666,
      "within_20pct": 0.3333333333333333,
      "within_50pct": 0.5,
      "asymmetric_loss": 0.11915071700862045,
      "mape": 51.771400372187294
    }
  },
  "lgb_results": {
    "1block": {
      "horizon_blocks": 1,
      "model_type": "lightgbm",
      "mse": 0.0,
      "rmse": 0.0,
      "mae": 0.0,
      "r2": 1.0,
      "block_inclusion_accuracy": 1.0,
      "avg_overpay_sat_vb": 0.0,
      "avg_underpay_sat_vb": 0.0,
      "within_10pct": 1.0,
      "within_20pct": 1.0,
      "within_50pct": 1.0,
      "asymmetric_loss": 0.0,
      "mape": 0.0
    },
    "3block": {
      "horizon_blocks": 3,
      "model_type": "lightgbm",
      "mse": 1.672260022680131e-05,
      "rmse": 0.004089327600816705,
      "mae": 0.004089327600816706,
      "r2": 0.0,
      "block_inclusion_accuracy": 1.0,
      "avg_overpay_sat_vb": 0.004089327600816706,
      "avg_underpay_sat_vb": 0.0,
      "within_10pct": 1.0,
      "within_20pct": 1.0,
      "within_50pct": 1.0,
      "asymmetric_loss": 5.016780068040395e-06,
      "mape": 0.40893276008167057
    },
    "6block": {
      "horizon_blocks": 6,
      "model_type": "lightgbm",
      "mse": 0.0,
      "rmse": 0.0,
      "mae": 0.0,
      "r2": 1.0,
      "block_inclusion_accuracy": 1.0,
      "avg_overpay_sat_vb": 0.0,
      "avg_underpay_sat_vb": 0.0,
      "within_10pct": 1.0,
      "within_20pct": 1.0,
      "within_50pct": 1.0,
      "asymmetric_loss": 0.0,
      "mape": 0.0
    }
  }
}