{
  "timestamp": "2026-05-07T02:36:17.130007",
  "duration_seconds": 1.825695,
  "xgb_results": {
    "1block": {
      "horizon_blocks": 1,
      "mse": 0.6221049363317969,
      "rmse": 0.7887362907409529,
      "mae": 0.6864757736523946,
      "r2": 0.0,
      "block_inclusion_accuracy": 1.0,
      "avg_overpay_sat_vb": 0.6864757736523946,
      "median_overpay_sat_vb": 0.803821861743927,
      "avg_underpay_sat_vb": 0.0,
      "overpay_mape": 68.64757736523947,
      "within_10pct": 0.16666666666666666,
      "within_20pct": 0.16666666666666666,
      "within_50pct": 0.3333333333333333,
      "asymmetric_loss": 0.1866314808995391,
      "mape": 68.64757736523947
    },
    "3block": {
      "horizon_blocks": 3,
      "mse": 0.12686516143424834,
      "rmse": 0.35618136031276026,
      "mae": 0.22399596373240152,
      "r2": 0.0,
      "block_inclusion_accuracy": 1.0,
      "avg_overpay_sat_vb": 0.22399596373240152,
      "median_overpay_sat_vb": 0.10770106315612793,
      "avg_underpay_sat_vb": 0.0,
      "overpay_mape": 22.39959637324015,
      "within_10pct": 0.5,
      "within_20pct": 0.5,
      "within_50pct": 0.8333333333333334,
      "asymmetric_loss": 0.038059548430274516,
      "mape": 22.39959637324015
    },
    "6block": {
      "horizon_blocks": 6,
      "mse": 0.12686516143424834,
      "rmse": 0.35618136031276026,
      "mae": 0.22399596373240152,
      "r2": 0.0,
      "block_inclusion_accuracy": 1.0,
      "avg_overpay_sat_vb": 0.22399596373240152,
      "median_overpay_sat_vb": 0.10770106315612793,
      "avg_underpay_sat_vb": 0.0,
      "overpay_mape": 22.39959637324015,
      "within_10pct": 0.5,
      "within_20pct": 0.5,
      "within_50pct": 0.8333333333333334,
      "asymmetric_loss": 0.038059548430274516,
      "mape": 22.39959637324015
    }
  },
  "lgb_results": {
    "1block": {
      "horizon_blocks": 1,
      "model_type": "lightgbm",
      "mse": 0.0,
      "rmse": 0.0,
      "mae": 0.0,
      "r2": 1.0,
      "block_inclusion_accuracy": 1.0,
      "avg_overpay_sat_vb": 0.0,
      "avg_underpay_sat_vb": 0.0,
      "within_10pct": 1.0,
      "within_20pct": 1.0,
      "within_50pct": 1.0,
      "asymmetric_loss": 0.0,
      "mape": 0.0
    },
    "3block": {
      "horizon_blocks": 3,
      "model_type": "lightgbm",
      "mse": 1.672260022680131e-05,
      "rmse": 0.004089327600816705,
      "mae": 0.004089327600816706,
      "r2": 0.0,
      "block_inclusion_accuracy": 1.0,
      "avg_overpay_sat_vb": 0.004089327600816706,
      "avg_underpay_sat_vb": 0.0,
      "within_10pct": 1.0,
      "within_20pct": 1.0,
      "within_50pct": 1.0,
      "asymmetric_loss": 5.016780068040395e-06,
      "mape": 0.40893276008167057
    },
    "6block": {
      "horizon_blocks": 6,
      "model_type": "lightgbm",
      "mse": 0.0,
      "rmse": 0.0,
      "mae": 0.0,
      "r2": 1.0,
      "block_inclusion_accuracy": 1.0,
      "avg_overpay_sat_vb": 0.0,
      "avg_underpay_sat_vb": 0.0,
      "within_10pct": 1.0,
      "within_20pct": 1.0,
      "within_50pct": 1.0,
      "asymmetric_loss": 0.0,
      "mape": 0.0
    }
  }
}