{
  "timestamp": "2026-05-01T22:55:14.613692",
  "duration_seconds": 1.440662,
  "xgb_results": {
    "1block": {
      "horizon_blocks": 1,
      "mse": 0.008888272156932922,
      "rmse": 0.09427763338636011,
      "mae": 0.054428299268086754,
      "r2": 0.0,
      "block_inclusion_accuracy": 1.0,
      "avg_overpay_sat_vb": 0.054428299268086754,
      "median_overpay_sat_vb": 0.0,
      "avg_underpay_sat_vb": 0.0,
      "overpay_mape": 5.442829926808676,
      "within_10pct": 0.6666666666666666,
      "within_20pct": 1.0,
      "within_50pct": 1.0,
      "asymmetric_loss": 0.0026664816470798776,
      "mape": 5.442829926808676
    },
    "3block": {
      "horizon_blocks": 3,
      "mse": 0.1470416775011311,
      "rmse": 0.38346013808625673,
      "mae": 0.2524786392847697,
      "r2": 0.0,
      "block_inclusion_accuracy": 1.0,
      "avg_overpay_sat_vb": 0.2524786392847697,
      "median_overpay_sat_vb": 0.1304299235343933,
      "avg_underpay_sat_vb": 0.0,
      "overpay_mape": 25.24786392847697,
      "within_10pct": 0.5,
      "within_20pct": 0.6666666666666666,
      "within_50pct": 0.8333333333333334,
      "asymmetric_loss": 0.04411250325033934,
      "mape": 25.24786392847697
    },
    "6block": {
      "horizon_blocks": 6,
      "mse": 0.1470416775011311,
      "rmse": 0.38346013808625673,
      "mae": 0.2524786392847697,
      "r2": 0.0,
      "block_inclusion_accuracy": 1.0,
      "avg_overpay_sat_vb": 0.2524786392847697,
      "median_overpay_sat_vb": 0.1304299235343933,
      "avg_underpay_sat_vb": 0.0,
      "overpay_mape": 25.24786392847697,
      "within_10pct": 0.5,
      "within_20pct": 0.6666666666666666,
      "within_50pct": 0.8333333333333334,
      "asymmetric_loss": 0.04411250325033934,
      "mape": 25.24786392847697
    }
  },
  "lgb_results": {
    "1block": {
      "horizon_blocks": 1,
      "model_type": "lightgbm",
      "mse": 0.0,
      "rmse": 0.0,
      "mae": 0.0,
      "r2": 1.0,
      "block_inclusion_accuracy": 1.0,
      "avg_overpay_sat_vb": 0.0,
      "avg_underpay_sat_vb": 0.0,
      "within_10pct": 1.0,
      "within_20pct": 1.0,
      "within_50pct": 1.0,
      "asymmetric_loss": 0.0,
      "mape": 0.0
    },
    "3block": {
      "horizon_blocks": 3,
      "model_type": "lightgbm",
      "mse": 0.0,
      "rmse": 0.0,
      "mae": 0.0,
      "r2": 1.0,
      "block_inclusion_accuracy": 1.0,
      "avg_overpay_sat_vb": 0.0,
      "avg_underpay_sat_vb": 0.0,
      "within_10pct": 1.0,
      "within_20pct": 1.0,
      "within_50pct": 1.0,
      "asymmetric_loss": 0.0,
      "mape": 0.0
    },
    "6block": {
      "horizon_blocks": 6,
      "model_type": "lightgbm",
      "mse": 0.0,
      "rmse": 0.0,
      "mae": 0.0,
      "r2": 1.0,
      "block_inclusion_accuracy": 1.0,
      "avg_overpay_sat_vb": 0.0,
      "avg_underpay_sat_vb": 0.0,
      "within_10pct": 1.0,
      "within_20pct": 1.0,
      "within_50pct": 1.0,
      "asymmetric_loss": 0.0,
      "mape": 0.0
    }
  }
}