{
  "timestamp": "2026-05-28T14:46:40.378930",
  "duration_seconds": 3.885692,
  "xgb_results": {
    "1block": {
      "horizon_blocks": 1,
      "mse": 1.2385177427475658,
      "rmse": 1.112887120397916,
      "mae": 1.0445990562438965,
      "r2": 0.0,
      "block_inclusion_accuracy": 1.0,
      "avg_overpay_sat_vb": 1.0445990562438965,
      "median_overpay_sat_vb": 1.1083629131317139,
      "avg_underpay_sat_vb": 0.0,
      "overpay_mape": 20.891981124877926,
      "within_10pct": 0.0,
      "within_20pct": 0.5,
      "within_50pct": 1.0,
      "asymmetric_loss": 0.37155532282426984,
      "mape": 20.891981124877926
    },
    "3block": {
      "horizon_blocks": 3,
      "mse": 4.760548031836919,
      "rmse": 2.181868014302634,
      "mae": 1.7665822108586628,
      "r2": 0.0,
      "block_inclusion_accuracy": 0.6666666666666666,
      "avg_overpay_sat_vb": 1.5291331609090169,
      "median_overpay_sat_vb": 1.28715181350708,
      "avg_underpay_sat_vb": 0.237449049949646,
      "overpay_mape": 30.582663218180333,
      "within_10pct": 0.3333333333333333,
      "within_20pct": 0.3333333333333333,
      "within_50pct": 0.6666666666666666,
      "asymmetric_loss": 1.522589565941954,
      "mape": 35.331644217173256
    },
    "6block": {
      "horizon_blocks": 6,
      "mse": 4.760548031836919,
      "rmse": 2.181868014302634,
      "mae": 1.7665822108586628,
      "r2": 0.0,
      "block_inclusion_accuracy": 0.6666666666666666,
      "avg_overpay_sat_vb": 1.5291331609090169,
      "median_overpay_sat_vb": 1.28715181350708,
      "avg_underpay_sat_vb": 0.237449049949646,
      "overpay_mape": 30.582663218180333,
      "within_10pct": 0.3333333333333333,
      "within_20pct": 0.3333333333333333,
      "within_50pct": 0.6666666666666666,
      "asymmetric_loss": 1.522589565941954,
      "mape": 35.331644217173256
    }
  },
  "lgb_results": {
    "1block": {
      "horizon_blocks": 1,
      "model_type": "lightgbm",
      "mse": 13.389156839707416,
      "rmse": 3.6591196809762065,
      "mae": 3.6591195427278973,
      "r2": 0.0,
      "block_inclusion_accuracy": 0.0,
      "avg_overpay_sat_vb": 0.0,
      "avg_underpay_sat_vb": 3.6591195427278973,
      "within_10pct": 0.0,
      "within_20pct": 0.0,
      "within_50pct": 0.0,
      "asymmetric_loss": 9.37240978779519,
      "mape": 73.18239085455795
    },
    "3block": {
      "horizon_blocks": 3,
      "model_type": "lightgbm",
      "mse": 16.0,
      "rmse": 4.0,
      "mae": 4.0,
      "r2": 0.0,
      "block_inclusion_accuracy": 0.0,
      "avg_overpay_sat_vb": 0.0,
      "avg_underpay_sat_vb": 4.0,
      "within_10pct": 0.0,
      "within_20pct": 0.0,
      "within_50pct": 0.0,
      "asymmetric_loss": 11.200000000000001,
      "mape": 80.0
    },
    "6block": {
      "horizon_blocks": 6,
      "model_type": "lightgbm",
      "mse": 16.0,
      "rmse": 4.0,
      "mae": 4.0,
      "r2": 0.0,
      "block_inclusion_accuracy": 0.0,
      "avg_overpay_sat_vb": 0.0,
      "avg_underpay_sat_vb": 4.0,
      "within_10pct": 0.0,
      "within_20pct": 0.0,
      "within_50pct": 0.0,
      "asymmetric_loss": 11.200000000000001,
      "mape": 80.0
    }
  }
}