{
  "timestamp": "2026-04-19T21:41:49.642539",
  "duration_seconds": 0.726722,
  "xgb_results": {
    "1block": {
      "horizon_blocks": 1,
      "mse": 2.44658716989458e-08,
      "rmse": 0.00015641570157418915,
      "mae": 6.385644276936849e-05,
      "r2": 0.0,
      "block_inclusion_accuracy": 1.0,
      "avg_overpay_sat_vb": 6.385644276936849e-05,
      "median_overpay_sat_vb": 0.0,
      "avg_underpay_sat_vb": 0.0,
      "overpay_mape": 0.006385644276936849,
      "within_10pct": 1.0,
      "within_20pct": 1.0,
      "within_50pct": 1.0,
      "asymmetric_loss": 7.3397615096837405e-09,
      "mape": 0.006385644276936849
    },
    "3block": {
      "horizon_blocks": 3,
      "mse": 0.28401049927119715,
      "rmse": 0.5329263544535935,
      "mae": 0.51140163342158,
      "r2": 0.0,
      "block_inclusion_accuracy": 1.0,
      "avg_overpay_sat_vb": 0.51140163342158,
      "median_overpay_sat_vb": 0.47783732414245605,
      "avg_underpay_sat_vb": 0.0,
      "overpay_mape": 51.140163342158,
      "within_10pct": 0.0,
      "within_20pct": 0.0,
      "within_50pct": 0.6666666666666666,
      "asymmetric_loss": 0.08520314978135916,
      "mape": 51.140163342158
    },
    "6block": {
      "horizon_blocks": 6,
      "mse": 0.28401049927119715,
      "rmse": 0.5329263544535935,
      "mae": 0.51140163342158,
      "r2": 0.0,
      "block_inclusion_accuracy": 1.0,
      "avg_overpay_sat_vb": 0.51140163342158,
      "median_overpay_sat_vb": 0.47783732414245605,
      "avg_underpay_sat_vb": 0.0,
      "overpay_mape": 51.140163342158,
      "within_10pct": 0.0,
      "within_20pct": 0.0,
      "within_50pct": 0.6666666666666666,
      "asymmetric_loss": 0.08520314978135916,
      "mape": 51.140163342158
    }
  },
  "lgb_results": {
    "1block": {
      "horizon_blocks": 1,
      "model_type": "lightgbm",
      "mse": 0.0,
      "rmse": 0.0,
      "mae": 0.0,
      "r2": 1.0,
      "block_inclusion_accuracy": 1.0,
      "avg_overpay_sat_vb": 0.0,
      "avg_underpay_sat_vb": 0.0,
      "within_10pct": 1.0,
      "within_20pct": 1.0,
      "within_50pct": 1.0,
      "asymmetric_loss": 0.0,
      "mape": 0.0
    },
    "3block": {
      "horizon_blocks": 3,
      "model_type": "lightgbm",
      "mse": 1.672260022680131e-05,
      "rmse": 0.004089327600816705,
      "mae": 0.004089327600816706,
      "r2": 0.0,
      "block_inclusion_accuracy": 1.0,
      "avg_overpay_sat_vb": 0.004089327600816706,
      "avg_underpay_sat_vb": 0.0,
      "within_10pct": 1.0,
      "within_20pct": 1.0,
      "within_50pct": 1.0,
      "asymmetric_loss": 5.016780068040395e-06,
      "mape": 0.40893276008167057
    },
    "6block": {
      "horizon_blocks": 6,
      "model_type": "lightgbm",
      "mse": 0.0,
      "rmse": 0.0,
      "mae": 0.0,
      "r2": 1.0,
      "block_inclusion_accuracy": 1.0,
      "avg_overpay_sat_vb": 0.0,
      "avg_underpay_sat_vb": 0.0,
      "within_10pct": 1.0,
      "within_20pct": 1.0,
      "within_50pct": 1.0,
      "asymmetric_loss": 0.0,
      "mape": 0.0
    }
  }
}