{
  "timestamp": "2026-04-20T17:11:27.241756",
  "duration_seconds": 0.95137,
  "xgb_results": {
    "1block": {
      "horizon_blocks": 1,
      "mse": 0.015035956813344834,
      "rmse": 0.12262119235003725,
      "mae": 0.09150365988413493,
      "r2": 0.0,
      "block_inclusion_accuracy": 0.3333333333333333,
      "avg_overpay_sat_vb": 0.023405273755391438,
      "median_overpay_sat_vb": 0.0,
      "avg_underpay_sat_vb": 0.06809838612874348,
      "overpay_mape": 1.1702636877695718,
      "within_10pct": 0.8333333333333334,
      "within_20pct": 1.0,
      "within_50pct": 1.0,
      "asymmetric_loss": 0.009712903862103418,
      "mape": 4.575182994206747
    },
    "3block": {
      "horizon_blocks": 3,
      "mse": 0.29873820480277874,
      "rmse": 0.5465694876251131,
      "mae": 0.4627797603607178,
      "r2": -1.1509150745800079,
      "block_inclusion_accuracy": 0.5,
      "avg_overpay_sat_vb": 0.29660550753275555,
      "median_overpay_sat_vb": 0.06088578701019287,
      "avg_underpay_sat_vb": 0.16617425282796225,
      "overpay_mape": 12.48119009865655,
      "within_10pct": 0.3333333333333333,
      "within_20pct": 0.6666666666666666,
      "within_50pct": 1.0,
      "asymmetric_loss": 0.11504048182543251,
      "mape": 18.020331859588623
    },
    "6block": {
      "horizon_blocks": 6,
      "mse": 0.29873820480277874,
      "rmse": 0.5465694876251131,
      "mae": 0.4627797603607178,
      "r2": -1.1509150745800079,
      "block_inclusion_accuracy": 0.5,
      "avg_overpay_sat_vb": 0.29660550753275555,
      "median_overpay_sat_vb": 0.06088578701019287,
      "avg_underpay_sat_vb": 0.16617425282796225,
      "overpay_mape": 12.48119009865655,
      "within_10pct": 0.3333333333333333,
      "within_20pct": 0.6666666666666666,
      "within_50pct": 1.0,
      "asymmetric_loss": 0.11504048182543251,
      "mape": 18.020331859588623
    }
  },
  "lgb_results": {
    "1block": {
      "horizon_blocks": 1,
      "model_type": "lightgbm",
      "mse": 1.0,
      "rmse": 1.0,
      "mae": 1.0,
      "r2": 0.0,
      "block_inclusion_accuracy": 0.0,
      "avg_overpay_sat_vb": 0.0,
      "avg_underpay_sat_vb": 1.0,
      "within_10pct": 0.0,
      "within_20pct": 0.0,
      "within_50pct": 0.0,
      "asymmetric_loss": 0.7000000000000001,
      "mape": 50.0
    },
    "3block": {
      "horizon_blocks": 3,
      "model_type": "lightgbm",
      "mse": 3.4850225213972323,
      "rmse": 1.8668215022859664,
      "mae": 1.8292440057325168,
      "r2": -24.092162154060084,
      "block_inclusion_accuracy": 0.0,
      "avg_overpay_sat_vb": 0.0,
      "avg_underpay_sat_vb": 1.8292440057325168,
      "within_10pct": 0.0,
      "within_20pct": 0.0,
      "within_50pct": 0.16666666666666666,
      "asymmetric_loss": 2.4395157649780628,
      "mape": 63.741218725526075
    },
    "6block": {
      "horizon_blocks": 6,
      "model_type": "lightgbm",
      "mse": 3.5,
      "rmse": 1.8708286933869707,
      "mae": 1.8333333333333333,
      "r2": -24.20000000000001,
      "block_inclusion_accuracy": 0.0,
      "avg_overpay_sat_vb": 0.0,
      "avg_underpay_sat_vb": 1.8333333333333333,
      "within_10pct": 0.0,
      "within_20pct": 0.0,
      "within_50pct": 0.0,
      "asymmetric_loss": 2.4499999999999997,
      "mape": 63.88888888888887
    }
  }
}