{
  "timestamp": "2026-06-27T21:06:26.782041",
  "duration_seconds": 4.784655,
  "xgb_results": {
    "1block": {
      "horizon_blocks": 1,
      "mse": 12.06080461153916,
      "rmse": 3.4728669153221463,
      "mae": 3.38260817527771,
      "r2": 0.0,
      "block_inclusion_accuracy": 1.0,
      "avg_overpay_sat_vb": 3.38260817527771,
      "median_overpay_sat_vb": 3.166656017303467,
      "avg_underpay_sat_vb": 0.0,
      "overpay_mape": 112.75360584259033,
      "within_10pct": 0.0,
      "within_20pct": 0.0,
      "within_50pct": 0.0,
      "asymmetric_loss": 3.6182413834617484,
      "mape": 112.75360584259033
    },
    "3block": {
      "horizon_blocks": 3,
      "mse": 19.400393708848316,
      "rmse": 4.404587802377008,
      "mae": 3.7881595293680825,
      "r2": 0.0,
      "block_inclusion_accuracy": 0.5,
      "avg_overpay_sat_vb": 3.00446351369222,
      "median_overpay_sat_vb": 2.9110894203186035,
      "avg_underpay_sat_vb": 0.7836960156758627,
      "overpay_mape": 100.14878378974066,
      "within_10pct": 0.0,
      "within_20pct": 0.0,
      "within_50pct": 0.16666666666666666,
      "asymmetric_loss": 6.354775573841738,
      "mape": 126.27198431226942
    },
    "6block": {
      "horizon_blocks": 6,
      "mse": 19.400393708848316,
      "rmse": 4.404587802377008,
      "mae": 3.7881595293680825,
      "r2": 0.0,
      "block_inclusion_accuracy": 0.5,
      "avg_overpay_sat_vb": 3.00446351369222,
      "median_overpay_sat_vb": 2.9110894203186035,
      "avg_underpay_sat_vb": 0.7836960156758627,
      "overpay_mape": 100.14878378974066,
      "within_10pct": 0.0,
      "within_20pct": 0.0,
      "within_50pct": 0.16666666666666666,
      "asymmetric_loss": 6.354775573841738,
      "mape": 126.27198431226942
    }
  },
  "lgb_results": {
    "1block": {
      "horizon_blocks": 1,
      "model_type": "lightgbm",
      "mse": 4.0,
      "rmse": 2.0,
      "mae": 2.0,
      "r2": 0.0,
      "block_inclusion_accuracy": 0.0,
      "avg_overpay_sat_vb": 0.0,
      "avg_underpay_sat_vb": 2.0,
      "within_10pct": 0.0,
      "within_20pct": 0.0,
      "within_50pct": 0.0,
      "asymmetric_loss": 2.8000000000000003,
      "mape": 66.66666666666666
    },
    "3block": {
      "horizon_blocks": 3,
      "model_type": "lightgbm",
      "mse": 3.98365941219696,
      "rmse": 1.9959106723991833,
      "mae": 1.9959106723991835,
      "r2": 0.0,
      "block_inclusion_accuracy": 0.0,
      "avg_overpay_sat_vb": 0.0,
      "avg_underpay_sat_vb": 1.9959106723991835,
      "within_10pct": 0.0,
      "within_20pct": 0.0,
      "within_50pct": 0.0,
      "asymmetric_loss": 2.788561588537872,
      "mape": 66.53035574663944
    },
    "6block": {
      "horizon_blocks": 6,
      "model_type": "lightgbm",
      "mse": 4.0,
      "rmse": 2.0,
      "mae": 2.0,
      "r2": 0.0,
      "block_inclusion_accuracy": 0.0,
      "avg_overpay_sat_vb": 0.0,
      "avg_underpay_sat_vb": 2.0,
      "within_10pct": 0.0,
      "within_20pct": 0.0,
      "within_50pct": 0.0,
      "asymmetric_loss": 2.8000000000000003,
      "mape": 66.66666666666666
    }
  }
}