{
  "timestamp": "2026-05-29T19:41:43.952463",
  "duration_seconds": 3.382395,
  "xgb_results": {
    "1block": {
      "horizon_blocks": 1,
      "mse": 0.5585294734340778,
      "rmse": 0.7473482945950153,
      "mae": 0.7076610724131266,
      "r2": 0.0,
      "block_inclusion_accuracy": 0.16666666666666666,
      "avg_overpay_sat_vb": 0.12348596254984538,
      "median_overpay_sat_vb": 0.0,
      "avg_underpay_sat_vb": 0.5841751098632812,
      "overpay_mape": 1.7640851792835053,
      "within_10pct": 0.3333333333333333,
      "within_20pct": 1.0,
      "within_50pct": 1.0,
      "asymmetric_loss": 0.35437355233138607,
      "mape": 10.109443891616094
    },
    "3block": {
      "horizon_blocks": 3,
      "mse": 7.353124512825389,
      "rmse": 2.7116645280759544,
      "mae": 2.515794595082601,
      "r2": -2.6765622564126943,
      "block_inclusion_accuracy": 1.0,
      "avg_overpay_sat_vb": 2.515794595082601,
      "median_overpay_sat_vb": 2.7488768100738525,
      "avg_underpay_sat_vb": 0.0,
      "overpay_mape": 58.46328337987264,
      "within_10pct": 0.0,
      "within_20pct": 0.16666666666666666,
      "within_50pct": 0.3333333333333333,
      "asymmetric_loss": 2.205937353847617,
      "mape": 58.46328337987264
    },
    "6block": {
      "horizon_blocks": 6,
      "mse": 7.353124512825389,
      "rmse": 2.7116645280759544,
      "mae": 2.515794595082601,
      "r2": -2.6765622564126943,
      "block_inclusion_accuracy": 1.0,
      "avg_overpay_sat_vb": 2.515794595082601,
      "median_overpay_sat_vb": 2.7488768100738525,
      "avg_underpay_sat_vb": 0.0,
      "overpay_mape": 58.46328337987264,
      "within_10pct": 0.0,
      "within_20pct": 0.16666666666666666,
      "within_50pct": 0.3333333333333333,
      "asymmetric_loss": 2.205937353847617,
      "mape": 58.46328337987264
    }
  },
  "lgb_results": {
    "1block": {
      "horizon_blocks": 1,
      "model_type": "lightgbm",
      "mse": 31.919826818339107,
      "rmse": 5.649763430298574,
      "mae": 5.649762051917201,
      "r2": 0.0,
      "block_inclusion_accuracy": 0.0,
      "avg_overpay_sat_vb": 0.0,
      "avg_underpay_sat_vb": 5.649762051917201,
      "within_10pct": 0.0,
      "within_20pct": 0.0,
      "within_50pct": 0.0,
      "asymmetric_loss": 22.34387877283737,
      "mape": 80.71088645596002
    },
    "3block": {
      "horizon_blocks": 3,
      "model_type": "lightgbm",
      "mse": 17.967302101793695,
      "rmse": 4.23878545125767,
      "mae": 3.9959106723991837,
      "r2": -7.983651050896848,
      "block_inclusion_accuracy": 0.0,
      "avg_overpay_sat_vb": 0.0,
      "avg_underpay_sat_vb": 3.9959106723991837,
      "within_10pct": 0.0,
      "within_20pct": 0.0,
      "within_50pct": 0.0,
      "asymmetric_loss": 12.577111471255586,
      "mape": 78.48380012283965
    },
    "6block": {
      "horizon_blocks": 6,
      "model_type": "lightgbm",
      "mse": 18.0,
      "rmse": 4.242640687119285,
      "mae": 4.0,
      "r2": -8.0,
      "block_inclusion_accuracy": 0.0,
      "avg_overpay_sat_vb": 0.0,
      "avg_underpay_sat_vb": 4.0,
      "within_10pct": 0.0,
      "within_20pct": 0.0,
      "within_50pct": 0.0,
      "asymmetric_loss": 12.6,
      "mape": 78.57142857142857
    }
  }
}