{
  "timestamp": "2026-05-12T19:54:27.666461",
  "duration_seconds": 2.399709,
  "xgb_results": {
    "1block": {
      "horizon_blocks": 1,
      "mse": 0.7750848854805786,
      "rmse": 0.8803890534761201,
      "mae": 0.8549481829007467,
      "r2": 0.0,
      "block_inclusion_accuracy": 0.0,
      "avg_overpay_sat_vb": 0.0,
      "median_overpay_sat_vb": 0.0,
      "avg_underpay_sat_vb": 0.8549481829007467,
      "overpay_mape": 0.0,
      "within_10pct": 0.0,
      "within_20pct": 0.0,
      "within_50pct": 0.3333333333333333,
      "asymmetric_loss": 0.542559419836405,
      "mape": 42.74740914503734
    },
    "3block": {
      "horizon_blocks": 3,
      "mse": 4.764402795596918,
      "rmse": 2.182751198739086,
      "mae": 2.005073626836141,
      "r2": 0.0,
      "block_inclusion_accuracy": 1.0,
      "avg_overpay_sat_vb": 2.005073626836141,
      "median_overpay_sat_vb": 2.3546175956726074,
      "avg_underpay_sat_vb": 0.0,
      "overpay_mape": 100.25368134180705,
      "within_10pct": 0.0,
      "within_20pct": 0.0,
      "within_50pct": 0.16666666666666666,
      "asymmetric_loss": 1.4293208386790752,
      "mape": 100.25368134180705
    },
    "6block": {
      "horizon_blocks": 6,
      "mse": 4.764402795596918,
      "rmse": 2.182751198739086,
      "mae": 2.005073626836141,
      "r2": 0.0,
      "block_inclusion_accuracy": 1.0,
      "avg_overpay_sat_vb": 2.005073626836141,
      "median_overpay_sat_vb": 2.3546175956726074,
      "avg_underpay_sat_vb": 0.0,
      "overpay_mape": 100.25368134180705,
      "within_10pct": 0.0,
      "within_20pct": 0.0,
      "within_50pct": 0.16666666666666666,
      "asymmetric_loss": 1.4293208386790752,
      "mape": 100.25368134180705
    }
  },
  "lgb_results": {
    "1block": {
      "horizon_blocks": 1,
      "model_type": "lightgbm",
      "mse": 0.8412144161586724,
      "rmse": 0.917177418037902,
      "mae": 0.9171769277731455,
      "r2": 0.0,
      "block_inclusion_accuracy": 0.0,
      "avg_overpay_sat_vb": 0.0,
      "avg_underpay_sat_vb": 0.9171769277731455,
      "within_10pct": 0.0,
      "within_20pct": 0.0,
      "within_50pct": 1.0,
      "asymmetric_loss": 0.5888500913110707,
      "mape": 45.85884638865728
    },
    "3block": {
      "horizon_blocks": 3,
      "model_type": "lightgbm",
      "mse": 1.0,
      "rmse": 1.0,
      "mae": 1.0,
      "r2": 0.0,
      "block_inclusion_accuracy": 0.0,
      "avg_overpay_sat_vb": 0.0,
      "avg_underpay_sat_vb": 1.0,
      "within_10pct": 0.0,
      "within_20pct": 0.0,
      "within_50pct": 0.0,
      "asymmetric_loss": 0.7000000000000001,
      "mape": 50.0
    },
    "6block": {
      "horizon_blocks": 6,
      "model_type": "lightgbm",
      "mse": 1.0,
      "rmse": 1.0,
      "mae": 1.0,
      "r2": 0.0,
      "block_inclusion_accuracy": 0.0,
      "avg_overpay_sat_vb": 0.0,
      "avg_underpay_sat_vb": 1.0,
      "within_10pct": 0.0,
      "within_20pct": 0.0,
      "within_50pct": 0.0,
      "asymmetric_loss": 0.7000000000000001,
      "mape": 50.0
    }
  }
}