{
  "timestamp": "2026-06-19T17:25:08.589321",
  "duration_seconds": 4.433385,
  "xgb_results": {
    "1block": {
      "horizon_blocks": 1,
      "mse": 0.5492288674788975,
      "rmse": 0.7410997689102983,
      "mae": 0.6732258001963297,
      "r2": 0.0,
      "block_inclusion_accuracy": 0.8333333333333334,
      "avg_overpay_sat_vb": 0.638903538386027,
      "median_overpay_sat_vb": 0.790273904800415,
      "avg_underpay_sat_vb": 0.034322261810302734,
      "overpay_mape": 12.77807076772054,
      "within_10pct": 0.3333333333333333,
      "within_20pct": 0.8333333333333334,
      "within_50pct": 1.0,
      "asymmetric_loss": 0.16759590261752924,
      "mape": 13.464516003926597
    },
    "3block": {
      "horizon_blocks": 3,
      "mse": 7.705280877584566,
      "rmse": 2.7758387700989706,
      "mae": 2.3789687951405845,
      "r2": 0.0,
      "block_inclusion_accuracy": 1.0,
      "avg_overpay_sat_vb": 2.3789687951405845,
      "median_overpay_sat_vb": 1.5883982181549072,
      "avg_underpay_sat_vb": 0.0,
      "overpay_mape": 47.57937590281169,
      "within_10pct": 0.0,
      "within_20pct": 0.16666666666666666,
      "within_50pct": 0.6666666666666666,
      "asymmetric_loss": 2.31158426327537,
      "mape": 47.57937590281169
    },
    "6block": {
      "horizon_blocks": 6,
      "mse": 7.705280877584566,
      "rmse": 2.7758387700989706,
      "mae": 2.3789687951405845,
      "r2": 0.0,
      "block_inclusion_accuracy": 1.0,
      "avg_overpay_sat_vb": 2.3789687951405845,
      "median_overpay_sat_vb": 1.5883982181549072,
      "avg_underpay_sat_vb": 0.0,
      "overpay_mape": 47.57937590281169,
      "within_10pct": 0.0,
      "within_20pct": 0.16666666666666666,
      "within_50pct": 0.6666666666666666,
      "asymmetric_loss": 2.31158426327537,
      "mape": 47.57937590281169
    }
  },
  "lgb_results": {
    "1block": {
      "horizon_blocks": 1,
      "model_type": "lightgbm",
      "mse": 16.0,
      "rmse": 4.0,
      "mae": 4.0,
      "r2": 0.0,
      "block_inclusion_accuracy": 0.0,
      "avg_overpay_sat_vb": 0.0,
      "avg_underpay_sat_vb": 4.0,
      "within_10pct": 0.0,
      "within_20pct": 0.0,
      "within_50pct": 0.0,
      "asymmetric_loss": 11.200000000000001,
      "mape": 80.0
    },
    "3block": {
      "horizon_blocks": 3,
      "model_type": "lightgbm",
      "mse": 15.967302101793694,
      "rmse": 3.9959106723991833,
      "mae": 3.9959106723991833,
      "r2": 0.0,
      "block_inclusion_accuracy": 0.0,
      "avg_overpay_sat_vb": 0.0,
      "avg_underpay_sat_vb": 3.9959106723991833,
      "within_10pct": 0.0,
      "within_20pct": 0.0,
      "within_50pct": 0.0,
      "asymmetric_loss": 11.177111471255586,
      "mape": 79.91821344798366
    },
    "6block": {
      "horizon_blocks": 6,
      "model_type": "lightgbm",
      "mse": 16.0,
      "rmse": 4.0,
      "mae": 4.0,
      "r2": 0.0,
      "block_inclusion_accuracy": 0.0,
      "avg_overpay_sat_vb": 0.0,
      "avg_underpay_sat_vb": 4.0,
      "within_10pct": 0.0,
      "within_20pct": 0.0,
      "within_50pct": 0.0,
      "asymmetric_loss": 11.200000000000001,
      "mape": 80.0
    }
  }
}