{
  "timestamp": "2026-04-25T09:58:10.820851",
  "duration_seconds": 1.067979,
  "xgb_results": {
    "1block": {
      "horizon_blocks": 1,
      "mse": 0.3779448917562244,
      "rmse": 0.6147722275414077,
      "mae": 0.6086765130360922,
      "r2": 0.0,
      "block_inclusion_accuracy": 0.0,
      "avg_overpay_sat_vb": 0.0,
      "median_overpay_sat_vb": 0.0,
      "avg_underpay_sat_vb": 0.6086765130360922,
      "overpay_mape": 0.0,
      "within_10pct": 0.0,
      "within_20pct": 0.0,
      "within_50pct": 1.0,
      "asymmetric_loss": 0.2645614242293571,
      "mape": 30.433825651804607
    },
    "3block": {
      "horizon_blocks": 3,
      "mse": 0.34683595398820444,
      "rmse": 0.5889278003186846,
      "mae": 0.5533066590627035,
      "r2": -1.497218868715072,
      "block_inclusion_accuracy": 0.8333333333333334,
      "avg_overpay_sat_vb": 0.42260803778966266,
      "median_overpay_sat_vb": 0.4263908863067627,
      "avg_underpay_sat_vb": 0.13069862127304077,
      "overpay_mape": 42.26080377896626,
      "within_10pct": 0.0,
      "within_20pct": 0.0,
      "within_50pct": 0.6666666666666666,
      "asymmetric_loss": 0.14504789724287834,
      "mape": 48.7957348426183
    },
    "6block": {
      "horizon_blocks": 6,
      "mse": 0.34683595398820444,
      "rmse": 0.5889278003186846,
      "mae": 0.5533066590627035,
      "r2": -1.497218868715072,
      "block_inclusion_accuracy": 0.8333333333333334,
      "avg_overpay_sat_vb": 0.42260803778966266,
      "median_overpay_sat_vb": 0.4263908863067627,
      "avg_underpay_sat_vb": 0.13069862127304077,
      "overpay_mape": 42.26080377896626,
      "within_10pct": 0.0,
      "within_20pct": 0.0,
      "within_50pct": 0.6666666666666666,
      "asymmetric_loss": 0.14504789724287834,
      "mape": 48.7957348426183
    }
  },
  "lgb_results": {
    "1block": {
      "horizon_blocks": 1,
      "model_type": "lightgbm",
      "mse": 1.0,
      "rmse": 1.0,
      "mae": 1.0,
      "r2": 0.0,
      "block_inclusion_accuracy": 0.0,
      "avg_overpay_sat_vb": 0.0,
      "avg_underpay_sat_vb": 1.0,
      "within_10pct": 0.0,
      "within_20pct": 0.0,
      "within_50pct": 0.0,
      "asymmetric_loss": 0.7000000000000001,
      "mape": 50.0
    },
    "3block": {
      "horizon_blocks": 3,
      "model_type": "lightgbm",
      "mse": 0.16666666666666666,
      "rmse": 0.408248290463863,
      "mae": 0.16666666666666666,
      "r2": -0.20000000000000018,
      "block_inclusion_accuracy": 0.8333333333333334,
      "avg_overpay_sat_vb": 0.0,
      "avg_underpay_sat_vb": 0.16666666666666666,
      "within_10pct": 0.8333333333333334,
      "within_20pct": 0.8333333333333334,
      "within_50pct": 0.8333333333333334,
      "asymmetric_loss": 0.11666666666666665,
      "mape": 8.333333333333332
    },
    "6block": {
      "horizon_blocks": 6,
      "model_type": "lightgbm",
      "mse": 0.16156458947705157,
      "rmse": 0.4019509789477463,
      "mae": 0.17738809130404412,
      "r2": -0.1632650442347714,
      "block_inclusion_accuracy": 0.8333333333333334,
      "avg_overpay_sat_vb": 0.01340178079672183,
      "avg_underpay_sat_vb": 0.1639863105073223,
      "within_10pct": 0.8333333333333334,
      "within_20pct": 0.8333333333333334,
      "within_50pct": 1.0,
      "asymmetric_loss": 0.11300900092424493,
      "mape": 9.539493605038297
    }
  }
}