{
  "timestamp": "2026-06-25T11:47:58.744780",
  "duration_seconds": 4.522572,
  "xgb_results": {
    "1block": {
      "horizon_blocks": 1,
      "mse": 0.681598253863875,
      "rmse": 0.8255896401141883,
      "mae": 0.7210263212521871,
      "r2": 0.0,
      "block_inclusion_accuracy": 0.16666666666666666,
      "avg_overpay_sat_vb": 0.0046952565511067705,
      "median_overpay_sat_vb": 0.0,
      "avg_underpay_sat_vb": 0.7163310647010803,
      "overpay_mape": 0.23476282755533853,
      "within_10pct": 0.16666666666666666,
      "within_20pct": 0.3333333333333333,
      "within_50pct": 0.3333333333333333,
      "asymmetric_loss": 0.4770658686629187,
      "mape": 36.05131606260936
    },
    "3block": {
      "horizon_blocks": 3,
      "mse": 3.729244620994384,
      "rmse": 1.9311252214691785,
      "mae": 1.630928874015808,
      "r2": 0.0,
      "block_inclusion_accuracy": 0.6666666666666666,
      "avg_overpay_sat_vb": 1.2975955406824748,
      "median_overpay_sat_vb": 0.8202091455459595,
      "avg_underpay_sat_vb": 0.3333333333333333,
      "overpay_mape": 64.87977703412375,
      "within_10pct": 0.0,
      "within_20pct": 0.0,
      "within_50pct": 0.16666666666666666,
      "asymmetric_loss": 1.2521067196316487,
      "mape": 81.5464437007904
    },
    "6block": {
      "horizon_blocks": 6,
      "mse": 3.729244620994384,
      "rmse": 1.9311252214691785,
      "mae": 1.630928874015808,
      "r2": 0.0,
      "block_inclusion_accuracy": 0.6666666666666666,
      "avg_overpay_sat_vb": 1.2975955406824748,
      "median_overpay_sat_vb": 0.8202091455459595,
      "avg_underpay_sat_vb": 0.3333333333333333,
      "overpay_mape": 64.87977703412375,
      "within_10pct": 0.0,
      "within_20pct": 0.0,
      "within_50pct": 0.16666666666666666,
      "asymmetric_loss": 1.2521067196316487,
      "mape": 81.5464437007904
    }
  },
  "lgb_results": {
    "1block": {
      "horizon_blocks": 1,
      "model_type": "lightgbm",
      "mse": 1.0,
      "rmse": 1.0,
      "mae": 1.0,
      "r2": 0.0,
      "block_inclusion_accuracy": 0.0,
      "avg_overpay_sat_vb": 0.0,
      "avg_underpay_sat_vb": 1.0,
      "within_10pct": 0.0,
      "within_20pct": 0.0,
      "within_50pct": 0.0,
      "asymmetric_loss": 0.7000000000000001,
      "mape": 50.0
    },
    "3block": {
      "horizon_blocks": 3,
      "model_type": "lightgbm",
      "mse": 1.0,
      "rmse": 1.0,
      "mae": 1.0,
      "r2": 0.0,
      "block_inclusion_accuracy": 0.0,
      "avg_overpay_sat_vb": 0.0,
      "avg_underpay_sat_vb": 1.0,
      "within_10pct": 0.0,
      "within_20pct": 0.0,
      "within_50pct": 0.0,
      "asymmetric_loss": 0.7000000000000001,
      "mape": 50.0
    },
    "6block": {
      "horizon_blocks": 6,
      "model_type": "lightgbm",
      "mse": 1.0,
      "rmse": 1.0,
      "mae": 1.0,
      "r2": 0.0,
      "block_inclusion_accuracy": 0.0,
      "avg_overpay_sat_vb": 0.0,
      "avg_underpay_sat_vb": 1.0,
      "within_10pct": 0.0,
      "within_20pct": 0.0,
      "within_50pct": 0.0,
      "asymmetric_loss": 0.7000000000000001,
      "mape": 50.0
    }
  }
}