{
  "timestamp": "2026-05-20T05:11:44.682351",
  "duration_seconds": 3.103008,
  "xgb_results": {
    "1block": {
      "horizon_blocks": 1,
      "mse": 0.09806063913654128,
      "rmse": 0.3131463541805034,
      "mae": 0.23585794369379678,
      "r2": 0.0,
      "block_inclusion_accuracy": 1.0,
      "avg_overpay_sat_vb": 0.23585794369379678,
      "median_overpay_sat_vb": 0.24562394618988037,
      "avg_underpay_sat_vb": 0.0,
      "overpay_mape": 23.585794369379677,
      "within_10pct": 0.3333333333333333,
      "within_20pct": 0.5,
      "within_50pct": 0.8333333333333334,
      "asymmetric_loss": 0.029418191740962395,
      "mape": 23.585794369379677
    },
    "3block": {
      "horizon_blocks": 3,
      "mse": 1.3493597239306798,
      "rmse": 1.1616194402344857,
      "mae": 0.7978470325469971,
      "r2": 0.0,
      "block_inclusion_accuracy": 1.0,
      "avg_overpay_sat_vb": 0.7978470325469971,
      "median_overpay_sat_vb": 0.5749689340591431,
      "avg_underpay_sat_vb": 0.0,
      "overpay_mape": 79.7847032546997,
      "within_10pct": 0.5,
      "within_20pct": 0.5,
      "within_50pct": 0.5,
      "asymmetric_loss": 0.40480791717920406,
      "mape": 79.7847032546997
    },
    "6block": {
      "horizon_blocks": 6,
      "mse": 1.3493597239306798,
      "rmse": 1.1616194402344857,
      "mae": 0.7978470325469971,
      "r2": 0.0,
      "block_inclusion_accuracy": 1.0,
      "avg_overpay_sat_vb": 0.7978470325469971,
      "median_overpay_sat_vb": 0.5749689340591431,
      "avg_underpay_sat_vb": 0.0,
      "overpay_mape": 79.7847032546997,
      "within_10pct": 0.5,
      "within_20pct": 0.5,
      "within_50pct": 0.5,
      "asymmetric_loss": 0.40480791717920406,
      "mape": 79.7847032546997
    }
  },
  "lgb_results": {
    "1block": {
      "horizon_blocks": 1,
      "model_type": "lightgbm",
      "mse": 0.09463838137001347,
      "rmse": 0.307633517956047,
      "mae": 0.307633517956047,
      "r2": 0.0,
      "block_inclusion_accuracy": 1.0,
      "avg_overpay_sat_vb": 0.307633517956047,
      "avg_underpay_sat_vb": 0.0,
      "within_10pct": 0.0,
      "within_20pct": 0.0,
      "within_50pct": 1.0,
      "asymmetric_loss": 0.028391514411004046,
      "mape": 30.7633517956047
    },
    "3block": {
      "horizon_blocks": 3,
      "model_type": "lightgbm",
      "mse": 1.672260022680131e-05,
      "rmse": 0.004089327600816705,
      "mae": 0.004089327600816706,
      "r2": 0.0,
      "block_inclusion_accuracy": 1.0,
      "avg_overpay_sat_vb": 0.004089327600816706,
      "avg_underpay_sat_vb": 0.0,
      "within_10pct": 1.0,
      "within_20pct": 1.0,
      "within_50pct": 1.0,
      "asymmetric_loss": 5.016780068040395e-06,
      "mape": 0.40893276008167057
    },
    "6block": {
      "horizon_blocks": 6,
      "model_type": "lightgbm",
      "mse": 0.0,
      "rmse": 0.0,
      "mae": 0.0,
      "r2": 1.0,
      "block_inclusion_accuracy": 1.0,
      "avg_overpay_sat_vb": 0.0,
      "avg_underpay_sat_vb": 0.0,
      "within_10pct": 1.0,
      "within_20pct": 1.0,
      "within_50pct": 1.0,
      "asymmetric_loss": 0.0,
      "mape": 0.0
    }
  }
}