{
  "timestamp": "2026-05-06T16:11:59.868733",
  "duration_seconds": 1.887509,
  "xgb_results": {
    "1block": {
      "horizon_blocks": 1,
      "mse": 0.9266170600387795,
      "rmse": 0.9626095054791323,
      "mae": 0.9434975783030192,
      "r2": 0.0,
      "block_inclusion_accuracy": 0.0,
      "avg_overpay_sat_vb": 0.0,
      "median_overpay_sat_vb": 0.0,
      "avg_underpay_sat_vb": 0.9434975783030192,
      "overpay_mape": 0.0,
      "within_10pct": 0.0,
      "within_20pct": 0.3333333333333333,
      "within_50pct": 1.0,
      "asymmetric_loss": 0.6486319420271456,
      "mape": 23.587439457575478
    },
    "3block": {
      "horizon_blocks": 3,
      "mse": 0.13569553102201817,
      "rmse": 0.3683687432750208,
      "mae": 0.31011799971262616,
      "r2": 0.0,
      "block_inclusion_accuracy": 0.3333333333333333,
      "avg_overpay_sat_vb": 0.17851909001668295,
      "median_overpay_sat_vb": 0.0,
      "avg_underpay_sat_vb": 0.1315989096959432,
      "overpay_mape": 4.462977250417074,
      "within_10pct": 0.5,
      "within_20pct": 1.0,
      "within_50pct": 1.0,
      "asymmetric_loss": 0.05632081391258623,
      "mape": 7.752949992815654
    },
    "6block": {
      "horizon_blocks": 6,
      "mse": 0.13569553102201817,
      "rmse": 0.3683687432750208,
      "mae": 0.31011799971262616,
      "r2": 0.0,
      "block_inclusion_accuracy": 0.3333333333333333,
      "avg_overpay_sat_vb": 0.17851909001668295,
      "median_overpay_sat_vb": 0.0,
      "avg_underpay_sat_vb": 0.1315989096959432,
      "overpay_mape": 4.462977250417074,
      "within_10pct": 0.5,
      "within_20pct": 1.0,
      "within_50pct": 1.0,
      "asymmetric_loss": 0.05632081391258623,
      "mape": 7.752949992815654
    }
  },
  "lgb_results": {
    "1block": {
      "horizon_blocks": 1,
      "model_type": "lightgbm",
      "mse": 7.3030719060292215,
      "rmse": 2.702419639143636,
      "mae": 2.7024194727521365,
      "r2": 0.0,
      "block_inclusion_accuracy": 0.0,
      "avg_overpay_sat_vb": 0.0,
      "avg_underpay_sat_vb": 2.7024194727521365,
      "within_10pct": 0.0,
      "within_20pct": 0.0,
      "within_50pct": 0.0,
      "asymmetric_loss": 5.112150334220455,
      "mape": 67.56048681880341
    },
    "3block": {
      "horizon_blocks": 3,
      "model_type": "lightgbm",
      "mse": 8.975480756995326,
      "rmse": 2.9959106723991833,
      "mae": 2.9959106723991833,
      "r2": 0.0,
      "block_inclusion_accuracy": 0.0,
      "avg_overpay_sat_vb": 0.0,
      "avg_underpay_sat_vb": 2.9959106723991833,
      "within_10pct": 0.0,
      "within_20pct": 0.0,
      "within_50pct": 0.0,
      "asymmetric_loss": 6.282836529896728,
      "mape": 74.89776680997959
    },
    "6block": {
      "horizon_blocks": 6,
      "model_type": "lightgbm",
      "mse": 9.0,
      "rmse": 3.0,
      "mae": 3.0,
      "r2": 0.0,
      "block_inclusion_accuracy": 0.0,
      "avg_overpay_sat_vb": 0.0,
      "avg_underpay_sat_vb": 3.0,
      "within_10pct": 0.0,
      "within_20pct": 0.0,
      "within_50pct": 0.0,
      "asymmetric_loss": 6.3,
      "mape": 75.0
    }
  }
}