{
  "timestamp": "2026-05-08T05:37:37.396011",
  "duration_seconds": 2.269658,
  "xgb_results": {
    "1block": {
      "horizon_blocks": 1,
      "mse": 0.19887649428431806,
      "rmse": 0.44595570888185526,
      "mae": 0.3454344868659973,
      "r2": 0.0,
      "block_inclusion_accuracy": 1.0,
      "avg_overpay_sat_vb": 0.3454344868659973,
      "median_overpay_sat_vb": 0.3440173268318176,
      "avg_underpay_sat_vb": 0.0,
      "overpay_mape": 34.54344868659973,
      "within_10pct": 0.3333333333333333,
      "within_20pct": 0.3333333333333333,
      "within_50pct": 0.6666666666666666,
      "asymmetric_loss": 0.05966294828529542,
      "mape": 34.54344868659973
    },
    "3block": {
      "horizon_blocks": 3,
      "mse": 3.107100108976747,
      "rmse": 1.7626968284355502,
      "mae": 1.620015819867452,
      "r2": 0.0,
      "block_inclusion_accuracy": 1.0,
      "avg_overpay_sat_vb": 1.620015819867452,
      "median_overpay_sat_vb": 1.636434555053711,
      "avg_underpay_sat_vb": 0.0,
      "overpay_mape": 162.00158198674518,
      "within_10pct": 0.0,
      "within_20pct": 0.0,
      "within_50pct": 0.0,
      "asymmetric_loss": 0.9321300326930242,
      "mape": 162.00158198674518
    },
    "6block": {
      "horizon_blocks": 6,
      "mse": 3.107100108976747,
      "rmse": 1.7626968284355502,
      "mae": 1.620015819867452,
      "r2": 0.0,
      "block_inclusion_accuracy": 1.0,
      "avg_overpay_sat_vb": 1.620015819867452,
      "median_overpay_sat_vb": 1.636434555053711,
      "avg_underpay_sat_vb": 0.0,
      "overpay_mape": 162.00158198674518,
      "within_10pct": 0.0,
      "within_20pct": 0.0,
      "within_50pct": 0.0,
      "asymmetric_loss": 0.9321300326930242,
      "mape": 162.00158198674518
    }
  },
  "lgb_results": {
    "1block": {
      "horizon_blocks": 1,
      "model_type": "lightgbm",
      "mse": 0.0,
      "rmse": 0.0,
      "mae": 0.0,
      "r2": 1.0,
      "block_inclusion_accuracy": 1.0,
      "avg_overpay_sat_vb": 0.0,
      "avg_underpay_sat_vb": 0.0,
      "within_10pct": 1.0,
      "within_20pct": 1.0,
      "within_50pct": 1.0,
      "asymmetric_loss": 0.0,
      "mape": 0.0
    },
    "3block": {
      "horizon_blocks": 3,
      "model_type": "lightgbm",
      "mse": 1.672260022680131e-05,
      "rmse": 0.004089327600816705,
      "mae": 0.004089327600816706,
      "r2": 0.0,
      "block_inclusion_accuracy": 1.0,
      "avg_overpay_sat_vb": 0.004089327600816706,
      "avg_underpay_sat_vb": 0.0,
      "within_10pct": 1.0,
      "within_20pct": 1.0,
      "within_50pct": 1.0,
      "asymmetric_loss": 5.016780068040395e-06,
      "mape": 0.40893276008167057
    },
    "6block": {
      "horizon_blocks": 6,
      "model_type": "lightgbm",
      "mse": 0.0,
      "rmse": 0.0,
      "mae": 0.0,
      "r2": 1.0,
      "block_inclusion_accuracy": 1.0,
      "avg_overpay_sat_vb": 0.0,
      "avg_underpay_sat_vb": 0.0,
      "within_10pct": 1.0,
      "within_20pct": 1.0,
      "within_50pct": 1.0,
      "asymmetric_loss": 0.0,
      "mape": 0.0
    }
  }
}