{
  "timestamp": "2026-07-02T12:19:45.161863",
  "duration_seconds": 4.983537,
  "xgb_results": {
    "1block": {
      "horizon_blocks": 1,
      "mse": 6.872593078527946,
      "rmse": 2.6215630983304496,
      "mae": 2.545118490854899,
      "r2": -48.4826701654012,
      "block_inclusion_accuracy": 1.0,
      "avg_overpay_sat_vb": 2.545118490854899,
      "median_overpay_sat_vb": 2.7771973609924316,
      "avg_underpay_sat_vb": 0.0,
      "overpay_mape": 53.09139370918273,
      "within_10pct": 0.0,
      "within_20pct": 0.0,
      "within_50pct": 0.3333333333333333,
      "asymmetric_loss": 2.061777923558384,
      "mape": 53.09139370918273
    },
    "3block": {
      "horizon_blocks": 3,
      "mse": 16.0,
      "rmse": 4.0,
      "mae": 4.0,
      "r2": 0.0,
      "block_inclusion_accuracy": 0.0,
      "avg_overpay_sat_vb": 0.0,
      "median_overpay_sat_vb": 0.0,
      "avg_underpay_sat_vb": 4.0,
      "overpay_mape": 0.0,
      "within_10pct": 0.0,
      "within_20pct": 0.0,
      "within_50pct": 0.0,
      "asymmetric_loss": 11.200000000000001,
      "mape": 80.0
    },
    "6block": {
      "horizon_blocks": 6,
      "mse": 16.0,
      "rmse": 4.0,
      "mae": 4.0,
      "r2": 0.0,
      "block_inclusion_accuracy": 0.0,
      "avg_overpay_sat_vb": 0.0,
      "median_overpay_sat_vb": 0.0,
      "avg_underpay_sat_vb": 4.0,
      "overpay_mape": 0.0,
      "within_10pct": 0.0,
      "within_20pct": 0.0,
      "within_50pct": 0.0,
      "asymmetric_loss": 11.200000000000001,
      "mape": 80.0
    }
  },
  "lgb_results": {
    "1block": {
      "horizon_blocks": 1,
      "model_type": "lightgbm",
      "mse": 14.833333333333334,
      "rmse": 3.851406669430448,
      "mae": 3.8333333333333335,
      "r2": -105.79999999999998,
      "block_inclusion_accuracy": 0.0,
      "avg_overpay_sat_vb": 0.0,
      "avg_underpay_sat_vb": 3.8333333333333335,
      "within_10pct": 0.0,
      "within_20pct": 0.0,
      "within_50pct": 0.0,
      "asymmetric_loss": 10.383333333333333,
      "mape": 79.16666666666666
    },
    "3block": {
      "horizon_blocks": 3,
      "model_type": "lightgbm",
      "mse": 15.967302101793694,
      "rmse": 3.9959106723991833,
      "mae": 3.9959106723991833,
      "r2": 0.0,
      "block_inclusion_accuracy": 0.0,
      "avg_overpay_sat_vb": 0.0,
      "avg_underpay_sat_vb": 3.9959106723991833,
      "within_10pct": 0.0,
      "within_20pct": 0.0,
      "within_50pct": 0.0,
      "asymmetric_loss": 11.177111471255586,
      "mape": 79.91821344798366
    },
    "6block": {
      "horizon_blocks": 6,
      "model_type": "lightgbm",
      "mse": 16.0,
      "rmse": 4.0,
      "mae": 4.0,
      "r2": 0.0,
      "block_inclusion_accuracy": 0.0,
      "avg_overpay_sat_vb": 0.0,
      "avg_underpay_sat_vb": 4.0,
      "within_10pct": 0.0,
      "within_20pct": 0.0,
      "within_50pct": 0.0,
      "asymmetric_loss": 11.200000000000001,
      "mape": 80.0
    }
  }
}