{
  "timestamp": "2026-05-19T05:07:19.749868",
  "duration_seconds": 3.232068,
  "xgb_results": {
    "1block": {
      "horizon_blocks": 1,
      "mse": 0.36023838989839635,
      "rmse": 0.600198625371965,
      "mae": 0.5654246608416239,
      "r2": 0.0,
      "block_inclusion_accuracy": 0.0,
      "avg_overpay_sat_vb": 0.0,
      "median_overpay_sat_vb": 0.0,
      "avg_underpay_sat_vb": 0.5654246608416239,
      "overpay_mape": 0.0,
      "within_10pct": 0.0,
      "within_20pct": 0.0,
      "within_50pct": 0.8333333333333334,
      "asymmetric_loss": 0.25216687292887746,
      "mape": 28.271233042081196
    },
    "3block": {
      "horizon_blocks": 3,
      "mse": 1.0367497915524477,
      "rmse": 1.0182091099339308,
      "mae": 1.0148125092188518,
      "r2": 0.0,
      "block_inclusion_accuracy": 0.16666666666666666,
      "avg_overpay_sat_vb": 0.19775871435801187,
      "median_overpay_sat_vb": 0.0,
      "avg_underpay_sat_vb": 0.8170537948608398,
      "overpay_mape": 9.887935717900593,
      "within_10pct": 0.0,
      "within_20pct": 0.0,
      "within_50pct": 0.3333333333333333,
      "asymmetric_loss": 0.6318644322358323,
      "mape": 50.74062546094259
    },
    "6block": {
      "horizon_blocks": 6,
      "mse": 1.0367497915524477,
      "rmse": 1.0182091099339308,
      "mae": 1.0148125092188518,
      "r2": 0.0,
      "block_inclusion_accuracy": 0.16666666666666666,
      "avg_overpay_sat_vb": 0.19775871435801187,
      "median_overpay_sat_vb": 0.0,
      "avg_underpay_sat_vb": 0.8170537948608398,
      "overpay_mape": 9.887935717900593,
      "within_10pct": 0.0,
      "within_20pct": 0.0,
      "within_50pct": 0.3333333333333333,
      "asymmetric_loss": 0.6318644322358323,
      "mape": 50.74062546094259
    }
  },
  "lgb_results": {
    "1block": {
      "horizon_blocks": 1,
      "model_type": "lightgbm",
      "mse": 1.0,
      "rmse": 1.0,
      "mae": 1.0,
      "r2": 0.0,
      "block_inclusion_accuracy": 0.0,
      "avg_overpay_sat_vb": 0.0,
      "avg_underpay_sat_vb": 1.0,
      "within_10pct": 0.0,
      "within_20pct": 0.0,
      "within_50pct": 0.0,
      "asymmetric_loss": 0.7000000000000001,
      "mape": 50.0
    },
    "3block": {
      "horizon_blocks": 3,
      "model_type": "lightgbm",
      "mse": 0.9918380673985933,
      "rmse": 0.9959106723991832,
      "mae": 0.9959106723991834,
      "r2": 0.0,
      "block_inclusion_accuracy": 0.0,
      "avg_overpay_sat_vb": 0.0,
      "avg_underpay_sat_vb": 0.9959106723991834,
      "within_10pct": 0.0,
      "within_20pct": 0.0,
      "within_50pct": 1.0,
      "asymmetric_loss": 0.6942866471790153,
      "mape": 49.79553361995917
    },
    "6block": {
      "horizon_blocks": 6,
      "model_type": "lightgbm",
      "mse": 1.0,
      "rmse": 1.0,
      "mae": 1.0,
      "r2": 0.0,
      "block_inclusion_accuracy": 0.0,
      "avg_overpay_sat_vb": 0.0,
      "avg_underpay_sat_vb": 1.0,
      "within_10pct": 0.0,
      "within_20pct": 0.0,
      "within_50pct": 0.0,
      "asymmetric_loss": 0.7000000000000001,
      "mape": 50.0
    }
  }
}