{
  "timestamp": "2026-04-26T23:46:08.854803",
  "duration_seconds": 1.251244,
  "xgb_results": {
    "1block": {
      "horizon_blocks": 1,
      "mse": 0.1041866507912772,
      "rmse": 0.32277956997195034,
      "mae": 0.2590935230255127,
      "r2": 0.0,
      "block_inclusion_accuracy": 1.0,
      "avg_overpay_sat_vb": 0.2590935230255127,
      "median_overpay_sat_vb": 0.21303802728652954,
      "avg_underpay_sat_vb": 0.0,
      "overpay_mape": 25.90935230255127,
      "within_10pct": 0.16666666666666666,
      "within_20pct": 0.3333333333333333,
      "within_50pct": 0.8333333333333334,
      "asymmetric_loss": 0.03125599523738317,
      "mape": 25.90935230255127
    },
    "3block": {
      "horizon_blocks": 3,
      "mse": 1.755598800618112,
      "rmse": 1.3249901134039122,
      "mae": 1.2636062701543171,
      "r2": 0.0,
      "block_inclusion_accuracy": 1.0,
      "avg_overpay_sat_vb": 1.2636062701543171,
      "median_overpay_sat_vb": 1.1679742336273193,
      "avg_underpay_sat_vb": 0.0,
      "overpay_mape": 126.36062701543172,
      "within_10pct": 0.0,
      "within_20pct": 0.0,
      "within_50pct": 0.0,
      "asymmetric_loss": 0.5266796401854337,
      "mape": 126.36062701543172
    },
    "6block": {
      "horizon_blocks": 6,
      "mse": 1.755598800618112,
      "rmse": 1.3249901134039122,
      "mae": 1.2636062701543171,
      "r2": 0.0,
      "block_inclusion_accuracy": 1.0,
      "avg_overpay_sat_vb": 1.2636062701543171,
      "median_overpay_sat_vb": 1.1679742336273193,
      "avg_underpay_sat_vb": 0.0,
      "overpay_mape": 126.36062701543172,
      "within_10pct": 0.0,
      "within_20pct": 0.0,
      "within_50pct": 0.0,
      "asymmetric_loss": 0.5266796401854337,
      "mape": 126.36062701543172
    }
  },
  "lgb_results": {
    "1block": {
      "horizon_blocks": 1,
      "model_type": "lightgbm",
      "mse": 0.0,
      "rmse": 0.0,
      "mae": 0.0,
      "r2": 1.0,
      "block_inclusion_accuracy": 1.0,
      "avg_overpay_sat_vb": 0.0,
      "avg_underpay_sat_vb": 0.0,
      "within_10pct": 1.0,
      "within_20pct": 1.0,
      "within_50pct": 1.0,
      "asymmetric_loss": 0.0,
      "mape": 0.0
    },
    "3block": {
      "horizon_blocks": 3,
      "model_type": "lightgbm",
      "mse": 1.672260022680131e-05,
      "rmse": 0.004089327600816705,
      "mae": 0.004089327600816706,
      "r2": 0.0,
      "block_inclusion_accuracy": 1.0,
      "avg_overpay_sat_vb": 0.004089327600816706,
      "avg_underpay_sat_vb": 0.0,
      "within_10pct": 1.0,
      "within_20pct": 1.0,
      "within_50pct": 1.0,
      "asymmetric_loss": 5.016780068040395e-06,
      "mape": 0.40893276008167057
    },
    "6block": {
      "horizon_blocks": 6,
      "model_type": "lightgbm",
      "mse": 0.0,
      "rmse": 0.0,
      "mae": 0.0,
      "r2": 1.0,
      "block_inclusion_accuracy": 1.0,
      "avg_overpay_sat_vb": 0.0,
      "avg_underpay_sat_vb": 0.0,
      "within_10pct": 1.0,
      "within_20pct": 1.0,
      "within_50pct": 1.0,
      "asymmetric_loss": 0.0,
      "mape": 0.0
    }
  }
}