{
  "timestamp": "2026-04-22T05:32:30.236119",
  "duration_seconds": 0.905683,
  "xgb_results": {
    "1block": {
      "horizon_blocks": 1,
      "mse": 0.14663543551504668,
      "rmse": 0.3829300660891577,
      "mae": 0.3521256446838379,
      "r2": 0.0,
      "block_inclusion_accuracy": 0.0,
      "avg_overpay_sat_vb": 0.0,
      "median_overpay_sat_vb": 0.0,
      "avg_underpay_sat_vb": 0.3521256446838379,
      "overpay_mape": 0.0,
      "within_10pct": 0.16666666666666666,
      "within_20pct": 0.6666666666666666,
      "within_50pct": 1.0,
      "asymmetric_loss": 0.10264480486053268,
      "mape": 17.606282234191895
    },
    "3block": {
      "horizon_blocks": 3,
      "mse": 0.10340024856757661,
      "rmse": 0.32155909032023433,
      "mae": 0.291131854057312,
      "r2": 0.25551821031344835,
      "block_inclusion_accuracy": 0.16666666666666666,
      "avg_overpay_sat_vb": 0.015070497989654541,
      "median_overpay_sat_vb": 0.0,
      "avg_underpay_sat_vb": 0.27606135606765747,
      "overpay_mape": 1.507049798965454,
      "within_10pct": 0.3333333333333333,
      "within_20pct": 0.6666666666666666,
      "within_50pct": 1.0,
      "asymmetric_loss": 0.07183508621412878,
      "mape": 15.310117602348328
    },
    "6block": {
      "horizon_blocks": 6,
      "mse": 0.10340024856757661,
      "rmse": 0.32155909032023433,
      "mae": 0.291131854057312,
      "r2": 0.25551821031344835,
      "block_inclusion_accuracy": 0.16666666666666666,
      "avg_overpay_sat_vb": 0.015070497989654541,
      "median_overpay_sat_vb": 0.0,
      "avg_underpay_sat_vb": 0.27606135606765747,
      "overpay_mape": 1.507049798965454,
      "within_10pct": 0.3333333333333333,
      "within_20pct": 0.6666666666666666,
      "within_50pct": 1.0,
      "asymmetric_loss": 0.07183508621412878,
      "mape": 15.310117602348328
    }
  },
  "lgb_results": {
    "1block": {
      "horizon_blocks": 1,
      "model_type": "lightgbm",
      "mse": 0.8572351387802096,
      "rmse": 0.9258699362114582,
      "mae": 0.9258696326727945,
      "r2": 0.0,
      "block_inclusion_accuracy": 0.0,
      "avg_overpay_sat_vb": 0.0,
      "avg_underpay_sat_vb": 0.9258696326727945,
      "within_10pct": 0.0,
      "within_20pct": 0.0,
      "within_50pct": 1.0,
      "asymmetric_loss": 0.6000645971461467,
      "mape": 46.29348163363973
    },
    "3block": {
      "horizon_blocks": 3,
      "model_type": "lightgbm",
      "mse": 0.8265345099321989,
      "rmse": 0.9091394337131126,
      "mae": 0.8306071149327888,
      "r2": -4.951048471511833,
      "block_inclusion_accuracy": 0.16666666666666666,
      "avg_overpay_sat_vb": 0.0006815546001361176,
      "avg_underpay_sat_vb": 0.8299255603326529,
      "within_10pct": 0.16666666666666666,
      "within_20pct": 0.16666666666666666,
      "within_50pct": 1.0,
      "asymmetric_loss": 0.5785730421125241,
      "mape": 41.56443347664625
    },
    "6block": {
      "horizon_blocks": 6,
      "model_type": "lightgbm",
      "mse": 0.7810212504533666,
      "rmse": 0.8837540667252212,
      "mae": 0.812235761971981,
      "r2": -4.62335300326424,
      "block_inclusion_accuracy": 0.16666666666666666,
      "avg_overpay_sat_vb": 0.005580259117722715,
      "avg_underpay_sat_vb": 0.8066555028542584,
      "within_10pct": 0.16666666666666666,
      "within_20pct": 0.16666666666666666,
      "within_50pct": 1.0,
      "asymmetric_loss": 0.5466401410169864,
      "mape": 40.890801054485195
    }
  }
}