{
  "timestamp": "2026-05-03T02:26:33.615696",
  "duration_seconds": 1.709263,
  "xgb_results": {
    "1block": {
      "horizon_blocks": 1,
      "mse": 0.13518864912884018,
      "rmse": 0.3676800907430809,
      "mae": 0.26821664969126385,
      "r2": 0.0,
      "block_inclusion_accuracy": 0.5,
      "avg_overpay_sat_vb": 0.035806894302368164,
      "median_overpay_sat_vb": 0.0055615901947021484,
      "avg_underpay_sat_vb": 0.23240975538889566,
      "overpay_mape": 1.7903447151184082,
      "within_10pct": 0.5,
      "within_20pct": 0.6666666666666666,
      "within_50pct": 1.0,
      "asymmetric_loss": 0.09316433227167427,
      "mape": 13.410832484563192
    },
    "3block": {
      "horizon_blocks": 3,
      "mse": 0.752900223172773,
      "rmse": 0.8676982327818659,
      "mae": 0.8349856535593668,
      "r2": 0.0,
      "block_inclusion_accuracy": 0.0,
      "avg_overpay_sat_vb": 0.0,
      "median_overpay_sat_vb": 0.0,
      "avg_underpay_sat_vb": 0.8349856535593668,
      "overpay_mape": 0.0,
      "within_10pct": 0.0,
      "within_20pct": 0.0,
      "within_50pct": 0.3333333333333333,
      "asymmetric_loss": 0.5270301562209411,
      "mape": 41.74928267796834
    },
    "6block": {
      "horizon_blocks": 6,
      "mse": 0.752900223172773,
      "rmse": 0.8676982327818659,
      "mae": 0.8349856535593668,
      "r2": 0.0,
      "block_inclusion_accuracy": 0.0,
      "avg_overpay_sat_vb": 0.0,
      "median_overpay_sat_vb": 0.0,
      "avg_underpay_sat_vb": 0.8349856535593668,
      "overpay_mape": 0.0,
      "within_10pct": 0.0,
      "within_20pct": 0.0,
      "within_50pct": 0.3333333333333333,
      "asymmetric_loss": 0.5270301562209411,
      "mape": 41.74928267796834
    }
  },
  "lgb_results": {
    "1block": {
      "horizon_blocks": 1,
      "model_type": "lightgbm",
      "mse": 0.596494722878704,
      "rmse": 0.7723307082323634,
      "mae": 0.7723307082323635,
      "r2": 0.0,
      "block_inclusion_accuracy": 0.0,
      "avg_overpay_sat_vb": 0.0,
      "avg_underpay_sat_vb": 0.7723307082323635,
      "within_10pct": 0.0,
      "within_20pct": 0.0,
      "within_50pct": 1.0,
      "asymmetric_loss": 0.41754630601509274,
      "mape": 38.61653541161817
    },
    "3block": {
      "horizon_blocks": 3,
      "model_type": "lightgbm",
      "mse": 0.9918380673985933,
      "rmse": 0.9959106723991832,
      "mae": 0.9959106723991834,
      "r2": 0.0,
      "block_inclusion_accuracy": 0.0,
      "avg_overpay_sat_vb": 0.0,
      "avg_underpay_sat_vb": 0.9959106723991834,
      "within_10pct": 0.0,
      "within_20pct": 0.0,
      "within_50pct": 1.0,
      "asymmetric_loss": 0.6942866471790153,
      "mape": 49.79553361995917
    },
    "6block": {
      "horizon_blocks": 6,
      "model_type": "lightgbm",
      "mse": 1.0,
      "rmse": 1.0,
      "mae": 1.0,
      "r2": 0.0,
      "block_inclusion_accuracy": 0.0,
      "avg_overpay_sat_vb": 0.0,
      "avg_underpay_sat_vb": 1.0,
      "within_10pct": 0.0,
      "within_20pct": 0.0,
      "within_50pct": 0.0,
      "asymmetric_loss": 0.7000000000000001,
      "mape": 50.0
    }
  }
}