{
  "timestamp": "2026-06-15T15:54:12.028462",
  "duration_seconds": 4.136935,
  "xgb_results": {
    "1block": {
      "horizon_blocks": 1,
      "mse": 5.44584987621901,
      "rmse": 2.3336344778518785,
      "mae": 2.2931641737620034,
      "r2": 0.0,
      "block_inclusion_accuracy": 1.0,
      "avg_overpay_sat_vb": 2.2931641737620034,
      "median_overpay_sat_vb": 2.2224655151367188,
      "avg_underpay_sat_vb": 0.0,
      "overpay_mape": 57.32910434405009,
      "within_10pct": 0.0,
      "within_20pct": 0.0,
      "within_50pct": 0.3333333333333333,
      "asymmetric_loss": 1.6337549628657033,
      "mape": 57.32910434405009
    },
    "3block": {
      "horizon_blocks": 3,
      "mse": 1.3679337650838477,
      "rmse": 1.1695870062051168,
      "mae": 0.8038675387700399,
      "r2": -4.471735060335391,
      "block_inclusion_accuracy": 0.3333333333333333,
      "avg_overpay_sat_vb": 0.5389033158620199,
      "median_overpay_sat_vb": 0.0,
      "avg_underpay_sat_vb": 0.26496422290802,
      "overpay_mape": 13.472582896550497,
      "within_10pct": 0.3333333333333333,
      "within_20pct": 0.8333333333333334,
      "within_50pct": 0.8333333333333334,
      "asymmetric_loss": 0.4629986014247598,
      "mape": 18.94264121850332
    },
    "6block": {
      "horizon_blocks": 6,
      "mse": 1.3679337650838477,
      "rmse": 1.1695870062051168,
      "mae": 0.8038675387700399,
      "r2": -4.471735060335391,
      "block_inclusion_accuracy": 0.3333333333333333,
      "avg_overpay_sat_vb": 0.5389033158620199,
      "median_overpay_sat_vb": 0.0,
      "avg_underpay_sat_vb": 0.26496422290802,
      "overpay_mape": 13.472582896550497,
      "within_10pct": 0.3333333333333333,
      "within_20pct": 0.8333333333333334,
      "within_50pct": 0.8333333333333334,
      "asymmetric_loss": 0.4629986014247598,
      "mape": 18.94264121850332
    }
  },
  "lgb_results": {
    "1block": {
      "horizon_blocks": 1,
      "model_type": "lightgbm",
      "mse": 8.606465829773029,
      "rmse": 2.9336778674171144,
      "mae": 2.9336777716202023,
      "r2": 0.0,
      "block_inclusion_accuracy": 0.0,
      "avg_overpay_sat_vb": 0.0,
      "avg_underpay_sat_vb": 2.9336777716202023,
      "within_10pct": 0.0,
      "within_20pct": 0.0,
      "within_50pct": 0.0,
      "asymmetric_loss": 6.024526080841119,
      "mape": 73.34194429050505
    },
    "3block": {
      "horizon_blocks": 3,
      "model_type": "lightgbm",
      "mse": 12.47139142939451,
      "rmse": 3.53148572549777,
      "mae": 3.4959106723991833,
      "r2": -48.88556571757804,
      "block_inclusion_accuracy": 0.0,
      "avg_overpay_sat_vb": 0.0,
      "avg_underpay_sat_vb": 3.4959106723991833,
      "within_10pct": 0.0,
      "within_20pct": 0.0,
      "within_50pct": 0.0,
      "asymmetric_loss": 8.729974000576156,
      "mape": 77.40799012898162
    },
    "6block": {
      "horizon_blocks": 6,
      "model_type": "lightgbm",
      "mse": 12.5,
      "rmse": 3.5355339059327378,
      "mae": 3.5,
      "r2": -49.0,
      "block_inclusion_accuracy": 0.0,
      "avg_overpay_sat_vb": 0.0,
      "avg_underpay_sat_vb": 3.5,
      "within_10pct": 0.0,
      "within_20pct": 0.0,
      "within_50pct": 0.0,
      "asymmetric_loss": 8.75,
      "mape": 77.49999999999999
    }
  }
}