{
  "timestamp": "2026-04-17T20:51:29.270884",
  "duration_seconds": 0.460351,
  "xgb_results": {
    "1block": {
      "horizon_blocks": 1,
      "mse": 0.01284461112148468,
      "rmse": 0.11333406867083119,
      "mae": 0.1035321553548177,
      "r2": 0.0,
      "block_inclusion_accuracy": 0.16666666666666666,
      "avg_overpay_sat_vb": 0.0007961591084798177,
      "median_overpay_sat_vb": 0.0,
      "avg_underpay_sat_vb": 0.10273599624633789,
      "overpay_mape": 0.013269318474663628,
      "within_10pct": 1.0,
      "within_20pct": 1.0,
      "within_50pct": 1.0,
      "asymmetric_loss": 0.008989706498656838,
      "mape": 1.7255359225802953
    },
    "3block": {
      "horizon_blocks": 3,
      "mse": 4.487580628966707,
      "rmse": 2.118391047225867,
      "mae": 2.117748260498047,
      "r2": 0.0,
      "block_inclusion_accuracy": 0.0,
      "avg_overpay_sat_vb": 0.0,
      "median_overpay_sat_vb": 0.0,
      "avg_underpay_sat_vb": 2.117748260498047,
      "overpay_mape": 0.0,
      "within_10pct": 0.0,
      "within_20pct": 0.0,
      "within_50pct": 1.0,
      "asymmetric_loss": 3.141306440276695,
      "mape": 35.29580434163411
    },
    "6block": {
      "horizon_blocks": 6,
      "mse": 4.487580628966707,
      "rmse": 2.118391047225867,
      "mae": 2.117748260498047,
      "r2": 0.0,
      "block_inclusion_accuracy": 0.0,
      "avg_overpay_sat_vb": 0.0,
      "median_overpay_sat_vb": 0.0,
      "avg_underpay_sat_vb": 2.117748260498047,
      "overpay_mape": 0.0,
      "within_10pct": 0.0,
      "within_20pct": 0.0,
      "within_50pct": 1.0,
      "asymmetric_loss": 3.141306440276695,
      "mape": 35.29580434163411
    }
  },
  "lgb_results": {
    "1block": {
      "horizon_blocks": 1,
      "model_type": "lightgbm",
      "mse": 25.0,
      "rmse": 5.0,
      "mae": 5.0,
      "r2": 0.0,
      "block_inclusion_accuracy": 0.0,
      "avg_overpay_sat_vb": 0.0,
      "avg_underpay_sat_vb": 5.0,
      "within_10pct": 0.0,
      "within_20pct": 0.0,
      "within_50pct": 0.0,
      "asymmetric_loss": 17.5,
      "mape": 83.33333333333334
    },
    "3block": {
      "horizon_blocks": 3,
      "model_type": "lightgbm",
      "mse": 24.959123446592063,
      "rmse": 4.995910672399184,
      "mae": 4.995910672399184,
      "r2": 0.0,
      "block_inclusion_accuracy": 0.0,
      "avg_overpay_sat_vb": 0.0,
      "avg_underpay_sat_vb": 4.995910672399184,
      "within_10pct": 0.0,
      "within_20pct": 0.0,
      "within_50pct": 0.0,
      "asymmetric_loss": 17.47138641261444,
      "mape": 83.26517787331973
    },
    "6block": {
      "horizon_blocks": 6,
      "model_type": "lightgbm",
      "mse": 25.0,
      "rmse": 5.0,
      "mae": 5.0,
      "r2": 0.0,
      "block_inclusion_accuracy": 0.0,
      "avg_overpay_sat_vb": 0.0,
      "avg_underpay_sat_vb": 5.0,
      "within_10pct": 0.0,
      "within_20pct": 0.0,
      "within_50pct": 0.0,
      "asymmetric_loss": 17.5,
      "mape": 83.33333333333334
    }
  }
}