{
  "timestamp": "2026-05-30T22:08:07.055934",
  "duration_seconds": 3.781748,
  "xgb_results": {
    "1block": {
      "horizon_blocks": 1,
      "mse": 6.724828714501025,
      "rmse": 2.5932274706436815,
      "mae": 1.9216464757919312,
      "r2": 0.0,
      "block_inclusion_accuracy": 1.0,
      "avg_overpay_sat_vb": 1.9216464757919312,
      "median_overpay_sat_vb": 1.0190953612327576,
      "avg_underpay_sat_vb": 0.0,
      "overpay_mape": 192.16464757919312,
      "within_10pct": 0.0,
      "within_20pct": 0.16666666666666666,
      "within_50pct": 0.16666666666666666,
      "asymmetric_loss": 2.017448614350308,
      "mape": 192.16464757919312
    },
    "3block": {
      "horizon_blocks": 3,
      "mse": 13.391641087146553,
      "rmse": 3.659459124945455,
      "mae": 2.613381505012512,
      "r2": 0.0,
      "block_inclusion_accuracy": 1.0,
      "avg_overpay_sat_vb": 2.613381505012512,
      "median_overpay_sat_vb": 1.7773207426071167,
      "avg_underpay_sat_vb": 0.0,
      "overpay_mape": 261.3381505012512,
      "within_10pct": 0.3333333333333333,
      "within_20pct": 0.3333333333333333,
      "within_50pct": 0.3333333333333333,
      "asymmetric_loss": 4.017492326143966,
      "mape": 261.3381505012512
    },
    "6block": {
      "horizon_blocks": 6,
      "mse": 13.391641087146553,
      "rmse": 3.659459124945455,
      "mae": 2.613381505012512,
      "r2": 0.0,
      "block_inclusion_accuracy": 1.0,
      "avg_overpay_sat_vb": 2.613381505012512,
      "median_overpay_sat_vb": 1.7773207426071167,
      "avg_underpay_sat_vb": 0.0,
      "overpay_mape": 261.3381505012512,
      "within_10pct": 0.3333333333333333,
      "within_20pct": 0.3333333333333333,
      "within_50pct": 0.3333333333333333,
      "asymmetric_loss": 4.017492326143966,
      "mape": 261.3381505012512
    }
  },
  "lgb_results": {
    "1block": {
      "horizon_blocks": 1,
      "model_type": "lightgbm",
      "mse": 0.0,
      "rmse": 0.0,
      "mae": 0.0,
      "r2": 1.0,
      "block_inclusion_accuracy": 1.0,
      "avg_overpay_sat_vb": 0.0,
      "avg_underpay_sat_vb": 0.0,
      "within_10pct": 1.0,
      "within_20pct": 1.0,
      "within_50pct": 1.0,
      "asymmetric_loss": 0.0,
      "mape": 0.0
    },
    "3block": {
      "horizon_blocks": 3,
      "model_type": "lightgbm",
      "mse": 1.672260022680131e-05,
      "rmse": 0.004089327600816705,
      "mae": 0.004089327600816706,
      "r2": 0.0,
      "block_inclusion_accuracy": 1.0,
      "avg_overpay_sat_vb": 0.004089327600816706,
      "avg_underpay_sat_vb": 0.0,
      "within_10pct": 1.0,
      "within_20pct": 1.0,
      "within_50pct": 1.0,
      "asymmetric_loss": 5.016780068040395e-06,
      "mape": 0.40893276008167057
    },
    "6block": {
      "horizon_blocks": 6,
      "model_type": "lightgbm",
      "mse": 0.0,
      "rmse": 0.0,
      "mae": 0.0,
      "r2": 1.0,
      "block_inclusion_accuracy": 1.0,
      "avg_overpay_sat_vb": 0.0,
      "avg_underpay_sat_vb": 0.0,
      "within_10pct": 1.0,
      "within_20pct": 1.0,
      "within_50pct": 1.0,
      "asymmetric_loss": 0.0,
      "mape": 0.0
    }
  }
}