{
  "timestamp": "2026-07-01T09:47:36.125057",
  "duration_seconds": 5.495472,
  "xgb_results": {
    "1block": {
      "horizon_blocks": 1,
      "mse": 20.293886664361292,
      "rmse": 4.504873656870001,
      "mae": 4.472373088200887,
      "r2": 0.0,
      "block_inclusion_accuracy": 1.0,
      "avg_overpay_sat_vb": 4.472373088200887,
      "median_overpay_sat_vb": 4.6748833656311035,
      "avg_underpay_sat_vb": 0.0,
      "overpay_mape": 149.07910294002954,
      "within_10pct": 0.0,
      "within_20pct": 0.0,
      "within_50pct": 0.0,
      "asymmetric_loss": 6.088165999308387,
      "mape": 149.07910294002954
    },
    "3block": {
      "horizon_blocks": 3,
      "mse": 3.3368678368591134,
      "rmse": 1.8267095655465084,
      "mae": 1.6909377177556355,
      "r2": 0.0,
      "block_inclusion_accuracy": 0.16666666666666666,
      "avg_overpay_sat_vb": 0.024271051088968914,
      "median_overpay_sat_vb": 0.0,
      "avg_underpay_sat_vb": 1.6666666666666667,
      "overpay_mape": 0.8090350362989638,
      "within_10pct": 0.16666666666666666,
      "within_20pct": 0.16666666666666666,
      "within_50pct": 0.16666666666666666,
      "asymmetric_loss": 2.3343936843910673,
      "mape": 56.364590591854515
    },
    "6block": {
      "horizon_blocks": 6,
      "mse": 3.3368678368591134,
      "rmse": 1.8267095655465084,
      "mae": 1.6909377177556355,
      "r2": 0.0,
      "block_inclusion_accuracy": 0.16666666666666666,
      "avg_overpay_sat_vb": 0.024271051088968914,
      "median_overpay_sat_vb": 0.0,
      "avg_underpay_sat_vb": 1.6666666666666667,
      "overpay_mape": 0.8090350362989638,
      "within_10pct": 0.16666666666666666,
      "within_20pct": 0.16666666666666666,
      "within_50pct": 0.16666666666666666,
      "asymmetric_loss": 2.3343936843910673,
      "mape": 56.364590591854515
    }
  },
  "lgb_results": {
    "1block": {
      "horizon_blocks": 1,
      "model_type": "lightgbm",
      "mse": 2.6410006193428655,
      "rmse": 1.6251155710726746,
      "mae": 1.6251155710726748,
      "r2": 0.0,
      "block_inclusion_accuracy": 0.0,
      "avg_overpay_sat_vb": 0.0,
      "avg_underpay_sat_vb": 1.6251155710726748,
      "within_10pct": 0.0,
      "within_20pct": 0.0,
      "within_50pct": 0.0,
      "asymmetric_loss": 1.848700433540006,
      "mape": 54.17051903575584
    },
    "3block": {
      "horizon_blocks": 3,
      "model_type": "lightgbm",
      "mse": 3.98365941219696,
      "rmse": 1.9959106723991833,
      "mae": 1.9959106723991835,
      "r2": 0.0,
      "block_inclusion_accuracy": 0.0,
      "avg_overpay_sat_vb": 0.0,
      "avg_underpay_sat_vb": 1.9959106723991835,
      "within_10pct": 0.0,
      "within_20pct": 0.0,
      "within_50pct": 0.0,
      "asymmetric_loss": 2.788561588537872,
      "mape": 66.53035574663944
    },
    "6block": {
      "horizon_blocks": 6,
      "model_type": "lightgbm",
      "mse": 4.0,
      "rmse": 2.0,
      "mae": 2.0,
      "r2": 0.0,
      "block_inclusion_accuracy": 0.0,
      "avg_overpay_sat_vb": 0.0,
      "avg_underpay_sat_vb": 2.0,
      "within_10pct": 0.0,
      "within_20pct": 0.0,
      "within_50pct": 0.0,
      "asymmetric_loss": 2.8000000000000003,
      "mape": 66.66666666666666
    }
  }
}