{
  "timestamp": "2026-06-25T14:24:38.641011",
  "duration_seconds": 4.656368,
  "xgb_results": {
    "1block": {
      "horizon_blocks": 1,
      "mse": 0.7390902384160825,
      "rmse": 0.8597035759004859,
      "mae": 0.5257389148076376,
      "r2": 0.0,
      "block_inclusion_accuracy": 1.0,
      "avg_overpay_sat_vb": 0.5257389148076376,
      "median_overpay_sat_vb": 0.13857746124267578,
      "avg_underpay_sat_vb": 0.0,
      "overpay_mape": 52.573891480763756,
      "within_10pct": 0.5,
      "within_20pct": 0.5,
      "within_50pct": 0.6666666666666666,
      "asymmetric_loss": 0.22172707152482476,
      "mape": 52.573891480763756
    },
    "3block": {
      "horizon_blocks": 3,
      "mse": 17.554396840157846,
      "rmse": 4.189796754039251,
      "mae": 3.0929073890050254,
      "r2": 0.0,
      "block_inclusion_accuracy": 1.0,
      "avg_overpay_sat_vb": 3.0929073890050254,
      "median_overpay_sat_vb": 2.355060577392578,
      "avg_underpay_sat_vb": 0.0,
      "overpay_mape": 309.29073890050256,
      "within_10pct": 0.16666666666666666,
      "within_20pct": 0.16666666666666666,
      "within_50pct": 0.16666666666666666,
      "asymmetric_loss": 5.266319052047354,
      "mape": 309.29073890050256
    },
    "6block": {
      "horizon_blocks": 6,
      "mse": 17.554396840157846,
      "rmse": 4.189796754039251,
      "mae": 3.0929073890050254,
      "r2": 0.0,
      "block_inclusion_accuracy": 1.0,
      "avg_overpay_sat_vb": 3.0929073890050254,
      "median_overpay_sat_vb": 2.355060577392578,
      "avg_underpay_sat_vb": 0.0,
      "overpay_mape": 309.29073890050256,
      "within_10pct": 0.16666666666666666,
      "within_20pct": 0.16666666666666666,
      "within_50pct": 0.16666666666666666,
      "asymmetric_loss": 5.266319052047354,
      "mape": 309.29073890050256
    }
  },
  "lgb_results": {
    "1block": {
      "horizon_blocks": 1,
      "model_type": "lightgbm",
      "mse": 0.0,
      "rmse": 0.0,
      "mae": 0.0,
      "r2": 1.0,
      "block_inclusion_accuracy": 1.0,
      "avg_overpay_sat_vb": 0.0,
      "avg_underpay_sat_vb": 0.0,
      "within_10pct": 1.0,
      "within_20pct": 1.0,
      "within_50pct": 1.0,
      "asymmetric_loss": 0.0,
      "mape": 0.0
    },
    "3block": {
      "horizon_blocks": 3,
      "model_type": "lightgbm",
      "mse": 0.0,
      "rmse": 0.0,
      "mae": 0.0,
      "r2": 1.0,
      "block_inclusion_accuracy": 1.0,
      "avg_overpay_sat_vb": 0.0,
      "avg_underpay_sat_vb": 0.0,
      "within_10pct": 1.0,
      "within_20pct": 1.0,
      "within_50pct": 1.0,
      "asymmetric_loss": 0.0,
      "mape": 0.0
    },
    "6block": {
      "horizon_blocks": 6,
      "model_type": "lightgbm",
      "mse": 0.0,
      "rmse": 0.0,
      "mae": 0.0,
      "r2": 1.0,
      "block_inclusion_accuracy": 1.0,
      "avg_overpay_sat_vb": 0.0,
      "avg_underpay_sat_vb": 0.0,
      "within_10pct": 1.0,
      "within_20pct": 1.0,
      "within_50pct": 1.0,
      "asymmetric_loss": 0.0,
      "mape": 0.0
    }
  }
}