{
  "timestamp": "2026-05-21T16:25:09.415836",
  "duration_seconds": 2.983786,
  "xgb_results": {
    "1block": {
      "horizon_blocks": 1,
      "mse": 0.9552606023170304,
      "rmse": 0.9773743409344396,
      "mae": 0.976805567741394,
      "r2": 0.0,
      "block_inclusion_accuracy": 0.0,
      "avg_overpay_sat_vb": 0.0,
      "median_overpay_sat_vb": 0.0,
      "avg_underpay_sat_vb": 0.976805567741394,
      "overpay_mape": 0.0,
      "within_10pct": 0.0,
      "within_20pct": 0.0,
      "within_50pct": 0.3333333333333333,
      "asymmetric_loss": 0.6686824216219213,
      "mape": 48.8402783870697
    },
    "3block": {
      "horizon_blocks": 3,
      "mse": 1.5684167335620411,
      "rmse": 1.2523644571617485,
      "mae": 1.1257718404134114,
      "r2": 0.0,
      "block_inclusion_accuracy": 1.0,
      "avg_overpay_sat_vb": 1.1257718404134114,
      "median_overpay_sat_vb": 1.171487808227539,
      "avg_underpay_sat_vb": 0.0,
      "overpay_mape": 56.28859202067057,
      "within_10pct": 0.0,
      "within_20pct": 0.0,
      "within_50pct": 0.5,
      "asymmetric_loss": 0.4705250200686124,
      "mape": 56.28859202067057
    },
    "6block": {
      "horizon_blocks": 6,
      "mse": 1.5684167335620411,
      "rmse": 1.2523644571617485,
      "mae": 1.1257718404134114,
      "r2": 0.0,
      "block_inclusion_accuracy": 1.0,
      "avg_overpay_sat_vb": 1.1257718404134114,
      "median_overpay_sat_vb": 1.171487808227539,
      "avg_underpay_sat_vb": 0.0,
      "overpay_mape": 56.28859202067057,
      "within_10pct": 0.0,
      "within_20pct": 0.0,
      "within_50pct": 0.5,
      "asymmetric_loss": 0.4705250200686124,
      "mape": 56.28859202067057
    }
  },
  "lgb_results": {
    "1block": {
      "horizon_blocks": 1,
      "model_type": "lightgbm",
      "mse": 0.8907121141876654,
      "rmse": 0.9437754575044137,
      "mae": 0.9437754575044136,
      "r2": 0.0,
      "block_inclusion_accuracy": 0.0,
      "avg_overpay_sat_vb": 0.0,
      "avg_underpay_sat_vb": 0.9437754575044136,
      "within_10pct": 0.0,
      "within_20pct": 0.0,
      "within_50pct": 1.0,
      "asymmetric_loss": 0.6234984799313658,
      "mape": 47.18877287522068
    },
    "3block": {
      "horizon_blocks": 3,
      "model_type": "lightgbm",
      "mse": 0.9918380673985933,
      "rmse": 0.9959106723991832,
      "mae": 0.9959106723991834,
      "r2": 0.0,
      "block_inclusion_accuracy": 0.0,
      "avg_overpay_sat_vb": 0.0,
      "avg_underpay_sat_vb": 0.9959106723991834,
      "within_10pct": 0.0,
      "within_20pct": 0.0,
      "within_50pct": 1.0,
      "asymmetric_loss": 0.6942866471790153,
      "mape": 49.79553361995917
    },
    "6block": {
      "horizon_blocks": 6,
      "model_type": "lightgbm",
      "mse": 1.0,
      "rmse": 1.0,
      "mae": 1.0,
      "r2": 0.0,
      "block_inclusion_accuracy": 0.0,
      "avg_overpay_sat_vb": 0.0,
      "avg_underpay_sat_vb": 1.0,
      "within_10pct": 0.0,
      "within_20pct": 0.0,
      "within_50pct": 0.0,
      "asymmetric_loss": 0.7000000000000001,
      "mape": 50.0
    }
  }
}