{
  "timestamp": "2026-06-23T19:19:45.184865",
  "duration_seconds": 4.144807,
  "xgb_results": {
    "1block": {
      "horizon_blocks": 1,
      "mse": 0.7724047446238748,
      "rmse": 0.8788656010015836,
      "mae": 0.8460836013158163,
      "r2": 0.0,
      "block_inclusion_accuracy": 0.16666666666666666,
      "avg_overpay_sat_vb": 0.06206977367401123,
      "median_overpay_sat_vb": 0.0,
      "avg_underpay_sat_vb": 0.784013827641805,
      "overpay_mape": 3.1034886837005615,
      "within_10pct": 0.0,
      "within_20pct": 0.16666666666666666,
      "within_50pct": 0.3333333333333333,
      "asymmetric_loss": 0.5314369449072491,
      "mape": 42.30418006579082
    },
    "3block": {
      "horizon_blocks": 3,
      "mse": 41.456654822278665,
      "rmse": 6.4386842462011336,
      "mae": 6.304862101872762,
      "r2": 0.0,
      "block_inclusion_accuracy": 1.0,
      "avg_overpay_sat_vb": 6.304862101872762,
      "median_overpay_sat_vb": 6.4819016456604,
      "avg_underpay_sat_vb": 0.0,
      "overpay_mape": 315.24310509363806,
      "within_10pct": 0.0,
      "within_20pct": 0.0,
      "within_50pct": 0.0,
      "asymmetric_loss": 12.436996446683603,
      "mape": 315.24310509363806
    },
    "6block": {
      "horizon_blocks": 6,
      "mse": 41.456654822278665,
      "rmse": 6.4386842462011336,
      "mae": 6.304862101872762,
      "r2": 0.0,
      "block_inclusion_accuracy": 1.0,
      "avg_overpay_sat_vb": 6.304862101872762,
      "median_overpay_sat_vb": 6.4819016456604,
      "avg_underpay_sat_vb": 0.0,
      "overpay_mape": 315.24310509363806,
      "within_10pct": 0.0,
      "within_20pct": 0.0,
      "within_50pct": 0.0,
      "asymmetric_loss": 12.436996446683603,
      "mape": 315.24310509363806
    }
  },
  "lgb_results": {
    "1block": {
      "horizon_blocks": 1,
      "model_type": "lightgbm",
      "mse": 1.0,
      "rmse": 1.0,
      "mae": 1.0,
      "r2": 0.0,
      "block_inclusion_accuracy": 0.0,
      "avg_overpay_sat_vb": 0.0,
      "avg_underpay_sat_vb": 1.0,
      "within_10pct": 0.0,
      "within_20pct": 0.0,
      "within_50pct": 0.0,
      "asymmetric_loss": 0.7000000000000001,
      "mape": 50.0
    },
    "3block": {
      "horizon_blocks": 3,
      "model_type": "lightgbm",
      "mse": 0.9918380673985933,
      "rmse": 0.9959106723991832,
      "mae": 0.9959106723991834,
      "r2": 0.0,
      "block_inclusion_accuracy": 0.0,
      "avg_overpay_sat_vb": 0.0,
      "avg_underpay_sat_vb": 0.9959106723991834,
      "within_10pct": 0.0,
      "within_20pct": 0.0,
      "within_50pct": 1.0,
      "asymmetric_loss": 0.6942866471790153,
      "mape": 49.79553361995917
    },
    "6block": {
      "horizon_blocks": 6,
      "model_type": "lightgbm",
      "mse": 1.0,
      "rmse": 1.0,
      "mae": 1.0,
      "r2": 0.0,
      "block_inclusion_accuracy": 0.0,
      "avg_overpay_sat_vb": 0.0,
      "avg_underpay_sat_vb": 1.0,
      "within_10pct": 0.0,
      "within_20pct": 0.0,
      "within_50pct": 0.0,
      "asymmetric_loss": 0.7000000000000001,
      "mape": 50.0
    }
  }
}