{
  "timestamp": "2026-04-22T18:08:01.084257",
  "duration_seconds": 0.903823,
  "xgb_results": {
    "1block": {
      "horizon_blocks": 1,
      "mse": 1.5301640777309633,
      "rmse": 1.236998010398951,
      "mae": 1.232754389444987,
      "r2": 0.0,
      "block_inclusion_accuracy": 0.0,
      "avg_overpay_sat_vb": 0.0,
      "median_overpay_sat_vb": 0.0,
      "avg_underpay_sat_vb": 1.232754389444987,
      "overpay_mape": 0.0,
      "within_10pct": 0.0,
      "within_20pct": 1.0,
      "within_50pct": 1.0,
      "asymmetric_loss": 1.0711148544116742,
      "mape": 15.409429868062338
    },
    "3block": {
      "horizon_blocks": 3,
      "mse": 0.13467073734257914,
      "rmse": 0.3669751181518703,
      "mae": 0.31765906016031903,
      "r2": 0.0,
      "block_inclusion_accuracy": 0.16666666666666666,
      "avg_overpay_sat_vb": 0.021562894185384113,
      "median_overpay_sat_vb": 0.0,
      "avg_underpay_sat_vb": 0.2960961659749349,
      "overpay_mape": 0.2695361773173014,
      "within_10pct": 1.0,
      "within_20pct": 1.0,
      "within_50pct": 1.0,
      "asymmetric_loss": 0.09315361596624522,
      "mape": 3.970738252003988
    },
    "6block": {
      "horizon_blocks": 6,
      "mse": 0.13467073734257914,
      "rmse": 0.3669751181518703,
      "mae": 0.31765906016031903,
      "r2": 0.0,
      "block_inclusion_accuracy": 0.16666666666666666,
      "avg_overpay_sat_vb": 0.021562894185384113,
      "median_overpay_sat_vb": 0.0,
      "avg_underpay_sat_vb": 0.2960961659749349,
      "overpay_mape": 0.2695361773173014,
      "within_10pct": 1.0,
      "within_20pct": 1.0,
      "within_50pct": 1.0,
      "asymmetric_loss": 0.09315361596624522,
      "mape": 3.970738252003988
    }
  },
  "lgb_results": {
    "1block": {
      "horizon_blocks": 1,
      "model_type": "lightgbm",
      "mse": 44.66343867705939,
      "rmse": 6.6830710513250855,
      "mae": 6.6830709840416995,
      "r2": 0.0,
      "block_inclusion_accuracy": 0.0,
      "avg_overpay_sat_vb": 0.0,
      "avg_underpay_sat_vb": 6.6830709840416995,
      "within_10pct": 0.0,
      "within_20pct": 0.0,
      "within_50pct": 0.0,
      "asymmetric_loss": 31.264407073941566,
      "mape": 83.53838730052125
    },
    "3block": {
      "horizon_blocks": 3,
      "model_type": "lightgbm",
      "mse": 48.9427661361888,
      "rmse": 6.995910672399184,
      "mae": 6.995910672399184,
      "r2": 0.0,
      "block_inclusion_accuracy": 0.0,
      "avg_overpay_sat_vb": 0.0,
      "avg_underpay_sat_vb": 6.995910672399184,
      "within_10pct": 0.0,
      "within_20pct": 0.0,
      "within_50pct": 0.0,
      "asymmetric_loss": 34.25993629533216,
      "mape": 87.4488834049898
    },
    "6block": {
      "horizon_blocks": 6,
      "model_type": "lightgbm",
      "mse": 49.0,
      "rmse": 7.0,
      "mae": 7.0,
      "r2": 0.0,
      "block_inclusion_accuracy": 0.0,
      "avg_overpay_sat_vb": 0.0,
      "avg_underpay_sat_vb": 7.0,
      "within_10pct": 0.0,
      "within_20pct": 0.0,
      "within_50pct": 0.0,
      "asymmetric_loss": 34.300000000000004,
      "mape": 87.5
    }
  }
}