{
  "timestamp": "2026-04-24T22:46:46.482369",
  "duration_seconds": 1.306604,
  "xgb_results": {
    "1block": {
      "horizon_blocks": 1,
      "mse": 0.04708318010101209,
      "rmse": 0.21698658968012768,
      "mae": 0.1392155885696411,
      "r2": 0.0,
      "block_inclusion_accuracy": 1.0,
      "avg_overpay_sat_vb": 0.1392155885696411,
      "median_overpay_sat_vb": 0.08284705877304077,
      "avg_underpay_sat_vb": 0.0,
      "overpay_mape": 13.921558856964111,
      "within_10pct": 0.5,
      "within_20pct": 0.6666666666666666,
      "within_50pct": 1.0,
      "asymmetric_loss": 0.01412495403030363,
      "mape": 13.921558856964111
    },
    "3block": {
      "horizon_blocks": 3,
      "mse": 0.9653655913378003,
      "rmse": 0.9825301986899946,
      "mae": 0.8394207954406738,
      "r2": 0.0,
      "block_inclusion_accuracy": 1.0,
      "avg_overpay_sat_vb": 0.8394207954406738,
      "median_overpay_sat_vb": 0.7232316732406616,
      "avg_underpay_sat_vb": 0.0,
      "overpay_mape": 83.94207954406738,
      "within_10pct": 0.0,
      "within_20pct": 0.0,
      "within_50pct": 0.3333333333333333,
      "asymmetric_loss": 0.28960967740134014,
      "mape": 83.94207954406738
    },
    "6block": {
      "horizon_blocks": 6,
      "mse": 0.9653655913378003,
      "rmse": 0.9825301986899946,
      "mae": 0.8394207954406738,
      "r2": 0.0,
      "block_inclusion_accuracy": 1.0,
      "avg_overpay_sat_vb": 0.8394207954406738,
      "median_overpay_sat_vb": 0.7232316732406616,
      "avg_underpay_sat_vb": 0.0,
      "overpay_mape": 83.94207954406738,
      "within_10pct": 0.0,
      "within_20pct": 0.0,
      "within_50pct": 0.3333333333333333,
      "asymmetric_loss": 0.28960967740134014,
      "mape": 83.94207954406738
    }
  },
  "lgb_results": {
    "1block": {
      "horizon_blocks": 1,
      "model_type": "lightgbm",
      "mse": 0.0,
      "rmse": 0.0,
      "mae": 0.0,
      "r2": 1.0,
      "block_inclusion_accuracy": 1.0,
      "avg_overpay_sat_vb": 0.0,
      "avg_underpay_sat_vb": 0.0,
      "within_10pct": 1.0,
      "within_20pct": 1.0,
      "within_50pct": 1.0,
      "asymmetric_loss": 0.0,
      "mape": 0.0
    },
    "3block": {
      "horizon_blocks": 3,
      "model_type": "lightgbm",
      "mse": 1.672260022680131e-05,
      "rmse": 0.004089327600816705,
      "mae": 0.004089327600816706,
      "r2": 0.0,
      "block_inclusion_accuracy": 1.0,
      "avg_overpay_sat_vb": 0.004089327600816706,
      "avg_underpay_sat_vb": 0.0,
      "within_10pct": 1.0,
      "within_20pct": 1.0,
      "within_50pct": 1.0,
      "asymmetric_loss": 5.016780068040395e-06,
      "mape": 0.40893276008167057
    },
    "6block": {
      "horizon_blocks": 6,
      "model_type": "lightgbm",
      "mse": 0.0,
      "rmse": 0.0,
      "mae": 0.0,
      "r2": 1.0,
      "block_inclusion_accuracy": 1.0,
      "avg_overpay_sat_vb": 0.0,
      "avg_underpay_sat_vb": 0.0,
      "within_10pct": 1.0,
      "within_20pct": 1.0,
      "within_50pct": 1.0,
      "asymmetric_loss": 0.0,
      "mape": 0.0
    }
  }
}