{
  "timestamp": "2026-05-14T09:42:03.828398",
  "duration_seconds": 2.642145,
  "xgb_results": {
    "1block": {
      "horizon_blocks": 1,
      "mse": 0.7642931892045984,
      "rmse": 0.874238634015106,
      "mae": 0.7538165251413981,
      "r2": 0.0,
      "block_inclusion_accuracy": 0.0,
      "avg_overpay_sat_vb": 0.0,
      "median_overpay_sat_vb": 0.0,
      "avg_underpay_sat_vb": 0.7538165251413981,
      "overpay_mape": 0.0,
      "within_10pct": 0.0,
      "within_20pct": 0.5,
      "within_50pct": 0.8333333333333334,
      "asymmetric_loss": 0.5350052324432188,
      "mape": 25.127217504713272
    },
    "3block": {
      "horizon_blocks": 3,
      "mse": 0.7255837251394534,
      "rmse": 0.8518120245332613,
      "mae": 0.7387275695800781,
      "r2": 0.0,
      "block_inclusion_accuracy": 0.3333333333333333,
      "avg_overpay_sat_vb": 0.16681877772013345,
      "median_overpay_sat_vb": 0.0,
      "avg_underpay_sat_vb": 0.5719087918599447,
      "overpay_mape": 5.56062592400445,
      "within_10pct": 0.3333333333333333,
      "within_20pct": 0.3333333333333333,
      "within_50pct": 1.0,
      "asymmetric_loss": 0.4635854538351755,
      "mape": 24.624252319335938
    },
    "6block": {
      "horizon_blocks": 6,
      "mse": 0.7255837251394534,
      "rmse": 0.8518120245332613,
      "mae": 0.7387275695800781,
      "r2": 0.0,
      "block_inclusion_accuracy": 0.3333333333333333,
      "avg_overpay_sat_vb": 0.16681877772013345,
      "median_overpay_sat_vb": 0.0,
      "avg_underpay_sat_vb": 0.5719087918599447,
      "overpay_mape": 5.56062592400445,
      "within_10pct": 0.3333333333333333,
      "within_20pct": 0.3333333333333333,
      "within_50pct": 1.0,
      "asymmetric_loss": 0.4635854538351755,
      "mape": 24.624252319335938
    }
  },
  "lgb_results": {
    "1block": {
      "horizon_blocks": 1,
      "model_type": "lightgbm",
      "mse": 2.7763142684857645,
      "rmse": 1.6662275560336182,
      "mae": 1.6662272524333428,
      "r2": 0.0,
      "block_inclusion_accuracy": 0.0,
      "avg_overpay_sat_vb": 0.0,
      "avg_underpay_sat_vb": 1.6662272524333428,
      "within_10pct": 0.0,
      "within_20pct": 0.0,
      "within_50pct": 0.0,
      "asymmetric_loss": 1.943419987940035,
      "mape": 55.54090841444476
    },
    "3block": {
      "horizon_blocks": 3,
      "model_type": "lightgbm",
      "mse": 4.0,
      "rmse": 2.0,
      "mae": 2.0,
      "r2": 0.0,
      "block_inclusion_accuracy": 0.0,
      "avg_overpay_sat_vb": 0.0,
      "avg_underpay_sat_vb": 2.0,
      "within_10pct": 0.0,
      "within_20pct": 0.0,
      "within_50pct": 0.0,
      "asymmetric_loss": 2.8000000000000003,
      "mape": 66.66666666666666
    },
    "6block": {
      "horizon_blocks": 6,
      "model_type": "lightgbm",
      "mse": 4.0,
      "rmse": 2.0,
      "mae": 2.0,
      "r2": 0.0,
      "block_inclusion_accuracy": 0.0,
      "avg_overpay_sat_vb": 0.0,
      "avg_underpay_sat_vb": 2.0,
      "within_10pct": 0.0,
      "within_20pct": 0.0,
      "within_50pct": 0.0,
      "asymmetric_loss": 2.8000000000000003,
      "mape": 66.66666666666666
    }
  }
}