{
  "timestamp": "2026-05-28T11:03:26.654875",
  "duration_seconds": 3.656159,
  "xgb_results": {
    "1block": {
      "horizon_blocks": 1,
      "mse": 1.0036574600186796,
      "rmse": 1.0018270609335125,
      "mae": 0.7895471056302389,
      "r2": 0.0,
      "block_inclusion_accuracy": 1.0,
      "avg_overpay_sat_vb": 0.7895471056302389,
      "median_overpay_sat_vb": 0.81462562084198,
      "avg_underpay_sat_vb": 0.0,
      "overpay_mape": 78.9547105630239,
      "within_10pct": 0.3333333333333333,
      "within_20pct": 0.3333333333333333,
      "within_50pct": 0.3333333333333333,
      "asymmetric_loss": 0.3010972380056039,
      "mape": 78.9547105630239
    },
    "3block": {
      "horizon_blocks": 3,
      "mse": 1.8238955512360253,
      "rmse": 1.3505167719195588,
      "mae": 0.6465948025385538,
      "r2": 0.0,
      "block_inclusion_accuracy": 1.0,
      "avg_overpay_sat_vb": 0.6465948025385538,
      "median_overpay_sat_vb": 0.08053338527679443,
      "avg_underpay_sat_vb": 0.0,
      "overpay_mape": 64.65948025385538,
      "within_10pct": 0.5,
      "within_20pct": 0.6666666666666666,
      "within_50pct": 0.8333333333333334,
      "asymmetric_loss": 0.5471686653708077,
      "mape": 64.65948025385538
    },
    "6block": {
      "horizon_blocks": 6,
      "mse": 1.8238955512360253,
      "rmse": 1.3505167719195588,
      "mae": 0.6465948025385538,
      "r2": 0.0,
      "block_inclusion_accuracy": 1.0,
      "avg_overpay_sat_vb": 0.6465948025385538,
      "median_overpay_sat_vb": 0.08053338527679443,
      "avg_underpay_sat_vb": 0.0,
      "overpay_mape": 64.65948025385538,
      "within_10pct": 0.5,
      "within_20pct": 0.6666666666666666,
      "within_50pct": 0.8333333333333334,
      "asymmetric_loss": 0.5471686653708077,
      "mape": 64.65948025385538
    }
  },
  "lgb_results": {
    "1block": {
      "horizon_blocks": 1,
      "model_type": "lightgbm",
      "mse": 0.0,
      "rmse": 0.0,
      "mae": 0.0,
      "r2": 1.0,
      "block_inclusion_accuracy": 1.0,
      "avg_overpay_sat_vb": 0.0,
      "avg_underpay_sat_vb": 0.0,
      "within_10pct": 1.0,
      "within_20pct": 1.0,
      "within_50pct": 1.0,
      "asymmetric_loss": 0.0,
      "mape": 0.0
    },
    "3block": {
      "horizon_blocks": 3,
      "model_type": "lightgbm",
      "mse": 0.0,
      "rmse": 0.0,
      "mae": 0.0,
      "r2": 1.0,
      "block_inclusion_accuracy": 1.0,
      "avg_overpay_sat_vb": 0.0,
      "avg_underpay_sat_vb": 0.0,
      "within_10pct": 1.0,
      "within_20pct": 1.0,
      "within_50pct": 1.0,
      "asymmetric_loss": 0.0,
      "mape": 0.0
    },
    "6block": {
      "horizon_blocks": 6,
      "model_type": "lightgbm",
      "mse": 0.0,
      "rmse": 0.0,
      "mae": 0.0,
      "r2": 1.0,
      "block_inclusion_accuracy": 1.0,
      "avg_overpay_sat_vb": 0.0,
      "avg_underpay_sat_vb": 0.0,
      "within_10pct": 1.0,
      "within_20pct": 1.0,
      "within_50pct": 1.0,
      "asymmetric_loss": 0.0,
      "mape": 0.0
    }
  }
}