{
  "timestamp": "2026-05-13T21:34:00.555779",
  "duration_seconds": 2.388325,
  "xgb_results": {
    "1block": {
      "horizon_blocks": 1,
      "mse": 0.2829180625512606,
      "rmse": 0.5319004254099263,
      "mae": 0.4888224204381307,
      "r2": 0.0,
      "block_inclusion_accuracy": 0.8333333333333334,
      "avg_overpay_sat_vb": 0.38612202803293866,
      "median_overpay_sat_vb": 0.3656047582626343,
      "avg_underpay_sat_vb": 0.10270039240519206,
      "overpay_mape": 12.870734267764622,
      "within_10pct": 0.3333333333333333,
      "within_20pct": 0.5,
      "within_50pct": 1.0,
      "asymmetric_loss": 0.11018910820581124,
      "mape": 16.294080681271026
    },
    "3block": {
      "horizon_blocks": 3,
      "mse": 3.1643119767694734,
      "rmse": 1.7788513082237856,
      "mae": 1.1274792353312175,
      "r2": 0.0,
      "block_inclusion_accuracy": 0.8333333333333334,
      "avg_overpay_sat_vb": 1.1198957363764446,
      "median_overpay_sat_vb": 0.6250193119049072,
      "avg_underpay_sat_vb": 0.007583498954772949,
      "overpay_mape": 37.32985787921482,
      "within_10pct": 0.5,
      "within_20pct": 0.5,
      "within_50pct": 0.8333333333333334,
      "asymmetric_loss": 0.949431615726195,
      "mape": 37.58264117770725
    },
    "6block": {
      "horizon_blocks": 6,
      "mse": 3.1643119767694734,
      "rmse": 1.7788513082237856,
      "mae": 1.1274792353312175,
      "r2": 0.0,
      "block_inclusion_accuracy": 0.8333333333333334,
      "avg_overpay_sat_vb": 1.1198957363764446,
      "median_overpay_sat_vb": 0.6250193119049072,
      "avg_underpay_sat_vb": 0.007583498954772949,
      "overpay_mape": 37.32985787921482,
      "within_10pct": 0.5,
      "within_20pct": 0.5,
      "within_50pct": 0.8333333333333334,
      "asymmetric_loss": 0.949431615726195,
      "mape": 37.58264117770725
    }
  },
  "lgb_results": {
    "1block": {
      "horizon_blocks": 1,
      "model_type": "lightgbm",
      "mse": 2.77743158492661,
      "rmse": 1.6665628055751784,
      "mae": 1.6665625357625569,
      "r2": 0.0,
      "block_inclusion_accuracy": 0.0,
      "avg_overpay_sat_vb": 0.0,
      "avg_underpay_sat_vb": 1.6665625357625569,
      "within_10pct": 0.0,
      "within_20pct": 0.0,
      "within_50pct": 0.0,
      "asymmetric_loss": 1.9442021094486266,
      "mape": 55.55208452541856
    },
    "3block": {
      "horizon_blocks": 3,
      "model_type": "lightgbm",
      "mse": 4.0,
      "rmse": 2.0,
      "mae": 2.0,
      "r2": 0.0,
      "block_inclusion_accuracy": 0.0,
      "avg_overpay_sat_vb": 0.0,
      "avg_underpay_sat_vb": 2.0,
      "within_10pct": 0.0,
      "within_20pct": 0.0,
      "within_50pct": 0.0,
      "asymmetric_loss": 2.8000000000000003,
      "mape": 66.66666666666666
    },
    "6block": {
      "horizon_blocks": 6,
      "model_type": "lightgbm",
      "mse": 4.0,
      "rmse": 2.0,
      "mae": 2.0,
      "r2": 0.0,
      "block_inclusion_accuracy": 0.0,
      "avg_overpay_sat_vb": 0.0,
      "avg_underpay_sat_vb": 2.0,
      "within_10pct": 0.0,
      "within_20pct": 0.0,
      "within_50pct": 0.0,
      "asymmetric_loss": 2.8000000000000003,
      "mape": 66.66666666666666
    }
  }
}