{
  "timestamp": "2026-05-09T08:00:35.888644",
  "duration_seconds": 1.953038,
  "xgb_results": {
    "1block": {
      "horizon_blocks": 1,
      "mse": 0.1390833349176527,
      "rmse": 0.37293878172919037,
      "mae": 0.2708909511566162,
      "r2": 0.0,
      "block_inclusion_accuracy": 1.0,
      "avg_overpay_sat_vb": 0.2708909511566162,
      "median_overpay_sat_vb": 0.2117457389831543,
      "avg_underpay_sat_vb": 0.0,
      "overpay_mape": 27.08909511566162,
      "within_10pct": 0.3333333333333333,
      "within_20pct": 0.5,
      "within_50pct": 0.6666666666666666,
      "asymmetric_loss": 0.041725000475295815,
      "mape": 27.08909511566162
    },
    "3block": {
      "horizon_blocks": 3,
      "mse": 0.6377294850544809,
      "rmse": 0.7985796673184716,
      "mae": 0.5968676606814066,
      "r2": 0.0,
      "block_inclusion_accuracy": 1.0,
      "avg_overpay_sat_vb": 0.5968676606814066,
      "median_overpay_sat_vb": 0.6309494376182556,
      "avg_underpay_sat_vb": 0.0,
      "overpay_mape": 59.68676606814066,
      "within_10pct": 0.3333333333333333,
      "within_20pct": 0.3333333333333333,
      "within_50pct": 0.3333333333333333,
      "asymmetric_loss": 0.1913188455163443,
      "mape": 59.68676606814066
    },
    "6block": {
      "horizon_blocks": 6,
      "mse": 0.6377294850544809,
      "rmse": 0.7985796673184716,
      "mae": 0.5968676606814066,
      "r2": 0.0,
      "block_inclusion_accuracy": 1.0,
      "avg_overpay_sat_vb": 0.5968676606814066,
      "median_overpay_sat_vb": 0.6309494376182556,
      "avg_underpay_sat_vb": 0.0,
      "overpay_mape": 59.68676606814066,
      "within_10pct": 0.3333333333333333,
      "within_20pct": 0.3333333333333333,
      "within_50pct": 0.3333333333333333,
      "asymmetric_loss": 0.1913188455163443,
      "mape": 59.68676606814066
    }
  },
  "lgb_results": {
    "1block": {
      "horizon_blocks": 1,
      "model_type": "lightgbm",
      "mse": 0.0,
      "rmse": 0.0,
      "mae": 0.0,
      "r2": 1.0,
      "block_inclusion_accuracy": 1.0,
      "avg_overpay_sat_vb": 0.0,
      "avg_underpay_sat_vb": 0.0,
      "within_10pct": 1.0,
      "within_20pct": 1.0,
      "within_50pct": 1.0,
      "asymmetric_loss": 0.0,
      "mape": 0.0
    },
    "3block": {
      "horizon_blocks": 3,
      "model_type": "lightgbm",
      "mse": 1.672260022680131e-05,
      "rmse": 0.004089327600816705,
      "mae": 0.004089327600816706,
      "r2": 0.0,
      "block_inclusion_accuracy": 1.0,
      "avg_overpay_sat_vb": 0.004089327600816706,
      "avg_underpay_sat_vb": 0.0,
      "within_10pct": 1.0,
      "within_20pct": 1.0,
      "within_50pct": 1.0,
      "asymmetric_loss": 5.016780068040395e-06,
      "mape": 0.40893276008167057
    },
    "6block": {
      "horizon_blocks": 6,
      "model_type": "lightgbm",
      "mse": 0.0,
      "rmse": 0.0,
      "mae": 0.0,
      "r2": 1.0,
      "block_inclusion_accuracy": 1.0,
      "avg_overpay_sat_vb": 0.0,
      "avg_underpay_sat_vb": 0.0,
      "within_10pct": 1.0,
      "within_20pct": 1.0,
      "within_50pct": 1.0,
      "asymmetric_loss": 0.0,
      "mape": 0.0
    }
  }
}