{
  "timestamp": "2026-05-04T11:13:30.213225",
  "duration_seconds": 1.772808,
  "xgb_results": {
    "1block": {
      "horizon_blocks": 1,
      "mse": 0.07493886326774184,
      "rmse": 0.2737496361052227,
      "mae": 0.2037898302078247,
      "r2": 0.0,
      "block_inclusion_accuracy": 1.0,
      "avg_overpay_sat_vb": 0.2037898302078247,
      "median_overpay_sat_vb": 0.1842641830444336,
      "avg_underpay_sat_vb": 0.0,
      "overpay_mape": 20.37898302078247,
      "within_10pct": 0.3333333333333333,
      "within_20pct": 0.6666666666666666,
      "within_50pct": 0.8333333333333334,
      "asymmetric_loss": 0.022481658980322557,
      "mape": 20.37898302078247
    },
    "3block": {
      "horizon_blocks": 3,
      "mse": 0.26164846510576467,
      "rmse": 0.511515850297686,
      "mae": 0.3490376075108846,
      "r2": 0.0,
      "block_inclusion_accuracy": 1.0,
      "avg_overpay_sat_vb": 0.3490376075108846,
      "median_overpay_sat_vb": 0.28451263904571533,
      "avg_underpay_sat_vb": 0.0,
      "overpay_mape": 34.903760751088456,
      "within_10pct": 0.3333333333333333,
      "within_20pct": 0.5,
      "within_50pct": 0.8333333333333334,
      "asymmetric_loss": 0.07849453953172941,
      "mape": 34.903760751088456
    },
    "6block": {
      "horizon_blocks": 6,
      "mse": 0.26164846510576467,
      "rmse": 0.511515850297686,
      "mae": 0.3490376075108846,
      "r2": 0.0,
      "block_inclusion_accuracy": 1.0,
      "avg_overpay_sat_vb": 0.3490376075108846,
      "median_overpay_sat_vb": 0.28451263904571533,
      "avg_underpay_sat_vb": 0.0,
      "overpay_mape": 34.903760751088456,
      "within_10pct": 0.3333333333333333,
      "within_20pct": 0.5,
      "within_50pct": 0.8333333333333334,
      "asymmetric_loss": 0.07849453953172941,
      "mape": 34.903760751088456
    }
  },
  "lgb_results": {
    "1block": {
      "horizon_blocks": 1,
      "model_type": "lightgbm",
      "mse": 0.0,
      "rmse": 0.0,
      "mae": 0.0,
      "r2": 1.0,
      "block_inclusion_accuracy": 1.0,
      "avg_overpay_sat_vb": 0.0,
      "avg_underpay_sat_vb": 0.0,
      "within_10pct": 1.0,
      "within_20pct": 1.0,
      "within_50pct": 1.0,
      "asymmetric_loss": 0.0,
      "mape": 0.0
    },
    "3block": {
      "horizon_blocks": 3,
      "model_type": "lightgbm",
      "mse": 1.672260022680131e-05,
      "rmse": 0.004089327600816705,
      "mae": 0.004089327600816706,
      "r2": 0.0,
      "block_inclusion_accuracy": 1.0,
      "avg_overpay_sat_vb": 0.004089327600816706,
      "avg_underpay_sat_vb": 0.0,
      "within_10pct": 1.0,
      "within_20pct": 1.0,
      "within_50pct": 1.0,
      "asymmetric_loss": 5.016780068040395e-06,
      "mape": 0.40893276008167057
    },
    "6block": {
      "horizon_blocks": 6,
      "model_type": "lightgbm",
      "mse": 0.0,
      "rmse": 0.0,
      "mae": 0.0,
      "r2": 1.0,
      "block_inclusion_accuracy": 1.0,
      "avg_overpay_sat_vb": 0.0,
      "avg_underpay_sat_vb": 0.0,
      "within_10pct": 1.0,
      "within_20pct": 1.0,
      "within_50pct": 1.0,
      "asymmetric_loss": 0.0,
      "mape": 0.0
    }
  }
}