{
  "timestamp": "2026-04-20T20:10:15.238835",
  "duration_seconds": 0.868799,
  "xgb_results": {
    "1block": {
      "horizon_blocks": 1,
      "mse": 0.4210361691822489,
      "rmse": 0.648872999270465,
      "mae": 0.6267353693644205,
      "r2": 0.0,
      "block_inclusion_accuracy": 0.0,
      "avg_overpay_sat_vb": 0.0,
      "median_overpay_sat_vb": 0.0,
      "avg_underpay_sat_vb": 0.6267353693644205,
      "overpay_mape": 0.0,
      "within_10pct": 0.0,
      "within_20pct": 0.5,
      "within_50pct": 1.0,
      "asymmetric_loss": 0.2947253184275742,
      "mape": 20.89117897881402
    },
    "3block": {
      "horizon_blocks": 3,
      "mse": 0.18223876952688065,
      "rmse": 0.4268943306333321,
      "mae": 0.3585493564605713,
      "r2": 0.0,
      "block_inclusion_accuracy": 0.3333333333333333,
      "avg_overpay_sat_vb": 0.058363119761149086,
      "median_overpay_sat_vb": 0.0,
      "avg_underpay_sat_vb": 0.3001862366994222,
      "overpay_mape": 1.9454373253716364,
      "within_10pct": 0.5,
      "within_20pct": 0.6666666666666666,
      "within_50pct": 1.0,
      "asymmetric_loss": 0.12291942799606088,
      "mape": 11.951645215352375
    },
    "6block": {
      "horizon_blocks": 6,
      "mse": 0.18223876952688065,
      "rmse": 0.4268943306333321,
      "mae": 0.3585493564605713,
      "r2": 0.0,
      "block_inclusion_accuracy": 0.3333333333333333,
      "avg_overpay_sat_vb": 0.058363119761149086,
      "median_overpay_sat_vb": 0.0,
      "avg_underpay_sat_vb": 0.3001862366994222,
      "overpay_mape": 1.9454373253716364,
      "within_10pct": 0.5,
      "within_20pct": 0.6666666666666666,
      "within_50pct": 1.0,
      "asymmetric_loss": 0.12291942799606088,
      "mape": 11.951645215352375
    }
  },
  "lgb_results": {
    "1block": {
      "horizon_blocks": 1,
      "model_type": "lightgbm",
      "mse": 4.0,
      "rmse": 2.0,
      "mae": 2.0,
      "r2": 0.0,
      "block_inclusion_accuracy": 0.0,
      "avg_overpay_sat_vb": 0.0,
      "avg_underpay_sat_vb": 2.0,
      "within_10pct": 0.0,
      "within_20pct": 0.0,
      "within_50pct": 0.0,
      "asymmetric_loss": 2.8000000000000003,
      "mape": 66.66666666666666
    },
    "3block": {
      "horizon_blocks": 3,
      "model_type": "lightgbm",
      "mse": 3.98365941219696,
      "rmse": 1.9959106723991833,
      "mae": 1.9959106723991835,
      "r2": 0.0,
      "block_inclusion_accuracy": 0.0,
      "avg_overpay_sat_vb": 0.0,
      "avg_underpay_sat_vb": 1.9959106723991835,
      "within_10pct": 0.0,
      "within_20pct": 0.0,
      "within_50pct": 0.0,
      "asymmetric_loss": 2.788561588537872,
      "mape": 66.53035574663944
    },
    "6block": {
      "horizon_blocks": 6,
      "model_type": "lightgbm",
      "mse": 4.0,
      "rmse": 2.0,
      "mae": 2.0,
      "r2": 0.0,
      "block_inclusion_accuracy": 0.0,
      "avg_overpay_sat_vb": 0.0,
      "avg_underpay_sat_vb": 2.0,
      "within_10pct": 0.0,
      "within_20pct": 0.0,
      "within_50pct": 0.0,
      "asymmetric_loss": 2.8000000000000003,
      "mape": 66.66666666666666
    }
  }
}