{
  "timestamp": "2026-05-12T06:21:10.474234",
  "duration_seconds": 2.393215,
  "xgb_results": {
    "1block": {
      "horizon_blocks": 1,
      "mse": 0.9845355439372719,
      "rmse": 0.9922376448902107,
      "mae": 0.8854272961616516,
      "r2": 0.0,
      "block_inclusion_accuracy": 0.0,
      "avg_overpay_sat_vb": 0.0,
      "median_overpay_sat_vb": 0.0,
      "avg_underpay_sat_vb": 0.8854272961616516,
      "overpay_mape": 0.0,
      "within_10pct": 0.3333333333333333,
      "within_20pct": 0.3333333333333333,
      "within_50pct": 1.0,
      "asymmetric_loss": 0.6891748807560903,
      "mape": 29.514243205388386
    },
    "3block": {
      "horizon_blocks": 3,
      "mse": 2.9538570018532084,
      "rmse": 1.7186788536120436,
      "mae": 1.5539602835973103,
      "r2": -10.815428007412834,
      "block_inclusion_accuracy": 0.0,
      "avg_overpay_sat_vb": 0.0,
      "median_overpay_sat_vb": 0.0,
      "avg_underpay_sat_vb": 1.5539602835973103,
      "overpay_mape": 0.0,
      "within_10pct": 0.0,
      "within_20pct": 0.0,
      "within_50pct": 0.8333333333333334,
      "asymmetric_loss": 2.067699901297246,
      "mape": 43.14076999823253
    },
    "6block": {
      "horizon_blocks": 6,
      "mse": 2.9538570018532084,
      "rmse": 1.7186788536120436,
      "mae": 1.5539602835973103,
      "r2": -10.815428007412834,
      "block_inclusion_accuracy": 0.0,
      "avg_overpay_sat_vb": 0.0,
      "median_overpay_sat_vb": 0.0,
      "avg_underpay_sat_vb": 1.5539602835973103,
      "overpay_mape": 0.0,
      "within_10pct": 0.0,
      "within_20pct": 0.0,
      "within_50pct": 0.8333333333333334,
      "asymmetric_loss": 2.067699901297246,
      "mape": 43.14076999823253
    }
  },
  "lgb_results": {
    "1block": {
      "horizon_blocks": 1,
      "model_type": "lightgbm",
      "mse": 4.0,
      "rmse": 2.0,
      "mae": 2.0,
      "r2": 0.0,
      "block_inclusion_accuracy": 0.0,
      "avg_overpay_sat_vb": 0.0,
      "avg_underpay_sat_vb": 2.0,
      "within_10pct": 0.0,
      "within_20pct": 0.0,
      "within_50pct": 0.0,
      "asymmetric_loss": 2.8000000000000003,
      "mape": 66.66666666666666
    },
    "3block": {
      "horizon_blocks": 3,
      "model_type": "lightgbm",
      "mse": 6.479570084596143,
      "rmse": 2.5454999675105365,
      "mae": 2.4959106723991833,
      "r2": -24.918280338384573,
      "block_inclusion_accuracy": 0.0,
      "avg_overpay_sat_vb": 0.0,
      "avg_underpay_sat_vb": 2.4959106723991833,
      "within_10pct": 0.0,
      "within_20pct": 0.0,
      "within_50pct": 0.0,
      "asymmetric_loss": 4.5356990592173,
      "mape": 70.71406127830952
    },
    "6block": {
      "horizon_blocks": 6,
      "model_type": "lightgbm",
      "mse": 6.5,
      "rmse": 2.5495097567963922,
      "mae": 2.5,
      "r2": -25.0,
      "block_inclusion_accuracy": 0.0,
      "avg_overpay_sat_vb": 0.0,
      "avg_underpay_sat_vb": 2.5,
      "within_10pct": 0.0,
      "within_20pct": 0.0,
      "within_50pct": 0.0,
      "asymmetric_loss": 4.55,
      "mape": 70.83333333333334
    }
  }
}