{
  "timestamp": "2026-06-03T20:27:03.984932",
  "duration_seconds": 3.827205,
  "xgb_results": {
    "1block": {
      "horizon_blocks": 1,
      "mse": 2.7402313212271565,
      "rmse": 1.6553644073819989,
      "mae": 1.6071550051371257,
      "r2": 0.0,
      "block_inclusion_accuracy": 0.0,
      "avg_overpay_sat_vb": 0.0,
      "median_overpay_sat_vb": 0.0,
      "avg_underpay_sat_vb": 1.6071550051371257,
      "overpay_mape": 0.0,
      "within_10pct": 0.0,
      "within_20pct": 0.5,
      "within_50pct": 1.0,
      "asymmetric_loss": 1.9181619248590096,
      "mape": 20.089437564214073
    },
    "3block": {
      "horizon_blocks": 3,
      "mse": 13.51343765110289,
      "rmse": 3.676062792051149,
      "mae": 3.0723531246185303,
      "r2": 0.0,
      "block_inclusion_accuracy": 0.0,
      "avg_overpay_sat_vb": 0.0,
      "median_overpay_sat_vb": 0.0,
      "avg_underpay_sat_vb": 3.0723531246185303,
      "overpay_mape": 0.0,
      "within_10pct": 0.16666666666666666,
      "within_20pct": 0.16666666666666666,
      "within_50pct": 0.6666666666666666,
      "asymmetric_loss": 9.459406355772023,
      "mape": 34.13725694020589
    },
    "6block": {
      "horizon_blocks": 6,
      "mse": 13.51343765110289,
      "rmse": 3.676062792051149,
      "mae": 3.0723531246185303,
      "r2": 0.0,
      "block_inclusion_accuracy": 0.0,
      "avg_overpay_sat_vb": 0.0,
      "median_overpay_sat_vb": 0.0,
      "avg_underpay_sat_vb": 3.0723531246185303,
      "overpay_mape": 0.0,
      "within_10pct": 0.16666666666666666,
      "within_20pct": 0.16666666666666666,
      "within_50pct": 0.6666666666666666,
      "asymmetric_loss": 9.459406355772023,
      "mape": 34.13725694020589
    }
  },
  "lgb_results": {
    "1block": {
      "horizon_blocks": 1,
      "model_type": "lightgbm",
      "mse": 49.0,
      "rmse": 7.0,
      "mae": 7.0,
      "r2": 0.0,
      "block_inclusion_accuracy": 0.0,
      "avg_overpay_sat_vb": 0.0,
      "avg_underpay_sat_vb": 7.0,
      "within_10pct": 0.0,
      "within_20pct": 0.0,
      "within_50pct": 0.0,
      "asymmetric_loss": 34.300000000000004,
      "mape": 87.5
    },
    "3block": {
      "horizon_blocks": 3,
      "model_type": "lightgbm",
      "mse": 64.0,
      "rmse": 8.0,
      "mae": 8.0,
      "r2": 0.0,
      "block_inclusion_accuracy": 0.0,
      "avg_overpay_sat_vb": 0.0,
      "avg_underpay_sat_vb": 8.0,
      "within_10pct": 0.0,
      "within_20pct": 0.0,
      "within_50pct": 0.0,
      "asymmetric_loss": 44.800000000000004,
      "mape": 88.8888888888889
    },
    "6block": {
      "horizon_blocks": 6,
      "model_type": "lightgbm",
      "mse": 64.0,
      "rmse": 8.0,
      "mae": 8.0,
      "r2": 0.0,
      "block_inclusion_accuracy": 0.0,
      "avg_overpay_sat_vb": 0.0,
      "avg_underpay_sat_vb": 8.0,
      "within_10pct": 0.0,
      "within_20pct": 0.0,
      "within_50pct": 0.0,
      "asymmetric_loss": 44.800000000000004,
      "mape": 88.8888888888889
    }
  }
}