{
  "timestamp": "2026-04-20T11:32:30.257909",
  "duration_seconds": 0.754933,
  "xgb_results": {
    "1block": {
      "horizon_blocks": 1,
      "mse": 0.44918497312461625,
      "rmse": 0.6702126327700906,
      "mae": 0.5781765381495158,
      "r2": -0.796739892498465,
      "block_inclusion_accuracy": 0.5,
      "avg_overpay_sat_vb": 0.4545325040817261,
      "median_overpay_sat_vb": 0.3860098719596863,
      "avg_underpay_sat_vb": 0.12364403406778972,
      "overpay_mape": 45.45325040817261,
      "within_10pct": 0.0,
      "within_20pct": 0.5,
      "within_50pct": 0.5,
      "asymmetric_loss": 0.1469927017394227,
      "mape": 51.635452111562095
    },
    "3block": {
      "horizon_blocks": 3,
      "mse": 1.9197309155280824,
      "rmse": 1.3855435451576692,
      "mae": 1.2840161720911663,
      "r2": 0.0,
      "block_inclusion_accuracy": 1.0,
      "avg_overpay_sat_vb": 1.2840161720911663,
      "median_overpay_sat_vb": 1.3775355815887451,
      "avg_underpay_sat_vb": 0.0,
      "overpay_mape": 128.40161720911664,
      "within_10pct": 0.0,
      "within_20pct": 0.0,
      "within_50pct": 0.0,
      "asymmetric_loss": 0.5759192746584249,
      "mape": 128.40161720911664
    },
    "6block": {
      "horizon_blocks": 6,
      "mse": 1.9197309155280824,
      "rmse": 1.3855435451576692,
      "mae": 1.2840161720911663,
      "r2": 0.0,
      "block_inclusion_accuracy": 1.0,
      "avg_overpay_sat_vb": 1.2840161720911663,
      "median_overpay_sat_vb": 1.3775355815887451,
      "avg_underpay_sat_vb": 0.0,
      "overpay_mape": 128.40161720911664,
      "within_10pct": 0.0,
      "within_20pct": 0.0,
      "within_50pct": 0.0,
      "asymmetric_loss": 0.5759192746584249,
      "mape": 128.40161720911664
    }
  },
  "lgb_results": {
    "1block": {
      "horizon_blocks": 1,
      "model_type": "lightgbm",
      "mse": 0.5,
      "rmse": 0.7071067811865476,
      "mae": 0.5,
      "r2": -1.0,
      "block_inclusion_accuracy": 0.5,
      "avg_overpay_sat_vb": 0.0,
      "avg_underpay_sat_vb": 0.5,
      "within_10pct": 0.5,
      "within_20pct": 0.5,
      "within_50pct": 0.5,
      "asymmetric_loss": 0.3499999999999999,
      "mape": 25.0
    },
    "3block": {
      "horizon_blocks": 3,
      "model_type": "lightgbm",
      "mse": 1.672260022680131e-05,
      "rmse": 0.004089327600816705,
      "mae": 0.004089327600816706,
      "r2": 0.0,
      "block_inclusion_accuracy": 1.0,
      "avg_overpay_sat_vb": 0.004089327600816706,
      "avg_underpay_sat_vb": 0.0,
      "within_10pct": 1.0,
      "within_20pct": 1.0,
      "within_50pct": 1.0,
      "asymmetric_loss": 5.016780068040395e-06,
      "mape": 0.40893276008167057
    },
    "6block": {
      "horizon_blocks": 6,
      "model_type": "lightgbm",
      "mse": 0.0,
      "rmse": 0.0,
      "mae": 0.0,
      "r2": 1.0,
      "block_inclusion_accuracy": 1.0,
      "avg_overpay_sat_vb": 0.0,
      "avg_underpay_sat_vb": 0.0,
      "within_10pct": 1.0,
      "within_20pct": 1.0,
      "within_50pct": 1.0,
      "asymmetric_loss": 0.0,
      "mape": 0.0
    }
  }
}