{
  "timestamp": "2026-04-21T02:14:07.200209",
  "duration_seconds": 0.916239,
  "xgb_results": {
    "1block": {
      "horizon_blocks": 1,
      "mse": 0.011685627761584291,
      "rmse": 0.10810008215345764,
      "mae": 0.10260645548502605,
      "r2": 0.0,
      "block_inclusion_accuracy": 0.16666666666666666,
      "avg_overpay_sat_vb": 0.01685794194539388,
      "median_overpay_sat_vb": 0.0,
      "avg_underpay_sat_vb": 0.08574851353963216,
      "overpay_mape": 0.842897097269694,
      "within_10pct": 1.0,
      "within_20pct": 1.0,
      "within_50pct": 1.0,
      "asymmetric_loss": 0.0074978829371867535,
      "mape": 5.130322774251303
    },
    "3block": {
      "horizon_blocks": 3,
      "mse": 0.06514027212882685,
      "rmse": 0.2552259237006046,
      "mae": 0.19332359234491983,
      "r2": 0.0,
      "block_inclusion_accuracy": 0.6666666666666666,
      "avg_overpay_sat_vb": 0.10904669761657715,
      "median_overpay_sat_vb": 0.017282724380493164,
      "avg_underpay_sat_vb": 0.0842768947283427,
      "overpay_mape": 5.452334880828857,
      "within_10pct": 0.6666666666666666,
      "within_20pct": 0.8333333333333334,
      "within_50pct": 1.0,
      "asymmetric_loss": 0.02979731144067041,
      "mape": 9.66617961724599
    },
    "6block": {
      "horizon_blocks": 6,
      "mse": 0.06514027212882685,
      "rmse": 0.2552259237006046,
      "mae": 0.19332359234491983,
      "r2": 0.0,
      "block_inclusion_accuracy": 0.6666666666666666,
      "avg_overpay_sat_vb": 0.10904669761657715,
      "median_overpay_sat_vb": 0.017282724380493164,
      "avg_underpay_sat_vb": 0.0842768947283427,
      "overpay_mape": 5.452334880828857,
      "within_10pct": 0.6666666666666666,
      "within_20pct": 0.8333333333333334,
      "within_50pct": 1.0,
      "asymmetric_loss": 0.02979731144067041,
      "mape": 9.66617961724599
    }
  },
  "lgb_results": {
    "1block": {
      "horizon_blocks": 1,
      "model_type": "lightgbm",
      "mse": 1.0,
      "rmse": 1.0,
      "mae": 1.0,
      "r2": 0.0,
      "block_inclusion_accuracy": 0.0,
      "avg_overpay_sat_vb": 0.0,
      "avg_underpay_sat_vb": 1.0,
      "within_10pct": 0.0,
      "within_20pct": 0.0,
      "within_50pct": 0.0,
      "asymmetric_loss": 0.7000000000000001,
      "mape": 50.0
    },
    "3block": {
      "horizon_blocks": 3,
      "model_type": "lightgbm",
      "mse": 0.9918380673985933,
      "rmse": 0.9959106723991832,
      "mae": 0.9959106723991834,
      "r2": 0.0,
      "block_inclusion_accuracy": 0.0,
      "avg_overpay_sat_vb": 0.0,
      "avg_underpay_sat_vb": 0.9959106723991834,
      "within_10pct": 0.0,
      "within_20pct": 0.0,
      "within_50pct": 1.0,
      "asymmetric_loss": 0.6942866471790153,
      "mape": 49.79553361995917
    },
    "6block": {
      "horizon_blocks": 6,
      "model_type": "lightgbm",
      "mse": 1.0,
      "rmse": 1.0,
      "mae": 1.0,
      "r2": 0.0,
      "block_inclusion_accuracy": 0.0,
      "avg_overpay_sat_vb": 0.0,
      "avg_underpay_sat_vb": 1.0,
      "within_10pct": 0.0,
      "within_20pct": 0.0,
      "within_50pct": 0.0,
      "asymmetric_loss": 0.7000000000000001,
      "mape": 50.0
    }
  }
}