{
  "timestamp": "2026-04-24T11:13:29.747938",
  "duration_seconds": 0.961905,
  "xgb_results": {
    "1block": {
      "horizon_blocks": 1,
      "mse": 0.05278570093881759,
      "rmse": 0.22975138941651166,
      "mae": 0.2194366455078125,
      "r2": 0.0,
      "block_inclusion_accuracy": 0.0,
      "avg_overpay_sat_vb": 0.0,
      "median_overpay_sat_vb": 0.0,
      "avg_underpay_sat_vb": 0.2194366455078125,
      "overpay_mape": 0.0,
      "within_10pct": 0.3333333333333333,
      "within_20pct": 1.0,
      "within_50pct": 1.0,
      "asymmetric_loss": 0.036949990657172305,
      "mape": 10.971832275390625
    },
    "3block": {
      "horizon_blocks": 3,
      "mse": 1.498266329980557,
      "rmse": 1.22403689894568,
      "mae": 1.151178518931071,
      "r2": -4.993065319922228,
      "block_inclusion_accuracy": 0.0,
      "avg_overpay_sat_vb": 0.0,
      "median_overpay_sat_vb": 0.0,
      "avg_underpay_sat_vb": 1.151178518931071,
      "overpay_mape": 0.0,
      "within_10pct": 0.0,
      "within_20pct": 0.0,
      "within_50pct": 0.6666666666666666,
      "asymmetric_loss": 1.04878643098639,
      "mape": 45.0041499402788
    },
    "6block": {
      "horizon_blocks": 6,
      "mse": 1.498266329980557,
      "rmse": 1.22403689894568,
      "mae": 1.151178518931071,
      "r2": -4.993065319922228,
      "block_inclusion_accuracy": 0.0,
      "avg_overpay_sat_vb": 0.0,
      "median_overpay_sat_vb": 0.0,
      "avg_underpay_sat_vb": 1.151178518931071,
      "overpay_mape": 0.0,
      "within_10pct": 0.0,
      "within_20pct": 0.0,
      "within_50pct": 0.6666666666666666,
      "asymmetric_loss": 1.04878643098639,
      "mape": 45.0041499402788
    }
  },
  "lgb_results": {
    "1block": {
      "horizon_blocks": 1,
      "model_type": "lightgbm",
      "mse": 1.0,
      "rmse": 1.0,
      "mae": 1.0,
      "r2": 0.0,
      "block_inclusion_accuracy": 0.0,
      "avg_overpay_sat_vb": 0.0,
      "avg_underpay_sat_vb": 1.0,
      "within_10pct": 0.0,
      "within_20pct": 0.0,
      "within_50pct": 0.0,
      "asymmetric_loss": 0.7000000000000001,
      "mape": 50.0
    },
    "3block": {
      "horizon_blocks": 3,
      "model_type": "lightgbm",
      "mse": 2.5,
      "rmse": 1.5811388300841898,
      "mae": 1.5,
      "r2": -9.0,
      "block_inclusion_accuracy": 0.0,
      "avg_overpay_sat_vb": 0.0,
      "avg_underpay_sat_vb": 1.5,
      "within_10pct": 0.0,
      "within_20pct": 0.0,
      "within_50pct": 0.0,
      "asymmetric_loss": 1.75,
      "mape": 58.33333333333333
    },
    "6block": {
      "horizon_blocks": 6,
      "model_type": "lightgbm",
      "mse": 2.5,
      "rmse": 1.5811388300841898,
      "mae": 1.5,
      "r2": -9.0,
      "block_inclusion_accuracy": 0.0,
      "avg_overpay_sat_vb": 0.0,
      "avg_underpay_sat_vb": 1.5,
      "within_10pct": 0.0,
      "within_20pct": 0.0,
      "within_50pct": 0.0,
      "asymmetric_loss": 1.75,
      "mape": 58.33333333333333
    }
  }
}