{
  "timestamp": "2026-06-13T09:02:32.949766",
  "duration_seconds": 4.094302,
  "xgb_results": {
    "1block": {
      "horizon_blocks": 1,
      "mse": 0.6666666666666666,
      "rmse": 0.816496580927726,
      "mae": 0.6666666666666666,
      "r2": -1.9999999999999991,
      "block_inclusion_accuracy": 0.3333333333333333,
      "avg_overpay_sat_vb": 0.0,
      "median_overpay_sat_vb": 0.0,
      "avg_underpay_sat_vb": 0.6666666666666666,
      "overpay_mape": 0.0,
      "within_10pct": 0.3333333333333333,
      "within_20pct": 0.3333333333333333,
      "within_50pct": 0.3333333333333333,
      "asymmetric_loss": 0.4666666666666666,
      "mape": 33.33333333333333
    },
    "3block": {
      "horizon_blocks": 3,
      "mse": 3.0936330103793446,
      "rmse": 1.7588726532581445,
      "mae": 1.5671083529790242,
      "r2": 0.0,
      "block_inclusion_accuracy": 0.5,
      "avg_overpay_sat_vb": 1.1301545699437459,
      "median_overpay_sat_vb": 0.8912307024002075,
      "avg_underpay_sat_vb": 0.4369537830352783,
      "overpay_mape": 56.507728497187294,
      "within_10pct": 0.0,
      "within_20pct": 0.0,
      "within_50pct": 0.16666666666666666,
      "asymmetric_loss": 1.087192510678577,
      "mape": 78.3554176489512
    },
    "6block": {
      "horizon_blocks": 6,
      "mse": 3.0936330103793446,
      "rmse": 1.7588726532581445,
      "mae": 1.5671083529790242,
      "r2": 0.0,
      "block_inclusion_accuracy": 0.5,
      "avg_overpay_sat_vb": 1.1301545699437459,
      "median_overpay_sat_vb": 0.8912307024002075,
      "avg_underpay_sat_vb": 0.4369537830352783,
      "overpay_mape": 56.507728497187294,
      "within_10pct": 0.0,
      "within_20pct": 0.0,
      "within_50pct": 0.16666666666666666,
      "asymmetric_loss": 1.087192510678577,
      "mape": 78.3554176489512
    }
  },
  "lgb_results": {
    "1block": {
      "horizon_blocks": 1,
      "model_type": "lightgbm",
      "mse": 0.6666666666666666,
      "rmse": 0.816496580927726,
      "mae": 0.6666666666666666,
      "r2": -1.9999999999999991,
      "block_inclusion_accuracy": 0.3333333333333333,
      "avg_overpay_sat_vb": 0.0,
      "avg_underpay_sat_vb": 0.6666666666666666,
      "within_10pct": 0.3333333333333333,
      "within_20pct": 0.3333333333333333,
      "within_50pct": 0.3333333333333333,
      "asymmetric_loss": 0.4666666666666666,
      "mape": 33.33333333333333
    },
    "3block": {
      "horizon_blocks": 3,
      "model_type": "lightgbm",
      "mse": 1.0,
      "rmse": 1.0,
      "mae": 1.0,
      "r2": 0.0,
      "block_inclusion_accuracy": 0.0,
      "avg_overpay_sat_vb": 0.0,
      "avg_underpay_sat_vb": 1.0,
      "within_10pct": 0.0,
      "within_20pct": 0.0,
      "within_50pct": 0.0,
      "asymmetric_loss": 0.7000000000000001,
      "mape": 50.0
    },
    "6block": {
      "horizon_blocks": 6,
      "model_type": "lightgbm",
      "mse": 1.0,
      "rmse": 1.0,
      "mae": 1.0,
      "r2": 0.0,
      "block_inclusion_accuracy": 0.0,
      "avg_overpay_sat_vb": 0.0,
      "avg_underpay_sat_vb": 1.0,
      "within_10pct": 0.0,
      "within_20pct": 0.0,
      "within_50pct": 0.0,
      "asymmetric_loss": 0.7000000000000001,
      "mape": 50.0
    }
  }
}