{
  "timestamp": "2026-05-01T21:58:14.724707",
  "duration_seconds": 1.641565,
  "xgb_results": {
    "1block": {
      "horizon_blocks": 1,
      "mse": 0.011880694641985675,
      "rmse": 0.1089985992661634,
      "mae": 0.0451995333035787,
      "r2": 0.0,
      "block_inclusion_accuracy": 1.0,
      "avg_overpay_sat_vb": 0.0451995333035787,
      "median_overpay_sat_vb": 0.0,
      "avg_underpay_sat_vb": 0.0,
      "overpay_mape": 4.51995333035787,
      "within_10pct": 0.8333333333333334,
      "within_20pct": 0.8333333333333334,
      "within_50pct": 1.0,
      "asymmetric_loss": 0.003564208392595703,
      "mape": 4.51995333035787
    },
    "3block": {
      "horizon_blocks": 3,
      "mse": 0.4998528086030494,
      "rmse": 0.7070026934906609,
      "mae": 0.33161550760269165,
      "r2": 0.0,
      "block_inclusion_accuracy": 1.0,
      "avg_overpay_sat_vb": 0.33161550760269165,
      "median_overpay_sat_vb": 0.028846681118011475,
      "avg_underpay_sat_vb": 0.0,
      "overpay_mape": 33.161550760269165,
      "within_10pct": 0.6666666666666666,
      "within_20pct": 0.6666666666666666,
      "within_50pct": 0.8333333333333334,
      "asymmetric_loss": 0.14995584258091488,
      "mape": 33.161550760269165
    },
    "6block": {
      "horizon_blocks": 6,
      "mse": 0.4998528086030494,
      "rmse": 0.7070026934906609,
      "mae": 0.33161550760269165,
      "r2": 0.0,
      "block_inclusion_accuracy": 1.0,
      "avg_overpay_sat_vb": 0.33161550760269165,
      "median_overpay_sat_vb": 0.028846681118011475,
      "avg_underpay_sat_vb": 0.0,
      "overpay_mape": 33.161550760269165,
      "within_10pct": 0.6666666666666666,
      "within_20pct": 0.6666666666666666,
      "within_50pct": 0.8333333333333334,
      "asymmetric_loss": 0.14995584258091488,
      "mape": 33.161550760269165
    }
  },
  "lgb_results": {
    "1block": {
      "horizon_blocks": 1,
      "model_type": "lightgbm",
      "mse": 0.0,
      "rmse": 0.0,
      "mae": 0.0,
      "r2": 1.0,
      "block_inclusion_accuracy": 1.0,
      "avg_overpay_sat_vb": 0.0,
      "avg_underpay_sat_vb": 0.0,
      "within_10pct": 1.0,
      "within_20pct": 1.0,
      "within_50pct": 1.0,
      "asymmetric_loss": 0.0,
      "mape": 0.0
    },
    "3block": {
      "horizon_blocks": 3,
      "model_type": "lightgbm",
      "mse": 0.0,
      "rmse": 0.0,
      "mae": 0.0,
      "r2": 1.0,
      "block_inclusion_accuracy": 1.0,
      "avg_overpay_sat_vb": 0.0,
      "avg_underpay_sat_vb": 0.0,
      "within_10pct": 1.0,
      "within_20pct": 1.0,
      "within_50pct": 1.0,
      "asymmetric_loss": 0.0,
      "mape": 0.0
    },
    "6block": {
      "horizon_blocks": 6,
      "model_type": "lightgbm",
      "mse": 0.0,
      "rmse": 0.0,
      "mae": 0.0,
      "r2": 1.0,
      "block_inclusion_accuracy": 1.0,
      "avg_overpay_sat_vb": 0.0,
      "avg_underpay_sat_vb": 0.0,
      "within_10pct": 1.0,
      "within_20pct": 1.0,
      "within_50pct": 1.0,
      "asymmetric_loss": 0.0,
      "mape": 0.0
    }
  }
}