{
  "timestamp": "2026-05-24T13:23:02.087462",
  "duration_seconds": 3.508165,
  "xgb_results": {
    "1block": {
      "horizon_blocks": 1,
      "mse": 0.3594176920425767,
      "rmse": 0.5995145469816197,
      "mae": 0.5744954943656921,
      "r2": 0.0,
      "block_inclusion_accuracy": 0.0,
      "avg_overpay_sat_vb": 0.0,
      "median_overpay_sat_vb": 0.0,
      "avg_underpay_sat_vb": 0.5744954943656921,
      "overpay_mape": 0.0,
      "within_10pct": 0.0,
      "within_20pct": 0.16666666666666666,
      "within_50pct": 1.0,
      "asymmetric_loss": 0.25159238442980364,
      "mape": 28.724774718284607
    },
    "3block": {
      "horizon_blocks": 3,
      "mse": 3.18094870737058,
      "rmse": 1.783521434513917,
      "mae": 1.5075118939081829,
      "r2": 0.0,
      "block_inclusion_accuracy": 1.0,
      "avg_overpay_sat_vb": 1.5075118939081829,
      "median_overpay_sat_vb": 1.8273533582687378,
      "avg_underpay_sat_vb": 0.0,
      "overpay_mape": 75.37559469540915,
      "within_10pct": 0.0,
      "within_20pct": 0.3333333333333333,
      "within_50pct": 0.3333333333333333,
      "asymmetric_loss": 0.9542846122111741,
      "mape": 75.37559469540915
    },
    "6block": {
      "horizon_blocks": 6,
      "mse": 3.18094870737058,
      "rmse": 1.783521434513917,
      "mae": 1.5075118939081829,
      "r2": 0.0,
      "block_inclusion_accuracy": 1.0,
      "avg_overpay_sat_vb": 1.5075118939081829,
      "median_overpay_sat_vb": 1.8273533582687378,
      "avg_underpay_sat_vb": 0.0,
      "overpay_mape": 75.37559469540915,
      "within_10pct": 0.0,
      "within_20pct": 0.3333333333333333,
      "within_50pct": 0.3333333333333333,
      "asymmetric_loss": 0.9542846122111741,
      "mape": 75.37559469540915
    }
  },
  "lgb_results": {
    "1block": {
      "horizon_blocks": 1,
      "model_type": "lightgbm",
      "mse": 0.7458370089727663,
      "rmse": 0.8636185552503873,
      "mae": 0.8636185552503871,
      "r2": 0.0,
      "block_inclusion_accuracy": 0.0,
      "avg_overpay_sat_vb": 0.0,
      "avg_underpay_sat_vb": 0.8636185552503871,
      "within_10pct": 0.0,
      "within_20pct": 0.0,
      "within_50pct": 1.0,
      "asymmetric_loss": 0.5220859062809363,
      "mape": 43.18092776251935
    },
    "3block": {
      "horizon_blocks": 3,
      "model_type": "lightgbm",
      "mse": 1.0,
      "rmse": 1.0,
      "mae": 1.0,
      "r2": 0.0,
      "block_inclusion_accuracy": 0.0,
      "avg_overpay_sat_vb": 0.0,
      "avg_underpay_sat_vb": 1.0,
      "within_10pct": 0.0,
      "within_20pct": 0.0,
      "within_50pct": 0.0,
      "asymmetric_loss": 0.7000000000000001,
      "mape": 50.0
    },
    "6block": {
      "horizon_blocks": 6,
      "model_type": "lightgbm",
      "mse": 1.0,
      "rmse": 1.0,
      "mae": 1.0,
      "r2": 0.0,
      "block_inclusion_accuracy": 0.0,
      "avg_overpay_sat_vb": 0.0,
      "avg_underpay_sat_vb": 1.0,
      "within_10pct": 0.0,
      "within_20pct": 0.0,
      "within_50pct": 0.0,
      "asymmetric_loss": 0.7000000000000001,
      "mape": 50.0
    }
  }
}