{
  "timestamp": "2026-06-18T06:03:37.929880",
  "duration_seconds": 4.538133,
  "xgb_results": {
    "1block": {
      "horizon_blocks": 1,
      "mse": 6.737442761920174,
      "rmse": 2.595658444772766,
      "mae": 2.4726444085439048,
      "r2": -29.31849242864078,
      "block_inclusion_accuracy": 1.0,
      "avg_overpay_sat_vb": 2.4726444085439048,
      "median_overpay_sat_vb": 2.2310627698898315,
      "avg_underpay_sat_vb": 0.0,
      "overpay_mape": 112.04933590359157,
      "within_10pct": 0.0,
      "within_20pct": 0.0,
      "within_50pct": 0.0,
      "asymmetric_loss": 2.021232828576052,
      "mape": 112.04933590359157
    },
    "3block": {
      "horizon_blocks": 3,
      "mse": 1.5160118916860508,
      "rmse": 1.231264346793998,
      "mae": 1.1250179409980774,
      "r2": 0.0,
      "block_inclusion_accuracy": 0.5,
      "avg_overpay_sat_vb": 0.6583273410797119,
      "median_overpay_sat_vb": 0.22458362579345703,
      "avg_underpay_sat_vb": 0.4666905999183655,
      "overpay_mape": 32.916367053985596,
      "within_10pct": 0.0,
      "within_20pct": 0.0,
      "within_50pct": 0.5,
      "asymmetric_loss": 0.6302574462251582,
      "mape": 56.25089704990387
    },
    "6block": {
      "horizon_blocks": 6,
      "mse": 1.5160118916860508,
      "rmse": 1.231264346793998,
      "mae": 1.1250179409980774,
      "r2": 0.0,
      "block_inclusion_accuracy": 0.5,
      "avg_overpay_sat_vb": 0.6583273410797119,
      "median_overpay_sat_vb": 0.22458362579345703,
      "avg_underpay_sat_vb": 0.4666905999183655,
      "overpay_mape": 32.916367053985596,
      "within_10pct": 0.0,
      "within_20pct": 0.0,
      "within_50pct": 0.5,
      "asymmetric_loss": 0.6302574462251582,
      "mape": 56.25089704990387
    }
  },
  "lgb_results": {
    "1block": {
      "horizon_blocks": 1,
      "model_type": "lightgbm",
      "mse": 2.0,
      "rmse": 1.4142135623730951,
      "mae": 1.3333333333333333,
      "r2": -8.0,
      "block_inclusion_accuracy": 0.0,
      "avg_overpay_sat_vb": 0.0,
      "avg_underpay_sat_vb": 1.3333333333333333,
      "within_10pct": 0.0,
      "within_20pct": 0.0,
      "within_50pct": 0.0,
      "asymmetric_loss": 1.4000000000000001,
      "mape": 55.55555555555555
    },
    "3block": {
      "horizon_blocks": 3,
      "model_type": "lightgbm",
      "mse": 0.9918380673985933,
      "rmse": 0.9959106723991832,
      "mae": 0.9959106723991834,
      "r2": 0.0,
      "block_inclusion_accuracy": 0.0,
      "avg_overpay_sat_vb": 0.0,
      "avg_underpay_sat_vb": 0.9959106723991834,
      "within_10pct": 0.0,
      "within_20pct": 0.0,
      "within_50pct": 1.0,
      "asymmetric_loss": 0.6942866471790153,
      "mape": 49.79553361995917
    },
    "6block": {
      "horizon_blocks": 6,
      "model_type": "lightgbm",
      "mse": 1.0,
      "rmse": 1.0,
      "mae": 1.0,
      "r2": 0.0,
      "block_inclusion_accuracy": 0.0,
      "avg_overpay_sat_vb": 0.0,
      "avg_underpay_sat_vb": 1.0,
      "within_10pct": 0.0,
      "within_20pct": 0.0,
      "within_50pct": 0.0,
      "asymmetric_loss": 0.7000000000000001,
      "mape": 50.0
    }
  }
}