{
  "timestamp": "2026-06-19T00:33:44.912627",
  "duration_seconds": 4.591904,
  "xgb_results": {
    "1block": {
      "horizon_blocks": 1,
      "mse": 2.0253123423404062,
      "rmse": 1.4231346887559189,
      "mae": 1.3595518072446187,
      "r2": 0.0,
      "block_inclusion_accuracy": 0.3333333333333333,
      "avg_overpay_sat_vb": 0.4010952313741048,
      "median_overpay_sat_vb": 0.0,
      "avg_underpay_sat_vb": 0.9584565758705139,
      "overpay_mape": 13.369841045803495,
      "within_10pct": 0.0,
      "within_20pct": 0.0,
      "within_50pct": 0.6666666666666666,
      "asymmetric_loss": 1.219084453961295,
      "mape": 45.31839357482062
    },
    "3block": {
      "horizon_blocks": 3,
      "mse": 7.588068626468233,
      "rmse": 2.754644918400234,
      "mae": 2.5499887466430664,
      "r2": 0.0,
      "block_inclusion_accuracy": 0.6666666666666666,
      "avg_overpay_sat_vb": 1.8833220799763997,
      "median_overpay_sat_vb": 1.72402024269104,
      "avg_underpay_sat_vb": 0.6666666666666666,
      "overpay_mape": 62.77740266588,
      "within_10pct": 0.0,
      "within_20pct": 0.0,
      "within_50pct": 0.16666666666666666,
      "asymmetric_loss": 2.809753921273803,
      "mape": 84.9996248881022
    },
    "6block": {
      "horizon_blocks": 6,
      "mse": 7.588068626468233,
      "rmse": 2.754644918400234,
      "mae": 2.5499887466430664,
      "r2": 0.0,
      "block_inclusion_accuracy": 0.6666666666666666,
      "avg_overpay_sat_vb": 1.8833220799763997,
      "median_overpay_sat_vb": 1.72402024269104,
      "avg_underpay_sat_vb": 0.6666666666666666,
      "overpay_mape": 62.77740266588,
      "within_10pct": 0.0,
      "within_20pct": 0.0,
      "within_50pct": 0.16666666666666666,
      "asymmetric_loss": 2.809753921273803,
      "mape": 84.9996248881022
    }
  },
  "lgb_results": {
    "1block": {
      "horizon_blocks": 1,
      "model_type": "lightgbm",
      "mse": 2.680935817139656,
      "rmse": 1.6373563500776658,
      "mae": 1.6373563500776658,
      "r2": 0.0,
      "block_inclusion_accuracy": 0.0,
      "avg_overpay_sat_vb": 0.0,
      "avg_underpay_sat_vb": 1.6373563500776658,
      "within_10pct": 0.0,
      "within_20pct": 0.0,
      "within_50pct": 0.0,
      "asymmetric_loss": 1.8766550719977586,
      "mape": 54.57854500258886
    },
    "3block": {
      "horizon_blocks": 3,
      "model_type": "lightgbm",
      "mse": 3.98365941219696,
      "rmse": 1.9959106723991833,
      "mae": 1.9959106723991835,
      "r2": 0.0,
      "block_inclusion_accuracy": 0.0,
      "avg_overpay_sat_vb": 0.0,
      "avg_underpay_sat_vb": 1.9959106723991835,
      "within_10pct": 0.0,
      "within_20pct": 0.0,
      "within_50pct": 0.0,
      "asymmetric_loss": 2.788561588537872,
      "mape": 66.53035574663944
    },
    "6block": {
      "horizon_blocks": 6,
      "model_type": "lightgbm",
      "mse": 4.0,
      "rmse": 2.0,
      "mae": 2.0,
      "r2": 0.0,
      "block_inclusion_accuracy": 0.0,
      "avg_overpay_sat_vb": 0.0,
      "avg_underpay_sat_vb": 2.0,
      "within_10pct": 0.0,
      "within_20pct": 0.0,
      "within_50pct": 0.0,
      "asymmetric_loss": 2.8000000000000003,
      "mape": 66.66666666666666
    }
  }
}