{
  "timestamp": "2026-05-26T08:44:36.260410",
  "duration_seconds": 3.306855,
  "xgb_results": {
    "1block": {
      "horizon_blocks": 1,
      "mse": 0.505021105731044,
      "rmse": 0.7106483699629824,
      "mae": 0.6248591939608256,
      "r2": 0.0,
      "block_inclusion_accuracy": 0.8333333333333334,
      "avg_overpay_sat_vb": 0.513576865196228,
      "median_overpay_sat_vb": 0.5137141942977905,
      "avg_underpay_sat_vb": 0.11128232876459758,
      "overpay_mape": 25.6788432598114,
      "within_10pct": 0.16666666666666666,
      "within_20pct": 0.3333333333333333,
      "within_50pct": 0.8333333333333334,
      "asymmetric_loss": 0.18122734778796593,
      "mape": 31.24295969804128
    },
    "3block": {
      "horizon_blocks": 3,
      "mse": 8.824835419436388,
      "rmse": 2.97066245464482,
      "mae": 2.4790390729904175,
      "r2": 0.0,
      "block_inclusion_accuracy": 0.6666666666666666,
      "avg_overpay_sat_vb": 2.145705739657084,
      "median_overpay_sat_vb": 1.9715255498886108,
      "avg_underpay_sat_vb": 0.3333333333333333,
      "overpay_mape": 107.2852869828542,
      "within_10pct": 0.0,
      "within_20pct": 0.0,
      "within_50pct": 0.0,
      "asymmetric_loss": 2.78078395916425,
      "mape": 123.95195364952087
    },
    "6block": {
      "horizon_blocks": 6,
      "mse": 8.824835419436388,
      "rmse": 2.97066245464482,
      "mae": 2.4790390729904175,
      "r2": 0.0,
      "block_inclusion_accuracy": 0.6666666666666666,
      "avg_overpay_sat_vb": 2.145705739657084,
      "median_overpay_sat_vb": 1.9715255498886108,
      "avg_underpay_sat_vb": 0.3333333333333333,
      "overpay_mape": 107.2852869828542,
      "within_10pct": 0.0,
      "within_20pct": 0.0,
      "within_50pct": 0.0,
      "asymmetric_loss": 2.78078395916425,
      "mape": 123.95195364952087
    }
  },
  "lgb_results": {
    "1block": {
      "horizon_blocks": 1,
      "model_type": "lightgbm",
      "mse": 1.0,
      "rmse": 1.0,
      "mae": 1.0,
      "r2": 0.0,
      "block_inclusion_accuracy": 0.0,
      "avg_overpay_sat_vb": 0.0,
      "avg_underpay_sat_vb": 1.0,
      "within_10pct": 0.0,
      "within_20pct": 0.0,
      "within_50pct": 0.0,
      "asymmetric_loss": 0.7000000000000001,
      "mape": 50.0
    },
    "3block": {
      "horizon_blocks": 3,
      "model_type": "lightgbm",
      "mse": 0.9918380673985933,
      "rmse": 0.9959106723991832,
      "mae": 0.9959106723991834,
      "r2": 0.0,
      "block_inclusion_accuracy": 0.0,
      "avg_overpay_sat_vb": 0.0,
      "avg_underpay_sat_vb": 0.9959106723991834,
      "within_10pct": 0.0,
      "within_20pct": 0.0,
      "within_50pct": 1.0,
      "asymmetric_loss": 0.6942866471790153,
      "mape": 49.79553361995917
    },
    "6block": {
      "horizon_blocks": 6,
      "model_type": "lightgbm",
      "mse": 1.0,
      "rmse": 1.0,
      "mae": 1.0,
      "r2": 0.0,
      "block_inclusion_accuracy": 0.0,
      "avg_overpay_sat_vb": 0.0,
      "avg_underpay_sat_vb": 1.0,
      "within_10pct": 0.0,
      "within_20pct": 0.0,
      "within_50pct": 0.0,
      "asymmetric_loss": 0.7000000000000001,
      "mape": 50.0
    }
  }
}