{
  "timestamp": "2026-06-26T20:41:49.270691",
  "duration_seconds": 4.583361,
  "xgb_results": {
    "1block": {
      "horizon_blocks": 1,
      "mse": 1.4611442126630625,
      "rmse": 1.2087779831975194,
      "mae": 0.8360633055369059,
      "r2": 0.0,
      "block_inclusion_accuracy": 1.0,
      "avg_overpay_sat_vb": 0.8360633055369059,
      "median_overpay_sat_vb": 0.584816575050354,
      "avg_underpay_sat_vb": 0.0,
      "overpay_mape": 83.60633055369058,
      "within_10pct": 0.5,
      "within_20pct": 0.5,
      "within_50pct": 0.5,
      "asymmetric_loss": 0.43834326379891886,
      "mape": 83.60633055369058
    },
    "3block": {
      "horizon_blocks": 3,
      "mse": 95.69488868214894,
      "rmse": 9.78237643326758,
      "mae": 9.423619190851847,
      "r2": 0.0,
      "block_inclusion_accuracy": 1.0,
      "avg_overpay_sat_vb": 9.423619190851847,
      "median_overpay_sat_vb": 9.631680488586426,
      "avg_underpay_sat_vb": 0.0,
      "overpay_mape": 942.3619190851847,
      "within_10pct": 0.0,
      "within_20pct": 0.0,
      "within_50pct": 0.0,
      "asymmetric_loss": 28.708466604644688,
      "mape": 942.3619190851847
    },
    "6block": {
      "horizon_blocks": 6,
      "mse": 95.69488868214894,
      "rmse": 9.78237643326758,
      "mae": 9.423619190851847,
      "r2": 0.0,
      "block_inclusion_accuracy": 1.0,
      "avg_overpay_sat_vb": 9.423619190851847,
      "median_overpay_sat_vb": 9.631680488586426,
      "avg_underpay_sat_vb": 0.0,
      "overpay_mape": 942.3619190851847,
      "within_10pct": 0.0,
      "within_20pct": 0.0,
      "within_50pct": 0.0,
      "asymmetric_loss": 28.708466604644688,
      "mape": 942.3619190851847
    }
  },
  "lgb_results": {
    "1block": {
      "horizon_blocks": 1,
      "model_type": "lightgbm",
      "mse": 0.0,
      "rmse": 0.0,
      "mae": 0.0,
      "r2": 1.0,
      "block_inclusion_accuracy": 1.0,
      "avg_overpay_sat_vb": 0.0,
      "avg_underpay_sat_vb": 0.0,
      "within_10pct": 1.0,
      "within_20pct": 1.0,
      "within_50pct": 1.0,
      "asymmetric_loss": 0.0,
      "mape": 0.0
    },
    "3block": {
      "horizon_blocks": 3,
      "model_type": "lightgbm",
      "mse": 0.0,
      "rmse": 0.0,
      "mae": 0.0,
      "r2": 1.0,
      "block_inclusion_accuracy": 1.0,
      "avg_overpay_sat_vb": 0.0,
      "avg_underpay_sat_vb": 0.0,
      "within_10pct": 1.0,
      "within_20pct": 1.0,
      "within_50pct": 1.0,
      "asymmetric_loss": 0.0,
      "mape": 0.0
    },
    "6block": {
      "horizon_blocks": 6,
      "model_type": "lightgbm",
      "mse": 0.0,
      "rmse": 0.0,
      "mae": 0.0,
      "r2": 1.0,
      "block_inclusion_accuracy": 1.0,
      "avg_overpay_sat_vb": 0.0,
      "avg_underpay_sat_vb": 0.0,
      "within_10pct": 1.0,
      "within_20pct": 1.0,
      "within_50pct": 1.0,
      "asymmetric_loss": 0.0,
      "mape": 0.0
    }
  }
}