{
  "timestamp": "2026-06-20T00:15:58.153068",
  "duration_seconds": 4.175019,
  "xgb_results": {
    "1block": {
      "horizon_blocks": 1,
      "mse": 0.11438335498863002,
      "rmse": 0.3382060836067708,
      "mae": 0.23655706644058228,
      "r2": 0.0,
      "block_inclusion_accuracy": 1.0,
      "avg_overpay_sat_vb": 0.23655706644058228,
      "median_overpay_sat_vb": 0.19038861989974976,
      "avg_underpay_sat_vb": 0.0,
      "overpay_mape": 23.655706644058228,
      "within_10pct": 0.5,
      "within_20pct": 0.5,
      "within_50pct": 0.8333333333333334,
      "asymmetric_loss": 0.03431500649658901,
      "mape": 23.655706644058228
    },
    "3block": {
      "horizon_blocks": 3,
      "mse": 11.665489284562284,
      "rmse": 3.4154778998790616,
      "mae": 2.8316182295481362,
      "r2": 0.0,
      "block_inclusion_accuracy": 1.0,
      "avg_overpay_sat_vb": 2.8316182295481362,
      "median_overpay_sat_vb": 2.5483293533325195,
      "avg_underpay_sat_vb": 0.0,
      "overpay_mape": 283.1618229548136,
      "within_10pct": 0.16666666666666666,
      "within_20pct": 0.16666666666666666,
      "within_50pct": 0.16666666666666666,
      "asymmetric_loss": 3.499646785368686,
      "mape": 283.1618229548136
    },
    "6block": {
      "horizon_blocks": 6,
      "mse": 11.665489284562284,
      "rmse": 3.4154778998790616,
      "mae": 2.8316182295481362,
      "r2": 0.0,
      "block_inclusion_accuracy": 1.0,
      "avg_overpay_sat_vb": 2.8316182295481362,
      "median_overpay_sat_vb": 2.5483293533325195,
      "avg_underpay_sat_vb": 0.0,
      "overpay_mape": 283.1618229548136,
      "within_10pct": 0.16666666666666666,
      "within_20pct": 0.16666666666666666,
      "within_50pct": 0.16666666666666666,
      "asymmetric_loss": 3.499646785368686,
      "mape": 283.1618229548136
    }
  },
  "lgb_results": {
    "1block": {
      "horizon_blocks": 1,
      "model_type": "lightgbm",
      "mse": 0.0,
      "rmse": 0.0,
      "mae": 0.0,
      "r2": 1.0,
      "block_inclusion_accuracy": 1.0,
      "avg_overpay_sat_vb": 0.0,
      "avg_underpay_sat_vb": 0.0,
      "within_10pct": 1.0,
      "within_20pct": 1.0,
      "within_50pct": 1.0,
      "asymmetric_loss": 0.0,
      "mape": 0.0
    },
    "3block": {
      "horizon_blocks": 3,
      "model_type": "lightgbm",
      "mse": 1.672260022680131e-05,
      "rmse": 0.004089327600816705,
      "mae": 0.004089327600816706,
      "r2": 0.0,
      "block_inclusion_accuracy": 1.0,
      "avg_overpay_sat_vb": 0.004089327600816706,
      "avg_underpay_sat_vb": 0.0,
      "within_10pct": 1.0,
      "within_20pct": 1.0,
      "within_50pct": 1.0,
      "asymmetric_loss": 5.016780068040395e-06,
      "mape": 0.40893276008167057
    },
    "6block": {
      "horizon_blocks": 6,
      "model_type": "lightgbm",
      "mse": 0.0,
      "rmse": 0.0,
      "mae": 0.0,
      "r2": 1.0,
      "block_inclusion_accuracy": 1.0,
      "avg_overpay_sat_vb": 0.0,
      "avg_underpay_sat_vb": 0.0,
      "within_10pct": 1.0,
      "within_20pct": 1.0,
      "within_50pct": 1.0,
      "asymmetric_loss": 0.0,
      "mape": 0.0
    }
  }
}