{
  "timestamp": "2026-04-30T21:06:21.334860",
  "duration_seconds": 1.411684,
  "xgb_results": {
    "1block": {
      "horizon_blocks": 1,
      "mse": 0.12709504222981613,
      "rmse": 0.3565039161493407,
      "mae": 0.34681522846221924,
      "r2": 0.0,
      "block_inclusion_accuracy": 0.16666666666666666,
      "avg_overpay_sat_vb": 0.03622206052144369,
      "median_overpay_sat_vb": 0.0,
      "avg_underpay_sat_vb": 0.31059316794077557,
      "overpay_mape": 1.2074020173814564,
      "within_10pct": 0.3333333333333333,
      "within_20pct": 1.0,
      "within_50pct": 1.0,
      "asymmetric_loss": 0.08581763915666536,
      "mape": 11.560507615407307
    },
    "3block": {
      "horizon_blocks": 3,
      "mse": 1.4185400248751279,
      "rmse": 1.191024779286782,
      "mae": 1.1393060286839802,
      "r2": 0.0,
      "block_inclusion_accuracy": 0.0,
      "avg_overpay_sat_vb": 0.0,
      "median_overpay_sat_vb": 0.0,
      "avg_underpay_sat_vb": 1.1393060286839802,
      "overpay_mape": 0.0,
      "within_10pct": 0.0,
      "within_20pct": 0.0,
      "within_50pct": 0.6666666666666666,
      "asymmetric_loss": 0.9929780174125895,
      "mape": 37.97686762279934
    },
    "6block": {
      "horizon_blocks": 6,
      "mse": 1.4185400248751279,
      "rmse": 1.191024779286782,
      "mae": 1.1393060286839802,
      "r2": 0.0,
      "block_inclusion_accuracy": 0.0,
      "avg_overpay_sat_vb": 0.0,
      "median_overpay_sat_vb": 0.0,
      "avg_underpay_sat_vb": 1.1393060286839802,
      "overpay_mape": 0.0,
      "within_10pct": 0.0,
      "within_20pct": 0.0,
      "within_50pct": 0.6666666666666666,
      "asymmetric_loss": 0.9929780174125895,
      "mape": 37.97686762279934
    }
  },
  "lgb_results": {
    "1block": {
      "horizon_blocks": 1,
      "model_type": "lightgbm",
      "mse": 4.0,
      "rmse": 2.0,
      "mae": 2.0,
      "r2": 0.0,
      "block_inclusion_accuracy": 0.0,
      "avg_overpay_sat_vb": 0.0,
      "avg_underpay_sat_vb": 2.0,
      "within_10pct": 0.0,
      "within_20pct": 0.0,
      "within_50pct": 0.0,
      "asymmetric_loss": 2.8000000000000003,
      "mape": 66.66666666666666
    },
    "3block": {
      "horizon_blocks": 3,
      "model_type": "lightgbm",
      "mse": 4.0,
      "rmse": 2.0,
      "mae": 2.0,
      "r2": 0.0,
      "block_inclusion_accuracy": 0.0,
      "avg_overpay_sat_vb": 0.0,
      "avg_underpay_sat_vb": 2.0,
      "within_10pct": 0.0,
      "within_20pct": 0.0,
      "within_50pct": 0.0,
      "asymmetric_loss": 2.8000000000000003,
      "mape": 66.66666666666666
    },
    "6block": {
      "horizon_blocks": 6,
      "model_type": "lightgbm",
      "mse": 4.0,
      "rmse": 2.0,
      "mae": 2.0,
      "r2": 0.0,
      "block_inclusion_accuracy": 0.0,
      "avg_overpay_sat_vb": 0.0,
      "avg_underpay_sat_vb": 2.0,
      "within_10pct": 0.0,
      "within_20pct": 0.0,
      "within_50pct": 0.0,
      "asymmetric_loss": 2.8000000000000003,
      "mape": 66.66666666666666
    }
  }
}