{
  "timestamp": "2026-06-12T11:51:47.625390",
  "duration_seconds": 4.054604,
  "xgb_results": {
    "1block": {
      "horizon_blocks": 1,
      "mse": 0.0,
      "rmse": 0.0,
      "mae": 0.0,
      "r2": 1.0,
      "block_inclusion_accuracy": 1.0,
      "avg_overpay_sat_vb": 0.0,
      "median_overpay_sat_vb": 0.0,
      "avg_underpay_sat_vb": 0.0,
      "overpay_mape": 0.0,
      "within_10pct": 1.0,
      "within_20pct": 1.0,
      "within_50pct": 1.0,
      "asymmetric_loss": 0.0,
      "mape": 0.0
    },
    "3block": {
      "horizon_blocks": 3,
      "mse": 1.9701264863777723,
      "rmse": 1.4036119429449767,
      "mae": 0.8393513957659403,
      "r2": -6.880505945511089,
      "block_inclusion_accuracy": 0.6666666666666666,
      "avg_overpay_sat_vb": 0.5291171868642172,
      "median_overpay_sat_vb": 0.0,
      "avg_underpay_sat_vb": 0.3102342089017232,
      "overpay_mape": 26.455859343210857,
      "within_10pct": 0.5,
      "within_20pct": 0.5,
      "within_50pct": 0.6666666666666666,
      "asymmetric_loss": 0.7071725466201938,
      "mape": 41.96756978829701
    },
    "6block": {
      "horizon_blocks": 6,
      "mse": 1.9701264863777723,
      "rmse": 1.4036119429449767,
      "mae": 0.8393513957659403,
      "r2": -6.880505945511089,
      "block_inclusion_accuracy": 0.6666666666666666,
      "avg_overpay_sat_vb": 0.5291171868642172,
      "median_overpay_sat_vb": 0.0,
      "avg_underpay_sat_vb": 0.3102342089017232,
      "overpay_mape": 26.455859343210857,
      "within_10pct": 0.5,
      "within_20pct": 0.5,
      "within_50pct": 0.6666666666666666,
      "asymmetric_loss": 0.7071725466201938,
      "mape": 41.96756978829701
    }
  },
  "lgb_results": {
    "1block": {
      "horizon_blocks": 1,
      "model_type": "lightgbm",
      "mse": 0.0,
      "rmse": 0.0,
      "mae": 0.0,
      "r2": 1.0,
      "block_inclusion_accuracy": 1.0,
      "avg_overpay_sat_vb": 0.0,
      "avg_underpay_sat_vb": 0.0,
      "within_10pct": 1.0,
      "within_20pct": 1.0,
      "within_50pct": 1.0,
      "asymmetric_loss": 0.0,
      "mape": 0.0
    },
    "3block": {
      "horizon_blocks": 3,
      "model_type": "lightgbm",
      "mse": 0.5,
      "rmse": 0.7071067811865476,
      "mae": 0.5,
      "r2": -1.0,
      "block_inclusion_accuracy": 0.5,
      "avg_overpay_sat_vb": 0.0,
      "avg_underpay_sat_vb": 0.5,
      "within_10pct": 0.5,
      "within_20pct": 0.5,
      "within_50pct": 0.5,
      "asymmetric_loss": 0.3499999999999999,
      "mape": 25.0
    },
    "6block": {
      "horizon_blocks": 6,
      "model_type": "lightgbm",
      "mse": 0.5,
      "rmse": 0.7071067811865476,
      "mae": 0.5,
      "r2": -1.0,
      "block_inclusion_accuracy": 0.5,
      "avg_overpay_sat_vb": 0.0,
      "avg_underpay_sat_vb": 0.5,
      "within_10pct": 0.5,
      "within_20pct": 0.5,
      "within_50pct": 0.5,
      "asymmetric_loss": 0.3499999999999999,
      "mape": 25.0
    }
  }
}