{
  "timestamp": "2026-04-19T02:17:12.050269",
  "duration_seconds": 0.498232,
  "xgb_results": {
    "1block": {
      "horizon_blocks": 1,
      "mse": 0.005300342186835394,
      "rmse": 0.0728034490037072,
      "mae": 0.045337180296579994,
      "r2": 0.0,
      "block_inclusion_accuracy": 1.0,
      "avg_overpay_sat_vb": 0.045337180296579994,
      "median_overpay_sat_vb": 0.020768940448760986,
      "avg_underpay_sat_vb": 0.0,
      "overpay_mape": 4.533718029657999,
      "within_10pct": 0.8333333333333334,
      "within_20pct": 1.0,
      "within_50pct": 1.0,
      "asymmetric_loss": 0.0015901026560506185,
      "mape": 4.533718029657999
    },
    "3block": {
      "horizon_blocks": 3,
      "mse": 0.01942295152020061,
      "rmse": 0.13936624957356286,
      "mae": 0.08692548672358195,
      "r2": 0.0,
      "block_inclusion_accuracy": 1.0,
      "avg_overpay_sat_vb": 0.08692548672358195,
      "median_overpay_sat_vb": 0.04337882995605469,
      "avg_underpay_sat_vb": 0.0,
      "overpay_mape": 8.692548672358196,
      "within_10pct": 0.6666666666666666,
      "within_20pct": 0.8333333333333334,
      "within_50pct": 1.0,
      "asymmetric_loss": 0.005826885456060183,
      "mape": 8.692548672358196
    },
    "6block": {
      "horizon_blocks": 6,
      "mse": 0.01942295152020061,
      "rmse": 0.13936624957356286,
      "mae": 0.08692548672358195,
      "r2": 0.0,
      "block_inclusion_accuracy": 1.0,
      "avg_overpay_sat_vb": 0.08692548672358195,
      "median_overpay_sat_vb": 0.04337882995605469,
      "avg_underpay_sat_vb": 0.0,
      "overpay_mape": 8.692548672358196,
      "within_10pct": 0.6666666666666666,
      "within_20pct": 0.8333333333333334,
      "within_50pct": 1.0,
      "asymmetric_loss": 0.005826885456060183,
      "mape": 8.692548672358196
    }
  },
  "lgb_results": {
    "1block": {
      "horizon_blocks": 1,
      "model_type": "lightgbm",
      "mse": 0.0,
      "rmse": 0.0,
      "mae": 0.0,
      "r2": 1.0,
      "block_inclusion_accuracy": 1.0,
      "avg_overpay_sat_vb": 0.0,
      "avg_underpay_sat_vb": 0.0,
      "within_10pct": 1.0,
      "within_20pct": 1.0,
      "within_50pct": 1.0,
      "asymmetric_loss": 0.0,
      "mape": 0.0
    },
    "3block": {
      "horizon_blocks": 3,
      "model_type": "lightgbm",
      "mse": 1.672260022680131e-05,
      "rmse": 0.004089327600816705,
      "mae": 0.004089327600816706,
      "r2": 0.0,
      "block_inclusion_accuracy": 1.0,
      "avg_overpay_sat_vb": 0.004089327600816706,
      "avg_underpay_sat_vb": 0.0,
      "within_10pct": 1.0,
      "within_20pct": 1.0,
      "within_50pct": 1.0,
      "asymmetric_loss": 5.016780068040395e-06,
      "mape": 0.40893276008167057
    },
    "6block": {
      "horizon_blocks": 6,
      "model_type": "lightgbm",
      "mse": 0.0,
      "rmse": 0.0,
      "mae": 0.0,
      "r2": 1.0,
      "block_inclusion_accuracy": 1.0,
      "avg_overpay_sat_vb": 0.0,
      "avg_underpay_sat_vb": 0.0,
      "within_10pct": 1.0,
      "within_20pct": 1.0,
      "within_50pct": 1.0,
      "asymmetric_loss": 0.0,
      "mape": 0.0
    }
  }
}