{
  "timestamp": "2026-06-07T08:31:47.291284",
  "duration_seconds": 3.620137,
  "xgb_results": {
    "1block": {
      "horizon_blocks": 1,
      "mse": 0.4460027970115495,
      "rmse": 0.6678344083764698,
      "mae": 0.5780564943949381,
      "r2": 0.0,
      "block_inclusion_accuracy": 0.5,
      "avg_overpay_sat_vb": 0.24140326182047525,
      "median_overpay_sat_vb": 0.10606038570404053,
      "avg_underpay_sat_vb": 0.3366532325744629,
      "overpay_mape": 12.070163091023762,
      "within_10pct": 0.16666666666666666,
      "within_20pct": 0.3333333333333333,
      "within_50pct": 0.8333333333333334,
      "asymmetric_loss": 0.2574589320315657,
      "mape": 28.902824719746906
    },
    "3block": {
      "horizon_blocks": 3,
      "mse": 0.7453172845958372,
      "rmse": 0.8633176035479858,
      "mae": 0.8434805075327555,
      "r2": 0.0,
      "block_inclusion_accuracy": 0.16666666666666666,
      "avg_overpay_sat_vb": 0.14662794272104898,
      "median_overpay_sat_vb": 0.0,
      "avg_underpay_sat_vb": 0.6968525648117065,
      "overpay_mape": 7.331397136052449,
      "within_10pct": 0.0,
      "within_20pct": 0.0,
      "within_50pct": 0.5,
      "asymmetric_loss": 0.4701226906092287,
      "mape": 42.17402537663777
    },
    "6block": {
      "horizon_blocks": 6,
      "mse": 0.7453172845958372,
      "rmse": 0.8633176035479858,
      "mae": 0.8434805075327555,
      "r2": 0.0,
      "block_inclusion_accuracy": 0.16666666666666666,
      "avg_overpay_sat_vb": 0.14662794272104898,
      "median_overpay_sat_vb": 0.0,
      "avg_underpay_sat_vb": 0.6968525648117065,
      "overpay_mape": 7.331397136052449,
      "within_10pct": 0.0,
      "within_20pct": 0.0,
      "within_50pct": 0.5,
      "asymmetric_loss": 0.4701226906092287,
      "mape": 42.17402537663777
    }
  },
  "lgb_results": {
    "1block": {
      "horizon_blocks": 1,
      "model_type": "lightgbm",
      "mse": 0.47374992576192043,
      "rmse": 0.6882949409678386,
      "mae": 0.6882872863927153,
      "r2": 0.0,
      "block_inclusion_accuracy": 0.0,
      "avg_overpay_sat_vb": 0.0,
      "avg_underpay_sat_vb": 0.6882872863927153,
      "within_10pct": 0.0,
      "within_20pct": 0.0,
      "within_50pct": 1.0,
      "asymmetric_loss": 0.3316249480333443,
      "mape": 34.414364319635766
    },
    "3block": {
      "horizon_blocks": 3,
      "model_type": "lightgbm",
      "mse": 1.0,
      "rmse": 1.0,
      "mae": 1.0,
      "r2": 0.0,
      "block_inclusion_accuracy": 0.0,
      "avg_overpay_sat_vb": 0.0,
      "avg_underpay_sat_vb": 1.0,
      "within_10pct": 0.0,
      "within_20pct": 0.0,
      "within_50pct": 0.0,
      "asymmetric_loss": 0.7000000000000001,
      "mape": 50.0
    },
    "6block": {
      "horizon_blocks": 6,
      "model_type": "lightgbm",
      "mse": 1.0,
      "rmse": 1.0,
      "mae": 1.0,
      "r2": 0.0,
      "block_inclusion_accuracy": 0.0,
      "avg_overpay_sat_vb": 0.0,
      "avg_underpay_sat_vb": 1.0,
      "within_10pct": 0.0,
      "within_20pct": 0.0,
      "within_50pct": 0.0,
      "asymmetric_loss": 0.7000000000000001,
      "mape": 50.0
    }
  }
}