{
  "timestamp": "2026-06-07T17:21:09.817304",
  "duration_seconds": 3.764315,
  "xgb_results": {
    "1block": {
      "horizon_blocks": 1,
      "mse": 0.48625020294069304,
      "rmse": 0.6973164295645794,
      "mae": 0.6174700061480204,
      "r2": 0.0,
      "block_inclusion_accuracy": 0.5,
      "avg_overpay_sat_vb": 0.15912334124247232,
      "median_overpay_sat_vb": 0.06689321994781494,
      "avg_underpay_sat_vb": 0.4583466649055481,
      "overpay_mape": 7.956167062123616,
      "within_10pct": 0.16666666666666666,
      "within_20pct": 0.16666666666666666,
      "within_50pct": 0.6666666666666666,
      "asymmetric_loss": 0.3167163935854241,
      "mape": 30.87350030740102
    },
    "3block": {
      "horizon_blocks": 3,
      "mse": 0.7990113933907281,
      "rmse": 0.8938743722642059,
      "mae": 0.8525642156600952,
      "r2": 0.0,
      "block_inclusion_accuracy": 0.0,
      "avg_overpay_sat_vb": 0.0,
      "median_overpay_sat_vb": 0.0,
      "avg_underpay_sat_vb": 0.8525642156600952,
      "overpay_mape": 0.0,
      "within_10pct": 0.0,
      "within_20pct": 0.16666666666666666,
      "within_50pct": 0.3333333333333333,
      "asymmetric_loss": 0.5593079753735096,
      "mape": 42.62821078300476
    },
    "6block": {
      "horizon_blocks": 6,
      "mse": 0.7990113933907281,
      "rmse": 0.8938743722642059,
      "mae": 0.8525642156600952,
      "r2": 0.0,
      "block_inclusion_accuracy": 0.0,
      "avg_overpay_sat_vb": 0.0,
      "median_overpay_sat_vb": 0.0,
      "avg_underpay_sat_vb": 0.8525642156600952,
      "overpay_mape": 0.0,
      "within_10pct": 0.0,
      "within_20pct": 0.16666666666666666,
      "within_50pct": 0.3333333333333333,
      "asymmetric_loss": 0.5593079753735096,
      "mape": 42.62821078300476
    }
  },
  "lgb_results": {
    "1block": {
      "horizon_blocks": 1,
      "model_type": "lightgbm",
      "mse": 0.80551565691837,
      "rmse": 0.8975052406077471,
      "mae": 0.897505240607747,
      "r2": 0.0,
      "block_inclusion_accuracy": 0.0,
      "avg_overpay_sat_vb": 0.0,
      "avg_underpay_sat_vb": 0.897505240607747,
      "within_10pct": 0.0,
      "within_20pct": 0.0,
      "within_50pct": 1.0,
      "asymmetric_loss": 0.5638609598428589,
      "mape": 44.87526203038735
    },
    "3block": {
      "horizon_blocks": 3,
      "model_type": "lightgbm",
      "mse": 1.0,
      "rmse": 1.0,
      "mae": 1.0,
      "r2": 0.0,
      "block_inclusion_accuracy": 0.0,
      "avg_overpay_sat_vb": 0.0,
      "avg_underpay_sat_vb": 1.0,
      "within_10pct": 0.0,
      "within_20pct": 0.0,
      "within_50pct": 0.0,
      "asymmetric_loss": 0.7000000000000001,
      "mape": 50.0
    },
    "6block": {
      "horizon_blocks": 6,
      "model_type": "lightgbm",
      "mse": 1.0,
      "rmse": 1.0,
      "mae": 1.0,
      "r2": 0.0,
      "block_inclusion_accuracy": 0.0,
      "avg_overpay_sat_vb": 0.0,
      "avg_underpay_sat_vb": 1.0,
      "within_10pct": 0.0,
      "within_20pct": 0.0,
      "within_50pct": 0.0,
      "asymmetric_loss": 0.7000000000000001,
      "mape": 50.0
    }
  }
}