{
  "timestamp": "2026-05-24T16:14:05.534515",
  "duration_seconds": 3.057394,
  "xgb_results": {
    "1block": {
      "horizon_blocks": 1,
      "mse": 0.6397393252064987,
      "rmse": 0.7998370616609978,
      "mae": 0.7506952881813049,
      "r2": 0.0,
      "block_inclusion_accuracy": 0.3333333333333333,
      "avg_overpay_sat_vb": 0.24706685543060303,
      "median_overpay_sat_vb": 0.0,
      "avg_underpay_sat_vb": 0.5036284327507019,
      "overpay_mape": 12.353342771530151,
      "within_10pct": 0.0,
      "within_20pct": 0.16666666666666666,
      "within_50pct": 0.6666666666666666,
      "asymmetric_loss": 0.3667264454519632,
      "mape": 37.53476440906525
    },
    "3block": {
      "horizon_blocks": 3,
      "mse": 0.8410005417716112,
      "rmse": 0.9170608168336554,
      "mae": 0.908636212348938,
      "r2": 0.0,
      "block_inclusion_accuracy": 0.0,
      "avg_overpay_sat_vb": 0.0,
      "median_overpay_sat_vb": 0.0,
      "avg_underpay_sat_vb": 0.908636212348938,
      "overpay_mape": 0.0,
      "within_10pct": 0.0,
      "within_20pct": 0.0,
      "within_50pct": 0.5,
      "asymmetric_loss": 0.5887003792401277,
      "mape": 45.4318106174469
    },
    "6block": {
      "horizon_blocks": 6,
      "mse": 0.8410005417716112,
      "rmse": 0.9170608168336554,
      "mae": 0.908636212348938,
      "r2": 0.0,
      "block_inclusion_accuracy": 0.0,
      "avg_overpay_sat_vb": 0.0,
      "median_overpay_sat_vb": 0.0,
      "avg_underpay_sat_vb": 0.908636212348938,
      "overpay_mape": 0.0,
      "within_10pct": 0.0,
      "within_20pct": 0.0,
      "within_50pct": 0.5,
      "asymmetric_loss": 0.5887003792401277,
      "mape": 45.4318106174469
    }
  },
  "lgb_results": {
    "1block": {
      "horizon_blocks": 1,
      "model_type": "lightgbm",
      "mse": 0.49433650283763514,
      "rmse": 0.7030906789580098,
      "mae": 0.703090039410564,
      "r2": 0.0,
      "block_inclusion_accuracy": 0.0,
      "avg_overpay_sat_vb": 0.0,
      "avg_underpay_sat_vb": 0.703090039410564,
      "within_10pct": 0.0,
      "within_20pct": 0.0,
      "within_50pct": 1.0,
      "asymmetric_loss": 0.34603555198634456,
      "mape": 35.1545019705282
    },
    "3block": {
      "horizon_blocks": 3,
      "model_type": "lightgbm",
      "mse": 0.9918380673985933,
      "rmse": 0.9959106723991832,
      "mae": 0.9959106723991834,
      "r2": 0.0,
      "block_inclusion_accuracy": 0.0,
      "avg_overpay_sat_vb": 0.0,
      "avg_underpay_sat_vb": 0.9959106723991834,
      "within_10pct": 0.0,
      "within_20pct": 0.0,
      "within_50pct": 1.0,
      "asymmetric_loss": 0.6942866471790153,
      "mape": 49.79553361995917
    },
    "6block": {
      "horizon_blocks": 6,
      "model_type": "lightgbm",
      "mse": 1.0,
      "rmse": 1.0,
      "mae": 1.0,
      "r2": 0.0,
      "block_inclusion_accuracy": 0.0,
      "avg_overpay_sat_vb": 0.0,
      "avg_underpay_sat_vb": 1.0,
      "within_10pct": 0.0,
      "within_20pct": 0.0,
      "within_50pct": 0.0,
      "asymmetric_loss": 0.7000000000000001,
      "mape": 50.0
    }
  }
}