{
  "timestamp": "2026-05-13T00:07:42.697169",
  "duration_seconds": 2.562966,
  "xgb_results": {
    "1block": {
      "horizon_blocks": 1,
      "mse": 0.24151012635271485,
      "rmse": 0.4914367979229016,
      "mae": 0.41440842549006146,
      "r2": 0.0,
      "block_inclusion_accuracy": 1.0,
      "avg_overpay_sat_vb": 0.41440842549006146,
      "median_overpay_sat_vb": 0.37343835830688477,
      "avg_underpay_sat_vb": 0.0,
      "overpay_mape": 41.44084254900615,
      "within_10pct": 0.16666666666666666,
      "within_20pct": 0.16666666666666666,
      "within_50pct": 0.6666666666666666,
      "asymmetric_loss": 0.07245303790581446,
      "mape": 41.44084254900615
    },
    "3block": {
      "horizon_blocks": 3,
      "mse": 0.20881053263476446,
      "rmse": 0.4569579112289932,
      "mae": 0.26309754451115924,
      "r2": 0.0,
      "block_inclusion_accuracy": 1.0,
      "avg_overpay_sat_vb": 0.26309754451115924,
      "median_overpay_sat_vb": 0.0245322585105896,
      "avg_underpay_sat_vb": 0.0,
      "overpay_mape": 26.309754451115925,
      "within_10pct": 0.6666666666666666,
      "within_20pct": 0.6666666666666666,
      "within_50pct": 0.6666666666666666,
      "asymmetric_loss": 0.06264315979042935,
      "mape": 26.309754451115925
    },
    "6block": {
      "horizon_blocks": 6,
      "mse": 0.20881053263476446,
      "rmse": 0.4569579112289932,
      "mae": 0.26309754451115924,
      "r2": 0.0,
      "block_inclusion_accuracy": 1.0,
      "avg_overpay_sat_vb": 0.26309754451115924,
      "median_overpay_sat_vb": 0.0245322585105896,
      "avg_underpay_sat_vb": 0.0,
      "overpay_mape": 26.309754451115925,
      "within_10pct": 0.6666666666666666,
      "within_20pct": 0.6666666666666666,
      "within_50pct": 0.6666666666666666,
      "asymmetric_loss": 0.06264315979042935,
      "mape": 26.309754451115925
    }
  },
  "lgb_results": {
    "1block": {
      "horizon_blocks": 1,
      "model_type": "lightgbm",
      "mse": 0.0,
      "rmse": 0.0,
      "mae": 0.0,
      "r2": 1.0,
      "block_inclusion_accuracy": 1.0,
      "avg_overpay_sat_vb": 0.0,
      "avg_underpay_sat_vb": 0.0,
      "within_10pct": 1.0,
      "within_20pct": 1.0,
      "within_50pct": 1.0,
      "asymmetric_loss": 0.0,
      "mape": 0.0
    },
    "3block": {
      "horizon_blocks": 3,
      "model_type": "lightgbm",
      "mse": 0.0,
      "rmse": 0.0,
      "mae": 0.0,
      "r2": 1.0,
      "block_inclusion_accuracy": 1.0,
      "avg_overpay_sat_vb": 0.0,
      "avg_underpay_sat_vb": 0.0,
      "within_10pct": 1.0,
      "within_20pct": 1.0,
      "within_50pct": 1.0,
      "asymmetric_loss": 0.0,
      "mape": 0.0
    },
    "6block": {
      "horizon_blocks": 6,
      "model_type": "lightgbm",
      "mse": 0.0,
      "rmse": 0.0,
      "mae": 0.0,
      "r2": 1.0,
      "block_inclusion_accuracy": 1.0,
      "avg_overpay_sat_vb": 0.0,
      "avg_underpay_sat_vb": 0.0,
      "within_10pct": 1.0,
      "within_20pct": 1.0,
      "within_50pct": 1.0,
      "asymmetric_loss": 0.0,
      "mape": 0.0
    }
  }
}