{
  "timestamp": "2026-04-23T09:33:26.148265",
  "duration_seconds": 0.895751,
  "xgb_results": {
    "1block": {
      "horizon_blocks": 1,
      "mse": 0.1620698201713182,
      "rmse": 0.402578961411694,
      "mae": 0.3777529199918111,
      "r2": 0.0,
      "block_inclusion_accuracy": 1.0,
      "avg_overpay_sat_vb": 0.3777529199918111,
      "median_overpay_sat_vb": 0.3411744236946106,
      "avg_underpay_sat_vb": 0.0,
      "overpay_mape": 37.77529199918111,
      "within_10pct": 0.0,
      "within_20pct": 0.16666666666666666,
      "within_50pct": 0.8333333333333334,
      "asymmetric_loss": 0.04862094605139547,
      "mape": 37.77529199918111
    },
    "3block": {
      "horizon_blocks": 3,
      "mse": 0.00496742932680642,
      "rmse": 0.07047999238653775,
      "mae": 0.04302485783894857,
      "r2": 0.0,
      "block_inclusion_accuracy": 1.0,
      "avg_overpay_sat_vb": 0.04302485783894857,
      "median_overpay_sat_vb": 0.0074574947357177734,
      "avg_underpay_sat_vb": 0.0,
      "overpay_mape": 4.302485783894857,
      "within_10pct": 0.6666666666666666,
      "within_20pct": 1.0,
      "within_50pct": 1.0,
      "asymmetric_loss": 0.0014902287980419263,
      "mape": 4.302485783894857
    },
    "6block": {
      "horizon_blocks": 6,
      "mse": 0.00496742932680642,
      "rmse": 0.07047999238653775,
      "mae": 0.04302485783894857,
      "r2": 0.0,
      "block_inclusion_accuracy": 1.0,
      "avg_overpay_sat_vb": 0.04302485783894857,
      "median_overpay_sat_vb": 0.0074574947357177734,
      "avg_underpay_sat_vb": 0.0,
      "overpay_mape": 4.302485783894857,
      "within_10pct": 0.6666666666666666,
      "within_20pct": 1.0,
      "within_50pct": 1.0,
      "asymmetric_loss": 0.0014902287980419263,
      "mape": 4.302485783894857
    }
  },
  "lgb_results": {
    "1block": {
      "horizon_blocks": 1,
      "model_type": "lightgbm",
      "mse": 0.0,
      "rmse": 0.0,
      "mae": 0.0,
      "r2": 1.0,
      "block_inclusion_accuracy": 1.0,
      "avg_overpay_sat_vb": 0.0,
      "avg_underpay_sat_vb": 0.0,
      "within_10pct": 1.0,
      "within_20pct": 1.0,
      "within_50pct": 1.0,
      "asymmetric_loss": 0.0,
      "mape": 0.0
    },
    "3block": {
      "horizon_blocks": 3,
      "model_type": "lightgbm",
      "mse": 1.672260022680131e-05,
      "rmse": 0.004089327600816705,
      "mae": 0.004089327600816706,
      "r2": 0.0,
      "block_inclusion_accuracy": 1.0,
      "avg_overpay_sat_vb": 0.004089327600816706,
      "avg_underpay_sat_vb": 0.0,
      "within_10pct": 1.0,
      "within_20pct": 1.0,
      "within_50pct": 1.0,
      "asymmetric_loss": 5.016780068040395e-06,
      "mape": 0.40893276008167057
    },
    "6block": {
      "horizon_blocks": 6,
      "model_type": "lightgbm",
      "mse": 0.0,
      "rmse": 0.0,
      "mae": 0.0,
      "r2": 1.0,
      "block_inclusion_accuracy": 1.0,
      "avg_overpay_sat_vb": 0.0,
      "avg_underpay_sat_vb": 0.0,
      "within_10pct": 1.0,
      "within_20pct": 1.0,
      "within_50pct": 1.0,
      "asymmetric_loss": 0.0,
      "mape": 0.0
    }
  }
}