{
  "timestamp": "2026-04-21T17:06:19.246181",
  "duration_seconds": 0.673281,
  "xgb_results": {
    "1block": {
      "horizon_blocks": 1,
      "mse": 0.29409876262687834,
      "rmse": 0.5423087336811738,
      "mae": 0.40351903438568115,
      "r2": -0.32344443182095217,
      "block_inclusion_accuracy": 0.6666666666666666,
      "avg_overpay_sat_vb": 0.10321185986200969,
      "median_overpay_sat_vb": 0.05565685033798218,
      "avg_underpay_sat_vb": 0.30030717452367145,
      "overpay_mape": 10.32118598620097,
      "within_10pct": 0.3333333333333333,
      "within_20pct": 0.3333333333333333,
      "within_50pct": 1.0,
      "asymmetric_loss": 0.19645253404518095,
      "mape": 25.33654471238454
    },
    "3block": {
      "horizon_blocks": 3,
      "mse": 0.02427847887005896,
      "rmse": 0.15581552833417778,
      "mae": 0.09909315903981526,
      "r2": 0.0,
      "block_inclusion_accuracy": 1.0,
      "avg_overpay_sat_vb": 0.09909315903981526,
      "median_overpay_sat_vb": 0.055661678314208984,
      "avg_underpay_sat_vb": 0.0,
      "overpay_mape": 9.909315903981526,
      "within_10pct": 0.5,
      "within_20pct": 0.8333333333333334,
      "within_50pct": 1.0,
      "asymmetric_loss": 0.007283543661017689,
      "mape": 9.909315903981526
    },
    "6block": {
      "horizon_blocks": 6,
      "mse": 0.02427847887005896,
      "rmse": 0.15581552833417778,
      "mae": 0.09909315903981526,
      "r2": 0.0,
      "block_inclusion_accuracy": 1.0,
      "avg_overpay_sat_vb": 0.09909315903981526,
      "median_overpay_sat_vb": 0.055661678314208984,
      "avg_underpay_sat_vb": 0.0,
      "overpay_mape": 9.909315903981526,
      "within_10pct": 0.5,
      "within_20pct": 0.8333333333333334,
      "within_50pct": 1.0,
      "asymmetric_loss": 0.007283543661017689,
      "mape": 9.909315903981526
    }
  },
  "lgb_results": {
    "1block": {
      "horizon_blocks": 1,
      "model_type": "lightgbm",
      "mse": 0.3333333333333333,
      "rmse": 0.5773502691896257,
      "mae": 0.3333333333333333,
      "r2": -0.49999999999999956,
      "block_inclusion_accuracy": 0.6666666666666666,
      "avg_overpay_sat_vb": 0.0,
      "avg_underpay_sat_vb": 0.3333333333333333,
      "within_10pct": 0.6666666666666666,
      "within_20pct": 0.6666666666666666,
      "within_50pct": 0.6666666666666666,
      "asymmetric_loss": 0.2333333333333333,
      "mape": 16.666666666666664
    },
    "3block": {
      "horizon_blocks": 3,
      "model_type": "lightgbm",
      "mse": 1.672260022680131e-05,
      "rmse": 0.004089327600816705,
      "mae": 0.004089327600816706,
      "r2": 0.0,
      "block_inclusion_accuracy": 1.0,
      "avg_overpay_sat_vb": 0.004089327600816706,
      "avg_underpay_sat_vb": 0.0,
      "within_10pct": 1.0,
      "within_20pct": 1.0,
      "within_50pct": 1.0,
      "asymmetric_loss": 5.016780068040395e-06,
      "mape": 0.40893276008167057
    },
    "6block": {
      "horizon_blocks": 6,
      "model_type": "lightgbm",
      "mse": 0.0,
      "rmse": 0.0,
      "mae": 0.0,
      "r2": 1.0,
      "block_inclusion_accuracy": 1.0,
      "avg_overpay_sat_vb": 0.0,
      "avg_underpay_sat_vb": 0.0,
      "within_10pct": 1.0,
      "within_20pct": 1.0,
      "within_50pct": 1.0,
      "asymmetric_loss": 0.0,
      "mape": 0.0
    }
  }
}