{
  "timestamp": "2026-04-23T17:25:59.806370",
  "duration_seconds": 0.894497,
  "xgb_results": {
    "1block": {
      "horizon_blocks": 1,
      "mse": 0.18237904931464755,
      "rmse": 0.42705860173358823,
      "mae": 0.2602248986562093,
      "r2": 0.0,
      "block_inclusion_accuracy": 0.0,
      "avg_overpay_sat_vb": 0.0,
      "median_overpay_sat_vb": 0.0,
      "avg_underpay_sat_vb": 0.2602248986562093,
      "overpay_mape": 0.0,
      "within_10pct": 0.6666666666666666,
      "within_20pct": 0.8333333333333334,
      "within_50pct": 0.8333333333333334,
      "asymmetric_loss": 0.12766533452025328,
      "mape": 13.011244932810465
    },
    "3block": {
      "horizon_blocks": 3,
      "mse": 0.3153765762663194,
      "rmse": 0.5615839886128515,
      "mae": 0.458734651406606,
      "r2": 0.0,
      "block_inclusion_accuracy": 0.3333333333333333,
      "avg_overpay_sat_vb": 0.04726473490397135,
      "median_overpay_sat_vb": 0.0,
      "avg_underpay_sat_vb": 0.4114699165026347,
      "overpay_mape": 2.3632367451985674,
      "within_10pct": 0.16666666666666666,
      "within_20pct": 0.5,
      "within_50pct": 0.8333333333333334,
      "asymmetric_loss": 0.21610411445047717,
      "mape": 22.9367325703303
    },
    "6block": {
      "horizon_blocks": 6,
      "mse": 0.3153765762663194,
      "rmse": 0.5615839886128515,
      "mae": 0.458734651406606,
      "r2": 0.0,
      "block_inclusion_accuracy": 0.3333333333333333,
      "avg_overpay_sat_vb": 0.04726473490397135,
      "median_overpay_sat_vb": 0.0,
      "avg_underpay_sat_vb": 0.4114699165026347,
      "overpay_mape": 2.3632367451985674,
      "within_10pct": 0.16666666666666666,
      "within_20pct": 0.5,
      "within_50pct": 0.8333333333333334,
      "asymmetric_loss": 0.21610411445047717,
      "mape": 22.9367325703303
    }
  },
  "lgb_results": {
    "1block": {
      "horizon_blocks": 1,
      "model_type": "lightgbm",
      "mse": 0.8404124654368786,
      "rmse": 0.9167401297188198,
      "mae": 0.9073225750851748,
      "r2": 0.0,
      "block_inclusion_accuracy": 0.0,
      "avg_overpay_sat_vb": 0.0,
      "avg_underpay_sat_vb": 0.9073225750851748,
      "within_10pct": 0.0,
      "within_20pct": 0.0,
      "within_50pct": 0.3333333333333333,
      "asymmetric_loss": 0.588288725805815,
      "mape": 45.36612875425874
    },
    "3block": {
      "horizon_blocks": 3,
      "model_type": "lightgbm",
      "mse": 1.0,
      "rmse": 1.0,
      "mae": 1.0,
      "r2": 0.0,
      "block_inclusion_accuracy": 0.0,
      "avg_overpay_sat_vb": 0.0,
      "avg_underpay_sat_vb": 1.0,
      "within_10pct": 0.0,
      "within_20pct": 0.0,
      "within_50pct": 0.0,
      "asymmetric_loss": 0.7000000000000001,
      "mape": 50.0
    },
    "6block": {
      "horizon_blocks": 6,
      "model_type": "lightgbm",
      "mse": 1.0,
      "rmse": 1.0,
      "mae": 1.0,
      "r2": 0.0,
      "block_inclusion_accuracy": 0.0,
      "avg_overpay_sat_vb": 0.0,
      "avg_underpay_sat_vb": 1.0,
      "within_10pct": 0.0,
      "within_20pct": 0.0,
      "within_50pct": 0.0,
      "asymmetric_loss": 0.7000000000000001,
      "mape": 50.0
    }
  }
}