{
  "timestamp": "2026-04-29T06:01:15.651495",
  "duration_seconds": 1.580948,
  "xgb_results": {
    "1block": {
      "horizon_blocks": 1,
      "mse": 0.05355953057055984,
      "rmse": 0.23142932089638046,
      "mae": 0.20663100481033325,
      "r2": 0.0,
      "block_inclusion_accuracy": 0.6666666666666666,
      "avg_overpay_sat_vb": 0.15137076377868652,
      "median_overpay_sat_vb": 0.1405702829360962,
      "avg_underpay_sat_vb": 0.05526024103164673,
      "overpay_mape": 7.568538188934326,
      "within_10pct": 0.3333333333333333,
      "within_20pct": 1.0,
      "within_50pct": 1.0,
      "asymmetric_loss": 0.020447437404842835,
      "mape": 10.331550240516663
    },
    "3block": {
      "horizon_blocks": 3,
      "mse": 0.145628789580068,
      "rmse": 0.3816134033024364,
      "mae": 0.2838551203409831,
      "r2": 0.0,
      "block_inclusion_accuracy": 0.5,
      "avg_overpay_sat_vb": 0.05348038673400879,
      "median_overpay_sat_vb": 0.015593647956848145,
      "avg_underpay_sat_vb": 0.23037473360697427,
      "overpay_mape": 2.6740193367004395,
      "within_10pct": 0.3333333333333333,
      "within_20pct": 0.8333333333333334,
      "within_50pct": 1.0,
      "asymmetric_loss": 0.0976988898296914,
      "mape": 14.192756017049154
    },
    "6block": {
      "horizon_blocks": 6,
      "mse": 0.145628789580068,
      "rmse": 0.3816134033024364,
      "mae": 0.2838551203409831,
      "r2": 0.0,
      "block_inclusion_accuracy": 0.5,
      "avg_overpay_sat_vb": 0.05348038673400879,
      "median_overpay_sat_vb": 0.015593647956848145,
      "avg_underpay_sat_vb": 0.23037473360697427,
      "overpay_mape": 2.6740193367004395,
      "within_10pct": 0.3333333333333333,
      "within_20pct": 0.8333333333333334,
      "within_50pct": 1.0,
      "asymmetric_loss": 0.0976988898296914,
      "mape": 14.192756017049154
    }
  },
  "lgb_results": {
    "1block": {
      "horizon_blocks": 1,
      "model_type": "lightgbm",
      "mse": 1.0,
      "rmse": 1.0,
      "mae": 1.0,
      "r2": 0.0,
      "block_inclusion_accuracy": 0.0,
      "avg_overpay_sat_vb": 0.0,
      "avg_underpay_sat_vb": 1.0,
      "within_10pct": 0.0,
      "within_20pct": 0.0,
      "within_50pct": 0.0,
      "asymmetric_loss": 0.7000000000000001,
      "mape": 50.0
    },
    "3block": {
      "horizon_blocks": 3,
      "model_type": "lightgbm",
      "mse": 1.0,
      "rmse": 1.0,
      "mae": 1.0,
      "r2": 0.0,
      "block_inclusion_accuracy": 0.0,
      "avg_overpay_sat_vb": 0.0,
      "avg_underpay_sat_vb": 1.0,
      "within_10pct": 0.0,
      "within_20pct": 0.0,
      "within_50pct": 0.0,
      "asymmetric_loss": 0.7000000000000001,
      "mape": 50.0
    },
    "6block": {
      "horizon_blocks": 6,
      "model_type": "lightgbm",
      "mse": 1.0,
      "rmse": 1.0,
      "mae": 1.0,
      "r2": 0.0,
      "block_inclusion_accuracy": 0.0,
      "avg_overpay_sat_vb": 0.0,
      "avg_underpay_sat_vb": 1.0,
      "within_10pct": 0.0,
      "within_20pct": 0.0,
      "within_50pct": 0.0,
      "asymmetric_loss": 0.7000000000000001,
      "mape": 50.0
    }
  }
}