{
  "timestamp": "2026-05-31T21:04:49.898281",
  "duration_seconds": 3.776217,
  "xgb_results": {
    "1block": {
      "horizon_blocks": 1,
      "mse": 0.8983987948281632,
      "rmse": 0.9478390131389207,
      "mae": 0.8406974871953329,
      "r2": 0.0,
      "block_inclusion_accuracy": 0.0,
      "avg_overpay_sat_vb": 0.0,
      "median_overpay_sat_vb": 0.0,
      "avg_underpay_sat_vb": 0.8406974871953329,
      "overpay_mape": 0.0,
      "within_10pct": 0.16666666666666666,
      "within_20pct": 0.3333333333333333,
      "within_50pct": 1.0,
      "asymmetric_loss": 0.6288791563797144,
      "mape": 28.02324957317776
    },
    "3block": {
      "horizon_blocks": 3,
      "mse": 1.6714218576678377,
      "rmse": 1.2928348145327142,
      "mae": 1.2552234331766765,
      "r2": 0.0,
      "block_inclusion_accuracy": 0.6666666666666666,
      "avg_overpay_sat_vb": 0.9282466570536295,
      "median_overpay_sat_vb": 1.147981882095337,
      "avg_underpay_sat_vb": 0.3269767761230469,
      "overpay_mape": 30.941555235120983,
      "within_10pct": 0.0,
      "within_20pct": 0.0,
      "within_50pct": 0.6666666666666666,
      "asymmetric_loss": 0.6333392122656961,
      "mape": 41.84078110588921
    },
    "6block": {
      "horizon_blocks": 6,
      "mse": 1.6714218576678377,
      "rmse": 1.2928348145327142,
      "mae": 1.2552234331766765,
      "r2": 0.0,
      "block_inclusion_accuracy": 0.6666666666666666,
      "avg_overpay_sat_vb": 0.9282466570536295,
      "median_overpay_sat_vb": 1.147981882095337,
      "avg_underpay_sat_vb": 0.3269767761230469,
      "overpay_mape": 30.941555235120983,
      "within_10pct": 0.0,
      "within_20pct": 0.0,
      "within_50pct": 0.6666666666666666,
      "asymmetric_loss": 0.6333392122656961,
      "mape": 41.84078110588921
    }
  },
  "lgb_results": {
    "1block": {
      "horizon_blocks": 1,
      "model_type": "lightgbm",
      "mse": 2.832946837355719,
      "rmse": 1.6831360127321022,
      "mae": 1.6831360127321024,
      "r2": 0.0,
      "block_inclusion_accuracy": 0.0,
      "avg_overpay_sat_vb": 0.0,
      "avg_underpay_sat_vb": 1.6831360127321024,
      "within_10pct": 0.0,
      "within_20pct": 0.0,
      "within_50pct": 0.0,
      "asymmetric_loss": 1.9830627861490033,
      "mape": 56.10453375773674
    },
    "3block": {
      "horizon_blocks": 3,
      "model_type": "lightgbm",
      "mse": 3.98365941219696,
      "rmse": 1.9959106723991833,
      "mae": 1.9959106723991835,
      "r2": 0.0,
      "block_inclusion_accuracy": 0.0,
      "avg_overpay_sat_vb": 0.0,
      "avg_underpay_sat_vb": 1.9959106723991835,
      "within_10pct": 0.0,
      "within_20pct": 0.0,
      "within_50pct": 0.0,
      "asymmetric_loss": 2.788561588537872,
      "mape": 66.53035574663944
    },
    "6block": {
      "horizon_blocks": 6,
      "model_type": "lightgbm",
      "mse": 4.0,
      "rmse": 2.0,
      "mae": 2.0,
      "r2": 0.0,
      "block_inclusion_accuracy": 0.0,
      "avg_overpay_sat_vb": 0.0,
      "avg_underpay_sat_vb": 2.0,
      "within_10pct": 0.0,
      "within_20pct": 0.0,
      "within_50pct": 0.0,
      "asymmetric_loss": 2.8000000000000003,
      "mape": 66.66666666666666
    }
  }
}