{
  "timestamp": "2026-05-15T06:40:31.563975",
  "duration_seconds": 2.482088,
  "xgb_results": {
    "1block": {
      "horizon_blocks": 1,
      "mse": 0.5145260100033889,
      "rmse": 0.7173046842196061,
      "mae": 0.6926628748575846,
      "r2": 0.0,
      "block_inclusion_accuracy": 0.0,
      "avg_overpay_sat_vb": 0.0,
      "median_overpay_sat_vb": 0.0,
      "avg_underpay_sat_vb": 0.6926628748575846,
      "overpay_mape": 0.0,
      "within_10pct": 0.16666666666666666,
      "within_20pct": 0.6666666666666666,
      "within_50pct": 1.0,
      "asymmetric_loss": 0.36016820700237223,
      "mape": 17.316571871439614
    },
    "3block": {
      "horizon_blocks": 3,
      "mse": 0.9896003698793644,
      "rmse": 0.994786595144589,
      "mae": 0.9160498778025309,
      "r2": 0.0,
      "block_inclusion_accuracy": 1.0,
      "avg_overpay_sat_vb": 0.9160498778025309,
      "median_overpay_sat_vb": 0.818803071975708,
      "avg_underpay_sat_vb": 0.0,
      "overpay_mape": 22.90124694506327,
      "within_10pct": 0.0,
      "within_20pct": 0.5,
      "within_50pct": 1.0,
      "asymmetric_loss": 0.29688011096380934,
      "mape": 22.90124694506327
    },
    "6block": {
      "horizon_blocks": 6,
      "mse": 0.9896003698793644,
      "rmse": 0.994786595144589,
      "mae": 0.9160498778025309,
      "r2": 0.0,
      "block_inclusion_accuracy": 1.0,
      "avg_overpay_sat_vb": 0.9160498778025309,
      "median_overpay_sat_vb": 0.818803071975708,
      "avg_underpay_sat_vb": 0.0,
      "overpay_mape": 22.90124694506327,
      "within_10pct": 0.0,
      "within_20pct": 0.5,
      "within_50pct": 1.0,
      "asymmetric_loss": 0.29688011096380934,
      "mape": 22.90124694506327
    }
  },
  "lgb_results": {
    "1block": {
      "horizon_blocks": 1,
      "model_type": "lightgbm",
      "mse": 9.0,
      "rmse": 3.0,
      "mae": 3.0,
      "r2": 0.0,
      "block_inclusion_accuracy": 0.0,
      "avg_overpay_sat_vb": 0.0,
      "avg_underpay_sat_vb": 3.0,
      "within_10pct": 0.0,
      "within_20pct": 0.0,
      "within_50pct": 0.0,
      "asymmetric_loss": 6.3,
      "mape": 75.0
    },
    "3block": {
      "horizon_blocks": 3,
      "model_type": "lightgbm",
      "mse": 9.0,
      "rmse": 3.0,
      "mae": 3.0,
      "r2": 0.0,
      "block_inclusion_accuracy": 0.0,
      "avg_overpay_sat_vb": 0.0,
      "avg_underpay_sat_vb": 3.0,
      "within_10pct": 0.0,
      "within_20pct": 0.0,
      "within_50pct": 0.0,
      "asymmetric_loss": 6.3,
      "mape": 75.0
    },
    "6block": {
      "horizon_blocks": 6,
      "model_type": "lightgbm",
      "mse": 9.0,
      "rmse": 3.0,
      "mae": 3.0,
      "r2": 0.0,
      "block_inclusion_accuracy": 0.0,
      "avg_overpay_sat_vb": 0.0,
      "avg_underpay_sat_vb": 3.0,
      "within_10pct": 0.0,
      "within_20pct": 0.0,
      "within_50pct": 0.0,
      "asymmetric_loss": 6.3,
      "mape": 75.0
    }
  }
}