{
  "timestamp": "2026-05-02T13:08:46.368993",
  "duration_seconds": 1.747148,
  "xgb_results": {
    "1block": {
      "horizon_blocks": 1,
      "mse": 0.14364171229505018,
      "rmse": 0.3790009397020675,
      "mae": 0.3729577859242757,
      "r2": 0.0,
      "block_inclusion_accuracy": 0.0,
      "avg_overpay_sat_vb": 0.0,
      "median_overpay_sat_vb": 0.0,
      "avg_underpay_sat_vb": 0.3729577859242757,
      "overpay_mape": 0.0,
      "within_10pct": 0.16666666666666666,
      "within_20pct": 1.0,
      "within_50pct": 1.0,
      "asymmetric_loss": 0.10054919860653512,
      "mape": 12.431926197475859
    },
    "3block": {
      "horizon_blocks": 3,
      "mse": 0.17865873085583908,
      "rmse": 0.42268041219796204,
      "mae": 0.3325517574946086,
      "r2": 0.0,
      "block_inclusion_accuracy": 0.3333333333333333,
      "avg_overpay_sat_vb": 0.2071452538172404,
      "median_overpay_sat_vb": 0.0,
      "avg_underpay_sat_vb": 0.12540650367736816,
      "overpay_mape": 6.904841793908013,
      "within_10pct": 0.5,
      "within_20pct": 0.8333333333333334,
      "within_50pct": 1.0,
      "asymmetric_loss": 0.07273714439378126,
      "mape": 11.08505858315362
    },
    "6block": {
      "horizon_blocks": 6,
      "mse": 0.17865873085583908,
      "rmse": 0.42268041219796204,
      "mae": 0.3325517574946086,
      "r2": 0.0,
      "block_inclusion_accuracy": 0.3333333333333333,
      "avg_overpay_sat_vb": 0.2071452538172404,
      "median_overpay_sat_vb": 0.0,
      "avg_underpay_sat_vb": 0.12540650367736816,
      "overpay_mape": 6.904841793908013,
      "within_10pct": 0.5,
      "within_20pct": 0.8333333333333334,
      "within_50pct": 1.0,
      "asymmetric_loss": 0.07273714439378126,
      "mape": 11.08505858315362
    }
  },
  "lgb_results": {
    "1block": {
      "horizon_blocks": 1,
      "model_type": "lightgbm",
      "mse": 4.0,
      "rmse": 2.0,
      "mae": 2.0,
      "r2": 0.0,
      "block_inclusion_accuracy": 0.0,
      "avg_overpay_sat_vb": 0.0,
      "avg_underpay_sat_vb": 2.0,
      "within_10pct": 0.0,
      "within_20pct": 0.0,
      "within_50pct": 0.0,
      "asymmetric_loss": 2.8000000000000003,
      "mape": 66.66666666666666
    },
    "3block": {
      "horizon_blocks": 3,
      "model_type": "lightgbm",
      "mse": 3.98365941219696,
      "rmse": 1.9959106723991833,
      "mae": 1.9959106723991835,
      "r2": 0.0,
      "block_inclusion_accuracy": 0.0,
      "avg_overpay_sat_vb": 0.0,
      "avg_underpay_sat_vb": 1.9959106723991835,
      "within_10pct": 0.0,
      "within_20pct": 0.0,
      "within_50pct": 0.0,
      "asymmetric_loss": 2.788561588537872,
      "mape": 66.53035574663944
    },
    "6block": {
      "horizon_blocks": 6,
      "model_type": "lightgbm",
      "mse": 4.0,
      "rmse": 2.0,
      "mae": 2.0,
      "r2": 0.0,
      "block_inclusion_accuracy": 0.0,
      "avg_overpay_sat_vb": 0.0,
      "avg_underpay_sat_vb": 2.0,
      "within_10pct": 0.0,
      "within_20pct": 0.0,
      "within_50pct": 0.0,
      "asymmetric_loss": 2.8000000000000003,
      "mape": 66.66666666666666
    }
  }
}