{
  "timestamp": "2026-06-22T22:11:11.968995",
  "duration_seconds": 4.47805,
  "xgb_results": {
    "1block": {
      "horizon_blocks": 1,
      "mse": 1.92064613319328,
      "rmse": 1.3858737796759415,
      "mae": 1.1900566617647808,
      "r2": 0.0,
      "block_inclusion_accuracy": 0.5,
      "avg_overpay_sat_vb": 0.4483043352762858,
      "median_overpay_sat_vb": 0.0831899642944336,
      "avg_underpay_sat_vb": 0.7417523264884949,
      "overpay_mape": 14.94347784254286,
      "within_10pct": 0.16666666666666666,
      "within_20pct": 0.3333333333333333,
      "within_50pct": 0.5,
      "asymmetric_loss": 1.0537692193377095,
      "mape": 39.66855539215935
    },
    "3block": {
      "horizon_blocks": 3,
      "mse": 41.27958012910665,
      "rmse": 6.424918686575469,
      "mae": 5.5471382935841875,
      "r2": 0.0,
      "block_inclusion_accuracy": 1.0,
      "avg_overpay_sat_vb": 5.5471382935841875,
      "median_overpay_sat_vb": 5.1544013023376465,
      "avg_underpay_sat_vb": 0.0,
      "overpay_mape": 184.9046097861396,
      "within_10pct": 0.0,
      "within_20pct": 0.0,
      "within_50pct": 0.16666666666666666,
      "asymmetric_loss": 12.383874038731996,
      "mape": 184.9046097861396
    },
    "6block": {
      "horizon_blocks": 6,
      "mse": 41.27958012910665,
      "rmse": 6.424918686575469,
      "mae": 5.5471382935841875,
      "r2": 0.0,
      "block_inclusion_accuracy": 1.0,
      "avg_overpay_sat_vb": 5.5471382935841875,
      "median_overpay_sat_vb": 5.1544013023376465,
      "avg_underpay_sat_vb": 0.0,
      "overpay_mape": 184.9046097861396,
      "within_10pct": 0.0,
      "within_20pct": 0.0,
      "within_50pct": 0.16666666666666666,
      "asymmetric_loss": 12.383874038731996,
      "mape": 184.9046097861396
    }
  },
  "lgb_results": {
    "1block": {
      "horizon_blocks": 1,
      "model_type": "lightgbm",
      "mse": 4.0,
      "rmse": 2.0,
      "mae": 2.0,
      "r2": 0.0,
      "block_inclusion_accuracy": 0.0,
      "avg_overpay_sat_vb": 0.0,
      "avg_underpay_sat_vb": 2.0,
      "within_10pct": 0.0,
      "within_20pct": 0.0,
      "within_50pct": 0.0,
      "asymmetric_loss": 2.8000000000000003,
      "mape": 66.66666666666666
    },
    "3block": {
      "horizon_blocks": 3,
      "model_type": "lightgbm",
      "mse": 3.98365941219696,
      "rmse": 1.9959106723991833,
      "mae": 1.9959106723991835,
      "r2": 0.0,
      "block_inclusion_accuracy": 0.0,
      "avg_overpay_sat_vb": 0.0,
      "avg_underpay_sat_vb": 1.9959106723991835,
      "within_10pct": 0.0,
      "within_20pct": 0.0,
      "within_50pct": 0.0,
      "asymmetric_loss": 2.788561588537872,
      "mape": 66.53035574663944
    },
    "6block": {
      "horizon_blocks": 6,
      "model_type": "lightgbm",
      "mse": 4.0,
      "rmse": 2.0,
      "mae": 2.0,
      "r2": 0.0,
      "block_inclusion_accuracy": 0.0,
      "avg_overpay_sat_vb": 0.0,
      "avg_underpay_sat_vb": 2.0,
      "within_10pct": 0.0,
      "within_20pct": 0.0,
      "within_50pct": 0.0,
      "asymmetric_loss": 2.8000000000000003,
      "mape": 66.66666666666666
    }
  }
}