{
  "timestamp": "2026-05-13T23:12:56.719207",
  "duration_seconds": 2.370625,
  "xgb_results": {
    "1block": {
      "horizon_blocks": 1,
      "mse": 0.0,
      "rmse": 0.0,
      "mae": 0.0,
      "r2": 1.0,
      "block_inclusion_accuracy": 1.0,
      "avg_overpay_sat_vb": 0.0,
      "median_overpay_sat_vb": 0.0,
      "avg_underpay_sat_vb": 0.0,
      "overpay_mape": 0.0,
      "within_10pct": 1.0,
      "within_20pct": 1.0,
      "within_50pct": 1.0,
      "asymmetric_loss": 0.0,
      "mape": 0.0
    },
    "3block": {
      "horizon_blocks": 3,
      "mse": 0.8333333333333334,
      "rmse": 0.9128709291752769,
      "mae": 0.8333333333333334,
      "r2": -5.000000000000001,
      "block_inclusion_accuracy": 0.16666666666666666,
      "avg_overpay_sat_vb": 0.0,
      "median_overpay_sat_vb": 0.0,
      "avg_underpay_sat_vb": 0.8333333333333334,
      "overpay_mape": 0.0,
      "within_10pct": 0.16666666666666666,
      "within_20pct": 0.16666666666666666,
      "within_50pct": 0.16666666666666666,
      "asymmetric_loss": 0.5833333333333334,
      "mape": 41.66666666666667
    },
    "6block": {
      "horizon_blocks": 6,
      "mse": 0.8333333333333334,
      "rmse": 0.9128709291752769,
      "mae": 0.8333333333333334,
      "r2": -5.000000000000001,
      "block_inclusion_accuracy": 0.16666666666666666,
      "avg_overpay_sat_vb": 0.0,
      "median_overpay_sat_vb": 0.0,
      "avg_underpay_sat_vb": 0.8333333333333334,
      "overpay_mape": 0.0,
      "within_10pct": 0.16666666666666666,
      "within_20pct": 0.16666666666666666,
      "within_50pct": 0.16666666666666666,
      "asymmetric_loss": 0.5833333333333334,
      "mape": 41.66666666666667
    }
  },
  "lgb_results": {
    "1block": {
      "horizon_blocks": 1,
      "model_type": "lightgbm",
      "mse": 0.0020849491556878645,
      "rmse": 0.045661243475050746,
      "mae": 0.04565139468188321,
      "r2": 0.0,
      "block_inclusion_accuracy": 1.0,
      "avg_overpay_sat_vb": 0.04565139468188321,
      "avg_underpay_sat_vb": 0.0,
      "within_10pct": 1.0,
      "within_20pct": 1.0,
      "within_50pct": 1.0,
      "asymmetric_loss": 0.0006254847467063594,
      "mape": 4.56513946818832
    },
    "3block": {
      "horizon_blocks": 3,
      "model_type": "lightgbm",
      "mse": 0.8333333333333334,
      "rmse": 0.9128709291752769,
      "mae": 0.8333333333333334,
      "r2": -5.000000000000001,
      "block_inclusion_accuracy": 0.16666666666666666,
      "avg_overpay_sat_vb": 0.0,
      "avg_underpay_sat_vb": 0.8333333333333334,
      "within_10pct": 0.16666666666666666,
      "within_20pct": 0.16666666666666666,
      "within_50pct": 0.16666666666666666,
      "asymmetric_loss": 0.5833333333333334,
      "mape": 41.66666666666667
    },
    "6block": {
      "horizon_blocks": 6,
      "model_type": "lightgbm",
      "mse": 0.8333333333333334,
      "rmse": 0.9128709291752769,
      "mae": 0.8333333333333334,
      "r2": -5.000000000000001,
      "block_inclusion_accuracy": 0.16666666666666666,
      "avg_overpay_sat_vb": 0.0,
      "avg_underpay_sat_vb": 0.8333333333333334,
      "within_10pct": 0.16666666666666666,
      "within_20pct": 0.16666666666666666,
      "within_50pct": 0.16666666666666666,
      "asymmetric_loss": 0.5833333333333334,
      "mape": 41.66666666666667
    }
  }
}