{
  "timestamp": "2026-05-12T12:01:31.231001",
  "duration_seconds": 2.353558,
  "xgb_results": {
    "1block": {
      "horizon_blocks": 1,
      "mse": 0.9798388712468835,
      "rmse": 0.9898681080057502,
      "mae": 0.9535642067591349,
      "r2": 0.0,
      "block_inclusion_accuracy": 0.0,
      "avg_overpay_sat_vb": 0.0,
      "median_overpay_sat_vb": 0.0,
      "avg_underpay_sat_vb": 0.9535642067591349,
      "overpay_mape": 0.0,
      "within_10pct": 0.0,
      "within_20pct": 0.16666666666666666,
      "within_50pct": 1.0,
      "asymmetric_loss": 0.6858872098728184,
      "mape": 31.78547355863783
    },
    "3block": {
      "horizon_blocks": 3,
      "mse": 0.9749422459841455,
      "rmse": 0.9873916375907512,
      "mae": 0.8049077391624451,
      "r2": 0.0,
      "block_inclusion_accuracy": 0.16666666666666666,
      "avg_overpay_sat_vb": 0.03878617286682129,
      "median_overpay_sat_vb": 0.0,
      "avg_underpay_sat_vb": 0.7661215662956238,
      "overpay_mape": 1.292872428894043,
      "within_10pct": 0.16666666666666666,
      "within_20pct": 0.5,
      "within_50pct": 0.8333333333333334,
      "asymmetric_loss": 0.6788490908953299,
      "mape": 26.8302579720815
    },
    "6block": {
      "horizon_blocks": 6,
      "mse": 0.9749422459841455,
      "rmse": 0.9873916375907512,
      "mae": 0.8049077391624451,
      "r2": 0.0,
      "block_inclusion_accuracy": 0.16666666666666666,
      "avg_overpay_sat_vb": 0.03878617286682129,
      "median_overpay_sat_vb": 0.0,
      "avg_underpay_sat_vb": 0.7661215662956238,
      "overpay_mape": 1.292872428894043,
      "within_10pct": 0.16666666666666666,
      "within_20pct": 0.5,
      "within_50pct": 0.8333333333333334,
      "asymmetric_loss": 0.6788490908953299,
      "mape": 26.8302579720815
    }
  },
  "lgb_results": {
    "1block": {
      "horizon_blocks": 1,
      "model_type": "lightgbm",
      "mse": 2.861239325350628,
      "rmse": 1.691519827064001,
      "mae": 1.691519827064001,
      "r2": 0.0,
      "block_inclusion_accuracy": 0.0,
      "avg_overpay_sat_vb": 0.0,
      "avg_underpay_sat_vb": 1.691519827064001,
      "within_10pct": 0.0,
      "within_20pct": 0.0,
      "within_50pct": 0.0,
      "asymmetric_loss": 2.00286752774544,
      "mape": 56.38399423546671
    },
    "3block": {
      "horizon_blocks": 3,
      "model_type": "lightgbm",
      "mse": 3.98365941219696,
      "rmse": 1.9959106723991833,
      "mae": 1.9959106723991835,
      "r2": 0.0,
      "block_inclusion_accuracy": 0.0,
      "avg_overpay_sat_vb": 0.0,
      "avg_underpay_sat_vb": 1.9959106723991835,
      "within_10pct": 0.0,
      "within_20pct": 0.0,
      "within_50pct": 0.0,
      "asymmetric_loss": 2.788561588537872,
      "mape": 66.53035574663944
    },
    "6block": {
      "horizon_blocks": 6,
      "model_type": "lightgbm",
      "mse": 4.0,
      "rmse": 2.0,
      "mae": 2.0,
      "r2": 0.0,
      "block_inclusion_accuracy": 0.0,
      "avg_overpay_sat_vb": 0.0,
      "avg_underpay_sat_vb": 2.0,
      "within_10pct": 0.0,
      "within_20pct": 0.0,
      "within_50pct": 0.0,
      "asymmetric_loss": 2.8000000000000003,
      "mape": 66.66666666666666
    }
  }
}