{
  "timestamp": "2026-06-21T23:18:14.471756",
  "duration_seconds": 4.410612,
  "xgb_results": {
    "1block": {
      "horizon_blocks": 1,
      "mse": 0.790346141198988,
      "rmse": 0.8890141400444584,
      "mae": 0.8364418943723043,
      "r2": 0.0,
      "block_inclusion_accuracy": 0.3333333333333333,
      "avg_overpay_sat_vb": 0.3429868221282959,
      "median_overpay_sat_vb": 0.0,
      "avg_underpay_sat_vb": 0.49345507224400836,
      "overpay_mape": 17.149341106414795,
      "within_10pct": 0.0,
      "within_20pct": 0.0,
      "within_50pct": 0.6666666666666666,
      "asymmetric_loss": 0.3960075996027103,
      "mape": 41.82209471861522
    },
    "3block": {
      "horizon_blocks": 3,
      "mse": 21.311889083350376,
      "rmse": 4.616480161697911,
      "mae": 3.99851127465566,
      "r2": -84.2475563334015,
      "block_inclusion_accuracy": 1.0,
      "avg_overpay_sat_vb": 3.99851127465566,
      "median_overpay_sat_vb": 3.919076919555664,
      "avg_underpay_sat_vb": 0.0,
      "overpay_mape": 305.3877492745718,
      "within_10pct": 0.0,
      "within_20pct": 0.0,
      "within_50pct": 0.0,
      "asymmetric_loss": 6.393566725005113,
      "mape": 305.3877492745718
    },
    "6block": {
      "horizon_blocks": 6,
      "mse": 21.311889083350376,
      "rmse": 4.616480161697911,
      "mae": 3.99851127465566,
      "r2": -84.2475563334015,
      "block_inclusion_accuracy": 1.0,
      "avg_overpay_sat_vb": 3.99851127465566,
      "median_overpay_sat_vb": 3.919076919555664,
      "avg_underpay_sat_vb": 0.0,
      "overpay_mape": 305.3877492745718,
      "within_10pct": 0.0,
      "within_20pct": 0.0,
      "within_50pct": 0.0,
      "asymmetric_loss": 6.393566725005113,
      "mape": 305.3877492745718
    }
  },
  "lgb_results": {
    "1block": {
      "horizon_blocks": 1,
      "model_type": "lightgbm",
      "mse": 1.0,
      "rmse": 1.0,
      "mae": 1.0,
      "r2": 0.0,
      "block_inclusion_accuracy": 0.0,
      "avg_overpay_sat_vb": 0.0,
      "avg_underpay_sat_vb": 1.0,
      "within_10pct": 0.0,
      "within_20pct": 0.0,
      "within_50pct": 0.0,
      "asymmetric_loss": 0.7000000000000001,
      "mape": 50.0
    },
    "3block": {
      "horizon_blocks": 3,
      "model_type": "lightgbm",
      "mse": 0.4959273949994101,
      "rmse": 0.7042211264932415,
      "mae": 0.5,
      "r2": -0.9837095799976403,
      "block_inclusion_accuracy": 0.5,
      "avg_overpay_sat_vb": 0.002044663800408353,
      "avg_underpay_sat_vb": 0.49795533619959165,
      "within_10pct": 0.5,
      "within_20pct": 0.5,
      "within_50pct": 1.0,
      "asymmetric_loss": 0.3471458319795418,
      "mape": 25.102233190020417
    },
    "6block": {
      "horizon_blocks": 6,
      "model_type": "lightgbm",
      "mse": 0.5,
      "rmse": 0.7071067811865476,
      "mae": 0.5,
      "r2": -1.0,
      "block_inclusion_accuracy": 0.5,
      "avg_overpay_sat_vb": 0.0,
      "avg_underpay_sat_vb": 0.5,
      "within_10pct": 0.5,
      "within_20pct": 0.5,
      "within_50pct": 0.5,
      "asymmetric_loss": 0.3499999999999999,
      "mape": 25.0
    }
  }
}