{
  "timestamp": "2026-04-22T09:26:19.670575",
  "duration_seconds": 0.986623,
  "xgb_results": {
    "1block": {
      "horizon_blocks": 1,
      "mse": 0.0872730856765429,
      "rmse": 0.2954201849511013,
      "mae": 0.28518176078796387,
      "r2": 0.0,
      "block_inclusion_accuracy": 0.0,
      "avg_overpay_sat_vb": 0.0,
      "median_overpay_sat_vb": 0.0,
      "avg_underpay_sat_vb": 0.28518176078796387,
      "overpay_mape": 0.0,
      "within_10pct": 0.16666666666666666,
      "within_20pct": 1.0,
      "within_50pct": 1.0,
      "asymmetric_loss": 0.061091159973580035,
      "mape": 14.259088039398193
    },
    "3block": {
      "horizon_blocks": 3,
      "mse": 0.4028958314529352,
      "rmse": 0.634740759249739,
      "mae": 0.5794826547304789,
      "r2": 0.0,
      "block_inclusion_accuracy": 0.16666666666666666,
      "avg_overpay_sat_vb": 0.060304482777913414,
      "median_overpay_sat_vb": 0.0,
      "avg_underpay_sat_vb": 0.5191781719525655,
      "overpay_mape": 3.015224138895671,
      "within_10pct": 0.16666666666666666,
      "within_20pct": 0.3333333333333333,
      "within_50pct": 0.8333333333333334,
      "asymmetric_loss": 0.27329916847358665,
      "mape": 28.974132736523945
    },
    "6block": {
      "horizon_blocks": 6,
      "mse": 0.4028958314529352,
      "rmse": 0.634740759249739,
      "mae": 0.5794826547304789,
      "r2": 0.0,
      "block_inclusion_accuracy": 0.16666666666666666,
      "avg_overpay_sat_vb": 0.060304482777913414,
      "median_overpay_sat_vb": 0.0,
      "avg_underpay_sat_vb": 0.5191781719525655,
      "overpay_mape": 3.015224138895671,
      "within_10pct": 0.16666666666666666,
      "within_20pct": 0.3333333333333333,
      "within_50pct": 0.8333333333333334,
      "asymmetric_loss": 0.27329916847358665,
      "mape": 28.974132736523945
    }
  },
  "lgb_results": {
    "1block": {
      "horizon_blocks": 1,
      "model_type": "lightgbm",
      "mse": 1.0,
      "rmse": 1.0,
      "mae": 1.0,
      "r2": 0.0,
      "block_inclusion_accuracy": 0.0,
      "avg_overpay_sat_vb": 0.0,
      "avg_underpay_sat_vb": 1.0,
      "within_10pct": 0.0,
      "within_20pct": 0.0,
      "within_50pct": 0.0,
      "asymmetric_loss": 0.7000000000000001,
      "mape": 50.0
    },
    "3block": {
      "horizon_blocks": 3,
      "model_type": "lightgbm",
      "mse": 0.9918380673985933,
      "rmse": 0.9959106723991832,
      "mae": 0.9959106723991834,
      "r2": 0.0,
      "block_inclusion_accuracy": 0.0,
      "avg_overpay_sat_vb": 0.0,
      "avg_underpay_sat_vb": 0.9959106723991834,
      "within_10pct": 0.0,
      "within_20pct": 0.0,
      "within_50pct": 1.0,
      "asymmetric_loss": 0.6942866471790153,
      "mape": 49.79553361995917
    },
    "6block": {
      "horizon_blocks": 6,
      "model_type": "lightgbm",
      "mse": 1.0,
      "rmse": 1.0,
      "mae": 1.0,
      "r2": 0.0,
      "block_inclusion_accuracy": 0.0,
      "avg_overpay_sat_vb": 0.0,
      "avg_underpay_sat_vb": 1.0,
      "within_10pct": 0.0,
      "within_20pct": 0.0,
      "within_50pct": 0.0,
      "asymmetric_loss": 0.7000000000000001,
      "mape": 50.0
    }
  }
}