{
  "timestamp": "2026-05-03T17:54:06.420100",
  "duration_seconds": 1.758799,
  "xgb_results": {
    "1block": {
      "horizon_blocks": 1,
      "mse": 0.36528834678933936,
      "rmse": 0.6043908890687709,
      "mae": 0.5821240146954855,
      "r2": 0.0,
      "block_inclusion_accuracy": 1.0,
      "avg_overpay_sat_vb": 0.5821240146954855,
      "median_overpay_sat_vb": 0.5493846535682678,
      "avg_underpay_sat_vb": 0.0,
      "overpay_mape": 58.212401469548546,
      "within_10pct": 0.0,
      "within_20pct": 0.0,
      "within_50pct": 0.16666666666666666,
      "asymmetric_loss": 0.10958650403680181,
      "mape": 58.212401469548546
    },
    "3block": {
      "horizon_blocks": 3,
      "mse": 0.1100268488143783,
      "rmse": 0.3317029526766054,
      "mae": 0.1354171633720398,
      "r2": 0.0,
      "block_inclusion_accuracy": 1.0,
      "avg_overpay_sat_vb": 0.1354171633720398,
      "median_overpay_sat_vb": 0.0,
      "avg_underpay_sat_vb": 0.0,
      "overpay_mape": 13.54171633720398,
      "within_10pct": 0.8333333333333334,
      "within_20pct": 0.8333333333333334,
      "within_50pct": 0.8333333333333334,
      "asymmetric_loss": 0.03300805464431349,
      "mape": 13.54171633720398
    },
    "6block": {
      "horizon_blocks": 6,
      "mse": 0.1100268488143783,
      "rmse": 0.3317029526766054,
      "mae": 0.1354171633720398,
      "r2": 0.0,
      "block_inclusion_accuracy": 1.0,
      "avg_overpay_sat_vb": 0.1354171633720398,
      "median_overpay_sat_vb": 0.0,
      "avg_underpay_sat_vb": 0.0,
      "overpay_mape": 13.54171633720398,
      "within_10pct": 0.8333333333333334,
      "within_20pct": 0.8333333333333334,
      "within_50pct": 0.8333333333333334,
      "asymmetric_loss": 0.03300805464431349,
      "mape": 13.54171633720398
    }
  },
  "lgb_results": {
    "1block": {
      "horizon_blocks": 1,
      "model_type": "lightgbm",
      "mse": 0.04974952520808948,
      "rmse": 0.2230460158982659,
      "mae": 0.2230460158982659,
      "r2": 0.0,
      "block_inclusion_accuracy": 1.0,
      "avg_overpay_sat_vb": 0.2230460158982659,
      "avg_underpay_sat_vb": 0.0,
      "within_10pct": 0.0,
      "within_20pct": 0.0,
      "within_50pct": 1.0,
      "asymmetric_loss": 0.014924857562426846,
      "mape": 22.30460158982659
    },
    "3block": {
      "horizon_blocks": 3,
      "model_type": "lightgbm",
      "mse": 1.672260022680131e-05,
      "rmse": 0.004089327600816705,
      "mae": 0.004089327600816706,
      "r2": 0.0,
      "block_inclusion_accuracy": 1.0,
      "avg_overpay_sat_vb": 0.004089327600816706,
      "avg_underpay_sat_vb": 0.0,
      "within_10pct": 1.0,
      "within_20pct": 1.0,
      "within_50pct": 1.0,
      "asymmetric_loss": 5.016780068040395e-06,
      "mape": 0.40893276008167057
    },
    "6block": {
      "horizon_blocks": 6,
      "model_type": "lightgbm",
      "mse": 0.0,
      "rmse": 0.0,
      "mae": 0.0,
      "r2": 1.0,
      "block_inclusion_accuracy": 1.0,
      "avg_overpay_sat_vb": 0.0,
      "avg_underpay_sat_vb": 0.0,
      "within_10pct": 1.0,
      "within_20pct": 1.0,
      "within_50pct": 1.0,
      "asymmetric_loss": 0.0,
      "mape": 0.0
    }
  }
}