{
  "timestamp": "2026-07-01T19:57:22.488474",
  "duration_seconds": 5.198896,
  "xgb_results": {
    "1block": {
      "horizon_blocks": 1,
      "mse": 1.522612355429639,
      "rmse": 1.2339417958030432,
      "mae": 0.9511113961537679,
      "r2": -5.851755599433375,
      "block_inclusion_accuracy": 0.8333333333333334,
      "avg_overpay_sat_vb": 0.8914837042490641,
      "median_overpay_sat_vb": 0.7834329605102539,
      "avg_underpay_sat_vb": 0.059627691904703774,
      "overpay_mape": 29.436675045225353,
      "within_10pct": 0.3333333333333333,
      "within_20pct": 0.5,
      "within_50pct": 0.6666666666666666,
      "asymmetric_loss": 0.46531681456940915,
      "mape": 31.424264775382145
    },
    "3block": {
      "horizon_blocks": 3,
      "mse": 13.530811296631176,
      "rmse": 3.6784251109178743,
      "mae": 3.3634390830993652,
      "r2": 0.0,
      "block_inclusion_accuracy": 0.8333333333333334,
      "avg_overpay_sat_vb": 3.0301057497660318,
      "median_overpay_sat_vb": 3.3657569885253906,
      "avg_underpay_sat_vb": 0.3333333333333333,
      "overpay_mape": 101.00352499220105,
      "within_10pct": 0.0,
      "within_20pct": 0.0,
      "within_50pct": 0.16666666666666666,
      "asymmetric_loss": 4.32591005565602,
      "mape": 112.11463610331217
    },
    "6block": {
      "horizon_blocks": 6,
      "mse": 13.530811296631176,
      "rmse": 3.6784251109178743,
      "mae": 3.3634390830993652,
      "r2": 0.0,
      "block_inclusion_accuracy": 0.8333333333333334,
      "avg_overpay_sat_vb": 3.0301057497660318,
      "median_overpay_sat_vb": 3.3657569885253906,
      "avg_underpay_sat_vb": 0.3333333333333333,
      "overpay_mape": 101.00352499220105,
      "within_10pct": 0.0,
      "within_20pct": 0.0,
      "within_50pct": 0.16666666666666666,
      "asymmetric_loss": 4.32591005565602,
      "mape": 112.11463610331217
    }
  },
  "lgb_results": {
    "1block": {
      "horizon_blocks": 1,
      "model_type": "lightgbm",
      "mse": 4.3193147721175995,
      "rmse": 2.0782961223361793,
      "mae": 2.024182593738906,
      "r2": -18.436916474529202,
      "block_inclusion_accuracy": 0.0,
      "avg_overpay_sat_vb": 0.0,
      "avg_underpay_sat_vb": 2.024182593738906,
      "within_10pct": 0.0,
      "within_20pct": 0.0,
      "within_50pct": 0.0,
      "asymmetric_loss": 3.0235203404823197,
      "mape": 59.999103188307004
    },
    "3block": {
      "horizon_blocks": 3,
      "model_type": "lightgbm",
      "mse": 3.98365941219696,
      "rmse": 1.9959106723991833,
      "mae": 1.9959106723991835,
      "r2": 0.0,
      "block_inclusion_accuracy": 0.0,
      "avg_overpay_sat_vb": 0.0,
      "avg_underpay_sat_vb": 1.9959106723991835,
      "within_10pct": 0.0,
      "within_20pct": 0.0,
      "within_50pct": 0.0,
      "asymmetric_loss": 2.788561588537872,
      "mape": 66.53035574663944
    },
    "6block": {
      "horizon_blocks": 6,
      "model_type": "lightgbm",
      "mse": 4.0,
      "rmse": 2.0,
      "mae": 2.0,
      "r2": 0.0,
      "block_inclusion_accuracy": 0.0,
      "avg_overpay_sat_vb": 0.0,
      "avg_underpay_sat_vb": 2.0,
      "within_10pct": 0.0,
      "within_20pct": 0.0,
      "within_50pct": 0.0,
      "asymmetric_loss": 2.8000000000000003,
      "mape": 66.66666666666666
    }
  }
}