{
  "timestamp": "2026-04-22T23:53:19.674395",
  "duration_seconds": 0.85007,
  "xgb_results": {
    "1block": {
      "horizon_blocks": 1,
      "mse": 0.44726451853945076,
      "rmse": 0.6687783777451621,
      "mae": 0.6322115659713745,
      "r2": 0.0,
      "block_inclusion_accuracy": 0.0,
      "avg_overpay_sat_vb": 0.0,
      "median_overpay_sat_vb": 0.0,
      "avg_underpay_sat_vb": 0.6322115659713745,
      "overpay_mape": 0.0,
      "within_10pct": 0.3333333333333333,
      "within_20pct": 0.8333333333333334,
      "within_50pct": 1.0,
      "asymmetric_loss": 0.3130851629776155,
      "mape": 12.64423131942749
    },
    "3block": {
      "horizon_blocks": 3,
      "mse": 0.10040299668381891,
      "rmse": 0.3168643190449485,
      "mae": 0.2148246169090271,
      "r2": 0.0,
      "block_inclusion_accuracy": 0.5,
      "avg_overpay_sat_vb": 0.04185195763905843,
      "median_overpay_sat_vb": 0.008047223091125488,
      "avg_underpay_sat_vb": 0.17297265926996866,
      "overpay_mape": 2.092597881952922,
      "within_10pct": 0.5,
      "within_20pct": 0.8333333333333334,
      "within_50pct": 1.0,
      "asymmetric_loss": 0.06737558309985374,
      "mape": 10.741230845451355
    },
    "6block": {
      "horizon_blocks": 6,
      "mse": 0.10040299668381891,
      "rmse": 0.3168643190449485,
      "mae": 0.2148246169090271,
      "r2": 0.0,
      "block_inclusion_accuracy": 0.5,
      "avg_overpay_sat_vb": 0.04185195763905843,
      "median_overpay_sat_vb": 0.008047223091125488,
      "avg_underpay_sat_vb": 0.17297265926996866,
      "overpay_mape": 2.092597881952922,
      "within_10pct": 0.5,
      "within_20pct": 0.8333333333333334,
      "within_50pct": 1.0,
      "asymmetric_loss": 0.06737558309985374,
      "mape": 10.741230845451355
    }
  },
  "lgb_results": {
    "1block": {
      "horizon_blocks": 1,
      "model_type": "lightgbm",
      "mse": 13.731374908814177,
      "rmse": 3.705586985730355,
      "mae": 3.705586985730355,
      "r2": 0.0,
      "block_inclusion_accuracy": 0.0,
      "avg_overpay_sat_vb": 0.0,
      "avg_underpay_sat_vb": 3.705586985730355,
      "within_10pct": 0.0,
      "within_20pct": 0.0,
      "within_50pct": 0.0,
      "asymmetric_loss": 9.611962436169923,
      "mape": 74.11173971460708
    },
    "3block": {
      "horizon_blocks": 3,
      "model_type": "lightgbm",
      "mse": 0.9918380673985933,
      "rmse": 0.9959106723991832,
      "mae": 0.9959106723991834,
      "r2": 0.0,
      "block_inclusion_accuracy": 0.0,
      "avg_overpay_sat_vb": 0.0,
      "avg_underpay_sat_vb": 0.9959106723991834,
      "within_10pct": 0.0,
      "within_20pct": 0.0,
      "within_50pct": 1.0,
      "asymmetric_loss": 0.6942866471790153,
      "mape": 49.79553361995917
    },
    "6block": {
      "horizon_blocks": 6,
      "model_type": "lightgbm",
      "mse": 0.9955972225332886,
      "rmse": 0.9977961828616547,
      "mae": 0.9977961828616547,
      "r2": 0.0,
      "block_inclusion_accuracy": 0.0,
      "avg_overpay_sat_vb": 0.0,
      "avg_underpay_sat_vb": 0.9977961828616547,
      "within_10pct": 0.0,
      "within_20pct": 0.0,
      "within_50pct": 1.0,
      "asymmetric_loss": 0.6969180557733018,
      "mape": 49.889809143082736
    }
  }
}