{
  "timestamp": "2026-05-23T17:21:18.625726",
  "duration_seconds": 2.836087,
  "xgb_results": {
    "1block": {
      "horizon_blocks": 1,
      "mse": 0.9813596190391252,
      "rmse": 0.990635966962196,
      "mae": 0.9904035329818726,
      "r2": 0.0,
      "block_inclusion_accuracy": 0.0,
      "avg_overpay_sat_vb": 0.0,
      "median_overpay_sat_vb": 0.0,
      "avg_underpay_sat_vb": 0.9904035329818726,
      "overpay_mape": 0.0,
      "within_10pct": 0.0,
      "within_20pct": 0.0,
      "within_50pct": 0.16666666666666666,
      "asymmetric_loss": 0.6869517333273877,
      "mape": 49.52017664909363
    },
    "3block": {
      "horizon_blocks": 3,
      "mse": 0.35146455576903907,
      "rmse": 0.5928444617005704,
      "mae": 0.4943359891573588,
      "r2": 0.0,
      "block_inclusion_accuracy": 0.3333333333333333,
      "avg_overpay_sat_vb": 0.06465597947438557,
      "median_overpay_sat_vb": 0.0,
      "avg_underpay_sat_vb": 0.4296800096829732,
      "overpay_mape": 3.232798973719279,
      "within_10pct": 0.3333333333333333,
      "within_20pct": 0.5,
      "within_50pct": 0.8333333333333334,
      "asymmetric_loss": 0.24048056973352558,
      "mape": 24.716799457867943
    },
    "6block": {
      "horizon_blocks": 6,
      "mse": 0.35146455576903907,
      "rmse": 0.5928444617005704,
      "mae": 0.4943359891573588,
      "r2": 0.0,
      "block_inclusion_accuracy": 0.3333333333333333,
      "avg_overpay_sat_vb": 0.06465597947438557,
      "median_overpay_sat_vb": 0.0,
      "avg_underpay_sat_vb": 0.4296800096829732,
      "overpay_mape": 3.232798973719279,
      "within_10pct": 0.3333333333333333,
      "within_20pct": 0.5,
      "within_50pct": 0.8333333333333334,
      "asymmetric_loss": 0.24048056973352558,
      "mape": 24.716799457867943
    }
  },
  "lgb_results": {
    "1block": {
      "horizon_blocks": 1,
      "model_type": "lightgbm",
      "mse": 0.7458370089727663,
      "rmse": 0.8636185552503873,
      "mae": 0.8636185552503871,
      "r2": 0.0,
      "block_inclusion_accuracy": 0.0,
      "avg_overpay_sat_vb": 0.0,
      "avg_underpay_sat_vb": 0.8636185552503871,
      "within_10pct": 0.0,
      "within_20pct": 0.0,
      "within_50pct": 1.0,
      "asymmetric_loss": 0.5220859062809363,
      "mape": 43.18092776251935
    },
    "3block": {
      "horizon_blocks": 3,
      "model_type": "lightgbm",
      "mse": 1.0,
      "rmse": 1.0,
      "mae": 1.0,
      "r2": 0.0,
      "block_inclusion_accuracy": 0.0,
      "avg_overpay_sat_vb": 0.0,
      "avg_underpay_sat_vb": 1.0,
      "within_10pct": 0.0,
      "within_20pct": 0.0,
      "within_50pct": 0.0,
      "asymmetric_loss": 0.7000000000000001,
      "mape": 50.0
    },
    "6block": {
      "horizon_blocks": 6,
      "model_type": "lightgbm",
      "mse": 1.0,
      "rmse": 1.0,
      "mae": 1.0,
      "r2": 0.0,
      "block_inclusion_accuracy": 0.0,
      "avg_overpay_sat_vb": 0.0,
      "avg_underpay_sat_vb": 1.0,
      "within_10pct": 0.0,
      "within_20pct": 0.0,
      "within_50pct": 0.0,
      "asymmetric_loss": 0.7000000000000001,
      "mape": 50.0
    }
  }
}