{
  "timestamp": "2026-04-30T17:26:47.215127",
  "duration_seconds": 1.304787,
  "xgb_results": {
    "1block": {
      "horizon_blocks": 1,
      "mse": 2.5163950378178677,
      "rmse": 1.5863149239094574,
      "mae": 1.5673360427220662,
      "r2": 0.0,
      "block_inclusion_accuracy": 0.0,
      "avg_overpay_sat_vb": 0.0,
      "median_overpay_sat_vb": 0.0,
      "avg_underpay_sat_vb": 1.5673360427220662,
      "overpay_mape": 0.0,
      "within_10pct": 0.0,
      "within_20pct": 0.0,
      "within_50pct": 1.0,
      "asymmetric_loss": 1.7614765264725074,
      "mape": 39.18340106805165
    },
    "3block": {
      "horizon_blocks": 3,
      "mse": 1.1271369422797857,
      "rmse": 1.0616670581118102,
      "mae": 0.9789241552352905,
      "r2": -3.5085477691191427,
      "block_inclusion_accuracy": 0.0,
      "avg_overpay_sat_vb": 0.0,
      "median_overpay_sat_vb": 0.0,
      "avg_underpay_sat_vb": 0.9789241552352905,
      "overpay_mape": 0.0,
      "within_10pct": 0.16666666666666666,
      "within_20pct": 0.5,
      "within_50pct": 1.0,
      "asymmetric_loss": 0.7889958595958498,
      "mape": 21.507383982340496
    },
    "6block": {
      "horizon_blocks": 6,
      "mse": 1.1271369422797857,
      "rmse": 1.0616670581118102,
      "mae": 0.9789241552352905,
      "r2": -3.5085477691191427,
      "block_inclusion_accuracy": 0.0,
      "avg_overpay_sat_vb": 0.0,
      "median_overpay_sat_vb": 0.0,
      "avg_underpay_sat_vb": 0.9789241552352905,
      "overpay_mape": 0.0,
      "within_10pct": 0.16666666666666666,
      "within_20pct": 0.5,
      "within_50pct": 1.0,
      "asymmetric_loss": 0.7889958595958498,
      "mape": 21.507383982340496
    }
  },
  "lgb_results": {
    "1block": {
      "horizon_blocks": 1,
      "model_type": "lightgbm",
      "mse": 7.137679028103932,
      "rmse": 2.671643506926763,
      "mae": 2.6716433175799743,
      "r2": 0.0,
      "block_inclusion_accuracy": 0.0,
      "avg_overpay_sat_vb": 0.0,
      "avg_underpay_sat_vb": 2.6716433175799743,
      "within_10pct": 0.0,
      "within_20pct": 0.0,
      "within_50pct": 0.0,
      "asymmetric_loss": 4.996375319672752,
      "mape": 66.79108293949936
    },
    "3block": {
      "horizon_blocks": 3,
      "model_type": "lightgbm",
      "mse": 12.5,
      "rmse": 3.5355339059327378,
      "mae": 3.5,
      "r2": -49.0,
      "block_inclusion_accuracy": 0.0,
      "avg_overpay_sat_vb": 0.0,
      "avg_underpay_sat_vb": 3.5,
      "within_10pct": 0.0,
      "within_20pct": 0.0,
      "within_50pct": 0.0,
      "asymmetric_loss": 8.75,
      "mape": 77.49999999999999
    },
    "6block": {
      "horizon_blocks": 6,
      "model_type": "lightgbm",
      "mse": 12.5,
      "rmse": 3.5355339059327378,
      "mae": 3.5,
      "r2": -49.0,
      "block_inclusion_accuracy": 0.0,
      "avg_overpay_sat_vb": 0.0,
      "avg_underpay_sat_vb": 3.5,
      "within_10pct": 0.0,
      "within_20pct": 0.0,
      "within_50pct": 0.0,
      "asymmetric_loss": 8.75,
      "mape": 77.49999999999999
    }
  }
}