{
  "timestamp": "2026-06-02T16:57:08.438873",
  "duration_seconds": 3.589966,
  "xgb_results": {
    "1block": {
      "horizon_blocks": 1,
      "mse": 2.7189295652108876,
      "rmse": 1.6489176950990876,
      "mae": 1.4977415204048157,
      "r2": 0.0,
      "block_inclusion_accuracy": 0.8333333333333334,
      "avg_overpay_sat_vb": 1.2230323950449626,
      "median_overpay_sat_vb": 1.5206375122070312,
      "avg_underpay_sat_vb": 0.2747091253598531,
      "overpay_mape": 40.767746501498756,
      "within_10pct": 0.16666666666666666,
      "within_20pct": 0.16666666666666666,
      "within_50pct": 0.3333333333333333,
      "asymmetric_loss": 0.9967951180976077,
      "mape": 49.924717346827194
    },
    "3block": {
      "horizon_blocks": 3,
      "mse": 0.7835547377096171,
      "rmse": 0.8851862728881515,
      "mae": 0.6477442185084025,
      "r2": 0.0,
      "block_inclusion_accuracy": 0.3333333333333333,
      "avg_overpay_sat_vb": 0.46677764256795246,
      "median_overpay_sat_vb": 0.0,
      "avg_underpay_sat_vb": 0.18096657594045004,
      "overpay_mape": 15.559254752265083,
      "within_10pct": 0.3333333333333333,
      "within_20pct": 0.5,
      "within_50pct": 0.8333333333333334,
      "asymmetric_loss": 0.27128132354724155,
      "mape": 21.591473950280086
    },
    "6block": {
      "horizon_blocks": 6,
      "mse": 0.7835547377096171,
      "rmse": 0.8851862728881515,
      "mae": 0.6477442185084025,
      "r2": 0.0,
      "block_inclusion_accuracy": 0.3333333333333333,
      "avg_overpay_sat_vb": 0.46677764256795246,
      "median_overpay_sat_vb": 0.0,
      "avg_underpay_sat_vb": 0.18096657594045004,
      "overpay_mape": 15.559254752265083,
      "within_10pct": 0.3333333333333333,
      "within_20pct": 0.5,
      "within_50pct": 0.8333333333333334,
      "asymmetric_loss": 0.27128132354724155,
      "mape": 21.591473950280086
    }
  },
  "lgb_results": {
    "1block": {
      "horizon_blocks": 1,
      "model_type": "lightgbm",
      "mse": 4.0,
      "rmse": 2.0,
      "mae": 2.0,
      "r2": 0.0,
      "block_inclusion_accuracy": 0.0,
      "avg_overpay_sat_vb": 0.0,
      "avg_underpay_sat_vb": 2.0,
      "within_10pct": 0.0,
      "within_20pct": 0.0,
      "within_50pct": 0.0,
      "asymmetric_loss": 2.8000000000000003,
      "mape": 66.66666666666666
    },
    "3block": {
      "horizon_blocks": 3,
      "model_type": "lightgbm",
      "mse": 4.0,
      "rmse": 2.0,
      "mae": 2.0,
      "r2": 0.0,
      "block_inclusion_accuracy": 0.0,
      "avg_overpay_sat_vb": 0.0,
      "avg_underpay_sat_vb": 2.0,
      "within_10pct": 0.0,
      "within_20pct": 0.0,
      "within_50pct": 0.0,
      "asymmetric_loss": 2.8000000000000003,
      "mape": 66.66666666666666
    },
    "6block": {
      "horizon_blocks": 6,
      "model_type": "lightgbm",
      "mse": 4.0,
      "rmse": 2.0,
      "mae": 2.0,
      "r2": 0.0,
      "block_inclusion_accuracy": 0.0,
      "avg_overpay_sat_vb": 0.0,
      "avg_underpay_sat_vb": 2.0,
      "within_10pct": 0.0,
      "within_20pct": 0.0,
      "within_50pct": 0.0,
      "asymmetric_loss": 2.8000000000000003,
      "mape": 66.66666666666666
    }
  }
}