{
  "timestamp": "2026-05-14T14:07:32.348098",
  "duration_seconds": 2.423573,
  "xgb_results": {
    "1block": {
      "horizon_blocks": 1,
      "mse": 0.3840674446735311,
      "rmse": 0.6197317521908419,
      "mae": 0.5290815631548563,
      "r2": 0.0,
      "block_inclusion_accuracy": 0.6666666666666666,
      "avg_overpay_sat_vb": 0.3500792980194092,
      "median_overpay_sat_vb": 0.16603243350982666,
      "avg_underpay_sat_vb": 0.17900226513544717,
      "overpay_mape": 17.50396490097046,
      "within_10pct": 0.16666666666666666,
      "within_20pct": 0.3333333333333333,
      "within_50pct": 0.8333333333333334,
      "asymmetric_loss": 0.15384866383124893,
      "mape": 26.454078157742817
    },
    "3block": {
      "horizon_blocks": 3,
      "mse": 3.6346611633521966,
      "rmse": 1.9064787340414255,
      "mae": 1.184952179590861,
      "r2": 0.0,
      "block_inclusion_accuracy": 0.8333333333333334,
      "avg_overpay_sat_vb": 1.1645551919937134,
      "median_overpay_sat_vb": 0.5227749347686768,
      "avg_underpay_sat_vb": 0.020396987597147625,
      "overpay_mape": 58.22775959968567,
      "within_10pct": 0.3333333333333333,
      "within_20pct": 0.5,
      "within_50pct": 0.6666666666666666,
      "asymmetric_loss": 1.0913968380529508,
      "mape": 59.24760897954305
    },
    "6block": {
      "horizon_blocks": 6,
      "mse": 3.6346611633521966,
      "rmse": 1.9064787340414255,
      "mae": 1.184952179590861,
      "r2": 0.0,
      "block_inclusion_accuracy": 0.8333333333333334,
      "avg_overpay_sat_vb": 1.1645551919937134,
      "median_overpay_sat_vb": 0.5227749347686768,
      "avg_underpay_sat_vb": 0.020396987597147625,
      "overpay_mape": 58.22775959968567,
      "within_10pct": 0.3333333333333333,
      "within_20pct": 0.5,
      "within_50pct": 0.6666666666666666,
      "asymmetric_loss": 1.0913968380529508,
      "mape": 59.24760897954305
    }
  },
  "lgb_results": {
    "1block": {
      "horizon_blocks": 1,
      "model_type": "lightgbm",
      "mse": 1.0,
      "rmse": 1.0,
      "mae": 1.0,
      "r2": 0.0,
      "block_inclusion_accuracy": 0.0,
      "avg_overpay_sat_vb": 0.0,
      "avg_underpay_sat_vb": 1.0,
      "within_10pct": 0.0,
      "within_20pct": 0.0,
      "within_50pct": 0.0,
      "asymmetric_loss": 0.7000000000000001,
      "mape": 50.0
    },
    "3block": {
      "horizon_blocks": 3,
      "model_type": "lightgbm",
      "mse": 1.0,
      "rmse": 1.0,
      "mae": 1.0,
      "r2": 0.0,
      "block_inclusion_accuracy": 0.0,
      "avg_overpay_sat_vb": 0.0,
      "avg_underpay_sat_vb": 1.0,
      "within_10pct": 0.0,
      "within_20pct": 0.0,
      "within_50pct": 0.0,
      "asymmetric_loss": 0.7000000000000001,
      "mape": 50.0
    },
    "6block": {
      "horizon_blocks": 6,
      "model_type": "lightgbm",
      "mse": 1.0,
      "rmse": 1.0,
      "mae": 1.0,
      "r2": 0.0,
      "block_inclusion_accuracy": 0.0,
      "avg_overpay_sat_vb": 0.0,
      "avg_underpay_sat_vb": 1.0,
      "within_10pct": 0.0,
      "within_20pct": 0.0,
      "within_50pct": 0.0,
      "asymmetric_loss": 0.7000000000000001,
      "mape": 50.0
    }
  }
}