{
  "timestamp": "2026-04-18T16:45:56.116301",
  "duration_seconds": 0.57327,
  "xgb_results": {
    "1block": {
      "horizon_blocks": 1,
      "mse": 0.006318293696959169,
      "rmse": 0.07948769525504668,
      "mae": 0.03245071570078532,
      "r2": 0.0,
      "block_inclusion_accuracy": 1.0,
      "avg_overpay_sat_vb": 0.03245071570078532,
      "median_overpay_sat_vb": 0.0,
      "avg_underpay_sat_vb": 0.0,
      "overpay_mape": 3.2450715700785318,
      "within_10pct": 0.8333333333333334,
      "within_20pct": 1.0,
      "within_50pct": 1.0,
      "asymmetric_loss": 0.0018954881090877508,
      "mape": 3.2450715700785318
    },
    "3block": {
      "horizon_blocks": 3,
      "mse": 0.13393857404263323,
      "rmse": 0.36597619327305053,
      "mae": 0.3419021964073181,
      "r2": 0.0,
      "block_inclusion_accuracy": 1.0,
      "avg_overpay_sat_vb": 0.3419021964073181,
      "median_overpay_sat_vb": 0.3555413484573364,
      "avg_underpay_sat_vb": 0.0,
      "overpay_mape": 34.19021964073181,
      "within_10pct": 0.16666666666666666,
      "within_20pct": 0.16666666666666666,
      "within_50pct": 0.8333333333333334,
      "asymmetric_loss": 0.040181572212789986,
      "mape": 34.19021964073181
    },
    "6block": {
      "horizon_blocks": 6,
      "mse": 0.13393857404263323,
      "rmse": 0.36597619327305053,
      "mae": 0.3419021964073181,
      "r2": 0.0,
      "block_inclusion_accuracy": 1.0,
      "avg_overpay_sat_vb": 0.3419021964073181,
      "median_overpay_sat_vb": 0.3555413484573364,
      "avg_underpay_sat_vb": 0.0,
      "overpay_mape": 34.19021964073181,
      "within_10pct": 0.16666666666666666,
      "within_20pct": 0.16666666666666666,
      "within_50pct": 0.8333333333333334,
      "asymmetric_loss": 0.040181572212789986,
      "mape": 34.19021964073181
    }
  },
  "lgb_results": {
    "1block": {
      "horizon_blocks": 1,
      "model_type": "lightgbm",
      "mse": 0.0,
      "rmse": 0.0,
      "mae": 0.0,
      "r2": 1.0,
      "block_inclusion_accuracy": 1.0,
      "avg_overpay_sat_vb": 0.0,
      "avg_underpay_sat_vb": 0.0,
      "within_10pct": 1.0,
      "within_20pct": 1.0,
      "within_50pct": 1.0,
      "asymmetric_loss": 0.0,
      "mape": 0.0
    },
    "3block": {
      "horizon_blocks": 3,
      "model_type": "lightgbm",
      "mse": 1.672260022680131e-05,
      "rmse": 0.004089327600816705,
      "mae": 0.004089327600816706,
      "r2": 0.0,
      "block_inclusion_accuracy": 1.0,
      "avg_overpay_sat_vb": 0.004089327600816706,
      "avg_underpay_sat_vb": 0.0,
      "within_10pct": 1.0,
      "within_20pct": 1.0,
      "within_50pct": 1.0,
      "asymmetric_loss": 5.016780068040395e-06,
      "mape": 0.40893276008167057
    },
    "6block": {
      "horizon_blocks": 6,
      "model_type": "lightgbm",
      "mse": 0.0,
      "rmse": 0.0,
      "mae": 0.0,
      "r2": 1.0,
      "block_inclusion_accuracy": 1.0,
      "avg_overpay_sat_vb": 0.0,
      "avg_underpay_sat_vb": 0.0,
      "within_10pct": 1.0,
      "within_20pct": 1.0,
      "within_50pct": 1.0,
      "asymmetric_loss": 0.0,
      "mape": 0.0
    }
  }
}