{
  "timestamp": "2026-05-26T22:28:53.367363",
  "duration_seconds": 3.323219,
  "xgb_results": {
    "1block": {
      "horizon_blocks": 1,
      "mse": 0.048852165407379765,
      "rmse": 0.22102525965911626,
      "mae": 0.15149440368016562,
      "r2": 0.0,
      "block_inclusion_accuracy": 1.0,
      "avg_overpay_sat_vb": 0.15149440368016562,
      "median_overpay_sat_vb": 0.09717392921447754,
      "avg_underpay_sat_vb": 0.0,
      "overpay_mape": 15.149440368016561,
      "within_10pct": 0.5,
      "within_20pct": 0.6666666666666666,
      "within_50pct": 1.0,
      "asymmetric_loss": 0.014655649622213931,
      "mape": 15.149440368016561
    },
    "3block": {
      "horizon_blocks": 3,
      "mse": 0.007140499776771965,
      "rmse": 0.08450147795613971,
      "mae": 0.037811835606892906,
      "r2": 0.0,
      "block_inclusion_accuracy": 1.0,
      "avg_overpay_sat_vb": 0.037811835606892906,
      "median_overpay_sat_vb": 0.0,
      "avg_underpay_sat_vb": 0.0,
      "overpay_mape": 3.7811835606892905,
      "within_10pct": 0.8333333333333334,
      "within_20pct": 0.8333333333333334,
      "within_50pct": 1.0,
      "asymmetric_loss": 0.00214214993303159,
      "mape": 3.7811835606892905
    },
    "6block": {
      "horizon_blocks": 6,
      "mse": 0.007140499776771965,
      "rmse": 0.08450147795613971,
      "mae": 0.037811835606892906,
      "r2": 0.0,
      "block_inclusion_accuracy": 1.0,
      "avg_overpay_sat_vb": 0.037811835606892906,
      "median_overpay_sat_vb": 0.0,
      "avg_underpay_sat_vb": 0.0,
      "overpay_mape": 3.7811835606892905,
      "within_10pct": 0.8333333333333334,
      "within_20pct": 0.8333333333333334,
      "within_50pct": 1.0,
      "asymmetric_loss": 0.00214214993303159,
      "mape": 3.7811835606892905
    }
  },
  "lgb_results": {
    "1block": {
      "horizon_blocks": 1,
      "model_type": "lightgbm",
      "mse": 0.003283252777294079,
      "rmse": 0.05729967519361762,
      "mae": 0.057291827148444906,
      "r2": 0.0,
      "block_inclusion_accuracy": 1.0,
      "avg_overpay_sat_vb": 0.057291827148444906,
      "avg_underpay_sat_vb": 0.0,
      "within_10pct": 1.0,
      "within_20pct": 1.0,
      "within_50pct": 1.0,
      "asymmetric_loss": 0.0009849758331882238,
      "mape": 5.729182714844491
    },
    "3block": {
      "horizon_blocks": 3,
      "model_type": "lightgbm",
      "mse": 0.0,
      "rmse": 0.0,
      "mae": 0.0,
      "r2": 1.0,
      "block_inclusion_accuracy": 1.0,
      "avg_overpay_sat_vb": 0.0,
      "avg_underpay_sat_vb": 0.0,
      "within_10pct": 1.0,
      "within_20pct": 1.0,
      "within_50pct": 1.0,
      "asymmetric_loss": 0.0,
      "mape": 0.0
    },
    "6block": {
      "horizon_blocks": 6,
      "model_type": "lightgbm",
      "mse": 0.0,
      "rmse": 0.0,
      "mae": 0.0,
      "r2": 1.0,
      "block_inclusion_accuracy": 1.0,
      "avg_overpay_sat_vb": 0.0,
      "avg_underpay_sat_vb": 0.0,
      "within_10pct": 1.0,
      "within_20pct": 1.0,
      "within_50pct": 1.0,
      "asymmetric_loss": 0.0,
      "mape": 0.0
    }
  }
}