{
  "timestamp": "2026-06-09T08:39:53.690307",
  "duration_seconds": 3.714958,
  "xgb_results": {
    "1block": {
      "horizon_blocks": 1,
      "mse": 0.9556612456898014,
      "rmse": 0.9775792784678905,
      "mae": 0.9761198361714681,
      "r2": 0.0,
      "block_inclusion_accuracy": 0.0,
      "avg_overpay_sat_vb": 0.0,
      "median_overpay_sat_vb": 0.0,
      "avg_underpay_sat_vb": 0.9761198361714681,
      "overpay_mape": 0.0,
      "within_10pct": 0.0,
      "within_20pct": 0.0,
      "within_50pct": 0.16666666666666666,
      "asymmetric_loss": 0.668962871982861,
      "mape": 48.80599180857341
    },
    "3block": {
      "horizon_blocks": 3,
      "mse": 1.0,
      "rmse": 1.0,
      "mae": 1.0,
      "r2": 0.0,
      "block_inclusion_accuracy": 0.0,
      "avg_overpay_sat_vb": 0.0,
      "median_overpay_sat_vb": 0.0,
      "avg_underpay_sat_vb": 1.0,
      "overpay_mape": 0.0,
      "within_10pct": 0.0,
      "within_20pct": 0.0,
      "within_50pct": 0.0,
      "asymmetric_loss": 0.7000000000000001,
      "mape": 50.0
    },
    "6block": {
      "horizon_blocks": 6,
      "mse": 1.0,
      "rmse": 1.0,
      "mae": 1.0,
      "r2": 0.0,
      "block_inclusion_accuracy": 0.0,
      "avg_overpay_sat_vb": 0.0,
      "median_overpay_sat_vb": 0.0,
      "avg_underpay_sat_vb": 1.0,
      "overpay_mape": 0.0,
      "within_10pct": 0.0,
      "within_20pct": 0.0,
      "within_50pct": 0.0,
      "asymmetric_loss": 0.7000000000000001,
      "mape": 50.0
    }
  },
  "lgb_results": {
    "1block": {
      "horizon_blocks": 1,
      "model_type": "lightgbm",
      "mse": 0.7405940663911289,
      "rmse": 0.8605777515083276,
      "mae": 0.860577424940124,
      "r2": 0.0,
      "block_inclusion_accuracy": 0.0,
      "avg_overpay_sat_vb": 0.0,
      "avg_underpay_sat_vb": 0.860577424940124,
      "within_10pct": 0.0,
      "within_20pct": 0.0,
      "within_50pct": 1.0,
      "asymmetric_loss": 0.5184158464737901,
      "mape": 43.0288712470062
    },
    "3block": {
      "horizon_blocks": 3,
      "model_type": "lightgbm",
      "mse": 1.0,
      "rmse": 1.0,
      "mae": 1.0,
      "r2": 0.0,
      "block_inclusion_accuracy": 0.0,
      "avg_overpay_sat_vb": 0.0,
      "avg_underpay_sat_vb": 1.0,
      "within_10pct": 0.0,
      "within_20pct": 0.0,
      "within_50pct": 0.0,
      "asymmetric_loss": 0.7000000000000001,
      "mape": 50.0
    },
    "6block": {
      "horizon_blocks": 6,
      "model_type": "lightgbm",
      "mse": 0.8962814113512397,
      "rmse": 0.9467214011266671,
      "mae": 0.9467214011266671,
      "r2": 0.0,
      "block_inclusion_accuracy": 0.0,
      "avg_overpay_sat_vb": 0.0,
      "avg_underpay_sat_vb": 0.9467214011266671,
      "within_10pct": 0.0,
      "within_20pct": 0.0,
      "within_50pct": 1.0,
      "asymmetric_loss": 0.6273969879458677,
      "mape": 47.336070056333355
    }
  }
}