{
  "timestamp": "2026-06-10T09:56:27.193419",
  "duration_seconds": 3.657043,
  "xgb_results": {
    "1block": {
      "horizon_blocks": 1,
      "mse": 0.6089584686605368,
      "rmse": 0.780357910615723,
      "mae": 0.706375241279602,
      "r2": 0.0,
      "block_inclusion_accuracy": 0.16666666666666666,
      "avg_overpay_sat_vb": 0.1578363577524821,
      "median_overpay_sat_vb": 0.0,
      "avg_underpay_sat_vb": 0.54853888352712,
      "overpay_mape": 7.8918178876241045,
      "within_10pct": 0.0,
      "within_20pct": 0.3333333333333333,
      "within_50pct": 0.6666666666666666,
      "asymmetric_loss": 0.36648137007380893,
      "mape": 35.3187620639801
    },
    "3block": {
      "horizon_blocks": 3,
      "mse": 0.862111939870888,
      "rmse": 0.9284998329945396,
      "mae": 0.9207045833269755,
      "r2": 0.0,
      "block_inclusion_accuracy": 0.16666666666666666,
      "avg_overpay_sat_vb": 0.13940000534057617,
      "median_overpay_sat_vb": 0.0,
      "avg_underpay_sat_vb": 0.7813045779863993,
      "overpay_mape": 6.970000267028809,
      "within_10pct": 0.0,
      "within_20pct": 0.0,
      "within_50pct": 0.3333333333333333,
      "asymmetric_loss": 0.5568406903361351,
      "mape": 46.03522916634877
    },
    "6block": {
      "horizon_blocks": 6,
      "mse": 0.862111939870888,
      "rmse": 0.9284998329945396,
      "mae": 0.9207045833269755,
      "r2": 0.0,
      "block_inclusion_accuracy": 0.16666666666666666,
      "avg_overpay_sat_vb": 0.13940000534057617,
      "median_overpay_sat_vb": 0.0,
      "avg_underpay_sat_vb": 0.7813045779863993,
      "overpay_mape": 6.970000267028809,
      "within_10pct": 0.0,
      "within_20pct": 0.0,
      "within_50pct": 0.3333333333333333,
      "asymmetric_loss": 0.5568406903361351,
      "mape": 46.03522916634877
    }
  },
  "lgb_results": {
    "1block": {
      "horizon_blocks": 1,
      "model_type": "lightgbm",
      "mse": 1.0,
      "rmse": 1.0,
      "mae": 1.0,
      "r2": 0.0,
      "block_inclusion_accuracy": 0.0,
      "avg_overpay_sat_vb": 0.0,
      "avg_underpay_sat_vb": 1.0,
      "within_10pct": 0.0,
      "within_20pct": 0.0,
      "within_50pct": 0.0,
      "asymmetric_loss": 0.7000000000000001,
      "mape": 50.0
    },
    "3block": {
      "horizon_blocks": 3,
      "model_type": "lightgbm",
      "mse": 1.0,
      "rmse": 1.0,
      "mae": 1.0,
      "r2": 0.0,
      "block_inclusion_accuracy": 0.0,
      "avg_overpay_sat_vb": 0.0,
      "avg_underpay_sat_vb": 1.0,
      "within_10pct": 0.0,
      "within_20pct": 0.0,
      "within_50pct": 0.0,
      "asymmetric_loss": 0.7000000000000001,
      "mape": 50.0
    },
    "6block": {
      "horizon_blocks": 6,
      "model_type": "lightgbm",
      "mse": 1.0,
      "rmse": 1.0,
      "mae": 1.0,
      "r2": 0.0,
      "block_inclusion_accuracy": 0.0,
      "avg_overpay_sat_vb": 0.0,
      "avg_underpay_sat_vb": 1.0,
      "within_10pct": 0.0,
      "within_20pct": 0.0,
      "within_50pct": 0.0,
      "asymmetric_loss": 0.7000000000000001,
      "mape": 50.0
    }
  }
}