{
  "timestamp": "2026-04-18T06:22:13.062794",
  "duration_seconds": 0.530201,
  "xgb_results": {
    "1block": {
      "horizon_blocks": 1,
      "mse": 0.015710182601400408,
      "rmse": 0.12534026727831885,
      "mae": 0.10019226868947347,
      "r2": 0.0,
      "block_inclusion_accuracy": 1.0,
      "avg_overpay_sat_vb": 0.10019226868947347,
      "median_overpay_sat_vb": 0.09132879972457886,
      "avg_underpay_sat_vb": 0.0,
      "overpay_mape": 10.019226868947346,
      "within_10pct": 0.5,
      "within_20pct": 0.8333333333333334,
      "within_50pct": 1.0,
      "asymmetric_loss": 0.004713054780420123,
      "mape": 10.019226868947346
    },
    "3block": {
      "horizon_blocks": 3,
      "mse": 0.013307847909383478,
      "rmse": 0.11535964593125049,
      "mae": 0.04709537823994955,
      "r2": 0.0,
      "block_inclusion_accuracy": 1.0,
      "avg_overpay_sat_vb": 0.04709537823994955,
      "median_overpay_sat_vb": 0.0,
      "avg_underpay_sat_vb": 0.0,
      "overpay_mape": 4.709537823994955,
      "within_10pct": 0.8333333333333334,
      "within_20pct": 0.8333333333333334,
      "within_50pct": 1.0,
      "asymmetric_loss": 0.003992354372815044,
      "mape": 4.709537823994955
    },
    "6block": {
      "horizon_blocks": 6,
      "mse": 0.013307847909383478,
      "rmse": 0.11535964593125049,
      "mae": 0.04709537823994955,
      "r2": 0.0,
      "block_inclusion_accuracy": 1.0,
      "avg_overpay_sat_vb": 0.04709537823994955,
      "median_overpay_sat_vb": 0.0,
      "avg_underpay_sat_vb": 0.0,
      "overpay_mape": 4.709537823994955,
      "within_10pct": 0.8333333333333334,
      "within_20pct": 0.8333333333333334,
      "within_50pct": 1.0,
      "asymmetric_loss": 0.003992354372815044,
      "mape": 4.709537823994955
    }
  },
  "lgb_results": {
    "1block": {
      "horizon_blocks": 1,
      "model_type": "lightgbm",
      "mse": 0.09430835546491038,
      "rmse": 0.3070966549230232,
      "mae": 0.3070966549230232,
      "r2": 0.0,
      "block_inclusion_accuracy": 1.0,
      "avg_overpay_sat_vb": 0.3070966549230232,
      "avg_underpay_sat_vb": 0.0,
      "within_10pct": 0.0,
      "within_20pct": 0.0,
      "within_50pct": 1.0,
      "asymmetric_loss": 0.02829250663947312,
      "mape": 30.709665492302317
    },
    "3block": {
      "horizon_blocks": 3,
      "model_type": "lightgbm",
      "mse": 1.672260022680131e-05,
      "rmse": 0.004089327600816705,
      "mae": 0.004089327600816706,
      "r2": 0.0,
      "block_inclusion_accuracy": 1.0,
      "avg_overpay_sat_vb": 0.004089327600816706,
      "avg_underpay_sat_vb": 0.0,
      "within_10pct": 1.0,
      "within_20pct": 1.0,
      "within_50pct": 1.0,
      "asymmetric_loss": 5.016780068040395e-06,
      "mape": 0.40893276008167057
    },
    "6block": {
      "horizon_blocks": 6,
      "model_type": "lightgbm",
      "mse": 0.0,
      "rmse": 0.0,
      "mae": 0.0,
      "r2": 1.0,
      "block_inclusion_accuracy": 1.0,
      "avg_overpay_sat_vb": 0.0,
      "avg_underpay_sat_vb": 0.0,
      "within_10pct": 1.0,
      "within_20pct": 1.0,
      "within_50pct": 1.0,
      "asymmetric_loss": 0.0,
      "mape": 0.0
    }
  }
}