{
  "timestamp": "2026-05-23T04:46:45.326311",
  "duration_seconds": 3.337568,
  "xgb_results": {
    "1block": {
      "horizon_blocks": 1,
      "mse": 0.23392315850476564,
      "rmse": 0.4836560332558311,
      "mae": 0.4541099468866984,
      "r2": 0.0,
      "block_inclusion_accuracy": 0.0,
      "avg_overpay_sat_vb": 0.0,
      "median_overpay_sat_vb": 0.0,
      "avg_underpay_sat_vb": 0.4541099468866984,
      "overpay_mape": 0.0,
      "within_10pct": 0.0,
      "within_20pct": 0.3333333333333333,
      "within_50pct": 1.0,
      "asymmetric_loss": 0.16374621095333594,
      "mape": 22.705497344334923
    },
    "3block": {
      "horizon_blocks": 3,
      "mse": 3.539159469392274,
      "rmse": 1.881265390473198,
      "mae": 1.8118723630905151,
      "r2": 0.0,
      "block_inclusion_accuracy": 1.0,
      "avg_overpay_sat_vb": 1.8118723630905151,
      "median_overpay_sat_vb": 1.7200701236724854,
      "avg_underpay_sat_vb": 0.0,
      "overpay_mape": 90.59361815452576,
      "within_10pct": 0.0,
      "within_20pct": 0.0,
      "within_50pct": 0.0,
      "asymmetric_loss": 1.0617478408176824,
      "mape": 90.59361815452576
    },
    "6block": {
      "horizon_blocks": 6,
      "mse": 3.539159469392274,
      "rmse": 1.881265390473198,
      "mae": 1.8118723630905151,
      "r2": 0.0,
      "block_inclusion_accuracy": 1.0,
      "avg_overpay_sat_vb": 1.8118723630905151,
      "median_overpay_sat_vb": 1.7200701236724854,
      "avg_underpay_sat_vb": 0.0,
      "overpay_mape": 90.59361815452576,
      "within_10pct": 0.0,
      "within_20pct": 0.0,
      "within_50pct": 0.0,
      "asymmetric_loss": 1.0617478408176824,
      "mape": 90.59361815452576
    }
  },
  "lgb_results": {
    "1block": {
      "horizon_blocks": 1,
      "model_type": "lightgbm",
      "mse": 0.7458370089727663,
      "rmse": 0.8636185552503873,
      "mae": 0.8636185552503871,
      "r2": 0.0,
      "block_inclusion_accuracy": 0.0,
      "avg_overpay_sat_vb": 0.0,
      "avg_underpay_sat_vb": 0.8636185552503871,
      "within_10pct": 0.0,
      "within_20pct": 0.0,
      "within_50pct": 1.0,
      "asymmetric_loss": 0.5220859062809363,
      "mape": 43.18092776251935
    },
    "3block": {
      "horizon_blocks": 3,
      "model_type": "lightgbm",
      "mse": 1.0,
      "rmse": 1.0,
      "mae": 1.0,
      "r2": 0.0,
      "block_inclusion_accuracy": 0.0,
      "avg_overpay_sat_vb": 0.0,
      "avg_underpay_sat_vb": 1.0,
      "within_10pct": 0.0,
      "within_20pct": 0.0,
      "within_50pct": 0.0,
      "asymmetric_loss": 0.7000000000000001,
      "mape": 50.0
    },
    "6block": {
      "horizon_blocks": 6,
      "model_type": "lightgbm",
      "mse": 1.0,
      "rmse": 1.0,
      "mae": 1.0,
      "r2": 0.0,
      "block_inclusion_accuracy": 0.0,
      "avg_overpay_sat_vb": 0.0,
      "avg_underpay_sat_vb": 1.0,
      "within_10pct": 0.0,
      "within_20pct": 0.0,
      "within_50pct": 0.0,
      "asymmetric_loss": 0.7000000000000001,
      "mape": 50.0
    }
  }
}