{
  "timestamp": "2026-06-06T17:16:56.986338",
  "duration_seconds": 3.795297,
  "xgb_results": {
    "1block": {
      "horizon_blocks": 1,
      "mse": 2.9087190128178406,
      "rmse": 1.7054967056015795,
      "mae": 1.5923477411270142,
      "r2": 0.0,
      "block_inclusion_accuracy": 0.0,
      "avg_overpay_sat_vb": 0.0,
      "median_overpay_sat_vb": 0.0,
      "avg_underpay_sat_vb": 1.5923477411270142,
      "overpay_mape": 0.0,
      "within_10pct": 0.0,
      "within_20pct": 0.16666666666666666,
      "within_50pct": 0.3333333333333333,
      "asymmetric_loss": 2.0361033089724887,
      "mape": 53.078258037567124
    },
    "3block": {
      "horizon_blocks": 3,
      "mse": 6.124083842057097,
      "rmse": 2.4746886353755895,
      "mae": 2.386799395084381,
      "r2": -23.496335368228387,
      "block_inclusion_accuracy": 0.0,
      "avg_overpay_sat_vb": 0.0,
      "median_overpay_sat_vb": 0.0,
      "avg_underpay_sat_vb": 2.386799395084381,
      "overpay_mape": 0.0,
      "within_10pct": 0.0,
      "within_20pct": 0.0,
      "within_50pct": 0.16666666666666666,
      "asymmetric_loss": 4.286858689439968,
      "mape": 67.05997983614603
    },
    "6block": {
      "horizon_blocks": 6,
      "mse": 6.124083842057097,
      "rmse": 2.4746886353755895,
      "mae": 2.386799395084381,
      "r2": -23.496335368228387,
      "block_inclusion_accuracy": 0.0,
      "avg_overpay_sat_vb": 0.0,
      "median_overpay_sat_vb": 0.0,
      "avg_underpay_sat_vb": 2.386799395084381,
      "overpay_mape": 0.0,
      "within_10pct": 0.0,
      "within_20pct": 0.0,
      "within_50pct": 0.16666666666666666,
      "asymmetric_loss": 4.286858689439968,
      "mape": 67.05997983614603
    }
  },
  "lgb_results": {
    "1block": {
      "horizon_blocks": 1,
      "model_type": "lightgbm",
      "mse": 3.631824694697308,
      "rmse": 1.905734686334199,
      "mae": 1.9057344503833742,
      "r2": 0.0,
      "block_inclusion_accuracy": 0.0,
      "avg_overpay_sat_vb": 0.0,
      "avg_underpay_sat_vb": 1.9057344503833742,
      "within_10pct": 0.0,
      "within_20pct": 0.0,
      "within_50pct": 0.0,
      "asymmetric_loss": 2.5422772862881153,
      "mape": 63.5244816794458
    },
    "3block": {
      "horizon_blocks": 3,
      "model_type": "lightgbm",
      "mse": 6.5,
      "rmse": 2.5495097567963922,
      "mae": 2.5,
      "r2": -25.0,
      "block_inclusion_accuracy": 0.0,
      "avg_overpay_sat_vb": 0.0,
      "avg_underpay_sat_vb": 2.5,
      "within_10pct": 0.0,
      "within_20pct": 0.0,
      "within_50pct": 0.0,
      "asymmetric_loss": 4.55,
      "mape": 70.83333333333334
    },
    "6block": {
      "horizon_blocks": 6,
      "model_type": "lightgbm",
      "mse": 6.5,
      "rmse": 2.5495097567963922,
      "mae": 2.5,
      "r2": -25.0,
      "block_inclusion_accuracy": 0.0,
      "avg_overpay_sat_vb": 0.0,
      "avg_underpay_sat_vb": 2.5,
      "within_10pct": 0.0,
      "within_20pct": 0.0,
      "within_50pct": 0.0,
      "asymmetric_loss": 4.55,
      "mape": 70.83333333333334
    }
  }
}