{
  "timestamp": "2026-06-27T00:12:31.146419",
  "duration_seconds": 5.016836,
  "xgb_results": {
    "1block": {
      "horizon_blocks": 1,
      "mse": 3.1619843404566077,
      "rmse": 1.7781969352286624,
      "mae": 1.5341839790344238,
      "r2": -21.76628725128758,
      "block_inclusion_accuracy": 1.0,
      "avg_overpay_sat_vb": 1.5341839790344238,
      "median_overpay_sat_vb": 1.3940632343292236,
      "avg_underpay_sat_vb": 0.0,
      "overpay_mape": 60.08904377619425,
      "within_10pct": 0.0,
      "within_20pct": 0.16666666666666666,
      "within_50pct": 0.5,
      "asymmetric_loss": 0.9485953021369825,
      "mape": 60.08904377619425
    },
    "3block": {
      "horizon_blocks": 3,
      "mse": 38.11557845147541,
      "rmse": 6.173781535774927,
      "mae": 5.441372513771057,
      "r2": -170.5201030316393,
      "block_inclusion_accuracy": 1.0,
      "avg_overpay_sat_vb": 5.441372513771057,
      "median_overpay_sat_vb": 5.944067478179932,
      "avg_underpay_sat_vb": 0.0,
      "overpay_mape": 407.90377259254456,
      "within_10pct": 0.0,
      "within_20pct": 0.0,
      "within_50pct": 0.0,
      "asymmetric_loss": 11.434673535442622,
      "mape": 407.90377259254456
    },
    "6block": {
      "horizon_blocks": 6,
      "mse": 38.11557845147541,
      "rmse": 6.173781535774927,
      "mae": 5.441372513771057,
      "r2": -170.5201030316393,
      "block_inclusion_accuracy": 1.0,
      "avg_overpay_sat_vb": 5.441372513771057,
      "median_overpay_sat_vb": 5.944067478179932,
      "avg_underpay_sat_vb": 0.0,
      "overpay_mape": 407.90377259254456,
      "within_10pct": 0.0,
      "within_20pct": 0.0,
      "within_50pct": 0.0,
      "asymmetric_loss": 11.434673535442622,
      "mape": 407.90377259254456
    }
  },
  "lgb_results": {
    "1block": {
      "horizon_blocks": 1,
      "model_type": "lightgbm",
      "mse": 2.462469411703788,
      "rmse": 1.5692257363756776,
      "mae": 1.5241825937389066,
      "r2": -16.729779764267274,
      "block_inclusion_accuracy": 0.0,
      "avg_overpay_sat_vb": 0.0,
      "avg_underpay_sat_vb": 1.5241825937389066,
      "within_10pct": 0.0,
      "within_20pct": 0.0,
      "within_50pct": 0.16666666666666666,
      "asymmetric_loss": 1.7237285881926516,
      "mape": 52.72138681098776
    },
    "3block": {
      "horizon_blocks": 3,
      "model_type": "lightgbm",
      "mse": 0.6666666666666666,
      "rmse": 0.816496580927726,
      "mae": 0.6666666666666666,
      "r2": -1.9999999999999996,
      "block_inclusion_accuracy": 0.3333333333333333,
      "avg_overpay_sat_vb": 0.0,
      "avg_underpay_sat_vb": 0.6666666666666666,
      "within_10pct": 0.3333333333333333,
      "within_20pct": 0.3333333333333333,
      "within_50pct": 0.3333333333333333,
      "asymmetric_loss": 0.4666666666666666,
      "mape": 33.33333333333333
    },
    "6block": {
      "horizon_blocks": 6,
      "model_type": "lightgbm",
      "mse": 0.6666666666666666,
      "rmse": 0.816496580927726,
      "mae": 0.6666666666666666,
      "r2": -1.9999999999999996,
      "block_inclusion_accuracy": 0.3333333333333333,
      "avg_overpay_sat_vb": 0.0,
      "avg_underpay_sat_vb": 0.6666666666666666,
      "within_10pct": 0.3333333333333333,
      "within_20pct": 0.3333333333333333,
      "within_50pct": 0.3333333333333333,
      "asymmetric_loss": 0.4666666666666666,
      "mape": 33.33333333333333
    }
  }
}