{
  "timestamp": "2026-06-16T12:20:06.372510",
  "duration_seconds": 4.486101,
  "xgb_results": {
    "1block": {
      "horizon_blocks": 1,
      "mse": 1.761297485931588,
      "rmse": 1.3271388344599022,
      "mae": 1.1935679117838542,
      "r2": 0.0,
      "block_inclusion_accuracy": 0.8333333333333334,
      "avg_overpay_sat_vb": 1.1627170244852703,
      "median_overpay_sat_vb": 1.1765685081481934,
      "avg_underpay_sat_vb": 0.030850887298583984,
      "overpay_mape": 38.75723414950901,
      "within_10pct": 0.16666666666666666,
      "within_20pct": 0.16666666666666666,
      "within_50pct": 0.6666666666666666,
      "asymmetric_loss": 0.5306735111725404,
      "mape": 39.78559705946181
    },
    "3block": {
      "horizon_blocks": 3,
      "mse": 5.666666666666667,
      "rmse": 2.3804761428476167,
      "mae": 2.3333333333333335,
      "r2": -24.5,
      "block_inclusion_accuracy": 0.0,
      "avg_overpay_sat_vb": 0.0,
      "median_overpay_sat_vb": 0.0,
      "avg_underpay_sat_vb": 2.3333333333333335,
      "overpay_mape": 0.0,
      "within_10pct": 0.0,
      "within_20pct": 0.0,
      "within_50pct": 0.0,
      "asymmetric_loss": 3.966666666666667,
      "mape": 69.44444444444443
    },
    "6block": {
      "horizon_blocks": 6,
      "mse": 5.666666666666667,
      "rmse": 2.3804761428476167,
      "mae": 2.3333333333333335,
      "r2": -24.5,
      "block_inclusion_accuracy": 0.0,
      "avg_overpay_sat_vb": 0.0,
      "median_overpay_sat_vb": 0.0,
      "avg_underpay_sat_vb": 2.3333333333333335,
      "overpay_mape": 0.0,
      "within_10pct": 0.0,
      "within_20pct": 0.0,
      "within_50pct": 0.0,
      "asymmetric_loss": 3.966666666666667,
      "mape": 69.44444444444443
    }
  },
  "lgb_results": {
    "1block": {
      "horizon_blocks": 1,
      "model_type": "lightgbm",
      "mse": 4.0,
      "rmse": 2.0,
      "mae": 2.0,
      "r2": 0.0,
      "block_inclusion_accuracy": 0.0,
      "avg_overpay_sat_vb": 0.0,
      "avg_underpay_sat_vb": 2.0,
      "within_10pct": 0.0,
      "within_20pct": 0.0,
      "within_50pct": 0.0,
      "asymmetric_loss": 2.8000000000000003,
      "mape": 66.66666666666666
    },
    "3block": {
      "horizon_blocks": 3,
      "model_type": "lightgbm",
      "mse": 5.647599860463082,
      "rmse": 2.376467938025481,
      "mae": 2.3292440057325168,
      "r2": -24.414199372083868,
      "block_inclusion_accuracy": 0.0,
      "avg_overpay_sat_vb": 0.0,
      "avg_underpay_sat_vb": 2.3292440057325168,
      "within_10pct": 0.0,
      "within_20pct": 0.0,
      "within_50pct": 0.0,
      "asymmetric_loss": 3.953319902324157,
      "mape": 69.31949276775282
    },
    "6block": {
      "horizon_blocks": 6,
      "model_type": "lightgbm",
      "mse": 5.666666666666667,
      "rmse": 2.3804761428476167,
      "mae": 2.3333333333333335,
      "r2": -24.5,
      "block_inclusion_accuracy": 0.0,
      "avg_overpay_sat_vb": 0.0,
      "avg_underpay_sat_vb": 2.3333333333333335,
      "within_10pct": 0.0,
      "within_20pct": 0.0,
      "within_50pct": 0.0,
      "asymmetric_loss": 3.966666666666667,
      "mape": 69.44444444444443
    }
  }
}