{
  "timestamp": "2026-06-30T16:31:03.780476",
  "duration_seconds": 4.996526,
  "xgb_results": {
    "1block": {
      "horizon_blocks": 1,
      "mse": 24.17737212895982,
      "rmse": 4.917049128182453,
      "mae": 4.849944353103638,
      "r2": 0.0,
      "block_inclusion_accuracy": 1.0,
      "avg_overpay_sat_vb": 4.849944353103638,
      "median_overpay_sat_vb": 5.0152482986450195,
      "avg_underpay_sat_vb": 0.0,
      "overpay_mape": 121.24860882759094,
      "within_10pct": 0.0,
      "within_20pct": 0.0,
      "within_50pct": 0.0,
      "asymmetric_loss": 7.253211638687947,
      "mape": 121.24860882759094
    },
    "3block": {
      "horizon_blocks": 3,
      "mse": 6.2921394651054925,
      "rmse": 2.508413734834326,
      "mae": 2.219620704650879,
      "r2": 0.0,
      "block_inclusion_accuracy": 0.5,
      "avg_overpay_sat_vb": 0.7196207046508789,
      "median_overpay_sat_vb": 0.13506150245666504,
      "avg_underpay_sat_vb": 1.5,
      "overpay_mape": 17.990517616271973,
      "within_10pct": 0.16666666666666666,
      "within_20pct": 0.16666666666666666,
      "within_50pct": 0.3333333333333333,
      "asymmetric_loss": 3.6876418395316475,
      "mape": 55.49051761627197
    },
    "6block": {
      "horizon_blocks": 6,
      "mse": 6.2921394651054925,
      "rmse": 2.508413734834326,
      "mae": 2.219620704650879,
      "r2": 0.0,
      "block_inclusion_accuracy": 0.5,
      "avg_overpay_sat_vb": 0.7196207046508789,
      "median_overpay_sat_vb": 0.13506150245666504,
      "avg_underpay_sat_vb": 1.5,
      "overpay_mape": 17.990517616271973,
      "within_10pct": 0.16666666666666666,
      "within_20pct": 0.16666666666666666,
      "within_50pct": 0.3333333333333333,
      "asymmetric_loss": 3.6876418395316475,
      "mape": 55.49051761627197
    }
  },
  "lgb_results": {
    "1block": {
      "horizon_blocks": 1,
      "model_type": "lightgbm",
      "mse": 7.237062303610384,
      "rmse": 2.6901788608957555,
      "mae": 2.690178693747146,
      "r2": 0.0,
      "block_inclusion_accuracy": 0.0,
      "avg_overpay_sat_vb": 0.0,
      "avg_underpay_sat_vb": 2.690178693747146,
      "within_10pct": 0.0,
      "within_20pct": 0.0,
      "within_50pct": 0.0,
      "asymmetric_loss": 5.065943612527268,
      "mape": 67.25446734367864
    },
    "3block": {
      "horizon_blocks": 3,
      "model_type": "lightgbm",
      "mse": 8.975480756995326,
      "rmse": 2.9959106723991833,
      "mae": 2.9959106723991833,
      "r2": 0.0,
      "block_inclusion_accuracy": 0.0,
      "avg_overpay_sat_vb": 0.0,
      "avg_underpay_sat_vb": 2.9959106723991833,
      "within_10pct": 0.0,
      "within_20pct": 0.0,
      "within_50pct": 0.0,
      "asymmetric_loss": 6.282836529896728,
      "mape": 74.89776680997959
    },
    "6block": {
      "horizon_blocks": 6,
      "model_type": "lightgbm",
      "mse": 9.0,
      "rmse": 3.0,
      "mae": 3.0,
      "r2": 0.0,
      "block_inclusion_accuracy": 0.0,
      "avg_overpay_sat_vb": 0.0,
      "avg_underpay_sat_vb": 3.0,
      "within_10pct": 0.0,
      "within_20pct": 0.0,
      "within_50pct": 0.0,
      "asymmetric_loss": 6.3,
      "mape": 75.0
    }
  }
}