{
  "timestamp": "2026-04-28T11:11:22.073665",
  "duration_seconds": 1.574003,
  "xgb_results": {
    "1block": {
      "horizon_blocks": 1,
      "mse": 0.08045565114391214,
      "rmse": 0.2836470538255459,
      "mae": 0.21623897552490234,
      "r2": 0.0,
      "block_inclusion_accuracy": 0.16666666666666666,
      "avg_overpay_sat_vb": 0.007398128509521484,
      "median_overpay_sat_vb": 0.0,
      "avg_underpay_sat_vb": 0.20884084701538086,
      "overpay_mape": 0.24660428365071616,
      "within_10pct": 0.6666666666666666,
      "within_20pct": 1.0,
      "within_50pct": 1.0,
      "asymmetric_loss": 0.05618759826767435,
      "mape": 7.207965850830078
    },
    "3block": {
      "horizon_blocks": 3,
      "mse": 0.8347773581717585,
      "rmse": 0.9136615118148288,
      "mae": 0.6352864106496176,
      "r2": 0.0,
      "block_inclusion_accuracy": 0.16666666666666666,
      "avg_overpay_sat_vb": 0.10986439387003581,
      "median_overpay_sat_vb": 0.0,
      "avg_underpay_sat_vb": 0.5254220167795817,
      "overpay_mape": 3.662146462334527,
      "within_10pct": 0.3333333333333333,
      "within_20pct": 0.5,
      "within_50pct": 0.8333333333333334,
      "asymmetric_loss": 0.555375706623198,
      "mape": 21.17621368832058
    },
    "6block": {
      "horizon_blocks": 6,
      "mse": 0.8347773581717585,
      "rmse": 0.9136615118148288,
      "mae": 0.6352864106496176,
      "r2": 0.0,
      "block_inclusion_accuracy": 0.16666666666666666,
      "avg_overpay_sat_vb": 0.10986439387003581,
      "median_overpay_sat_vb": 0.0,
      "avg_underpay_sat_vb": 0.5254220167795817,
      "overpay_mape": 3.662146462334527,
      "within_10pct": 0.3333333333333333,
      "within_20pct": 0.5,
      "within_50pct": 0.8333333333333334,
      "asymmetric_loss": 0.555375706623198,
      "mape": 21.17621368832058
    }
  },
  "lgb_results": {
    "1block": {
      "horizon_blocks": 1,
      "model_type": "lightgbm",
      "mse": 4.0,
      "rmse": 2.0,
      "mae": 2.0,
      "r2": 0.0,
      "block_inclusion_accuracy": 0.0,
      "avg_overpay_sat_vb": 0.0,
      "avg_underpay_sat_vb": 2.0,
      "within_10pct": 0.0,
      "within_20pct": 0.0,
      "within_50pct": 0.0,
      "asymmetric_loss": 2.8000000000000003,
      "mape": 66.66666666666666
    },
    "3block": {
      "horizon_blocks": 3,
      "model_type": "lightgbm",
      "mse": 3.98365941219696,
      "rmse": 1.9959106723991833,
      "mae": 1.9959106723991835,
      "r2": 0.0,
      "block_inclusion_accuracy": 0.0,
      "avg_overpay_sat_vb": 0.0,
      "avg_underpay_sat_vb": 1.9959106723991835,
      "within_10pct": 0.0,
      "within_20pct": 0.0,
      "within_50pct": 0.0,
      "asymmetric_loss": 2.788561588537872,
      "mape": 66.53035574663944
    },
    "6block": {
      "horizon_blocks": 6,
      "model_type": "lightgbm",
      "mse": 4.0,
      "rmse": 2.0,
      "mae": 2.0,
      "r2": 0.0,
      "block_inclusion_accuracy": 0.0,
      "avg_overpay_sat_vb": 0.0,
      "avg_underpay_sat_vb": 2.0,
      "within_10pct": 0.0,
      "within_20pct": 0.0,
      "within_50pct": 0.0,
      "asymmetric_loss": 2.8000000000000003,
      "mape": 66.66666666666666
    }
  }
}