{
  "timestamp": "2026-04-23T21:52:22.844497",
  "duration_seconds": 0.950584,
  "xgb_results": {
    "1block": {
      "horizon_blocks": 1,
      "mse": 0.06874791098672024,
      "rmse": 0.26219822842025503,
      "mae": 0.18210498491923013,
      "r2": 0.0,
      "block_inclusion_accuracy": 0.0,
      "avg_overpay_sat_vb": 0.0,
      "median_overpay_sat_vb": 0.0,
      "avg_underpay_sat_vb": 0.18210498491923013,
      "overpay_mape": 0.0,
      "within_10pct": 0.6666666666666666,
      "within_20pct": 1.0,
      "within_50pct": 1.0,
      "asymmetric_loss": 0.04812353769070416,
      "mape": 6.070166163974338
    },
    "3block": {
      "horizon_blocks": 3,
      "mse": 0.6425484637810565,
      "rmse": 0.8015912074000415,
      "mae": 0.7527769207954407,
      "r2": 0.0,
      "block_inclusion_accuracy": 0.0,
      "avg_overpay_sat_vb": 0.0,
      "median_overpay_sat_vb": 0.0,
      "avg_underpay_sat_vb": 0.7527769207954407,
      "overpay_mape": 0.0,
      "within_10pct": 0.16666666666666666,
      "within_20pct": 0.16666666666666666,
      "within_50pct": 1.0,
      "asymmetric_loss": 0.4497839246467395,
      "mape": 25.09256402651469
    },
    "6block": {
      "horizon_blocks": 6,
      "mse": 0.6425484637810565,
      "rmse": 0.8015912074000415,
      "mae": 0.7527769207954407,
      "r2": 0.0,
      "block_inclusion_accuracy": 0.0,
      "avg_overpay_sat_vb": 0.0,
      "median_overpay_sat_vb": 0.0,
      "avg_underpay_sat_vb": 0.7527769207954407,
      "overpay_mape": 0.0,
      "within_10pct": 0.16666666666666666,
      "within_20pct": 0.16666666666666666,
      "within_50pct": 1.0,
      "asymmetric_loss": 0.4497839246467395,
      "mape": 25.09256402651469
    }
  },
  "lgb_results": {
    "1block": {
      "horizon_blocks": 1,
      "model_type": "lightgbm",
      "mse": 2.4611327069555595,
      "rmse": 1.5687997663677666,
      "mae": 1.556194064122989,
      "r2": 0.0,
      "block_inclusion_accuracy": 0.0,
      "avg_overpay_sat_vb": 0.0,
      "avg_underpay_sat_vb": 1.556194064122989,
      "within_10pct": 0.0,
      "within_20pct": 0.0,
      "within_50pct": 0.8333333333333334,
      "asymmetric_loss": 1.7227928948688913,
      "mape": 51.87313547076629
    },
    "3block": {
      "horizon_blocks": 3,
      "model_type": "lightgbm",
      "mse": 4.0,
      "rmse": 2.0,
      "mae": 2.0,
      "r2": 0.0,
      "block_inclusion_accuracy": 0.0,
      "avg_overpay_sat_vb": 0.0,
      "avg_underpay_sat_vb": 2.0,
      "within_10pct": 0.0,
      "within_20pct": 0.0,
      "within_50pct": 0.0,
      "asymmetric_loss": 2.8000000000000003,
      "mape": 66.66666666666666
    },
    "6block": {
      "horizon_blocks": 6,
      "model_type": "lightgbm",
      "mse": 4.0,
      "rmse": 2.0,
      "mae": 2.0,
      "r2": 0.0,
      "block_inclusion_accuracy": 0.0,
      "avg_overpay_sat_vb": 0.0,
      "avg_underpay_sat_vb": 2.0,
      "within_10pct": 0.0,
      "within_20pct": 0.0,
      "within_50pct": 0.0,
      "asymmetric_loss": 2.8000000000000003,
      "mape": 66.66666666666666
    }
  }
}