{
  "timestamp": "2026-04-23T02:16:05.727214",
  "duration_seconds": 0.802903,
  "xgb_results": {
    "1block": {
      "horizon_blocks": 1,
      "mse": 1.1631065958099522,
      "rmse": 1.0784741980269867,
      "mae": 1.065761427084605,
      "r2": 0.0,
      "block_inclusion_accuracy": 0.0,
      "avg_overpay_sat_vb": 0.0,
      "median_overpay_sat_vb": 0.0,
      "avg_underpay_sat_vb": 1.065761427084605,
      "overpay_mape": 0.0,
      "within_10pct": 0.0,
      "within_20pct": 0.0,
      "within_50pct": 1.0,
      "asymmetric_loss": 0.8141746170669665,
      "mape": 35.52538090282017
    },
    "3block": {
      "horizon_blocks": 3,
      "mse": 1.3970310938629236,
      "rmse": 1.1819606989502331,
      "mae": 1.0616756478945415,
      "r2": -0.5716599805957887,
      "block_inclusion_accuracy": 0.3333333333333333,
      "avg_overpay_sat_vb": 0.4668099482854207,
      "median_overpay_sat_vb": 0.0,
      "avg_underpay_sat_vb": 0.5948656996091207,
      "overpay_mape": 46.68099482854207,
      "within_10pct": 0.0,
      "within_20pct": 0.3333333333333333,
      "within_50pct": 0.5,
      "asymmetric_loss": 0.7006545462859006,
      "mape": 66.50985148217943
    },
    "6block": {
      "horizon_blocks": 6,
      "mse": 1.3970310938629236,
      "rmse": 1.1819606989502331,
      "mae": 1.0616756478945415,
      "r2": -0.5716599805957887,
      "block_inclusion_accuracy": 0.3333333333333333,
      "avg_overpay_sat_vb": 0.4668099482854207,
      "median_overpay_sat_vb": 0.0,
      "avg_underpay_sat_vb": 0.5948656996091207,
      "overpay_mape": 46.68099482854207,
      "within_10pct": 0.0,
      "within_20pct": 0.3333333333333333,
      "within_50pct": 0.5,
      "asymmetric_loss": 0.7006545462859006,
      "mape": 66.50985148217943
    }
  },
  "lgb_results": {
    "1block": {
      "horizon_blocks": 1,
      "model_type": "lightgbm",
      "mse": 4.0,
      "rmse": 2.0,
      "mae": 2.0,
      "r2": 0.0,
      "block_inclusion_accuracy": 0.0,
      "avg_overpay_sat_vb": 0.0,
      "avg_underpay_sat_vb": 2.0,
      "within_10pct": 0.0,
      "within_20pct": 0.0,
      "within_50pct": 0.0,
      "asymmetric_loss": 2.8000000000000003,
      "mape": 66.66666666666666
    },
    "3block": {
      "horizon_blocks": 3,
      "model_type": "lightgbm",
      "mse": 2.6557785156647156,
      "rmse": 1.6296559500902992,
      "mae": 1.3319702241330609,
      "r2": -1.9877508301228048,
      "block_inclusion_accuracy": 0.3333333333333333,
      "avg_overpay_sat_vb": 0.0013631092002722351,
      "avg_underpay_sat_vb": 1.330607114932789,
      "within_10pct": 0.3333333333333333,
      "within_20pct": 0.3333333333333333,
      "within_50pct": 0.3333333333333333,
      "asymmetric_loss": 1.8590427312852709,
      "mape": 44.489881417786854
    },
    "6block": {
      "horizon_blocks": 6,
      "model_type": "lightgbm",
      "mse": 2.6666666666666665,
      "rmse": 1.632993161855452,
      "mae": 1.3333333333333333,
      "r2": -1.9999999999999996,
      "block_inclusion_accuracy": 0.3333333333333333,
      "avg_overpay_sat_vb": 0.0,
      "avg_underpay_sat_vb": 1.3333333333333333,
      "within_10pct": 0.3333333333333333,
      "within_20pct": 0.3333333333333333,
      "within_50pct": 0.3333333333333333,
      "asymmetric_loss": 1.8666666666666665,
      "mape": 44.44444444444444
    }
  }
}