{
  "timestamp": "2026-04-22T19:21:08.091024",
  "duration_seconds": 1.037041,
  "xgb_results": {
    "1block": {
      "horizon_blocks": 1,
      "mse": 0.04364951569605324,
      "rmse": 0.2089246651213141,
      "mae": 0.18344444036483765,
      "r2": 0.0,
      "block_inclusion_accuracy": 1.0,
      "avg_overpay_sat_vb": 0.18344444036483765,
      "median_overpay_sat_vb": 0.15882575511932373,
      "avg_underpay_sat_vb": 0.0,
      "overpay_mape": 18.344444036483765,
      "within_10pct": 0.3333333333333333,
      "within_20pct": 0.6666666666666666,
      "within_50pct": 1.0,
      "asymmetric_loss": 0.013094854708815974,
      "mape": 18.344444036483765
    },
    "3block": {
      "horizon_blocks": 3,
      "mse": 1.4379669961374002,
      "rmse": 1.1991526158656372,
      "mae": 1.1937756141026814,
      "r2": 0.0,
      "block_inclusion_accuracy": 1.0,
      "avg_overpay_sat_vb": 1.1937756141026814,
      "median_overpay_sat_vb": 1.1733676195144653,
      "avg_underpay_sat_vb": 0.0,
      "overpay_mape": 119.37756141026814,
      "within_10pct": 0.0,
      "within_20pct": 0.0,
      "within_50pct": 0.0,
      "asymmetric_loss": 0.4313900988412201,
      "mape": 119.37756141026814
    },
    "6block": {
      "horizon_blocks": 6,
      "mse": 1.4379669961374002,
      "rmse": 1.1991526158656372,
      "mae": 1.1937756141026814,
      "r2": 0.0,
      "block_inclusion_accuracy": 1.0,
      "avg_overpay_sat_vb": 1.1937756141026814,
      "median_overpay_sat_vb": 1.1733676195144653,
      "avg_underpay_sat_vb": 0.0,
      "overpay_mape": 119.37756141026814,
      "within_10pct": 0.0,
      "within_20pct": 0.0,
      "within_50pct": 0.0,
      "asymmetric_loss": 0.4313900988412201,
      "mape": 119.37756141026814
    }
  },
  "lgb_results": {
    "1block": {
      "horizon_blocks": 1,
      "model_type": "lightgbm",
      "mse": 0.0,
      "rmse": 0.0,
      "mae": 0.0,
      "r2": 1.0,
      "block_inclusion_accuracy": 1.0,
      "avg_overpay_sat_vb": 0.0,
      "avg_underpay_sat_vb": 0.0,
      "within_10pct": 1.0,
      "within_20pct": 1.0,
      "within_50pct": 1.0,
      "asymmetric_loss": 0.0,
      "mape": 0.0
    },
    "3block": {
      "horizon_blocks": 3,
      "model_type": "lightgbm",
      "mse": 1.672260022680131e-05,
      "rmse": 0.004089327600816705,
      "mae": 0.004089327600816706,
      "r2": 0.0,
      "block_inclusion_accuracy": 1.0,
      "avg_overpay_sat_vb": 0.004089327600816706,
      "avg_underpay_sat_vb": 0.0,
      "within_10pct": 1.0,
      "within_20pct": 1.0,
      "within_50pct": 1.0,
      "asymmetric_loss": 5.016780068040395e-06,
      "mape": 0.40893276008167057
    },
    "6block": {
      "horizon_blocks": 6,
      "model_type": "lightgbm",
      "mse": 0.0,
      "rmse": 0.0,
      "mae": 0.0,
      "r2": 1.0,
      "block_inclusion_accuracy": 1.0,
      "avg_overpay_sat_vb": 0.0,
      "avg_underpay_sat_vb": 0.0,
      "within_10pct": 1.0,
      "within_20pct": 1.0,
      "within_50pct": 1.0,
      "asymmetric_loss": 0.0,
      "mape": 0.0
    }
  }
}