{
  "timestamp": "2026-05-05T05:49:25.548690",
  "duration_seconds": 1.611424,
  "xgb_results": {
    "1block": {
      "horizon_blocks": 1,
      "mse": 2.5412848232981937,
      "rmse": 1.5941407790086148,
      "mae": 1.5836326281229656,
      "r2": 0.0,
      "block_inclusion_accuracy": 1.0,
      "avg_overpay_sat_vb": 1.5836326281229656,
      "median_overpay_sat_vb": 1.7028993368148804,
      "avg_underpay_sat_vb": 0.0,
      "overpay_mape": 158.36326281229657,
      "within_10pct": 0.0,
      "within_20pct": 0.0,
      "within_50pct": 0.0,
      "asymmetric_loss": 0.7623854469894583,
      "mape": 158.36326281229657
    },
    "3block": {
      "horizon_blocks": 3,
      "mse": 0.16876431315390286,
      "rmse": 0.4108093391756118,
      "mae": 0.3290877938270569,
      "r2": 0.0,
      "block_inclusion_accuracy": 1.0,
      "avg_overpay_sat_vb": 0.3290877938270569,
      "median_overpay_sat_vb": 0.2670154571533203,
      "avg_underpay_sat_vb": 0.0,
      "overpay_mape": 32.90877938270569,
      "within_10pct": 0.16666666666666666,
      "within_20pct": 0.3333333333333333,
      "within_50pct": 0.8333333333333334,
      "asymmetric_loss": 0.05062929394617088,
      "mape": 32.90877938270569
    },
    "6block": {
      "horizon_blocks": 6,
      "mse": 0.16876431315390286,
      "rmse": 0.4108093391756118,
      "mae": 0.3290877938270569,
      "r2": 0.0,
      "block_inclusion_accuracy": 1.0,
      "avg_overpay_sat_vb": 0.3290877938270569,
      "median_overpay_sat_vb": 0.2670154571533203,
      "avg_underpay_sat_vb": 0.0,
      "overpay_mape": 32.90877938270569,
      "within_10pct": 0.16666666666666666,
      "within_20pct": 0.3333333333333333,
      "within_50pct": 0.8333333333333334,
      "asymmetric_loss": 0.05062929394617088,
      "mape": 32.90877938270569
    }
  },
  "lgb_results": {
    "1block": {
      "horizon_blocks": 1,
      "model_type": "lightgbm",
      "mse": 0.0,
      "rmse": 0.0,
      "mae": 0.0,
      "r2": 1.0,
      "block_inclusion_accuracy": 1.0,
      "avg_overpay_sat_vb": 0.0,
      "avg_underpay_sat_vb": 0.0,
      "within_10pct": 1.0,
      "within_20pct": 1.0,
      "within_50pct": 1.0,
      "asymmetric_loss": 0.0,
      "mape": 0.0
    },
    "3block": {
      "horizon_blocks": 3,
      "model_type": "lightgbm",
      "mse": 1.672260022680131e-05,
      "rmse": 0.004089327600816705,
      "mae": 0.004089327600816706,
      "r2": 0.0,
      "block_inclusion_accuracy": 1.0,
      "avg_overpay_sat_vb": 0.004089327600816706,
      "avg_underpay_sat_vb": 0.0,
      "within_10pct": 1.0,
      "within_20pct": 1.0,
      "within_50pct": 1.0,
      "asymmetric_loss": 5.016780068040395e-06,
      "mape": 0.40893276008167057
    },
    "6block": {
      "horizon_blocks": 6,
      "model_type": "lightgbm",
      "mse": 0.0,
      "rmse": 0.0,
      "mae": 0.0,
      "r2": 1.0,
      "block_inclusion_accuracy": 1.0,
      "avg_overpay_sat_vb": 0.0,
      "avg_underpay_sat_vb": 0.0,
      "within_10pct": 1.0,
      "within_20pct": 1.0,
      "within_50pct": 1.0,
      "asymmetric_loss": 0.0,
      "mape": 0.0
    }
  }
}