{
  "timestamp": "2026-06-13T15:40:31.829378",
  "duration_seconds": 4.522291,
  "xgb_results": {
    "1block": {
      "horizon_blocks": 1,
      "mse": 0.1281069377394033,
      "rmse": 0.3579202952326164,
      "mae": 0.2942369778951009,
      "r2": 0.0,
      "block_inclusion_accuracy": 0.3333333333333333,
      "avg_overpay_sat_vb": 0.047963221867879234,
      "median_overpay_sat_vb": 0.0,
      "avg_underpay_sat_vb": 0.24627375602722168,
      "overpay_mape": 0.9592644373575846,
      "within_10pct": 0.6666666666666666,
      "within_20pct": 1.0,
      "within_50pct": 1.0,
      "asymmetric_loss": 0.08447614841848765,
      "mape": 5.884739557902019
    },
    "3block": {
      "horizon_blocks": 3,
      "mse": 6.587520445233788,
      "rmse": 2.566616536460752,
      "mae": 2.210531155268351,
      "r2": 0.0,
      "block_inclusion_accuracy": 0.16666666666666666,
      "avg_overpay_sat_vb": 0.05116502443949381,
      "median_overpay_sat_vb": 0.0,
      "avg_underpay_sat_vb": 2.1593661308288574,
      "overpay_mape": 1.0233004887898765,
      "within_10pct": 0.16666666666666666,
      "within_20pct": 0.3333333333333333,
      "within_50pct": 0.5,
      "asymmetric_loss": 4.604981448321506,
      "mape": 44.21062310536703
    },
    "6block": {
      "horizon_blocks": 6,
      "mse": 6.587520445233788,
      "rmse": 2.566616536460752,
      "mae": 2.210531155268351,
      "r2": 0.0,
      "block_inclusion_accuracy": 0.16666666666666666,
      "avg_overpay_sat_vb": 0.05116502443949381,
      "median_overpay_sat_vb": 0.0,
      "avg_underpay_sat_vb": 2.1593661308288574,
      "overpay_mape": 1.0233004887898765,
      "within_10pct": 0.16666666666666666,
      "within_20pct": 0.3333333333333333,
      "within_50pct": 0.5,
      "asymmetric_loss": 4.604981448321506,
      "mape": 44.21062310536703
    }
  },
  "lgb_results": {
    "1block": {
      "horizon_blocks": 1,
      "model_type": "lightgbm",
      "mse": 13.535676980271285,
      "rmse": 3.679086432835098,
      "mae": 3.679086310614634,
      "r2": 0.0,
      "block_inclusion_accuracy": 0.0,
      "avg_overpay_sat_vb": 0.0,
      "avg_underpay_sat_vb": 3.679086310614634,
      "within_10pct": 0.0,
      "within_20pct": 0.0,
      "within_50pct": 0.0,
      "asymmetric_loss": 9.474973886189899,
      "mape": 73.58172621229268
    },
    "3block": {
      "horizon_blocks": 3,
      "model_type": "lightgbm",
      "mse": 16.0,
      "rmse": 4.0,
      "mae": 4.0,
      "r2": 0.0,
      "block_inclusion_accuracy": 0.0,
      "avg_overpay_sat_vb": 0.0,
      "avg_underpay_sat_vb": 4.0,
      "within_10pct": 0.0,
      "within_20pct": 0.0,
      "within_50pct": 0.0,
      "asymmetric_loss": 11.200000000000001,
      "mape": 80.0
    },
    "6block": {
      "horizon_blocks": 6,
      "model_type": "lightgbm",
      "mse": 16.0,
      "rmse": 4.0,
      "mae": 4.0,
      "r2": 0.0,
      "block_inclusion_accuracy": 0.0,
      "avg_overpay_sat_vb": 0.0,
      "avg_underpay_sat_vb": 4.0,
      "within_10pct": 0.0,
      "within_20pct": 0.0,
      "within_50pct": 0.0,
      "asymmetric_loss": 11.200000000000001,
      "mape": 80.0
    }
  }
}