{
  "timestamp": "2026-05-15T00:04:20.378637",
  "duration_seconds": 2.453797,
  "xgb_results": {
    "1block": {
      "horizon_blocks": 1,
      "mse": 0.04373880055634061,
      "rmse": 0.2091382331290494,
      "mae": 0.1486206849416097,
      "r2": 0.0,
      "block_inclusion_accuracy": 1.0,
      "avg_overpay_sat_vb": 0.1486206849416097,
      "median_overpay_sat_vb": 0.1346634030342102,
      "avg_underpay_sat_vb": 0.0,
      "overpay_mape": 14.86206849416097,
      "within_10pct": 0.5,
      "within_20pct": 0.5,
      "within_50pct": 1.0,
      "asymmetric_loss": 0.013121640166902183,
      "mape": 14.86206849416097
    },
    "3block": {
      "horizon_blocks": 3,
      "mse": 0.9608114891098604,
      "rmse": 0.9802099209403363,
      "mae": 0.510274867216746,
      "r2": 0.0,
      "block_inclusion_accuracy": 1.0,
      "avg_overpay_sat_vb": 0.510274867216746,
      "median_overpay_sat_vb": 0.04187047481536865,
      "avg_underpay_sat_vb": 0.0,
      "overpay_mape": 51.0274867216746,
      "within_10pct": 0.6666666666666666,
      "within_20pct": 0.6666666666666666,
      "within_50pct": 0.6666666666666666,
      "asymmetric_loss": 0.28824344673295815,
      "mape": 51.0274867216746
    },
    "6block": {
      "horizon_blocks": 6,
      "mse": 0.9608114891098604,
      "rmse": 0.9802099209403363,
      "mae": 0.510274867216746,
      "r2": 0.0,
      "block_inclusion_accuracy": 1.0,
      "avg_overpay_sat_vb": 0.510274867216746,
      "median_overpay_sat_vb": 0.04187047481536865,
      "avg_underpay_sat_vb": 0.0,
      "overpay_mape": 51.0274867216746,
      "within_10pct": 0.6666666666666666,
      "within_20pct": 0.6666666666666666,
      "within_50pct": 0.6666666666666666,
      "asymmetric_loss": 0.28824344673295815,
      "mape": 51.0274867216746
    }
  },
  "lgb_results": {
    "1block": {
      "horizon_blocks": 1,
      "model_type": "lightgbm",
      "mse": 0.09361507763762443,
      "rmse": 0.30596581122345096,
      "mae": 0.3059643415797626,
      "r2": 0.0,
      "block_inclusion_accuracy": 1.0,
      "avg_overpay_sat_vb": 0.3059643415797626,
      "avg_underpay_sat_vb": 0.0,
      "within_10pct": 0.0,
      "within_20pct": 0.0,
      "within_50pct": 1.0,
      "asymmetric_loss": 0.02808452329128733,
      "mape": 30.59643415797626
    },
    "3block": {
      "horizon_blocks": 3,
      "model_type": "lightgbm",
      "mse": 0.0,
      "rmse": 0.0,
      "mae": 0.0,
      "r2": 1.0,
      "block_inclusion_accuracy": 1.0,
      "avg_overpay_sat_vb": 0.0,
      "avg_underpay_sat_vb": 0.0,
      "within_10pct": 1.0,
      "within_20pct": 1.0,
      "within_50pct": 1.0,
      "asymmetric_loss": 0.0,
      "mape": 0.0
    },
    "6block": {
      "horizon_blocks": 6,
      "model_type": "lightgbm",
      "mse": 0.0,
      "rmse": 0.0,
      "mae": 0.0,
      "r2": 1.0,
      "block_inclusion_accuracy": 1.0,
      "avg_overpay_sat_vb": 0.0,
      "avg_underpay_sat_vb": 0.0,
      "within_10pct": 1.0,
      "within_20pct": 1.0,
      "within_50pct": 1.0,
      "asymmetric_loss": 0.0,
      "mape": 0.0
    }
  }
}