{
  "timestamp": "2026-05-03T13:08:23.405697",
  "duration_seconds": 1.717684,
  "xgb_results": {
    "1block": {
      "horizon_blocks": 1,
      "mse": 3.1921256263299753,
      "rmse": 1.7866520719854706,
      "mae": 1.7504916389783223,
      "r2": 0.0,
      "block_inclusion_accuracy": 0.0,
      "avg_overpay_sat_vb": 0.0,
      "median_overpay_sat_vb": 0.0,
      "avg_underpay_sat_vb": 1.7504916389783223,
      "overpay_mape": 0.0,
      "within_10pct": 0.0,
      "within_20pct": 0.0,
      "within_50pct": 0.16666666666666666,
      "asymmetric_loss": 2.2344879384309824,
      "mape": 58.34972129927741
    },
    "3block": {
      "horizon_blocks": 3,
      "mse": 0.34485134402753675,
      "rmse": 0.5872404482216265,
      "mae": 0.4810600280761719,
      "r2": 0.0,
      "block_inclusion_accuracy": 0.16666666666666666,
      "avg_overpay_sat_vb": 0.03214907646179199,
      "median_overpay_sat_vb": 0.0,
      "avg_underpay_sat_vb": 0.4489109516143799,
      "overpay_mape": 1.071635882059733,
      "within_10pct": 0.5,
      "within_20pct": 0.6666666666666666,
      "within_50pct": 1.0,
      "asymmetric_loss": 0.23891538933764492,
      "mape": 16.035334269205727
    },
    "6block": {
      "horizon_blocks": 6,
      "mse": 0.34485134402753675,
      "rmse": 0.5872404482216265,
      "mae": 0.4810600280761719,
      "r2": 0.0,
      "block_inclusion_accuracy": 0.16666666666666666,
      "avg_overpay_sat_vb": 0.03214907646179199,
      "median_overpay_sat_vb": 0.0,
      "avg_underpay_sat_vb": 0.4489109516143799,
      "overpay_mape": 1.071635882059733,
      "within_10pct": 0.5,
      "within_20pct": 0.6666666666666666,
      "within_50pct": 1.0,
      "asymmetric_loss": 0.23891538933764492,
      "mape": 16.035334269205727
    }
  },
  "lgb_results": {
    "1block": {
      "horizon_blocks": 1,
      "model_type": "lightgbm",
      "mse": 4.0,
      "rmse": 2.0,
      "mae": 2.0,
      "r2": 0.0,
      "block_inclusion_accuracy": 0.0,
      "avg_overpay_sat_vb": 0.0,
      "avg_underpay_sat_vb": 2.0,
      "within_10pct": 0.0,
      "within_20pct": 0.0,
      "within_50pct": 0.0,
      "asymmetric_loss": 2.8000000000000003,
      "mape": 66.66666666666666
    },
    "3block": {
      "horizon_blocks": 3,
      "model_type": "lightgbm",
      "mse": 3.98365941219696,
      "rmse": 1.9959106723991833,
      "mae": 1.9959106723991835,
      "r2": 0.0,
      "block_inclusion_accuracy": 0.0,
      "avg_overpay_sat_vb": 0.0,
      "avg_underpay_sat_vb": 1.9959106723991835,
      "within_10pct": 0.0,
      "within_20pct": 0.0,
      "within_50pct": 0.0,
      "asymmetric_loss": 2.788561588537872,
      "mape": 66.53035574663944
    },
    "6block": {
      "horizon_blocks": 6,
      "model_type": "lightgbm",
      "mse": 4.0,
      "rmse": 2.0,
      "mae": 2.0,
      "r2": 0.0,
      "block_inclusion_accuracy": 0.0,
      "avg_overpay_sat_vb": 0.0,
      "avg_underpay_sat_vb": 2.0,
      "within_10pct": 0.0,
      "within_20pct": 0.0,
      "within_50pct": 0.0,
      "asymmetric_loss": 2.8000000000000003,
      "mape": 66.66666666666666
    }
  }
}