{
  "timestamp": "2026-04-25T21:43:23.707260",
  "duration_seconds": 1.143883,
  "xgb_results": {
    "1block": {
      "horizon_blocks": 1,
      "mse": 0.10783781717686954,
      "rmse": 0.3283866884891492,
      "mae": 0.2879136602083842,
      "r2": 0.0,
      "block_inclusion_accuracy": 1.0,
      "avg_overpay_sat_vb": 0.2879136602083842,
      "median_overpay_sat_vb": 0.325345516204834,
      "avg_underpay_sat_vb": 0.0,
      "overpay_mape": 28.79136602083842,
      "within_10pct": 0.16666666666666666,
      "within_20pct": 0.3333333333333333,
      "within_50pct": 1.0,
      "asymmetric_loss": 0.032351345153060866,
      "mape": 28.79136602083842
    },
    "3block": {
      "horizon_blocks": 3,
      "mse": 1.0194268744257162,
      "rmse": 1.0096667145279754,
      "mae": 0.9628586967786154,
      "r2": 0.0,
      "block_inclusion_accuracy": 1.0,
      "avg_overpay_sat_vb": 0.9628586967786154,
      "median_overpay_sat_vb": 0.8950831890106201,
      "avg_underpay_sat_vb": 0.0,
      "overpay_mape": 96.28586967786154,
      "within_10pct": 0.0,
      "within_20pct": 0.0,
      "within_50pct": 0.0,
      "asymmetric_loss": 0.3058280623277149,
      "mape": 96.28586967786154
    },
    "6block": {
      "horizon_blocks": 6,
      "mse": 1.0194268744257162,
      "rmse": 1.0096667145279754,
      "mae": 0.9628586967786154,
      "r2": 0.0,
      "block_inclusion_accuracy": 1.0,
      "avg_overpay_sat_vb": 0.9628586967786154,
      "median_overpay_sat_vb": 0.8950831890106201,
      "avg_underpay_sat_vb": 0.0,
      "overpay_mape": 96.28586967786154,
      "within_10pct": 0.0,
      "within_20pct": 0.0,
      "within_50pct": 0.0,
      "asymmetric_loss": 0.3058280623277149,
      "mape": 96.28586967786154
    }
  },
  "lgb_results": {
    "1block": {
      "horizon_blocks": 1,
      "model_type": "lightgbm",
      "mse": 0.02131729482083104,
      "rmse": 0.1460044342505769,
      "mae": 0.14600250938349243,
      "r2": 0.0,
      "block_inclusion_accuracy": 1.0,
      "avg_overpay_sat_vb": 0.14600250938349243,
      "avg_underpay_sat_vb": 0.0,
      "within_10pct": 0.0,
      "within_20pct": 1.0,
      "within_50pct": 1.0,
      "asymmetric_loss": 0.006395188446249312,
      "mape": 14.600250938349243
    },
    "3block": {
      "horizon_blocks": 3,
      "model_type": "lightgbm",
      "mse": 0.0,
      "rmse": 0.0,
      "mae": 0.0,
      "r2": 1.0,
      "block_inclusion_accuracy": 1.0,
      "avg_overpay_sat_vb": 0.0,
      "avg_underpay_sat_vb": 0.0,
      "within_10pct": 1.0,
      "within_20pct": 1.0,
      "within_50pct": 1.0,
      "asymmetric_loss": 0.0,
      "mape": 0.0
    },
    "6block": {
      "horizon_blocks": 6,
      "model_type": "lightgbm",
      "mse": 0.0,
      "rmse": 0.0,
      "mae": 0.0,
      "r2": 1.0,
      "block_inclusion_accuracy": 1.0,
      "avg_overpay_sat_vb": 0.0,
      "avg_underpay_sat_vb": 0.0,
      "within_10pct": 1.0,
      "within_20pct": 1.0,
      "within_50pct": 1.0,
      "asymmetric_loss": 0.0,
      "mape": 0.0
    }
  }
}