{
  "timestamp": "2026-05-02T09:12:27.395327",
  "duration_seconds": 1.627539,
  "xgb_results": {
    "1block": {
      "horizon_blocks": 1,
      "mse": 0.0625571574360843,
      "rmse": 0.2501142887483326,
      "mae": 0.2157332499821981,
      "r2": 0.0,
      "block_inclusion_accuracy": 0.16666666666666666,
      "avg_overpay_sat_vb": 0.018180489540100098,
      "median_overpay_sat_vb": 0.0,
      "avg_underpay_sat_vb": 0.197552760442098,
      "overpay_mape": 0.9090244770050049,
      "within_10pct": 0.5,
      "within_20pct": 1.0,
      "within_50pct": 1.0,
      "asymmetric_loss": 0.04299673772545654,
      "mape": 10.786662499109905
    },
    "3block": {
      "horizon_blocks": 3,
      "mse": 0.39486985742864295,
      "rmse": 0.6283867100986803,
      "mae": 0.4424177606900533,
      "r2": -0.5794794297145718,
      "block_inclusion_accuracy": 0.5,
      "avg_overpay_sat_vb": 0.0,
      "median_overpay_sat_vb": 0.0,
      "avg_underpay_sat_vb": 0.4424177606900533,
      "overpay_mape": 0.0,
      "within_10pct": 0.5,
      "within_20pct": 0.5,
      "within_50pct": 0.8333333333333334,
      "asymmetric_loss": 0.27640890020005005,
      "mape": 22.120888034502663
    },
    "6block": {
      "horizon_blocks": 6,
      "mse": 0.39486985742864295,
      "rmse": 0.6283867100986803,
      "mae": 0.4424177606900533,
      "r2": -0.5794794297145718,
      "block_inclusion_accuracy": 0.5,
      "avg_overpay_sat_vb": 0.0,
      "median_overpay_sat_vb": 0.0,
      "avg_underpay_sat_vb": 0.4424177606900533,
      "overpay_mape": 0.0,
      "within_10pct": 0.5,
      "within_20pct": 0.5,
      "within_50pct": 0.8333333333333334,
      "asymmetric_loss": 0.27640890020005005,
      "mape": 22.120888034502663
    }
  },
  "lgb_results": {
    "1block": {
      "horizon_blocks": 1,
      "model_type": "lightgbm",
      "mse": 1.0,
      "rmse": 1.0,
      "mae": 1.0,
      "r2": 0.0,
      "block_inclusion_accuracy": 0.0,
      "avg_overpay_sat_vb": 0.0,
      "avg_underpay_sat_vb": 1.0,
      "within_10pct": 0.0,
      "within_20pct": 0.0,
      "within_50pct": 0.0,
      "asymmetric_loss": 0.7000000000000001,
      "mape": 50.0
    },
    "3block": {
      "horizon_blocks": 3,
      "model_type": "lightgbm",
      "mse": 0.4959273949994101,
      "rmse": 0.7042211264932415,
      "mae": 0.5,
      "r2": -0.9837095799976403,
      "block_inclusion_accuracy": 0.5,
      "avg_overpay_sat_vb": 0.002044663800408353,
      "avg_underpay_sat_vb": 0.49795533619959165,
      "within_10pct": 0.5,
      "within_20pct": 0.5,
      "within_50pct": 1.0,
      "asymmetric_loss": 0.3471458319795418,
      "mape": 25.102233190020417
    },
    "6block": {
      "horizon_blocks": 6,
      "model_type": "lightgbm",
      "mse": 0.5,
      "rmse": 0.7071067811865476,
      "mae": 0.5,
      "r2": -1.0,
      "block_inclusion_accuracy": 0.5,
      "avg_overpay_sat_vb": 0.0,
      "avg_underpay_sat_vb": 0.5,
      "within_10pct": 0.5,
      "within_20pct": 0.5,
      "within_50pct": 0.5,
      "asymmetric_loss": 0.3499999999999999,
      "mape": 25.0
    }
  }
}