{
  "timestamp": "2026-05-23T00:12:51.556758",
  "duration_seconds": 3.226834,
  "xgb_results": {
    "1block": {
      "horizon_blocks": 1,
      "mse": 0.3320887299082263,
      "rmse": 0.5762714029936122,
      "mae": 0.5605329275131226,
      "r2": 0.0,
      "block_inclusion_accuracy": 0.0,
      "avg_overpay_sat_vb": 0.0,
      "median_overpay_sat_vb": 0.0,
      "avg_underpay_sat_vb": 0.5605329275131226,
      "overpay_mape": 0.0,
      "within_10pct": 0.0,
      "within_20pct": 0.16666666666666666,
      "within_50pct": 1.0,
      "asymmetric_loss": 0.23246211093575841,
      "mape": 28.026646375656128
    },
    "3block": {
      "horizon_blocks": 3,
      "mse": 1.5764056206157495,
      "rmse": 1.2555499275678963,
      "mae": 1.2064361572265625,
      "r2": 0.0,
      "block_inclusion_accuracy": 0.8333333333333334,
      "avg_overpay_sat_vb": 1.0397694905598958,
      "median_overpay_sat_vb": 1.2902463674545288,
      "avg_underpay_sat_vb": 0.16666666666666666,
      "overpay_mape": 51.98847452799479,
      "within_10pct": 0.0,
      "within_20pct": 0.0,
      "within_50pct": 0.16666666666666666,
      "asymmetric_loss": 0.5395883528513915,
      "mape": 60.321807861328125
    },
    "6block": {
      "horizon_blocks": 6,
      "mse": 1.5764056206157495,
      "rmse": 1.2555499275678963,
      "mae": 1.2064361572265625,
      "r2": 0.0,
      "block_inclusion_accuracy": 0.8333333333333334,
      "avg_overpay_sat_vb": 1.0397694905598958,
      "median_overpay_sat_vb": 1.2902463674545288,
      "avg_underpay_sat_vb": 0.16666666666666666,
      "overpay_mape": 51.98847452799479,
      "within_10pct": 0.0,
      "within_20pct": 0.0,
      "within_50pct": 0.16666666666666666,
      "asymmetric_loss": 0.5395883528513915,
      "mape": 60.321807861328125
    }
  },
  "lgb_results": {
    "1block": {
      "horizon_blocks": 1,
      "model_type": "lightgbm",
      "mse": 0.7603881325571217,
      "rmse": 0.8720023695822859,
      "mae": 0.8720023695822859,
      "r2": 0.0,
      "block_inclusion_accuracy": 0.0,
      "avg_overpay_sat_vb": 0.0,
      "avg_underpay_sat_vb": 0.8720023695822859,
      "within_10pct": 0.0,
      "within_20pct": 0.0,
      "within_50pct": 1.0,
      "asymmetric_loss": 0.5322716927899852,
      "mape": 43.6001184791143
    },
    "3block": {
      "horizon_blocks": 3,
      "model_type": "lightgbm",
      "mse": 1.0,
      "rmse": 1.0,
      "mae": 1.0,
      "r2": 0.0,
      "block_inclusion_accuracy": 0.0,
      "avg_overpay_sat_vb": 0.0,
      "avg_underpay_sat_vb": 1.0,
      "within_10pct": 0.0,
      "within_20pct": 0.0,
      "within_50pct": 0.0,
      "asymmetric_loss": 0.7000000000000001,
      "mape": 50.0
    },
    "6block": {
      "horizon_blocks": 6,
      "model_type": "lightgbm",
      "mse": 1.0,
      "rmse": 1.0,
      "mae": 1.0,
      "r2": 0.0,
      "block_inclusion_accuracy": 0.0,
      "avg_overpay_sat_vb": 0.0,
      "avg_underpay_sat_vb": 1.0,
      "within_10pct": 0.0,
      "within_20pct": 0.0,
      "within_50pct": 0.0,
      "asymmetric_loss": 0.7000000000000001,
      "mape": 50.0
    }
  }
}