{
  "timestamp": "2026-04-21T05:33:57.780028",
  "duration_seconds": 0.90019,
  "xgb_results": {
    "1block": {
      "horizon_blocks": 1,
      "mse": 0.11842705084319505,
      "rmse": 0.34413231589491133,
      "mae": 0.31201330820719403,
      "r2": 0.0,
      "block_inclusion_accuracy": 0.0,
      "avg_overpay_sat_vb": 0.0,
      "median_overpay_sat_vb": 0.0,
      "avg_underpay_sat_vb": 0.31201330820719403,
      "overpay_mape": 0.0,
      "within_10pct": 0.5,
      "within_20pct": 1.0,
      "within_50pct": 1.0,
      "asymmetric_loss": 0.08289893559023652,
      "mape": 10.400443606906467
    },
    "3block": {
      "horizon_blocks": 3,
      "mse": 2.399717070407204,
      "rmse": 1.5491020206581632,
      "mae": 1.5281084974606831,
      "r2": 0.0,
      "block_inclusion_accuracy": 0.0,
      "avg_overpay_sat_vb": 0.0,
      "median_overpay_sat_vb": 0.0,
      "avg_underpay_sat_vb": 1.5281084974606831,
      "overpay_mape": 0.0,
      "within_10pct": 0.0,
      "within_20pct": 0.0,
      "within_50pct": 0.3333333333333333,
      "asymmetric_loss": 1.679801949285043,
      "mape": 50.9369499153561
    },
    "6block": {
      "horizon_blocks": 6,
      "mse": 2.399717070407204,
      "rmse": 1.5491020206581632,
      "mae": 1.5281084974606831,
      "r2": 0.0,
      "block_inclusion_accuracy": 0.0,
      "avg_overpay_sat_vb": 0.0,
      "median_overpay_sat_vb": 0.0,
      "avg_underpay_sat_vb": 1.5281084974606831,
      "overpay_mape": 0.0,
      "within_10pct": 0.0,
      "within_20pct": 0.0,
      "within_50pct": 0.3333333333333333,
      "asymmetric_loss": 1.679801949285043,
      "mape": 50.9369499153561
    }
  },
  "lgb_results": {
    "1block": {
      "horizon_blocks": 1,
      "model_type": "lightgbm",
      "mse": 3.045234933661515,
      "rmse": 1.7450601518748616,
      "mae": 1.7450601518748616,
      "r2": 0.0,
      "block_inclusion_accuracy": 0.0,
      "avg_overpay_sat_vb": 0.0,
      "avg_underpay_sat_vb": 1.7450601518748616,
      "within_10pct": 0.0,
      "within_20pct": 0.0,
      "within_50pct": 0.0,
      "asymmetric_loss": 2.1316644535630602,
      "mape": 58.16867172916206
    },
    "3block": {
      "horizon_blocks": 3,
      "model_type": "lightgbm",
      "mse": 3.98365941219696,
      "rmse": 1.9959106723991833,
      "mae": 1.9959106723991835,
      "r2": 0.0,
      "block_inclusion_accuracy": 0.0,
      "avg_overpay_sat_vb": 0.0,
      "avg_underpay_sat_vb": 1.9959106723991835,
      "within_10pct": 0.0,
      "within_20pct": 0.0,
      "within_50pct": 0.0,
      "asymmetric_loss": 2.788561588537872,
      "mape": 66.53035574663944
    },
    "6block": {
      "horizon_blocks": 6,
      "model_type": "lightgbm",
      "mse": 3.991189588256597,
      "rmse": 1.9977961828616544,
      "mae": 1.9977961828616546,
      "r2": 0.0,
      "block_inclusion_accuracy": 0.0,
      "avg_overpay_sat_vb": 0.0,
      "avg_underpay_sat_vb": 1.9977961828616546,
      "within_10pct": 0.0,
      "within_20pct": 0.0,
      "within_50pct": 0.0,
      "asymmetric_loss": 2.793832711779618,
      "mape": 66.5932060953885
    }
  }
}