{
  "timestamp": "2026-05-03T09:29:33.338410",
  "duration_seconds": 1.694452,
  "xgb_results": {
    "1block": {
      "horizon_blocks": 1,
      "mse": 0.11830032069192005,
      "rmse": 0.3439481366309753,
      "mae": 0.2852769692738851,
      "r2": 0.0,
      "block_inclusion_accuracy": 0.16666666666666666,
      "avg_overpay_sat_vb": 0.0025452772776285806,
      "median_overpay_sat_vb": 0.0,
      "avg_underpay_sat_vb": 0.28273169199625653,
      "overpay_mape": 0.12726386388142902,
      "within_10pct": 0.3333333333333333,
      "within_20pct": 0.5,
      "within_50pct": 1.0,
      "asymmetric_loss": 0.08279467623693601,
      "mape": 14.263848463694254
    },
    "3block": {
      "horizon_blocks": 3,
      "mse": 0.5735236234104306,
      "rmse": 0.7573134248185691,
      "mae": 0.7284095486005148,
      "r2": 0.0,
      "block_inclusion_accuracy": 0.16666666666666666,
      "avg_overpay_sat_vb": 0.0793472131093343,
      "median_overpay_sat_vb": 0.0,
      "avg_underpay_sat_vb": 0.6490623354911804,
      "overpay_mape": 3.9673606554667153,
      "within_10pct": 0.0,
      "within_20pct": 0.0,
      "within_50pct": 0.8333333333333334,
      "asymmetric_loss": 0.3863561838395779,
      "mape": 36.42047743002574
    },
    "6block": {
      "horizon_blocks": 6,
      "mse": 0.5735236234104306,
      "rmse": 0.7573134248185691,
      "mae": 0.7284095486005148,
      "r2": 0.0,
      "block_inclusion_accuracy": 0.16666666666666666,
      "avg_overpay_sat_vb": 0.0793472131093343,
      "median_overpay_sat_vb": 0.0,
      "avg_underpay_sat_vb": 0.6490623354911804,
      "overpay_mape": 3.9673606554667153,
      "within_10pct": 0.0,
      "within_20pct": 0.0,
      "within_50pct": 0.8333333333333334,
      "asymmetric_loss": 0.3863561838395779,
      "mape": 36.42047743002574
    }
  },
  "lgb_results": {
    "1block": {
      "horizon_blocks": 1,
      "model_type": "lightgbm",
      "mse": 1.0,
      "rmse": 1.0,
      "mae": 1.0,
      "r2": 0.0,
      "block_inclusion_accuracy": 0.0,
      "avg_overpay_sat_vb": 0.0,
      "avg_underpay_sat_vb": 1.0,
      "within_10pct": 0.0,
      "within_20pct": 0.0,
      "within_50pct": 0.0,
      "asymmetric_loss": 0.7000000000000001,
      "mape": 50.0
    },
    "3block": {
      "horizon_blocks": 3,
      "model_type": "lightgbm",
      "mse": 0.9918380673985933,
      "rmse": 0.9959106723991832,
      "mae": 0.9959106723991834,
      "r2": 0.0,
      "block_inclusion_accuracy": 0.0,
      "avg_overpay_sat_vb": 0.0,
      "avg_underpay_sat_vb": 0.9959106723991834,
      "within_10pct": 0.0,
      "within_20pct": 0.0,
      "within_50pct": 1.0,
      "asymmetric_loss": 0.6942866471790153,
      "mape": 49.79553361995917
    },
    "6block": {
      "horizon_blocks": 6,
      "model_type": "lightgbm",
      "mse": 1.0,
      "rmse": 1.0,
      "mae": 1.0,
      "r2": 0.0,
      "block_inclusion_accuracy": 0.0,
      "avg_overpay_sat_vb": 0.0,
      "avg_underpay_sat_vb": 1.0,
      "within_10pct": 0.0,
      "within_20pct": 0.0,
      "within_50pct": 0.0,
      "asymmetric_loss": 0.7000000000000001,
      "mape": 50.0
    }
  }
}