{
  "timestamp": "2026-06-15T22:24:45.588294",
  "duration_seconds": 4.043668,
  "xgb_results": {
    "1block": {
      "horizon_blocks": 1,
      "mse": 1.943535742057615,
      "rmse": 1.3941075073528637,
      "mae": 1.1305360794067383,
      "r2": 0.0,
      "block_inclusion_accuracy": 1.0,
      "avg_overpay_sat_vb": 1.1305360794067383,
      "median_overpay_sat_vb": 0.889399528503418,
      "avg_underpay_sat_vb": 0.0,
      "overpay_mape": 113.05360794067383,
      "within_10pct": 0.0,
      "within_20pct": 0.0,
      "within_50pct": 0.3333333333333333,
      "asymmetric_loss": 0.5830607226172845,
      "mape": 113.05360794067383
    },
    "3block": {
      "horizon_blocks": 3,
      "mse": 1.7292172510305004,
      "rmse": 1.3149970536204636,
      "mae": 0.6578369537989298,
      "r2": 0.0,
      "block_inclusion_accuracy": 1.0,
      "avg_overpay_sat_vb": 0.6578369537989298,
      "median_overpay_sat_vb": 0.0,
      "avg_underpay_sat_vb": 0.0,
      "overpay_mape": 65.78369537989298,
      "within_10pct": 0.6666666666666666,
      "within_20pct": 0.6666666666666666,
      "within_50pct": 0.6666666666666666,
      "asymmetric_loss": 0.5187651753091502,
      "mape": 65.78369537989298
    },
    "6block": {
      "horizon_blocks": 6,
      "mse": 1.7292172510305004,
      "rmse": 1.3149970536204636,
      "mae": 0.6578369537989298,
      "r2": 0.0,
      "block_inclusion_accuracy": 1.0,
      "avg_overpay_sat_vb": 0.6578369537989298,
      "median_overpay_sat_vb": 0.0,
      "avg_underpay_sat_vb": 0.0,
      "overpay_mape": 65.78369537989298,
      "within_10pct": 0.6666666666666666,
      "within_20pct": 0.6666666666666666,
      "within_50pct": 0.6666666666666666,
      "asymmetric_loss": 0.5187651753091502,
      "mape": 65.78369537989298
    }
  },
  "lgb_results": {
    "1block": {
      "horizon_blocks": 1,
      "model_type": "lightgbm",
      "mse": 0.004399200051816297,
      "rmse": 0.06632646569670585,
      "mae": 0.06632222837979777,
      "r2": 0.0,
      "block_inclusion_accuracy": 1.0,
      "avg_overpay_sat_vb": 0.06632222837979777,
      "avg_underpay_sat_vb": 0.0,
      "within_10pct": 1.0,
      "within_20pct": 1.0,
      "within_50pct": 1.0,
      "asymmetric_loss": 0.001319760015544889,
      "mape": 6.632222837979778
    },
    "3block": {
      "horizon_blocks": 3,
      "model_type": "lightgbm",
      "mse": 1.672260022680131e-05,
      "rmse": 0.004089327600816705,
      "mae": 0.004089327600816706,
      "r2": 0.0,
      "block_inclusion_accuracy": 1.0,
      "avg_overpay_sat_vb": 0.004089327600816706,
      "avg_underpay_sat_vb": 0.0,
      "within_10pct": 1.0,
      "within_20pct": 1.0,
      "within_50pct": 1.0,
      "asymmetric_loss": 5.016780068040395e-06,
      "mape": 0.40893276008167057
    },
    "6block": {
      "horizon_blocks": 6,
      "model_type": "lightgbm",
      "mse": 0.0,
      "rmse": 0.0,
      "mae": 0.0,
      "r2": 1.0,
      "block_inclusion_accuracy": 1.0,
      "avg_overpay_sat_vb": 0.0,
      "avg_underpay_sat_vb": 0.0,
      "within_10pct": 1.0,
      "within_20pct": 1.0,
      "within_50pct": 1.0,
      "asymmetric_loss": 0.0,
      "mape": 0.0
    }
  }
}