{
  "timestamp": "2026-04-21T15:19:30.966760",
  "duration_seconds": 0.905309,
  "xgb_results": {
    "1block": {
      "horizon_blocks": 1,
      "mse": 0.4171873589323785,
      "rmse": 0.6459004249359018,
      "mae": 0.6328671177228292,
      "r2": 0.0,
      "block_inclusion_accuracy": 0.0,
      "avg_overpay_sat_vb": 0.0,
      "median_overpay_sat_vb": 0.0,
      "avg_underpay_sat_vb": 0.6328671177228292,
      "overpay_mape": 0.0,
      "within_10pct": 0.0,
      "within_20pct": 0.0,
      "within_50pct": 1.0,
      "asymmetric_loss": 0.29203115125266493,
      "mape": 31.64335588614146
    },
    "3block": {
      "horizon_blocks": 3,
      "mse": 0.4222137456104278,
      "rmse": 0.6497797670060432,
      "mae": 0.547398587067922,
      "r2": 0.0,
      "block_inclusion_accuracy": 0.8333333333333334,
      "avg_overpay_sat_vb": 0.523694117863973,
      "median_overpay_sat_vb": 0.4723275899887085,
      "avg_underpay_sat_vb": 0.023704469203948975,
      "overpay_mape": 26.18470589319865,
      "within_10pct": 0.16666666666666666,
      "within_20pct": 0.5,
      "within_50pct": 0.8333333333333334,
      "asymmetric_loss": 0.1280126881477067,
      "mape": 27.3699293533961
    },
    "6block": {
      "horizon_blocks": 6,
      "mse": 0.4222137456104278,
      "rmse": 0.6497797670060432,
      "mae": 0.547398587067922,
      "r2": 0.0,
      "block_inclusion_accuracy": 0.8333333333333334,
      "avg_overpay_sat_vb": 0.523694117863973,
      "median_overpay_sat_vb": 0.4723275899887085,
      "avg_underpay_sat_vb": 0.023704469203948975,
      "overpay_mape": 26.18470589319865,
      "within_10pct": 0.16666666666666666,
      "within_20pct": 0.5,
      "within_50pct": 0.8333333333333334,
      "asymmetric_loss": 0.1280126881477067,
      "mape": 27.3699293533961
    }
  },
  "lgb_results": {
    "1block": {
      "horizon_blocks": 1,
      "model_type": "lightgbm",
      "mse": 1.0,
      "rmse": 1.0,
      "mae": 1.0,
      "r2": 0.0,
      "block_inclusion_accuracy": 0.0,
      "avg_overpay_sat_vb": 0.0,
      "avg_underpay_sat_vb": 1.0,
      "within_10pct": 0.0,
      "within_20pct": 0.0,
      "within_50pct": 0.0,
      "asymmetric_loss": 0.7000000000000001,
      "mape": 50.0
    },
    "3block": {
      "horizon_blocks": 3,
      "model_type": "lightgbm",
      "mse": 0.9918380673985933,
      "rmse": 0.9959106723991832,
      "mae": 0.9959106723991834,
      "r2": 0.0,
      "block_inclusion_accuracy": 0.0,
      "avg_overpay_sat_vb": 0.0,
      "avg_underpay_sat_vb": 0.9959106723991834,
      "within_10pct": 0.0,
      "within_20pct": 0.0,
      "within_50pct": 1.0,
      "asymmetric_loss": 0.6942866471790153,
      "mape": 49.79553361995917
    },
    "6block": {
      "horizon_blocks": 6,
      "model_type": "lightgbm",
      "mse": 1.0,
      "rmse": 1.0,
      "mae": 1.0,
      "r2": 0.0,
      "block_inclusion_accuracy": 0.0,
      "avg_overpay_sat_vb": 0.0,
      "avg_underpay_sat_vb": 1.0,
      "within_10pct": 0.0,
      "within_20pct": 0.0,
      "within_50pct": 0.0,
      "asymmetric_loss": 0.7000000000000001,
      "mape": 50.0
    }
  }
}