{
  "timestamp": "2026-06-09T12:07:40.875405",
  "duration_seconds": 3.712955,
  "xgb_results": {
    "1block": {
      "horizon_blocks": 1,
      "mse": 0.33713774503905114,
      "rmse": 0.5806356387951493,
      "mae": 0.41712023814519245,
      "r2": -0.34855098015620456,
      "block_inclusion_accuracy": 0.5,
      "avg_overpay_sat_vb": 0.07675500710805257,
      "median_overpay_sat_vb": 0.021402478218078613,
      "avg_underpay_sat_vb": 0.3403652310371399,
      "overpay_mape": 2.5585002369350853,
      "within_10pct": 0.5,
      "within_20pct": 0.6666666666666666,
      "within_50pct": 0.8333333333333334,
      "asymmetric_loss": 0.22868785013972182,
      "mape": 19.576761788792084
    },
    "3block": {
      "horizon_blocks": 3,
      "mse": 4.0,
      "rmse": 2.0,
      "mae": 2.0,
      "r2": 0.0,
      "block_inclusion_accuracy": 0.0,
      "avg_overpay_sat_vb": 0.0,
      "median_overpay_sat_vb": 0.0,
      "avg_underpay_sat_vb": 2.0,
      "overpay_mape": 0.0,
      "within_10pct": 0.0,
      "within_20pct": 0.0,
      "within_50pct": 0.0,
      "asymmetric_loss": 2.8000000000000003,
      "mape": 66.66666666666666
    },
    "6block": {
      "horizon_blocks": 6,
      "mse": 4.0,
      "rmse": 2.0,
      "mae": 2.0,
      "r2": 0.0,
      "block_inclusion_accuracy": 0.0,
      "avg_overpay_sat_vb": 0.0,
      "median_overpay_sat_vb": 0.0,
      "avg_underpay_sat_vb": 2.0,
      "overpay_mape": 0.0,
      "within_10pct": 0.0,
      "within_20pct": 0.0,
      "within_50pct": 0.0,
      "asymmetric_loss": 2.8000000000000003,
      "mape": 66.66666666666666
    }
  },
  "lgb_results": {
    "1block": {
      "horizon_blocks": 1,
      "model_type": "lightgbm",
      "mse": 2.212018434626582,
      "rmse": 1.487285592825595,
      "mae": 1.400720362994447,
      "r2": -7.8480737385063275,
      "block_inclusion_accuracy": 0.0,
      "avg_overpay_sat_vb": 0.0,
      "avg_underpay_sat_vb": 1.400720362994447,
      "within_10pct": 0.0,
      "within_20pct": 0.0,
      "within_50pct": 0.5,
      "asymmetric_loss": 1.5484129042386072,
      "mape": 54.196681791435296
    },
    "3block": {
      "horizon_blocks": 3,
      "model_type": "lightgbm",
      "mse": 4.0,
      "rmse": 2.0,
      "mae": 2.0,
      "r2": 0.0,
      "block_inclusion_accuracy": 0.0,
      "avg_overpay_sat_vb": 0.0,
      "avg_underpay_sat_vb": 2.0,
      "within_10pct": 0.0,
      "within_20pct": 0.0,
      "within_50pct": 0.0,
      "asymmetric_loss": 2.8000000000000003,
      "mape": 66.66666666666666
    },
    "6block": {
      "horizon_blocks": 6,
      "model_type": "lightgbm",
      "mse": 4.0,
      "rmse": 2.0,
      "mae": 2.0,
      "r2": 0.0,
      "block_inclusion_accuracy": 0.0,
      "avg_overpay_sat_vb": 0.0,
      "avg_underpay_sat_vb": 2.0,
      "within_10pct": 0.0,
      "within_20pct": 0.0,
      "within_50pct": 0.0,
      "asymmetric_loss": 2.8000000000000003,
      "mape": 66.66666666666666
    }
  }
}