{
  "timestamp": "2026-05-07T20:21:54.331080",
  "duration_seconds": 1.731817,
  "xgb_results": {
    "1block": {
      "horizon_blocks": 1,
      "mse": 1.0003800344523508,
      "rmse": 1.000189999176332,
      "mae": 0.9644642472267151,
      "r2": -0.12542753875889434,
      "block_inclusion_accuracy": 0.3333333333333333,
      "avg_overpay_sat_vb": 0.3083050449689229,
      "median_overpay_sat_vb": 0.0,
      "avg_underpay_sat_vb": 0.6561592022577921,
      "overpay_mape": 30.830504496892292,
      "within_10pct": 0.0,
      "within_20pct": 0.16666666666666666,
      "within_50pct": 0.6666666666666666,
      "asymmetric_loss": 0.5849329032681289,
      "mape": 52.70247790548536
    },
    "3block": {
      "horizon_blocks": 3,
      "mse": 0.10043514902259669,
      "rmse": 0.31691505016738586,
      "mae": 0.12938002745310465,
      "r2": 0.0,
      "block_inclusion_accuracy": 1.0,
      "avg_overpay_sat_vb": 0.12938002745310465,
      "median_overpay_sat_vb": 0.0,
      "avg_underpay_sat_vb": 0.0,
      "overpay_mape": 12.938002745310465,
      "within_10pct": 0.8333333333333334,
      "within_20pct": 0.8333333333333334,
      "within_50pct": 0.8333333333333334,
      "asymmetric_loss": 0.03013054470677901,
      "mape": 12.938002745310465
    },
    "6block": {
      "horizon_blocks": 6,
      "mse": 0.10043514902259669,
      "rmse": 0.31691505016738586,
      "mae": 0.12938002745310465,
      "r2": 0.0,
      "block_inclusion_accuracy": 1.0,
      "avg_overpay_sat_vb": 0.12938002745310465,
      "median_overpay_sat_vb": 0.0,
      "avg_underpay_sat_vb": 0.0,
      "overpay_mape": 12.938002745310465,
      "within_10pct": 0.8333333333333334,
      "within_20pct": 0.8333333333333334,
      "within_50pct": 0.8333333333333334,
      "asymmetric_loss": 0.03013054470677901,
      "mape": 12.938002745310465
    }
  },
  "lgb_results": {
    "1block": {
      "horizon_blocks": 1,
      "model_type": "lightgbm",
      "mse": 2.6666666666666665,
      "rmse": 1.632993161855452,
      "mae": 1.3333333333333333,
      "r2": -1.9999999999999996,
      "block_inclusion_accuracy": 0.3333333333333333,
      "avg_overpay_sat_vb": 0.0,
      "avg_underpay_sat_vb": 1.3333333333333333,
      "within_10pct": 0.3333333333333333,
      "within_20pct": 0.3333333333333333,
      "within_50pct": 0.3333333333333333,
      "asymmetric_loss": 1.8666666666666665,
      "mape": 44.44444444444444
    },
    "3block": {
      "horizon_blocks": 3,
      "model_type": "lightgbm",
      "mse": 1.672260022680131e-05,
      "rmse": 0.004089327600816705,
      "mae": 0.004089327600816706,
      "r2": 0.0,
      "block_inclusion_accuracy": 1.0,
      "avg_overpay_sat_vb": 0.004089327600816706,
      "avg_underpay_sat_vb": 0.0,
      "within_10pct": 1.0,
      "within_20pct": 1.0,
      "within_50pct": 1.0,
      "asymmetric_loss": 5.016780068040395e-06,
      "mape": 0.40893276008167057
    },
    "6block": {
      "horizon_blocks": 6,
      "model_type": "lightgbm",
      "mse": 0.0,
      "rmse": 0.0,
      "mae": 0.0,
      "r2": 1.0,
      "block_inclusion_accuracy": 1.0,
      "avg_overpay_sat_vb": 0.0,
      "avg_underpay_sat_vb": 0.0,
      "within_10pct": 1.0,
      "within_20pct": 1.0,
      "within_50pct": 1.0,
      "asymmetric_loss": 0.0,
      "mape": 0.0
    }
  }
}