{
  "timestamp": "2026-05-16T18:04:16.049096",
  "duration_seconds": 2.772922,
  "xgb_results": {
    "1block": {
      "horizon_blocks": 1,
      "mse": 0.29257791834289765,
      "rmse": 0.5409047220563874,
      "mae": 0.35558249553044635,
      "r2": 0.6708498418642401,
      "block_inclusion_accuracy": 0.3333333333333333,
      "avg_overpay_sat_vb": 0.04534397522608439,
      "median_overpay_sat_vb": 0.0,
      "avg_underpay_sat_vb": 0.310238520304362,
      "overpay_mape": 4.5343975226084385,
      "within_10pct": 0.5,
      "within_20pct": 0.6666666666666666,
      "within_50pct": 1.0,
      "asymmetric_loss": 0.20098075640574178,
      "mape": 14.875681532753838
    },
    "3block": {
      "horizon_blocks": 3,
      "mse": 40.21207506494594,
      "rmse": 6.341299162233709,
      "mae": 6.288368225097656,
      "r2": 0.0,
      "block_inclusion_accuracy": 1.0,
      "avg_overpay_sat_vb": 6.288368225097656,
      "median_overpay_sat_vb": 6.349942684173584,
      "avg_underpay_sat_vb": 0.0,
      "overpay_mape": 628.8368225097656,
      "within_10pct": 0.0,
      "within_20pct": 0.0,
      "within_50pct": 0.0,
      "asymmetric_loss": 12.063622519483786,
      "mape": 628.8368225097656
    },
    "6block": {
      "horizon_blocks": 6,
      "mse": 40.21207506494594,
      "rmse": 6.341299162233709,
      "mae": 6.288368225097656,
      "r2": 0.0,
      "block_inclusion_accuracy": 1.0,
      "avg_overpay_sat_vb": 6.288368225097656,
      "median_overpay_sat_vb": 6.349942684173584,
      "avg_underpay_sat_vb": 0.0,
      "overpay_mape": 628.8368225097656,
      "within_10pct": 0.0,
      "within_20pct": 0.0,
      "within_50pct": 0.0,
      "asymmetric_loss": 12.063622519483786,
      "mape": 628.8368225097656
    }
  },
  "lgb_results": {
    "1block": {
      "horizon_blocks": 1,
      "model_type": "lightgbm",
      "mse": 2.6666666666666665,
      "rmse": 1.632993161855452,
      "mae": 1.3333333333333333,
      "r2": -1.9999999999999996,
      "block_inclusion_accuracy": 0.3333333333333333,
      "avg_overpay_sat_vb": 0.0,
      "avg_underpay_sat_vb": 1.3333333333333333,
      "within_10pct": 0.3333333333333333,
      "within_20pct": 0.3333333333333333,
      "within_50pct": 0.3333333333333333,
      "asymmetric_loss": 1.8666666666666665,
      "mape": 44.44444444444444
    },
    "3block": {
      "horizon_blocks": 3,
      "model_type": "lightgbm",
      "mse": 1.672260022680131e-05,
      "rmse": 0.004089327600816705,
      "mae": 0.004089327600816706,
      "r2": 0.0,
      "block_inclusion_accuracy": 1.0,
      "avg_overpay_sat_vb": 0.004089327600816706,
      "avg_underpay_sat_vb": 0.0,
      "within_10pct": 1.0,
      "within_20pct": 1.0,
      "within_50pct": 1.0,
      "asymmetric_loss": 5.016780068040395e-06,
      "mape": 0.40893276008167057
    },
    "6block": {
      "horizon_blocks": 6,
      "model_type": "lightgbm",
      "mse": 0.0,
      "rmse": 0.0,
      "mae": 0.0,
      "r2": 1.0,
      "block_inclusion_accuracy": 1.0,
      "avg_overpay_sat_vb": 0.0,
      "avg_underpay_sat_vb": 0.0,
      "within_10pct": 1.0,
      "within_20pct": 1.0,
      "within_50pct": 1.0,
      "asymmetric_loss": 0.0,
      "mape": 0.0
    }
  }
}