{
  "timestamp": "2026-04-23T22:50:19.599793",
  "duration_seconds": 0.998401,
  "xgb_results": {
    "1block": {
      "horizon_blocks": 1,
      "mse": 0.0944427252751628,
      "rmse": 0.3073153515123558,
      "mae": 0.2966630458831787,
      "r2": 0.0,
      "block_inclusion_accuracy": 0.0,
      "avg_overpay_sat_vb": 0.0,
      "median_overpay_sat_vb": 0.0,
      "avg_underpay_sat_vb": 0.2966630458831787,
      "overpay_mape": 0.0,
      "within_10pct": 0.5,
      "within_20pct": 1.0,
      "within_50pct": 1.0,
      "asymmetric_loss": 0.06610990769261396,
      "mape": 9.888768196105957
    },
    "3block": {
      "horizon_blocks": 3,
      "mse": 0.24314115802248656,
      "rmse": 0.4930934576958881,
      "mae": 0.3740835189819336,
      "r2": 0.0,
      "block_inclusion_accuracy": 0.3333333333333333,
      "avg_overpay_sat_vb": 0.0911554495493571,
      "median_overpay_sat_vb": 0.0,
      "avg_underpay_sat_vb": 0.2829280694325765,
      "overpay_mape": 3.0385149849785695,
      "within_10pct": 0.5,
      "within_20pct": 0.8333333333333334,
      "within_50pct": 1.0,
      "asymmetric_loss": 0.15235283807757583,
      "mape": 12.469450632731121
    },
    "6block": {
      "horizon_blocks": 6,
      "mse": 0.24314115802248656,
      "rmse": 0.4930934576958881,
      "mae": 0.3740835189819336,
      "r2": 0.0,
      "block_inclusion_accuracy": 0.3333333333333333,
      "avg_overpay_sat_vb": 0.0911554495493571,
      "median_overpay_sat_vb": 0.0,
      "avg_underpay_sat_vb": 0.2829280694325765,
      "overpay_mape": 3.0385149849785695,
      "within_10pct": 0.5,
      "within_20pct": 0.8333333333333334,
      "within_50pct": 1.0,
      "asymmetric_loss": 0.15235283807757583,
      "mape": 12.469450632731121
    }
  },
  "lgb_results": {
    "1block": {
      "horizon_blocks": 1,
      "model_type": "lightgbm",
      "mse": 4.0,
      "rmse": 2.0,
      "mae": 2.0,
      "r2": 0.0,
      "block_inclusion_accuracy": 0.0,
      "avg_overpay_sat_vb": 0.0,
      "avg_underpay_sat_vb": 2.0,
      "within_10pct": 0.0,
      "within_20pct": 0.0,
      "within_50pct": 0.0,
      "asymmetric_loss": 2.8000000000000003,
      "mape": 66.66666666666666
    },
    "3block": {
      "horizon_blocks": 3,
      "model_type": "lightgbm",
      "mse": 4.0,
      "rmse": 2.0,
      "mae": 2.0,
      "r2": 0.0,
      "block_inclusion_accuracy": 0.0,
      "avg_overpay_sat_vb": 0.0,
      "avg_underpay_sat_vb": 2.0,
      "within_10pct": 0.0,
      "within_20pct": 0.0,
      "within_50pct": 0.0,
      "asymmetric_loss": 2.8000000000000003,
      "mape": 66.66666666666666
    },
    "6block": {
      "horizon_blocks": 6,
      "model_type": "lightgbm",
      "mse": 3.924462996364204,
      "rmse": 1.9810257434885101,
      "mae": 1.9810257434885103,
      "r2": 0.0,
      "block_inclusion_accuracy": 0.0,
      "avg_overpay_sat_vb": 0.0,
      "avg_underpay_sat_vb": 1.9810257434885103,
      "within_10pct": 0.0,
      "within_20pct": 0.0,
      "within_50pct": 0.0,
      "asymmetric_loss": 2.7471240974549427,
      "mape": 66.03419144961701
    }
  }
}