{
  "timestamp": "2026-05-26T05:10:00.795586",
  "duration_seconds": 3.213336,
  "xgb_results": {
    "1block": {
      "horizon_blocks": 1,
      "mse": 2.293160092070726,
      "rmse": 1.5143183588898095,
      "mae": 1.4998269081115723,
      "r2": 0.0,
      "block_inclusion_accuracy": 1.0,
      "avg_overpay_sat_vb": 1.4998269081115723,
      "median_overpay_sat_vb": 1.5046980381011963,
      "avg_underpay_sat_vb": 0.0,
      "overpay_mape": 74.99134540557861,
      "within_10pct": 0.0,
      "within_20pct": 0.0,
      "within_50pct": 0.0,
      "asymmetric_loss": 0.6879480276212178,
      "mape": 74.99134540557861
    },
    "3block": {
      "horizon_blocks": 3,
      "mse": 8.143973799394757,
      "rmse": 2.853764846548285,
      "mae": 2.806284507115682,
      "r2": 0.0,
      "block_inclusion_accuracy": 1.0,
      "avg_overpay_sat_vb": 2.806284507115682,
      "median_overpay_sat_vb": 2.798921585083008,
      "avg_underpay_sat_vb": 0.0,
      "overpay_mape": 140.31422535578412,
      "within_10pct": 0.0,
      "within_20pct": 0.0,
      "within_50pct": 0.0,
      "asymmetric_loss": 2.4431921398184278,
      "mape": 140.31422535578412
    },
    "6block": {
      "horizon_blocks": 6,
      "mse": 8.143973799394757,
      "rmse": 2.853764846548285,
      "mae": 2.806284507115682,
      "r2": 0.0,
      "block_inclusion_accuracy": 1.0,
      "avg_overpay_sat_vb": 2.806284507115682,
      "median_overpay_sat_vb": 2.798921585083008,
      "avg_underpay_sat_vb": 0.0,
      "overpay_mape": 140.31422535578412,
      "within_10pct": 0.0,
      "within_20pct": 0.0,
      "within_50pct": 0.0,
      "asymmetric_loss": 2.4431921398184278,
      "mape": 140.31422535578412
    }
  },
  "lgb_results": {
    "1block": {
      "horizon_blocks": 1,
      "model_type": "lightgbm",
      "mse": 0.7458370089727663,
      "rmse": 0.8636185552503873,
      "mae": 0.8636185552503871,
      "r2": 0.0,
      "block_inclusion_accuracy": 0.0,
      "avg_overpay_sat_vb": 0.0,
      "avg_underpay_sat_vb": 0.8636185552503871,
      "within_10pct": 0.0,
      "within_20pct": 0.0,
      "within_50pct": 1.0,
      "asymmetric_loss": 0.5220859062809363,
      "mape": 43.18092776251935
    },
    "3block": {
      "horizon_blocks": 3,
      "model_type": "lightgbm",
      "mse": 1.0,
      "rmse": 1.0,
      "mae": 1.0,
      "r2": 0.0,
      "block_inclusion_accuracy": 0.0,
      "avg_overpay_sat_vb": 0.0,
      "avg_underpay_sat_vb": 1.0,
      "within_10pct": 0.0,
      "within_20pct": 0.0,
      "within_50pct": 0.0,
      "asymmetric_loss": 0.7000000000000001,
      "mape": 50.0
    },
    "6block": {
      "horizon_blocks": 6,
      "model_type": "lightgbm",
      "mse": 1.0,
      "rmse": 1.0,
      "mae": 1.0,
      "r2": 0.0,
      "block_inclusion_accuracy": 0.0,
      "avg_overpay_sat_vb": 0.0,
      "avg_underpay_sat_vb": 1.0,
      "within_10pct": 0.0,
      "within_20pct": 0.0,
      "within_50pct": 0.0,
      "asymmetric_loss": 0.7000000000000001,
      "mape": 50.0
    }
  }
}