{
  "timestamp": "2026-06-15T03:45:54.704772",
  "duration_seconds": 4.472466,
  "xgb_results": {
    "1block": {
      "horizon_blocks": 1,
      "mse": 1.456583865121767,
      "rmse": 1.2068901628241764,
      "mae": 0.9674332141876221,
      "r2": 0.0,
      "block_inclusion_accuracy": 0.6666666666666666,
      "avg_overpay_sat_vb": 0.7559328079223633,
      "median_overpay_sat_vb": 0.43419599533081055,
      "avg_underpay_sat_vb": 0.2115004062652588,
      "overpay_mape": 25.197760264078777,
      "within_10pct": 0.16666666666666666,
      "within_20pct": 0.3333333333333333,
      "within_50pct": 0.8333333333333334,
      "asymmetric_loss": 0.4920127052136158,
      "mape": 32.247773806254074
    },
    "3block": {
      "horizon_blocks": 3,
      "mse": 31.160780677045484,
      "rmse": 5.582184220987828,
      "mae": 5.259828170140584,
      "r2": 0.0,
      "block_inclusion_accuracy": 1.0,
      "avg_overpay_sat_vb": 5.259828170140584,
      "median_overpay_sat_vb": 5.083660364151001,
      "avg_underpay_sat_vb": 0.0,
      "overpay_mape": 175.32760567135279,
      "within_10pct": 0.0,
      "within_20pct": 0.0,
      "within_50pct": 0.0,
      "asymmetric_loss": 9.348234203113647,
      "mape": 175.32760567135279
    },
    "6block": {
      "horizon_blocks": 6,
      "mse": 31.160780677045484,
      "rmse": 5.582184220987828,
      "mae": 5.259828170140584,
      "r2": 0.0,
      "block_inclusion_accuracy": 1.0,
      "avg_overpay_sat_vb": 5.259828170140584,
      "median_overpay_sat_vb": 5.083660364151001,
      "avg_underpay_sat_vb": 0.0,
      "overpay_mape": 175.32760567135279,
      "within_10pct": 0.0,
      "within_20pct": 0.0,
      "within_50pct": 0.0,
      "asymmetric_loss": 9.348234203113647,
      "mape": 175.32760567135279
    }
  },
  "lgb_results": {
    "1block": {
      "horizon_blocks": 1,
      "model_type": "lightgbm",
      "mse": 4.0,
      "rmse": 2.0,
      "mae": 2.0,
      "r2": 0.0,
      "block_inclusion_accuracy": 0.0,
      "avg_overpay_sat_vb": 0.0,
      "avg_underpay_sat_vb": 2.0,
      "within_10pct": 0.0,
      "within_20pct": 0.0,
      "within_50pct": 0.0,
      "asymmetric_loss": 2.8000000000000003,
      "mape": 66.66666666666666
    },
    "3block": {
      "horizon_blocks": 3,
      "model_type": "lightgbm",
      "mse": 3.98365941219696,
      "rmse": 1.9959106723991833,
      "mae": 1.9959106723991835,
      "r2": 0.0,
      "block_inclusion_accuracy": 0.0,
      "avg_overpay_sat_vb": 0.0,
      "avg_underpay_sat_vb": 1.9959106723991835,
      "within_10pct": 0.0,
      "within_20pct": 0.0,
      "within_50pct": 0.0,
      "asymmetric_loss": 2.788561588537872,
      "mape": 66.53035574663944
    },
    "6block": {
      "horizon_blocks": 6,
      "model_type": "lightgbm",
      "mse": 4.0,
      "rmse": 2.0,
      "mae": 2.0,
      "r2": 0.0,
      "block_inclusion_accuracy": 0.0,
      "avg_overpay_sat_vb": 0.0,
      "avg_underpay_sat_vb": 2.0,
      "within_10pct": 0.0,
      "within_20pct": 0.0,
      "within_50pct": 0.0,
      "asymmetric_loss": 2.8000000000000003,
      "mape": 66.66666666666666
    }
  }
}