{
  "timestamp": "2026-04-22T12:14:31.677839",
  "duration_seconds": 1.075708,
  "xgb_results": {
    "1block": {
      "horizon_blocks": 1,
      "mse": 0.4239757713940738,
      "rmse": 0.651134219185318,
      "mae": 0.638756275177002,
      "r2": 0.0,
      "block_inclusion_accuracy": 0.0,
      "avg_overpay_sat_vb": 0.0,
      "median_overpay_sat_vb": 0.0,
      "avg_underpay_sat_vb": 0.638756275177002,
      "overpay_mape": 0.0,
      "within_10pct": 0.16666666666666666,
      "within_20pct": 1.0,
      "within_50pct": 1.0,
      "asymmetric_loss": 0.29678303997585165,
      "mape": 12.775125503540039
    },
    "3block": {
      "horizon_blocks": 3,
      "mse": 9.344892358990768,
      "rmse": 3.0569416675806504,
      "mae": 3.0318293968836465,
      "r2": 0.0,
      "block_inclusion_accuracy": 0.0,
      "avg_overpay_sat_vb": 0.0,
      "median_overpay_sat_vb": 0.0,
      "avg_underpay_sat_vb": 3.0318293968836465,
      "overpay_mape": 0.0,
      "within_10pct": 0.0,
      "within_20pct": 0.0,
      "within_50pct": 0.0,
      "asymmetric_loss": 6.541424651293537,
      "mape": 60.63658793767293
    },
    "6block": {
      "horizon_blocks": 6,
      "mse": 9.344892358990768,
      "rmse": 3.0569416675806504,
      "mae": 3.0318293968836465,
      "r2": 0.0,
      "block_inclusion_accuracy": 0.0,
      "avg_overpay_sat_vb": 0.0,
      "median_overpay_sat_vb": 0.0,
      "avg_underpay_sat_vb": 3.0318293968836465,
      "overpay_mape": 0.0,
      "within_10pct": 0.0,
      "within_20pct": 0.0,
      "within_50pct": 0.0,
      "asymmetric_loss": 6.541424651293537,
      "mape": 60.63658793767293
    }
  },
  "lgb_results": {
    "1block": {
      "horizon_blocks": 1,
      "model_type": "lightgbm",
      "mse": 12.281319849055913,
      "rmse": 3.5044714079381376,
      "mae": 3.5014847162177993,
      "r2": 0.0,
      "block_inclusion_accuracy": 0.0,
      "avg_overpay_sat_vb": 0.0,
      "avg_underpay_sat_vb": 3.5014847162177993,
      "within_10pct": 0.0,
      "within_20pct": 0.0,
      "within_50pct": 0.0,
      "asymmetric_loss": 8.59692389433914,
      "mape": 70.02969432435599
    },
    "3block": {
      "horizon_blocks": 3,
      "model_type": "lightgbm",
      "mse": 15.967302101793694,
      "rmse": 3.9959106723991833,
      "mae": 3.9959106723991833,
      "r2": 0.0,
      "block_inclusion_accuracy": 0.0,
      "avg_overpay_sat_vb": 0.0,
      "avg_underpay_sat_vb": 3.9959106723991833,
      "within_10pct": 0.0,
      "within_20pct": 0.0,
      "within_50pct": 0.0,
      "asymmetric_loss": 11.177111471255586,
      "mape": 79.91821344798366
    },
    "6block": {
      "horizon_blocks": 6,
      "model_type": "lightgbm",
      "mse": 14.240488940567793,
      "rmse": 3.7736572367622094,
      "mae": 3.7674044372525675,
      "r2": 0.0,
      "block_inclusion_accuracy": 0.0,
      "avg_overpay_sat_vb": 0.0,
      "avg_underpay_sat_vb": 3.7674044372525675,
      "within_10pct": 0.0,
      "within_20pct": 0.0,
      "within_50pct": 0.0,
      "asymmetric_loss": 9.968342258397454,
      "mape": 75.34808874505133
    }
  }
}