{
  "timestamp": "2026-06-19T21:16:09.861853",
  "duration_seconds": 4.20228,
  "xgb_results": {
    "1block": {
      "horizon_blocks": 1,
      "mse": 1.0214506498584985,
      "rmse": 1.0106684173647154,
      "mae": 0.832505464553833,
      "r2": -3.085802599433994,
      "block_inclusion_accuracy": 0.8333333333333334,
      "avg_overpay_sat_vb": 0.7842519680658976,
      "median_overpay_sat_vb": 0.808413028717041,
      "avg_underpay_sat_vb": 0.048253496487935386,
      "overpay_mape": 30.836071570714314,
      "within_10pct": 0.3333333333333333,
      "within_20pct": 0.3333333333333333,
      "within_50pct": 0.6666666666666666,
      "asymmetric_loss": 0.3120233547734965,
      "mape": 32.44452145364549
    },
    "3block": {
      "horizon_blocks": 3,
      "mse": 17.121094180045777,
      "rmse": 4.137764393974816,
      "mae": 3.7603230476379395,
      "r2": 0.0,
      "block_inclusion_accuracy": 1.0,
      "avg_overpay_sat_vb": 3.7603230476379395,
      "median_overpay_sat_vb": 3.776827812194824,
      "avg_underpay_sat_vb": 0.0,
      "overpay_mape": 188.01615238189697,
      "within_10pct": 0.0,
      "within_20pct": 0.0,
      "within_50pct": 0.0,
      "asymmetric_loss": 5.136328254013734,
      "mape": 188.01615238189697
    },
    "6block": {
      "horizon_blocks": 6,
      "mse": 17.121094180045777,
      "rmse": 4.137764393974816,
      "mae": 3.7603230476379395,
      "r2": 0.0,
      "block_inclusion_accuracy": 1.0,
      "avg_overpay_sat_vb": 3.7603230476379395,
      "median_overpay_sat_vb": 3.776827812194824,
      "avg_underpay_sat_vb": 0.0,
      "overpay_mape": 188.01615238189697,
      "within_10pct": 0.0,
      "within_20pct": 0.0,
      "within_50pct": 0.0,
      "asymmetric_loss": 5.136328254013734,
      "mape": 188.01615238189697
    }
  },
  "lgb_results": {
    "1block": {
      "horizon_blocks": 1,
      "model_type": "lightgbm",
      "mse": 2.5,
      "rmse": 1.5811388300841898,
      "mae": 1.5,
      "r2": -9.0,
      "block_inclusion_accuracy": 0.0,
      "avg_overpay_sat_vb": 0.0,
      "avg_underpay_sat_vb": 1.5,
      "within_10pct": 0.0,
      "within_20pct": 0.0,
      "within_50pct": 0.0,
      "asymmetric_loss": 1.75,
      "mape": 58.33333333333333
    },
    "3block": {
      "horizon_blocks": 3,
      "model_type": "lightgbm",
      "mse": 0.9918380673985933,
      "rmse": 0.9959106723991832,
      "mae": 0.9959106723991834,
      "r2": 0.0,
      "block_inclusion_accuracy": 0.0,
      "avg_overpay_sat_vb": 0.0,
      "avg_underpay_sat_vb": 0.9959106723991834,
      "within_10pct": 0.0,
      "within_20pct": 0.0,
      "within_50pct": 1.0,
      "asymmetric_loss": 0.6942866471790153,
      "mape": 49.79553361995917
    },
    "6block": {
      "horizon_blocks": 6,
      "model_type": "lightgbm",
      "mse": 1.0,
      "rmse": 1.0,
      "mae": 1.0,
      "r2": 0.0,
      "block_inclusion_accuracy": 0.0,
      "avg_overpay_sat_vb": 0.0,
      "avg_underpay_sat_vb": 1.0,
      "within_10pct": 0.0,
      "within_20pct": 0.0,
      "within_50pct": 0.0,
      "asymmetric_loss": 0.7000000000000001,
      "mape": 50.0
    }
  }
}