{
  "timestamp": "2026-04-25T15:47:18.254835",
  "duration_seconds": 1.190038,
  "xgb_results": {
    "1block": {
      "horizon_blocks": 1,
      "mse": 0.006523351689246226,
      "rmse": 0.08076726867516461,
      "mae": 0.06681050856908162,
      "r2": 0.0,
      "block_inclusion_accuracy": 0.0,
      "avg_overpay_sat_vb": 0.0,
      "median_overpay_sat_vb": 0.0,
      "avg_underpay_sat_vb": 0.06681050856908162,
      "overpay_mape": 0.0,
      "within_10pct": 1.0,
      "within_20pct": 1.0,
      "within_50pct": 1.0,
      "asymmetric_loss": 0.004566346182472358,
      "mape": 3.340525428454081
    },
    "3block": {
      "horizon_blocks": 3,
      "mse": 0.3630452840194778,
      "rmse": 0.6025323925063928,
      "mae": 0.5480798482894897,
      "r2": 0.0,
      "block_inclusion_accuracy": 1.0,
      "avg_overpay_sat_vb": 0.5480798482894897,
      "median_overpay_sat_vb": 0.6507700681686401,
      "avg_underpay_sat_vb": 0.0,
      "overpay_mape": 27.403992414474487,
      "within_10pct": 0.16666666666666666,
      "within_20pct": 0.16666666666666666,
      "within_50pct": 1.0,
      "asymmetric_loss": 0.10891358520584334,
      "mape": 27.403992414474487
    },
    "6block": {
      "horizon_blocks": 6,
      "mse": 0.3630452840194778,
      "rmse": 0.6025323925063928,
      "mae": 0.5480798482894897,
      "r2": 0.0,
      "block_inclusion_accuracy": 1.0,
      "avg_overpay_sat_vb": 0.5480798482894897,
      "median_overpay_sat_vb": 0.6507700681686401,
      "avg_underpay_sat_vb": 0.0,
      "overpay_mape": 27.403992414474487,
      "within_10pct": 0.16666666666666666,
      "within_20pct": 0.16666666666666666,
      "within_50pct": 1.0,
      "asymmetric_loss": 0.10891358520584334,
      "mape": 27.403992414474487
    }
  },
  "lgb_results": {
    "1block": {
      "horizon_blocks": 1,
      "model_type": "lightgbm",
      "mse": 0.36197440471324266,
      "rmse": 0.6016430874806447,
      "mae": 0.6016430874806447,
      "r2": 0.0,
      "block_inclusion_accuracy": 0.0,
      "avg_overpay_sat_vb": 0.0,
      "avg_underpay_sat_vb": 0.6016430874806447,
      "within_10pct": 0.0,
      "within_20pct": 0.0,
      "within_50pct": 1.0,
      "asymmetric_loss": 0.25338208329926987,
      "mape": 30.082154374032232
    },
    "3block": {
      "horizon_blocks": 3,
      "model_type": "lightgbm",
      "mse": 1.0,
      "rmse": 1.0,
      "mae": 1.0,
      "r2": 0.0,
      "block_inclusion_accuracy": 0.0,
      "avg_overpay_sat_vb": 0.0,
      "avg_underpay_sat_vb": 1.0,
      "within_10pct": 0.0,
      "within_20pct": 0.0,
      "within_50pct": 0.0,
      "asymmetric_loss": 0.7000000000000001,
      "mape": 50.0
    },
    "6block": {
      "horizon_blocks": 6,
      "model_type": "lightgbm",
      "mse": 1.0,
      "rmse": 1.0,
      "mae": 1.0,
      "r2": 0.0,
      "block_inclusion_accuracy": 0.0,
      "avg_overpay_sat_vb": 0.0,
      "avg_underpay_sat_vb": 1.0,
      "within_10pct": 0.0,
      "within_20pct": 0.0,
      "within_50pct": 0.0,
      "asymmetric_loss": 0.7000000000000001,
      "mape": 50.0
    }
  }
}