{
  "timestamp": "2026-05-17T16:05:53.367198",
  "duration_seconds": 2.828097,
  "xgb_results": {
    "1block": {
      "horizon_blocks": 1,
      "mse": 0.6460525682771893,
      "rmse": 0.803773953470246,
      "mae": 0.7531782388687134,
      "r2": 0.0,
      "block_inclusion_accuracy": 0.0,
      "avg_overpay_sat_vb": 0.0,
      "median_overpay_sat_vb": 0.0,
      "avg_underpay_sat_vb": 0.7531782388687134,
      "overpay_mape": 0.0,
      "within_10pct": 0.0,
      "within_20pct": 0.16666666666666666,
      "within_50pct": 0.5,
      "asymmetric_loss": 0.4522367977940324,
      "mape": 37.65891194343567
    },
    "3block": {
      "horizon_blocks": 3,
      "mse": 3.5344909080341935,
      "rmse": 1.8800241775132025,
      "mae": 1.1743126114209492,
      "r2": -24.448334537846197,
      "block_inclusion_accuracy": 0.8333333333333334,
      "avg_overpay_sat_vb": 1.0076459447542827,
      "median_overpay_sat_vb": 0.29219895601272583,
      "avg_underpay_sat_vb": 0.16666666666666666,
      "overpay_mape": 100.76459447542827,
      "within_10pct": 0.3333333333333333,
      "within_20pct": 0.3333333333333333,
      "within_50pct": 0.3333333333333333,
      "asymmetric_loss": 1.1270139390769247,
      "mape": 109.0979278087616
    },
    "6block": {
      "horizon_blocks": 6,
      "mse": 3.5344909080341935,
      "rmse": 1.8800241775132025,
      "mae": 1.1743126114209492,
      "r2": -24.448334537846197,
      "block_inclusion_accuracy": 0.8333333333333334,
      "avg_overpay_sat_vb": 1.0076459447542827,
      "median_overpay_sat_vb": 0.29219895601272583,
      "avg_underpay_sat_vb": 0.16666666666666666,
      "overpay_mape": 100.76459447542827,
      "within_10pct": 0.3333333333333333,
      "within_20pct": 0.3333333333333333,
      "within_50pct": 0.3333333333333333,
      "asymmetric_loss": 1.1270139390769247,
      "mape": 109.0979278087616
    }
  },
  "lgb_results": {
    "1block": {
      "horizon_blocks": 1,
      "model_type": "lightgbm",
      "mse": 1.0,
      "rmse": 1.0,
      "mae": 1.0,
      "r2": 0.0,
      "block_inclusion_accuracy": 0.0,
      "avg_overpay_sat_vb": 0.0,
      "avg_underpay_sat_vb": 1.0,
      "within_10pct": 0.0,
      "within_20pct": 0.0,
      "within_50pct": 0.0,
      "asymmetric_loss": 0.7000000000000001,
      "mape": 50.0
    },
    "3block": {
      "horizon_blocks": 3,
      "model_type": "lightgbm",
      "mse": 0.16532028006662122,
      "rmse": 0.40659596661381336,
      "mae": 0.16939288506721115,
      "r2": -0.19030601647967282,
      "block_inclusion_accuracy": 0.8333333333333334,
      "avg_overpay_sat_vb": 0.003407773000680588,
      "avg_underpay_sat_vb": 0.16598511206653055,
      "within_10pct": 0.8333333333333334,
      "within_20pct": 0.8333333333333334,
      "within_50pct": 1.0,
      "asymmetric_loss": 0.11571862184655925,
      "mape": 8.640032903394586
    },
    "6block": {
      "horizon_blocks": 6,
      "model_type": "lightgbm",
      "mse": 0.16666666666666666,
      "rmse": 0.408248290463863,
      "mae": 0.16666666666666666,
      "r2": -0.20000000000000018,
      "block_inclusion_accuracy": 0.8333333333333334,
      "avg_overpay_sat_vb": 0.0,
      "avg_underpay_sat_vb": 0.16666666666666666,
      "within_10pct": 0.8333333333333334,
      "within_20pct": 0.8333333333333334,
      "within_50pct": 0.8333333333333334,
      "asymmetric_loss": 0.11666666666666665,
      "mape": 8.333333333333332
    }
  }
}