{
  "timestamp": "2026-06-05T17:22:46.210427",
  "duration_seconds": 3.711326,
  "xgb_results": {
    "1block": {
      "horizon_blocks": 1,
      "mse": 0.8003266564706261,
      "rmse": 0.8946097788816229,
      "mae": 0.7078683376312256,
      "r2": 0.0,
      "block_inclusion_accuracy": 0.0,
      "avg_overpay_sat_vb": 0.0,
      "median_overpay_sat_vb": 0.0,
      "avg_underpay_sat_vb": 0.7078683376312256,
      "overpay_mape": 0.0,
      "within_10pct": 0.3333333333333333,
      "within_20pct": 0.3333333333333333,
      "within_50pct": 1.0,
      "asymmetric_loss": 0.5602286595294382,
      "mape": 17.69670844078064
    },
    "3block": {
      "horizon_blocks": 3,
      "mse": 9.939434355226496,
      "rmse": 3.1526868469967795,
      "mae": 2.90695329507192,
      "r2": -43.72745459851922,
      "block_inclusion_accuracy": 0.0,
      "avg_overpay_sat_vb": 0.0,
      "median_overpay_sat_vb": 0.0,
      "avg_underpay_sat_vb": 2.90695329507192,
      "overpay_mape": 0.0,
      "within_10pct": 0.0,
      "within_20pct": 0.16666666666666666,
      "within_50pct": 0.3333333333333333,
      "asymmetric_loss": 6.957604048658546,
      "mape": 60.6291405359904
    },
    "6block": {
      "horizon_blocks": 6,
      "mse": 9.939434355226496,
      "rmse": 3.1526868469967795,
      "mae": 2.90695329507192,
      "r2": -43.72745459851922,
      "block_inclusion_accuracy": 0.0,
      "avg_overpay_sat_vb": 0.0,
      "median_overpay_sat_vb": 0.0,
      "avg_underpay_sat_vb": 2.90695329507192,
      "overpay_mape": 0.0,
      "within_10pct": 0.0,
      "within_20pct": 0.16666666666666666,
      "within_50pct": 0.3333333333333333,
      "asymmetric_loss": 6.957604048658546,
      "mape": 60.6291405359904
    }
  },
  "lgb_results": {
    "1block": {
      "horizon_blocks": 1,
      "model_type": "lightgbm",
      "mse": 9.0,
      "rmse": 3.0,
      "mae": 3.0,
      "r2": 0.0,
      "block_inclusion_accuracy": 0.0,
      "avg_overpay_sat_vb": 0.0,
      "avg_underpay_sat_vb": 3.0,
      "within_10pct": 0.0,
      "within_20pct": 0.0,
      "within_50pct": 0.0,
      "asymmetric_loss": 6.3,
      "mape": 75.0
    },
    "3block": {
      "horizon_blocks": 3,
      "model_type": "lightgbm",
      "mse": 13.666666666666666,
      "rmse": 3.696845502136472,
      "mae": 3.6666666666666665,
      "r2": -60.49999999999999,
      "block_inclusion_accuracy": 0.0,
      "avg_overpay_sat_vb": 0.0,
      "avg_underpay_sat_vb": 3.6666666666666665,
      "within_10pct": 0.0,
      "within_20pct": 0.0,
      "within_50pct": 0.0,
      "asymmetric_loss": 9.566666666666668,
      "mape": 78.33333333333331
    },
    "6block": {
      "horizon_blocks": 6,
      "model_type": "lightgbm",
      "mse": 13.666666666666666,
      "rmse": 3.696845502136472,
      "mae": 3.6666666666666665,
      "r2": -60.49999999999999,
      "block_inclusion_accuracy": 0.0,
      "avg_overpay_sat_vb": 0.0,
      "avg_underpay_sat_vb": 3.6666666666666665,
      "within_10pct": 0.0,
      "within_20pct": 0.0,
      "within_50pct": 0.0,
      "asymmetric_loss": 9.566666666666668,
      "mape": 78.33333333333331
    }
  }
}