{
  "timestamp": "2026-05-02T22:46:02.585794",
  "duration_seconds": 1.95786,
  "xgb_results": {
    "1block": {
      "horizon_blocks": 1,
      "mse": 0.03582705791653732,
      "rmse": 0.18928036854501662,
      "mae": 0.1388046940167745,
      "r2": 0.0,
      "block_inclusion_accuracy": 1.0,
      "avg_overpay_sat_vb": 0.1388046940167745,
      "median_overpay_sat_vb": 0.12470179796218872,
      "avg_underpay_sat_vb": 0.0,
      "overpay_mape": 13.88046940167745,
      "within_10pct": 0.5,
      "within_20pct": 0.6666666666666666,
      "within_50pct": 1.0,
      "asymmetric_loss": 0.010748117374961197,
      "mape": 13.88046940167745
    },
    "3block": {
      "horizon_blocks": 3,
      "mse": 0.44799422950748874,
      "rmse": 0.6693237105522922,
      "mae": 0.6053248842557272,
      "r2": -0.791976918029955,
      "block_inclusion_accuracy": 0.8333333333333334,
      "avg_overpay_sat_vb": 0.5706827441851298,
      "median_overpay_sat_vb": 0.6378105282783508,
      "avg_underpay_sat_vb": 0.03464214007059733,
      "overpay_mape": 49.70165491104126,
      "within_10pct": 0.0,
      "within_20pct": 0.3333333333333333,
      "within_50pct": 0.5,
      "asymmetric_loss": 0.13727845573705674,
      "mape": 51.43376191457113
    },
    "6block": {
      "horizon_blocks": 6,
      "mse": 0.44799422950748874,
      "rmse": 0.6693237105522922,
      "mae": 0.6053248842557272,
      "r2": -0.791976918029955,
      "block_inclusion_accuracy": 0.8333333333333334,
      "avg_overpay_sat_vb": 0.5706827441851298,
      "median_overpay_sat_vb": 0.6378105282783508,
      "avg_underpay_sat_vb": 0.03464214007059733,
      "overpay_mape": 49.70165491104126,
      "within_10pct": 0.0,
      "within_20pct": 0.3333333333333333,
      "within_50pct": 0.5,
      "asymmetric_loss": 0.13727845573705674,
      "mape": 51.43376191457113
    }
  },
  "lgb_results": {
    "1block": {
      "horizon_blocks": 1,
      "model_type": "lightgbm",
      "mse": 0.0,
      "rmse": 0.0,
      "mae": 0.0,
      "r2": 1.0,
      "block_inclusion_accuracy": 1.0,
      "avg_overpay_sat_vb": 0.0,
      "avg_underpay_sat_vb": 0.0,
      "within_10pct": 1.0,
      "within_20pct": 1.0,
      "within_50pct": 1.0,
      "asymmetric_loss": 0.0,
      "mape": 0.0
    },
    "3block": {
      "horizon_blocks": 3,
      "model_type": "lightgbm",
      "mse": 0.4959273949994101,
      "rmse": 0.7042211264932415,
      "mae": 0.5,
      "r2": -0.9837095799976403,
      "block_inclusion_accuracy": 0.5,
      "avg_overpay_sat_vb": 0.002044663800408353,
      "avg_underpay_sat_vb": 0.49795533619959165,
      "within_10pct": 0.5,
      "within_20pct": 0.5,
      "within_50pct": 1.0,
      "asymmetric_loss": 0.3471458319795417,
      "mape": 25.102233190020417
    },
    "6block": {
      "horizon_blocks": 6,
      "model_type": "lightgbm",
      "mse": 0.5,
      "rmse": 0.7071067811865476,
      "mae": 0.5,
      "r2": -1.0,
      "block_inclusion_accuracy": 0.5,
      "avg_overpay_sat_vb": 0.0,
      "avg_underpay_sat_vb": 0.5,
      "within_10pct": 0.5,
      "within_20pct": 0.5,
      "within_50pct": 0.5,
      "asymmetric_loss": 0.3499999999999999,
      "mape": 25.0
    }
  }
}