{
  "timestamp": "2026-04-18T13:02:47.433707",
  "duration_seconds": 0.560207,
  "xgb_results": {
    "1block": {
      "horizon_blocks": 1,
      "mse": 0.3185339516426661,
      "rmse": 0.5643881214578015,
      "mae": 0.5251040657361349,
      "r2": -0.2741358065706645,
      "block_inclusion_accuracy": 0.5,
      "avg_overpay_sat_vb": 0.16507591803868613,
      "median_overpay_sat_vb": 0.1251751184463501,
      "avg_underpay_sat_vb": 0.36002814769744873,
      "overpay_mape": 16.507591803868614,
      "within_10pct": 0.0,
      "within_20pct": 0.0,
      "within_50pct": 1.0,
      "asymmetric_loss": 0.20045955473794594,
      "mape": 34.50899918874104
    },
    "3block": {
      "horizon_blocks": 3,
      "mse": 1.111192553923163,
      "rmse": 1.0541311843993437,
      "mae": 1.0377487540245056,
      "r2": 0.0,
      "block_inclusion_accuracy": 1.0,
      "avg_overpay_sat_vb": 1.0377487540245056,
      "median_overpay_sat_vb": 1.069305658340454,
      "avg_underpay_sat_vb": 0.0,
      "overpay_mape": 103.77487540245056,
      "within_10pct": 0.0,
      "within_20pct": 0.0,
      "within_50pct": 0.0,
      "asymmetric_loss": 0.33335776617694896,
      "mape": 103.77487540245056
    },
    "6block": {
      "horizon_blocks": 6,
      "mse": 1.111192553923163,
      "rmse": 1.0541311843993437,
      "mae": 1.0377487540245056,
      "r2": 0.0,
      "block_inclusion_accuracy": 1.0,
      "avg_overpay_sat_vb": 1.0377487540245056,
      "median_overpay_sat_vb": 1.069305658340454,
      "avg_underpay_sat_vb": 0.0,
      "overpay_mape": 103.77487540245056,
      "within_10pct": 0.0,
      "within_20pct": 0.0,
      "within_50pct": 0.0,
      "asymmetric_loss": 0.33335776617694896,
      "mape": 103.77487540245056
    }
  },
  "lgb_results": {
    "1block": {
      "horizon_blocks": 1,
      "model_type": "lightgbm",
      "mse": 0.5,
      "rmse": 0.7071067811865476,
      "mae": 0.5,
      "r2": -1.0,
      "block_inclusion_accuracy": 0.5,
      "avg_overpay_sat_vb": 0.0,
      "avg_underpay_sat_vb": 0.5,
      "within_10pct": 0.5,
      "within_20pct": 0.5,
      "within_50pct": 0.5,
      "asymmetric_loss": 0.3499999999999999,
      "mape": 25.0
    },
    "3block": {
      "horizon_blocks": 3,
      "model_type": "lightgbm",
      "mse": 1.672260022680131e-05,
      "rmse": 0.004089327600816705,
      "mae": 0.004089327600816706,
      "r2": 0.0,
      "block_inclusion_accuracy": 1.0,
      "avg_overpay_sat_vb": 0.004089327600816706,
      "avg_underpay_sat_vb": 0.0,
      "within_10pct": 1.0,
      "within_20pct": 1.0,
      "within_50pct": 1.0,
      "asymmetric_loss": 5.016780068040395e-06,
      "mape": 0.40893276008167057
    },
    "6block": {
      "horizon_blocks": 6,
      "model_type": "lightgbm",
      "mse": 0.0,
      "rmse": 0.0,
      "mae": 0.0,
      "r2": 1.0,
      "block_inclusion_accuracy": 1.0,
      "avg_overpay_sat_vb": 0.0,
      "avg_underpay_sat_vb": 0.0,
      "within_10pct": 1.0,
      "within_20pct": 1.0,
      "within_50pct": 1.0,
      "asymmetric_loss": 0.0,
      "mape": 0.0
    }
  }
}