{
  "timestamp": "2026-06-17T11:55:07.751152",
  "duration_seconds": 4.074371,
  "xgb_results": {
    "1block": {
      "horizon_blocks": 1,
      "mse": 8.529957744175249,
      "rmse": 2.920609139233672,
      "mae": 2.8530123233795166,
      "r2": 0.0,
      "block_inclusion_accuracy": 1.0,
      "avg_overpay_sat_vb": 2.8530123233795166,
      "median_overpay_sat_vb": 2.9204795360565186,
      "avg_underpay_sat_vb": 0.0,
      "overpay_mape": 71.32530808448792,
      "within_10pct": 0.0,
      "within_20pct": 0.0,
      "within_50pct": 0.16666666666666666,
      "asymmetric_loss": 2.558987323252575,
      "mape": 71.32530808448792
    },
    "3block": {
      "horizon_blocks": 3,
      "mse": 9.245448478193302,
      "rmse": 3.0406329075035186,
      "mae": 2.5068396727244058,
      "r2": 0.0,
      "block_inclusion_accuracy": 1.0,
      "avg_overpay_sat_vb": 2.5068396727244058,
      "median_overpay_sat_vb": 2.609802484512329,
      "avg_underpay_sat_vb": 0.0,
      "overpay_mape": 62.670991818110146,
      "within_10pct": 0.0,
      "within_20pct": 0.3333333333333333,
      "within_50pct": 0.5,
      "asymmetric_loss": 2.773634543457991,
      "mape": 62.670991818110146
    },
    "6block": {
      "horizon_blocks": 6,
      "mse": 9.245448478193302,
      "rmse": 3.0406329075035186,
      "mae": 2.5068396727244058,
      "r2": 0.0,
      "block_inclusion_accuracy": 1.0,
      "avg_overpay_sat_vb": 2.5068396727244058,
      "median_overpay_sat_vb": 2.609802484512329,
      "avg_underpay_sat_vb": 0.0,
      "overpay_mape": 62.670991818110146,
      "within_10pct": 0.0,
      "within_20pct": 0.3333333333333333,
      "within_50pct": 0.5,
      "asymmetric_loss": 2.773634543457991,
      "mape": 62.670991818110146
    }
  },
  "lgb_results": {
    "1block": {
      "horizon_blocks": 1,
      "model_type": "lightgbm",
      "mse": 9.0,
      "rmse": 3.0,
      "mae": 3.0,
      "r2": 0.0,
      "block_inclusion_accuracy": 0.0,
      "avg_overpay_sat_vb": 0.0,
      "avg_underpay_sat_vb": 3.0,
      "within_10pct": 0.0,
      "within_20pct": 0.0,
      "within_50pct": 0.0,
      "asymmetric_loss": 6.3,
      "mape": 75.0
    },
    "3block": {
      "horizon_blocks": 3,
      "model_type": "lightgbm",
      "mse": 8.975480756995326,
      "rmse": 2.9959106723991833,
      "mae": 2.9959106723991833,
      "r2": 0.0,
      "block_inclusion_accuracy": 0.0,
      "avg_overpay_sat_vb": 0.0,
      "avg_underpay_sat_vb": 2.9959106723991833,
      "within_10pct": 0.0,
      "within_20pct": 0.0,
      "within_50pct": 0.0,
      "asymmetric_loss": 6.282836529896728,
      "mape": 74.89776680997959
    },
    "6block": {
      "horizon_blocks": 6,
      "model_type": "lightgbm",
      "mse": 9.0,
      "rmse": 3.0,
      "mae": 3.0,
      "r2": 0.0,
      "block_inclusion_accuracy": 0.0,
      "avg_overpay_sat_vb": 0.0,
      "avg_underpay_sat_vb": 3.0,
      "within_10pct": 0.0,
      "within_20pct": 0.0,
      "within_50pct": 0.0,
      "asymmetric_loss": 6.3,
      "mape": 75.0
    }
  }
}