{
  "timestamp": "2026-06-17T18:03:08.537741",
  "duration_seconds": 4.297758,
  "xgb_results": {
    "1block": {
      "horizon_blocks": 1,
      "mse": 11.899017158959888,
      "rmse": 3.4494952034986057,
      "mae": 3.4004037380218506,
      "r2": 0.0,
      "block_inclusion_accuracy": 1.0,
      "avg_overpay_sat_vb": 3.4004037380218506,
      "median_overpay_sat_vb": 3.3818490505218506,
      "avg_underpay_sat_vb": 0.0,
      "overpay_mape": 85.01009345054626,
      "within_10pct": 0.0,
      "within_20pct": 0.0,
      "within_50pct": 0.0,
      "asymmetric_loss": 3.569705147687967,
      "mape": 85.01009345054626
    },
    "3block": {
      "horizon_blocks": 3,
      "mse": 5.981215841582923,
      "rmse": 2.4456524367912387,
      "mae": 2.320899804433187,
      "r2": 0.0,
      "block_inclusion_accuracy": 0.0,
      "avg_overpay_sat_vb": 0.0,
      "median_overpay_sat_vb": 0.0,
      "avg_underpay_sat_vb": 2.320899804433187,
      "overpay_mape": 0.0,
      "within_10pct": 0.0,
      "within_20pct": 0.0,
      "within_50pct": 0.3333333333333333,
      "asymmetric_loss": 4.186851089108046,
      "mape": 58.022495110829674
    },
    "6block": {
      "horizon_blocks": 6,
      "mse": 5.981215841582923,
      "rmse": 2.4456524367912387,
      "mae": 2.320899804433187,
      "r2": 0.0,
      "block_inclusion_accuracy": 0.0,
      "avg_overpay_sat_vb": 0.0,
      "median_overpay_sat_vb": 0.0,
      "avg_underpay_sat_vb": 2.320899804433187,
      "overpay_mape": 0.0,
      "within_10pct": 0.0,
      "within_20pct": 0.0,
      "within_50pct": 0.3333333333333333,
      "asymmetric_loss": 4.186851089108046,
      "mape": 58.022495110829674
    }
  },
  "lgb_results": {
    "1block": {
      "horizon_blocks": 1,
      "model_type": "lightgbm",
      "mse": 7.104890460008213,
      "rmse": 2.6655000393937742,
      "mae": 2.665500039393774,
      "r2": 0.0,
      "block_inclusion_accuracy": 0.0,
      "avg_overpay_sat_vb": 0.0,
      "avg_underpay_sat_vb": 2.665500039393774,
      "within_10pct": 0.0,
      "within_20pct": 0.0,
      "within_50pct": 0.0,
      "asymmetric_loss": 4.973423322005748,
      "mape": 66.63750098484435
    },
    "3block": {
      "horizon_blocks": 3,
      "model_type": "lightgbm",
      "mse": 8.975480756995326,
      "rmse": 2.9959106723991833,
      "mae": 2.9959106723991833,
      "r2": 0.0,
      "block_inclusion_accuracy": 0.0,
      "avg_overpay_sat_vb": 0.0,
      "avg_underpay_sat_vb": 2.9959106723991833,
      "within_10pct": 0.0,
      "within_20pct": 0.0,
      "within_50pct": 0.0,
      "asymmetric_loss": 6.282836529896728,
      "mape": 74.89776680997959
    },
    "6block": {
      "horizon_blocks": 6,
      "model_type": "lightgbm",
      "mse": 9.0,
      "rmse": 3.0,
      "mae": 3.0,
      "r2": 0.0,
      "block_inclusion_accuracy": 0.0,
      "avg_overpay_sat_vb": 0.0,
      "avg_underpay_sat_vb": 3.0,
      "within_10pct": 0.0,
      "within_20pct": 0.0,
      "within_50pct": 0.0,
      "asymmetric_loss": 6.3,
      "mape": 75.0
    }
  }
}