{
  "timestamp": "2026-07-01T15:49:00.903050",
  "duration_seconds": 5.370967,
  "xgb_results": {
    "1block": {
      "horizon_blocks": 1,
      "mse": 28.77626828129102,
      "rmse": 5.364351617976866,
      "mae": 5.274268627166748,
      "r2": 0.0,
      "block_inclusion_accuracy": 1.0,
      "avg_overpay_sat_vb": 5.274268627166748,
      "median_overpay_sat_vb": 5.446323871612549,
      "avg_underpay_sat_vb": 0.0,
      "overpay_mape": 131.8567156791687,
      "within_10pct": 0.0,
      "within_20pct": 0.0,
      "within_50pct": 0.0,
      "asymmetric_loss": 8.632880484387309,
      "mape": 131.8567156791687
    },
    "3block": {
      "horizon_blocks": 3,
      "mse": 7.410718329079451,
      "rmse": 2.7222634569562607,
      "mae": 2.7072028517723083,
      "r2": -28.642873316317804,
      "block_inclusion_accuracy": 0.16666666666666666,
      "avg_overpay_sat_vb": 0.4626933733622233,
      "median_overpay_sat_vb": 0.0,
      "avg_underpay_sat_vb": 2.244509478410085,
      "overpay_mape": 11.567334334055584,
      "within_10pct": 0.0,
      "within_20pct": 0.0,
      "within_50pct": 0.16666666666666666,
      "asymmetric_loss": 4.673698451747662,
      "mape": 61.16371879975001
    },
    "6block": {
      "horizon_blocks": 6,
      "mse": 7.410718329079451,
      "rmse": 2.7222634569562607,
      "mae": 2.7072028517723083,
      "r2": -28.642873316317804,
      "block_inclusion_accuracy": 0.16666666666666666,
      "avg_overpay_sat_vb": 0.4626933733622233,
      "median_overpay_sat_vb": 0.0,
      "avg_underpay_sat_vb": 2.244509478410085,
      "overpay_mape": 11.567334334055584,
      "within_10pct": 0.0,
      "within_20pct": 0.0,
      "within_50pct": 0.16666666666666666,
      "asymmetric_loss": 4.673698451747662,
      "mape": 61.16371879975001
    }
  },
  "lgb_results": {
    "1block": {
      "horizon_blocks": 1,
      "model_type": "lightgbm",
      "mse": 9.0,
      "rmse": 3.0,
      "mae": 3.0,
      "r2": 0.0,
      "block_inclusion_accuracy": 0.0,
      "avg_overpay_sat_vb": 0.0,
      "avg_underpay_sat_vb": 3.0,
      "within_10pct": 0.0,
      "within_20pct": 0.0,
      "within_50pct": 0.0,
      "asymmetric_loss": 6.3,
      "mape": 75.0
    },
    "3block": {
      "horizon_blocks": 3,
      "model_type": "lightgbm",
      "mse": 12.47139142939451,
      "rmse": 3.53148572549777,
      "mae": 3.4959106723991833,
      "r2": -48.88556571757804,
      "block_inclusion_accuracy": 0.0,
      "avg_overpay_sat_vb": 0.0,
      "avg_underpay_sat_vb": 3.4959106723991833,
      "within_10pct": 0.0,
      "within_20pct": 0.0,
      "within_50pct": 0.0,
      "asymmetric_loss": 8.729974000576156,
      "mape": 77.40799012898162
    },
    "6block": {
      "horizon_blocks": 6,
      "model_type": "lightgbm",
      "mse": 12.5,
      "rmse": 3.5355339059327378,
      "mae": 3.5,
      "r2": -49.0,
      "block_inclusion_accuracy": 0.0,
      "avg_overpay_sat_vb": 0.0,
      "avg_underpay_sat_vb": 3.5,
      "within_10pct": 0.0,
      "within_20pct": 0.0,
      "within_50pct": 0.0,
      "asymmetric_loss": 8.75,
      "mape": 77.49999999999999
    }
  }
}