{
  "timestamp": "2026-05-21T21:10:47.229213",
  "duration_seconds": 3.125255,
  "xgb_results": {
    "1block": {
      "horizon_blocks": 1,
      "mse": 0.2279621156563465,
      "rmse": 0.47745378379100367,
      "mae": 0.47743135690689087,
      "r2": 0.0,
      "block_inclusion_accuracy": 0.0,
      "avg_overpay_sat_vb": 0.0,
      "median_overpay_sat_vb": 0.0,
      "avg_underpay_sat_vb": 0.47743135690689087,
      "overpay_mape": 0.0,
      "within_10pct": 0.0,
      "within_20pct": 0.0,
      "within_50pct": 1.0,
      "asymmetric_loss": 0.15957348095944254,
      "mape": 23.871567845344543
    },
    "3block": {
      "horizon_blocks": 3,
      "mse": 3.129123482701317,
      "rmse": 1.768932865515624,
      "mae": 1.7028602361679077,
      "r2": 0.0,
      "block_inclusion_accuracy": 1.0,
      "avg_overpay_sat_vb": 1.7028602361679077,
      "median_overpay_sat_vb": 1.7028602361679077,
      "avg_underpay_sat_vb": 0.0,
      "overpay_mape": 85.14301180839539,
      "within_10pct": 0.0,
      "within_20pct": 0.0,
      "within_50pct": 0.0,
      "asymmetric_loss": 0.9387370448103953,
      "mape": 85.14301180839539
    },
    "6block": {
      "horizon_blocks": 6,
      "mse": 3.129123482701317,
      "rmse": 1.768932865515624,
      "mae": 1.7028602361679077,
      "r2": 0.0,
      "block_inclusion_accuracy": 1.0,
      "avg_overpay_sat_vb": 1.7028602361679077,
      "median_overpay_sat_vb": 1.7028602361679077,
      "avg_underpay_sat_vb": 0.0,
      "overpay_mape": 85.14301180839539,
      "within_10pct": 0.0,
      "within_20pct": 0.0,
      "within_50pct": 0.0,
      "asymmetric_loss": 0.9387370448103953,
      "mape": 85.14301180839539
    }
  },
  "lgb_results": {
    "1block": {
      "horizon_blocks": 1,
      "model_type": "lightgbm",
      "mse": 0.7727210685858192,
      "rmse": 0.8790455440907594,
      "mae": 0.8790455440907594,
      "r2": 0.0,
      "block_inclusion_accuracy": 0.0,
      "avg_overpay_sat_vb": 0.0,
      "avg_underpay_sat_vb": 0.8790455440907594,
      "within_10pct": 0.0,
      "within_20pct": 0.0,
      "within_50pct": 1.0,
      "asymmetric_loss": 0.5409047480100734,
      "mape": 43.95227720453797
    },
    "3block": {
      "horizon_blocks": 3,
      "model_type": "lightgbm",
      "mse": 1.0,
      "rmse": 1.0,
      "mae": 1.0,
      "r2": 0.0,
      "block_inclusion_accuracy": 0.0,
      "avg_overpay_sat_vb": 0.0,
      "avg_underpay_sat_vb": 1.0,
      "within_10pct": 0.0,
      "within_20pct": 0.0,
      "within_50pct": 0.0,
      "asymmetric_loss": 0.7,
      "mape": 50.0
    },
    "6block": {
      "horizon_blocks": 6,
      "model_type": "lightgbm",
      "mse": 1.0,
      "rmse": 1.0,
      "mae": 1.0,
      "r2": 0.0,
      "block_inclusion_accuracy": 0.0,
      "avg_overpay_sat_vb": 0.0,
      "avg_underpay_sat_vb": 1.0,
      "within_10pct": 0.0,
      "within_20pct": 0.0,
      "within_50pct": 0.0,
      "asymmetric_loss": 0.7,
      "mape": 50.0
    }
  }
}