{
  "timestamp": "2026-04-20T23:49:46.449782",
  "duration_seconds": 0.867338,
  "xgb_results": {
    "1block": {
      "horizon_blocks": 1,
      "mse": 0.056184255955654315,
      "rmse": 0.23703218337528412,
      "mae": 0.23121903340021768,
      "r2": 0.0,
      "block_inclusion_accuracy": 1.0,
      "avg_overpay_sat_vb": 0.23121903340021768,
      "median_overpay_sat_vb": 0.22773730754852295,
      "avg_underpay_sat_vb": 0.0,
      "overpay_mape": 23.121903340021767,
      "within_10pct": 0.0,
      "within_20pct": 0.3333333333333333,
      "within_50pct": 1.0,
      "asymmetric_loss": 0.016855276786696297,
      "mape": 23.121903340021767
    },
    "3block": {
      "horizon_blocks": 3,
      "mse": 0.12816474924935997,
      "rmse": 0.35800104643612424,
      "mae": 0.19336827596028647,
      "r2": 0.0,
      "block_inclusion_accuracy": 1.0,
      "avg_overpay_sat_vb": 0.19336827596028647,
      "median_overpay_sat_vb": 0.0,
      "avg_underpay_sat_vb": 0.0,
      "overpay_mape": 19.336827596028648,
      "within_10pct": 0.6666666666666666,
      "within_20pct": 0.6666666666666666,
      "within_50pct": 0.8333333333333334,
      "asymmetric_loss": 0.038449424774808,
      "mape": 19.336827596028648
    },
    "6block": {
      "horizon_blocks": 6,
      "mse": 0.12816474924935997,
      "rmse": 0.35800104643612424,
      "mae": 0.19336827596028647,
      "r2": 0.0,
      "block_inclusion_accuracy": 1.0,
      "avg_overpay_sat_vb": 0.19336827596028647,
      "median_overpay_sat_vb": 0.0,
      "avg_underpay_sat_vb": 0.0,
      "overpay_mape": 19.336827596028648,
      "within_10pct": 0.6666666666666666,
      "within_20pct": 0.6666666666666666,
      "within_50pct": 0.8333333333333334,
      "asymmetric_loss": 0.038449424774808,
      "mape": 19.336827596028648
    }
  },
  "lgb_results": {
    "1block": {
      "horizon_blocks": 1,
      "model_type": "lightgbm",
      "mse": 0.08919141487237614,
      "rmse": 0.29864931754882035,
      "mae": 0.29864781190072254,
      "r2": 0.0,
      "block_inclusion_accuracy": 1.0,
      "avg_overpay_sat_vb": 0.29864781190072254,
      "avg_underpay_sat_vb": 0.0,
      "within_10pct": 0.0,
      "within_20pct": 0.0,
      "within_50pct": 1.0,
      "asymmetric_loss": 0.026757424461712847,
      "mape": 29.864781190072254
    },
    "3block": {
      "horizon_blocks": 3,
      "model_type": "lightgbm",
      "mse": 1.672260022680131e-05,
      "rmse": 0.004089327600816705,
      "mae": 0.004089327600816706,
      "r2": 0.0,
      "block_inclusion_accuracy": 1.0,
      "avg_overpay_sat_vb": 0.004089327600816706,
      "avg_underpay_sat_vb": 0.0,
      "within_10pct": 1.0,
      "within_20pct": 1.0,
      "within_50pct": 1.0,
      "asymmetric_loss": 5.016780068040395e-06,
      "mape": 0.40893276008167057
    },
    "6block": {
      "horizon_blocks": 6,
      "model_type": "lightgbm",
      "mse": 0.0,
      "rmse": 0.0,
      "mae": 0.0,
      "r2": 1.0,
      "block_inclusion_accuracy": 1.0,
      "avg_overpay_sat_vb": 0.0,
      "avg_underpay_sat_vb": 0.0,
      "within_10pct": 1.0,
      "within_20pct": 1.0,
      "within_50pct": 1.0,
      "asymmetric_loss": 0.0,
      "mape": 0.0
    }
  }
}