{
  "timestamp": "2026-05-04T21:14:23.420706",
  "duration_seconds": 1.88509,
  "xgb_results": {
    "1block": {
      "horizon_blocks": 1,
      "mse": 0.6647471864483853,
      "rmse": 0.8153202968455926,
      "mae": 0.7466443379720052,
      "r2": 0.0,
      "block_inclusion_accuracy": 0.0,
      "avg_overpay_sat_vb": 0.0,
      "median_overpay_sat_vb": 0.0,
      "avg_underpay_sat_vb": 0.7466443379720052,
      "overpay_mape": 0.0,
      "within_10pct": 0.16666666666666666,
      "within_20pct": 0.3333333333333333,
      "within_50pct": 1.0,
      "asymmetric_loss": 0.46532303051386964,
      "mape": 24.88814459906684
    },
    "3block": {
      "horizon_blocks": 3,
      "mse": 1.0569137048576447,
      "rmse": 1.0280630840846512,
      "mae": 0.9125932852427164,
      "r2": 0.0,
      "block_inclusion_accuracy": 0.6666666666666666,
      "avg_overpay_sat_vb": 0.7633974552154541,
      "median_overpay_sat_vb": 0.7491905689239502,
      "avg_underpay_sat_vb": 0.14919583002726236,
      "overpay_mape": 25.446581840515137,
      "within_10pct": 0.0,
      "within_20pct": 0.5,
      "within_50pct": 0.6666666666666666,
      "asymmetric_loss": 0.3441780775342333,
      "mape": 30.419776174757217
    },
    "6block": {
      "horizon_blocks": 6,
      "mse": 1.0569137048576447,
      "rmse": 1.0280630840846512,
      "mae": 0.9125932852427164,
      "r2": 0.0,
      "block_inclusion_accuracy": 0.6666666666666666,
      "avg_overpay_sat_vb": 0.7633974552154541,
      "median_overpay_sat_vb": 0.7491905689239502,
      "avg_underpay_sat_vb": 0.14919583002726236,
      "overpay_mape": 25.446581840515137,
      "within_10pct": 0.0,
      "within_20pct": 0.5,
      "within_50pct": 0.6666666666666666,
      "asymmetric_loss": 0.3441780775342333,
      "mape": 30.419776174757217
    }
  },
  "lgb_results": {
    "1block": {
      "horizon_blocks": 1,
      "model_type": "lightgbm",
      "mse": 4.0,
      "rmse": 2.0,
      "mae": 2.0,
      "r2": 0.0,
      "block_inclusion_accuracy": 0.0,
      "avg_overpay_sat_vb": 0.0,
      "avg_underpay_sat_vb": 2.0,
      "within_10pct": 0.0,
      "within_20pct": 0.0,
      "within_50pct": 0.0,
      "asymmetric_loss": 2.8000000000000003,
      "mape": 66.66666666666666
    },
    "3block": {
      "horizon_blocks": 3,
      "model_type": "lightgbm",
      "mse": 3.98365941219696,
      "rmse": 1.9959106723991833,
      "mae": 1.9959106723991835,
      "r2": 0.0,
      "block_inclusion_accuracy": 0.0,
      "avg_overpay_sat_vb": 0.0,
      "avg_underpay_sat_vb": 1.9959106723991835,
      "within_10pct": 0.0,
      "within_20pct": 0.0,
      "within_50pct": 0.0,
      "asymmetric_loss": 2.788561588537872,
      "mape": 66.53035574663944
    },
    "6block": {
      "horizon_blocks": 6,
      "model_type": "lightgbm",
      "mse": 4.0,
      "rmse": 2.0,
      "mae": 2.0,
      "r2": 0.0,
      "block_inclusion_accuracy": 0.0,
      "avg_overpay_sat_vb": 0.0,
      "avg_underpay_sat_vb": 2.0,
      "within_10pct": 0.0,
      "within_20pct": 0.0,
      "within_50pct": 0.0,
      "asymmetric_loss": 2.8000000000000003,
      "mape": 66.66666666666666
    }
  }
}