{
  "timestamp": "2026-06-29T23:02:47.691692",
  "duration_seconds": 4.819285,
  "xgb_results": {
    "1block": {
      "horizon_blocks": 1,
      "mse": 37.789773073137745,
      "rmse": 6.147338698423712,
      "mae": 6.048590977986653,
      "r2": 0.0,
      "block_inclusion_accuracy": 1.0,
      "avg_overpay_sat_vb": 6.048590977986653,
      "median_overpay_sat_vb": 5.99407434463501,
      "avg_underpay_sat_vb": 0.0,
      "overpay_mape": 151.21477444966632,
      "within_10pct": 0.0,
      "within_20pct": 0.0,
      "within_50pct": 0.0,
      "asymmetric_loss": 11.336931921941323,
      "mape": 151.21477444966632
    },
    "3block": {
      "horizon_blocks": 3,
      "mse": 5.662828010452785,
      "rmse": 2.379669727179128,
      "mae": 2.166992465655009,
      "r2": 0.0,
      "block_inclusion_accuracy": 0.16666666666666666,
      "avg_overpay_sat_vb": 0.3779309590657552,
      "median_overpay_sat_vb": 0.0,
      "avg_underpay_sat_vb": 1.7890615065892537,
      "overpay_mape": 9.448273976643879,
      "within_10pct": 0.0,
      "within_20pct": 0.16666666666666666,
      "within_50pct": 0.3333333333333333,
      "asymmetric_loss": 3.6211832637480814,
      "mape": 54.17481164137522
    },
    "6block": {
      "horizon_blocks": 6,
      "mse": 5.662828010452785,
      "rmse": 2.379669727179128,
      "mae": 2.166992465655009,
      "r2": 0.0,
      "block_inclusion_accuracy": 0.16666666666666666,
      "avg_overpay_sat_vb": 0.3779309590657552,
      "median_overpay_sat_vb": 0.0,
      "avg_underpay_sat_vb": 1.7890615065892537,
      "overpay_mape": 9.448273976643879,
      "within_10pct": 0.0,
      "within_20pct": 0.16666666666666666,
      "within_50pct": 0.3333333333333333,
      "asymmetric_loss": 3.6211832637480814,
      "mape": 54.17481164137522
    }
  },
  "lgb_results": {
    "1block": {
      "horizon_blocks": 1,
      "model_type": "lightgbm",
      "mse": 7.240670641544507,
      "rmse": 2.6908494275125294,
      "mae": 2.690849260405573,
      "r2": 0.0,
      "block_inclusion_accuracy": 0.0,
      "avg_overpay_sat_vb": 0.0,
      "avg_underpay_sat_vb": 2.690849260405573,
      "within_10pct": 0.0,
      "within_20pct": 0.0,
      "within_50pct": 0.0,
      "asymmetric_loss": 5.068469449081154,
      "mape": 67.27123151013933
    },
    "3block": {
      "horizon_blocks": 3,
      "model_type": "lightgbm",
      "mse": 8.975480756995326,
      "rmse": 2.9959106723991833,
      "mae": 2.9959106723991833,
      "r2": 0.0,
      "block_inclusion_accuracy": 0.0,
      "avg_overpay_sat_vb": 0.0,
      "avg_underpay_sat_vb": 2.9959106723991833,
      "within_10pct": 0.0,
      "within_20pct": 0.0,
      "within_50pct": 0.0,
      "asymmetric_loss": 6.282836529896728,
      "mape": 74.89776680997959
    },
    "6block": {
      "horizon_blocks": 6,
      "model_type": "lightgbm",
      "mse": 9.0,
      "rmse": 3.0,
      "mae": 3.0,
      "r2": 0.0,
      "block_inclusion_accuracy": 0.0,
      "avg_overpay_sat_vb": 0.0,
      "avg_underpay_sat_vb": 3.0,
      "within_10pct": 0.0,
      "within_20pct": 0.0,
      "within_50pct": 0.0,
      "asymmetric_loss": 6.3,
      "mape": 75.0
    }
  }
}