{
  "timestamp": "2026-06-14T23:14:34.239890",
  "duration_seconds": 3.97588,
  "xgb_results": {
    "1block": {
      "horizon_blocks": 1,
      "mse": 0.3672318045335956,
      "rmse": 0.605996538384169,
      "mae": 0.5224919120470682,
      "r2": 0.0,
      "block_inclusion_accuracy": 1.0,
      "avg_overpay_sat_vb": 0.5224919120470682,
      "median_overpay_sat_vb": 0.5874932408332825,
      "avg_underpay_sat_vb": 0.0,
      "overpay_mape": 52.249191204706825,
      "within_10pct": 0.16666666666666666,
      "within_20pct": 0.16666666666666666,
      "within_50pct": 0.5,
      "asymmetric_loss": 0.11016954136007871,
      "mape": 52.249191204706825
    },
    "3block": {
      "horizon_blocks": 3,
      "mse": 0.6033070410809293,
      "rmse": 0.7767284217028042,
      "mae": 0.5645291407903036,
      "r2": -1.714881684864181,
      "block_inclusion_accuracy": 0.8333333333333334,
      "avg_overpay_sat_vb": 0.3978624741236369,
      "median_overpay_sat_vb": 0.053874850273132324,
      "avg_underpay_sat_vb": 0.16666666666666666,
      "overpay_mape": 38.88833324114482,
      "within_10pct": 0.5,
      "within_20pct": 0.5,
      "within_50pct": 0.5,
      "asymmetric_loss": 0.24765877899094546,
      "mape": 47.22166657447815
    },
    "6block": {
      "horizon_blocks": 6,
      "mse": 0.6033070410809293,
      "rmse": 0.7767284217028042,
      "mae": 0.5645291407903036,
      "r2": -1.714881684864181,
      "block_inclusion_accuracy": 0.8333333333333334,
      "avg_overpay_sat_vb": 0.3978624741236369,
      "median_overpay_sat_vb": 0.053874850273132324,
      "avg_underpay_sat_vb": 0.16666666666666666,
      "overpay_mape": 38.88833324114482,
      "within_10pct": 0.5,
      "within_20pct": 0.5,
      "within_50pct": 0.5,
      "asymmetric_loss": 0.24765877899094546,
      "mape": 47.22166657447815
    }
  },
  "lgb_results": {
    "1block": {
      "horizon_blocks": 1,
      "model_type": "lightgbm",
      "mse": 0.0,
      "rmse": 0.0,
      "mae": 0.0,
      "r2": 1.0,
      "block_inclusion_accuracy": 1.0,
      "avg_overpay_sat_vb": 0.0,
      "avg_underpay_sat_vb": 0.0,
      "within_10pct": 1.0,
      "within_20pct": 1.0,
      "within_50pct": 1.0,
      "asymmetric_loss": 0.0,
      "mape": 0.0
    },
    "3block": {
      "horizon_blocks": 3,
      "model_type": "lightgbm",
      "mse": 0.33062383753301566,
      "rmse": 0.5749989891582555,
      "mae": 0.3346964425336056,
      "r2": -0.4878072688985702,
      "block_inclusion_accuracy": 0.6666666666666666,
      "avg_overpay_sat_vb": 0.0027262184005444703,
      "avg_underpay_sat_vb": 0.3319702241330611,
      "within_10pct": 0.6666666666666666,
      "within_20pct": 0.6666666666666666,
      "within_50pct": 1.0,
      "asymmetric_loss": 0.23143222691305046,
      "mape": 16.871133046707502
    },
    "6block": {
      "horizon_blocks": 6,
      "model_type": "lightgbm",
      "mse": 0.3333333333333333,
      "rmse": 0.5773502691896257,
      "mae": 0.3333333333333333,
      "r2": -0.4999999999999998,
      "block_inclusion_accuracy": 0.6666666666666666,
      "avg_overpay_sat_vb": 0.0,
      "avg_underpay_sat_vb": 0.3333333333333333,
      "within_10pct": 0.6666666666666666,
      "within_20pct": 0.6666666666666666,
      "within_50pct": 0.6666666666666666,
      "asymmetric_loss": 0.2333333333333333,
      "mape": 16.666666666666664
    }
  }
}