{
  "timestamp": "2026-06-03T06:14:38.324398",
  "duration_seconds": 3.870294,
  "xgb_results": {
    "1block": {
      "horizon_blocks": 1,
      "mse": 0.1356390747664733,
      "rmse": 0.36829210521876965,
      "mae": 0.23787136872609457,
      "r2": 0.0,
      "block_inclusion_accuracy": 1.0,
      "avg_overpay_sat_vb": 0.23787136872609457,
      "median_overpay_sat_vb": 0.08969169855117798,
      "avg_underpay_sat_vb": 0.0,
      "overpay_mape": 23.78713687260946,
      "within_10pct": 0.5,
      "within_20pct": 0.6666666666666666,
      "within_50pct": 0.6666666666666666,
      "asymmetric_loss": 0.04069172242994199,
      "mape": 23.78713687260946
    },
    "3block": {
      "horizon_blocks": 3,
      "mse": 2.912585376547289,
      "rmse": 1.7066298299711302,
      "mae": 0.9326807657877604,
      "r2": -19.97061471114048,
      "block_inclusion_accuracy": 1.0,
      "avg_overpay_sat_vb": 0.9326807657877604,
      "median_overpay_sat_vb": 0.0,
      "avg_underpay_sat_vb": 0.0,
      "overpay_mape": 77.89493799209595,
      "within_10pct": 0.6666666666666666,
      "within_20pct": 0.6666666666666666,
      "within_50pct": 0.6666666666666666,
      "asymmetric_loss": 0.8737756129641867,
      "mape": 77.89493799209595
    },
    "6block": {
      "horizon_blocks": 6,
      "mse": 2.912585376547289,
      "rmse": 1.7066298299711302,
      "mae": 0.9326807657877604,
      "r2": -19.97061471114048,
      "block_inclusion_accuracy": 1.0,
      "avg_overpay_sat_vb": 0.9326807657877604,
      "median_overpay_sat_vb": 0.0,
      "avg_underpay_sat_vb": 0.0,
      "overpay_mape": 77.89493799209595,
      "within_10pct": 0.6666666666666666,
      "within_20pct": 0.6666666666666666,
      "within_50pct": 0.6666666666666666,
      "asymmetric_loss": 0.8737756129641867,
      "mape": 77.89493799209595
    }
  },
  "lgb_results": {
    "1block": {
      "horizon_blocks": 1,
      "model_type": "lightgbm",
      "mse": 0.010574579760652932,
      "rmse": 0.10283277571208964,
      "mae": 0.10283004272146683,
      "r2": 0.0,
      "block_inclusion_accuracy": 1.0,
      "avg_overpay_sat_vb": 0.10283004272146683,
      "avg_underpay_sat_vb": 0.0,
      "within_10pct": 0.0,
      "within_20pct": 1.0,
      "within_50pct": 1.0,
      "asymmetric_loss": 0.0031723739281958804,
      "mape": 10.283004272146682
    },
    "3block": {
      "horizon_blocks": 3,
      "model_type": "lightgbm",
      "mse": 0.16666666666666666,
      "rmse": 0.408248290463863,
      "mae": 0.16666666666666666,
      "r2": -0.20000000000000018,
      "block_inclusion_accuracy": 0.8333333333333334,
      "avg_overpay_sat_vb": 0.0,
      "avg_underpay_sat_vb": 0.16666666666666666,
      "within_10pct": 0.8333333333333334,
      "within_20pct": 0.8333333333333334,
      "within_50pct": 0.8333333333333334,
      "asymmetric_loss": 0.11666666666666665,
      "mape": 8.333333333333332
    },
    "6block": {
      "horizon_blocks": 6,
      "model_type": "lightgbm",
      "mse": 0.16666666666666666,
      "rmse": 0.408248290463863,
      "mae": 0.16666666666666666,
      "r2": -0.20000000000000018,
      "block_inclusion_accuracy": 0.8333333333333334,
      "avg_overpay_sat_vb": 0.0,
      "avg_underpay_sat_vb": 0.16666666666666666,
      "within_10pct": 0.8333333333333334,
      "within_20pct": 0.8333333333333334,
      "within_50pct": 0.8333333333333334,
      "asymmetric_loss": 0.11666666666666665,
      "mape": 8.333333333333332
    }
  }
}