{
  "timestamp": "2026-06-16T18:11:15.565576",
  "duration_seconds": 4.306015,
  "xgb_results": {
    "1block": {
      "horizon_blocks": 1,
      "mse": 0.9189855125988254,
      "rmse": 0.9586373206791113,
      "mae": 0.8465204437573751,
      "r2": -3.1354348066947137,
      "block_inclusion_accuracy": 0.6666666666666666,
      "avg_overpay_sat_vb": 0.5131871104240417,
      "median_overpay_sat_vb": 0.33419889211654663,
      "avg_underpay_sat_vb": 0.3333333333333333,
      "overpay_mape": 51.318711042404175,
      "within_10pct": 0.16666666666666666,
      "within_20pct": 0.16666666666666666,
      "within_50pct": 0.16666666666666666,
      "asymmetric_loss": 0.409028987112981,
      "mape": 67.98537770907083
    },
    "3block": {
      "horizon_blocks": 3,
      "mse": 0.6666666666666666,
      "rmse": 0.816496580927726,
      "mae": 0.6666666666666666,
      "r2": -1.9999999999999996,
      "block_inclusion_accuracy": 0.3333333333333333,
      "avg_overpay_sat_vb": 0.0,
      "median_overpay_sat_vb": 0.0,
      "avg_underpay_sat_vb": 0.6666666666666666,
      "overpay_mape": 0.0,
      "within_10pct": 0.3333333333333333,
      "within_20pct": 0.3333333333333333,
      "within_50pct": 0.3333333333333333,
      "asymmetric_loss": 0.4666666666666666,
      "mape": 33.33333333333333
    },
    "6block": {
      "horizon_blocks": 6,
      "mse": 0.6666666666666666,
      "rmse": 0.816496580927726,
      "mae": 0.6666666666666666,
      "r2": -1.9999999999999996,
      "block_inclusion_accuracy": 0.3333333333333333,
      "avg_overpay_sat_vb": 0.0,
      "median_overpay_sat_vb": 0.0,
      "avg_underpay_sat_vb": 0.6666666666666666,
      "overpay_mape": 0.0,
      "within_10pct": 0.3333333333333333,
      "within_20pct": 0.3333333333333333,
      "within_50pct": 0.3333333333333333,
      "asymmetric_loss": 0.4666666666666666,
      "mape": 33.33333333333333
    }
  },
  "lgb_results": {
    "1block": {
      "horizon_blocks": 1,
      "model_type": "lightgbm",
      "mse": 0.3333333333333333,
      "rmse": 0.5773502691896257,
      "mae": 0.3333333333333333,
      "r2": -0.4999999999999998,
      "block_inclusion_accuracy": 0.6666666666666666,
      "avg_overpay_sat_vb": 0.0,
      "avg_underpay_sat_vb": 0.3333333333333333,
      "within_10pct": 0.6666666666666666,
      "within_20pct": 0.6666666666666666,
      "within_50pct": 0.6666666666666666,
      "asymmetric_loss": 0.2333333333333333,
      "mape": 16.666666666666664
    },
    "3block": {
      "horizon_blocks": 3,
      "model_type": "lightgbm",
      "mse": 0.6612309524658045,
      "rmse": 0.8131610864188009,
      "mae": 0.6653035574663945,
      "r2": -1.97553928609612,
      "block_inclusion_accuracy": 0.3333333333333333,
      "avg_overpay_sat_vb": 0.0013631092002722351,
      "avg_underpay_sat_vb": 0.6639404482661222,
      "within_10pct": 0.3333333333333333,
      "within_20pct": 0.3333333333333333,
      "within_50pct": 1.0,
      "asymmetric_loss": 0.462859437046033,
      "mape": 33.33333333333333
    },
    "6block": {
      "horizon_blocks": 6,
      "model_type": "lightgbm",
      "mse": 0.6666666666666666,
      "rmse": 0.816496580927726,
      "mae": 0.6666666666666666,
      "r2": -1.9999999999999996,
      "block_inclusion_accuracy": 0.3333333333333333,
      "avg_overpay_sat_vb": 0.0,
      "avg_underpay_sat_vb": 0.6666666666666666,
      "within_10pct": 0.3333333333333333,
      "within_20pct": 0.3333333333333333,
      "within_50pct": 0.3333333333333333,
      "asymmetric_loss": 0.4666666666666666,
      "mape": 33.33333333333333
    }
  }
}