{
  "timestamp": "2026-04-26T02:19:53.849537",
  "duration_seconds": 0.96999,
  "xgb_results": {
    "1block": {
      "horizon_blocks": 1,
      "mse": 0.28398326511426103,
      "rmse": 0.532900802320902,
      "mae": 0.5158533056577047,
      "r2": 0.0,
      "block_inclusion_accuracy": 0.0,
      "avg_overpay_sat_vb": 0.0,
      "median_overpay_sat_vb": 0.0,
      "avg_underpay_sat_vb": 0.5158533056577047,
      "overpay_mape": 0.0,
      "within_10pct": 0.0,
      "within_20pct": 0.16666666666666666,
      "within_50pct": 1.0,
      "asymmetric_loss": 0.1987882855799827,
      "mape": 25.792665282885235
    },
    "3block": {
      "horizon_blocks": 3,
      "mse": 0.8553387302659132,
      "rmse": 0.9248452466580088,
      "mae": 0.922170877456665,
      "r2": 0.0,
      "block_inclusion_accuracy": 0.0,
      "avg_overpay_sat_vb": 0.0,
      "median_overpay_sat_vb": 0.0,
      "avg_underpay_sat_vb": 0.922170877456665,
      "overpay_mape": 0.0,
      "within_10pct": 0.0,
      "within_20pct": 0.0,
      "within_50pct": 0.6666666666666666,
      "asymmetric_loss": 0.5987371111861391,
      "mape": 46.10854387283325
    },
    "6block": {
      "horizon_blocks": 6,
      "mse": 0.8553387302659132,
      "rmse": 0.9248452466580088,
      "mae": 0.922170877456665,
      "r2": 0.0,
      "block_inclusion_accuracy": 0.0,
      "avg_overpay_sat_vb": 0.0,
      "median_overpay_sat_vb": 0.0,
      "avg_underpay_sat_vb": 0.922170877456665,
      "overpay_mape": 0.0,
      "within_10pct": 0.0,
      "within_20pct": 0.0,
      "within_50pct": 0.6666666666666666,
      "asymmetric_loss": 0.5987371111861391,
      "mape": 46.10854387283325
    }
  },
  "lgb_results": {
    "1block": {
      "horizon_blocks": 1,
      "model_type": "lightgbm",
      "mse": 0.38838343100692857,
      "rmse": 0.623204164786251,
      "mae": 0.6232037138306978,
      "r2": 0.0,
      "block_inclusion_accuracy": 0.0,
      "avg_overpay_sat_vb": 0.0,
      "avg_underpay_sat_vb": 0.6232037138306978,
      "within_10pct": 0.0,
      "within_20pct": 0.0,
      "within_50pct": 1.0,
      "asymmetric_loss": 0.27186840170485,
      "mape": 31.160185691534892
    },
    "3block": {
      "horizon_blocks": 3,
      "model_type": "lightgbm",
      "mse": 0.9918380673985933,
      "rmse": 0.9959106723991832,
      "mae": 0.9959106723991834,
      "r2": 0.0,
      "block_inclusion_accuracy": 0.0,
      "avg_overpay_sat_vb": 0.0,
      "avg_underpay_sat_vb": 0.9959106723991834,
      "within_10pct": 0.0,
      "within_20pct": 0.0,
      "within_50pct": 1.0,
      "asymmetric_loss": 0.6942866471790153,
      "mape": 49.79553361995917
    },
    "6block": {
      "horizon_blocks": 6,
      "model_type": "lightgbm",
      "mse": 0.8867831892722108,
      "rmse": 0.9416916635885713,
      "mae": 0.9416916635885713,
      "r2": 0.0,
      "block_inclusion_accuracy": 0.0,
      "avg_overpay_sat_vb": 0.0,
      "avg_underpay_sat_vb": 0.9416916635885713,
      "within_10pct": 0.0,
      "within_20pct": 0.0,
      "within_50pct": 1.0,
      "asymmetric_loss": 0.6207482324905476,
      "mape": 47.08458317942856
    }
  }
}