{
  "timestamp": "2026-04-25T08:15:37.647361",
  "duration_seconds": 1.19274,
  "xgb_results": {
    "1block": {
      "horizon_blocks": 1,
      "mse": 0.18055912977717034,
      "rmse": 0.4249224985537602,
      "mae": 0.41810635725657147,
      "r2": 0.0,
      "block_inclusion_accuracy": 0.0,
      "avg_overpay_sat_vb": 0.0,
      "median_overpay_sat_vb": 0.0,
      "avg_underpay_sat_vb": 0.41810635725657147,
      "overpay_mape": 0.0,
      "within_10pct": 0.6666666666666666,
      "within_20pct": 1.0,
      "within_50pct": 1.0,
      "asymmetric_loss": 0.1263913908440192,
      "mape": 10.452658931414287
    },
    "3block": {
      "horizon_blocks": 3,
      "mse": 0.16241186354633896,
      "rmse": 0.4030035527713608,
      "mae": 0.351844588915507,
      "r2": 0.0,
      "block_inclusion_accuracy": 0.5,
      "avg_overpay_sat_vb": 0.24303754170735678,
      "median_overpay_sat_vb": 0.1517505645751953,
      "avg_underpay_sat_vb": 0.10880704720815022,
      "overpay_mape": 6.07593854268392,
      "within_10pct": 0.6666666666666666,
      "within_20pct": 1.0,
      "within_50pct": 1.0,
      "asymmetric_loss": 0.06131529409653449,
      "mape": 8.796114722887676
    },
    "6block": {
      "horizon_blocks": 6,
      "mse": 0.16241186354633896,
      "rmse": 0.4030035527713608,
      "mae": 0.351844588915507,
      "r2": 0.0,
      "block_inclusion_accuracy": 0.5,
      "avg_overpay_sat_vb": 0.24303754170735678,
      "median_overpay_sat_vb": 0.1517505645751953,
      "avg_underpay_sat_vb": 0.10880704720815022,
      "overpay_mape": 6.07593854268392,
      "within_10pct": 0.6666666666666666,
      "within_20pct": 1.0,
      "within_50pct": 1.0,
      "asymmetric_loss": 0.06131529409653449,
      "mape": 8.796114722887676
    }
  },
  "lgb_results": {
    "1block": {
      "horizon_blocks": 1,
      "model_type": "lightgbm",
      "mse": 7.864080983611706,
      "rmse": 2.8042968786509936,
      "mae": 2.804296878650994,
      "r2": 0.0,
      "block_inclusion_accuracy": 0.0,
      "avg_overpay_sat_vb": 0.0,
      "avg_underpay_sat_vb": 2.804296878650994,
      "within_10pct": 0.0,
      "within_20pct": 0.0,
      "within_50pct": 0.0,
      "asymmetric_loss": 5.504856688528194,
      "mape": 70.10742196627486
    },
    "3block": {
      "horizon_blocks": 3,
      "model_type": "lightgbm",
      "mse": 9.0,
      "rmse": 3.0,
      "mae": 3.0,
      "r2": 0.0,
      "block_inclusion_accuracy": 0.0,
      "avg_overpay_sat_vb": 0.0,
      "avg_underpay_sat_vb": 3.0,
      "within_10pct": 0.0,
      "within_20pct": 0.0,
      "within_50pct": 0.0,
      "asymmetric_loss": 6.3,
      "mape": 75.0
    },
    "6block": {
      "horizon_blocks": 6,
      "model_type": "lightgbm",
      "mse": 8.36035130469523,
      "rmse": 2.891427208956717,
      "mae": 2.891427208956717,
      "r2": 0.0,
      "block_inclusion_accuracy": 0.0,
      "avg_overpay_sat_vb": 0.0,
      "avg_underpay_sat_vb": 2.891427208956717,
      "within_10pct": 0.0,
      "within_20pct": 0.0,
      "within_50pct": 0.0,
      "asymmetric_loss": 5.852245913286661,
      "mape": 72.28568022391792
    }
  }
}