{
  "timestamp": "2026-06-28T15:27:12.157002",
  "duration_seconds": 5.189886,
  "xgb_results": {
    "1block": {
      "horizon_blocks": 1,
      "mse": 23.19172100881902,
      "rmse": 4.815778338837765,
      "mae": 4.733962774276733,
      "r2": 0.0,
      "block_inclusion_accuracy": 1.0,
      "avg_overpay_sat_vb": 4.733962774276733,
      "median_overpay_sat_vb": 5.016727685928345,
      "avg_underpay_sat_vb": 0.0,
      "overpay_mape": 157.7987591425578,
      "within_10pct": 0.0,
      "within_20pct": 0.0,
      "within_50pct": 0.0,
      "asymmetric_loss": 6.957516302645708,
      "mape": 157.7987591425578
    },
    "3block": {
      "horizon_blocks": 3,
      "mse": 3.046360833125244,
      "rmse": 1.7453827182383936,
      "mae": 1.6384539206822712,
      "r2": 0.0,
      "block_inclusion_accuracy": 0.6666666666666666,
      "avg_overpay_sat_vb": 1.0954753557840984,
      "median_overpay_sat_vb": 0.9215161800384521,
      "avg_underpay_sat_vb": 0.542978564898173,
      "overpay_mape": 36.51584519280327,
      "within_10pct": 0.0,
      "within_20pct": 0.0,
      "within_50pct": 0.3333333333333333,
      "asymmetric_loss": 1.2677126326659274,
      "mape": 54.61513068940904
    },
    "6block": {
      "horizon_blocks": 6,
      "mse": 3.046360833125244,
      "rmse": 1.7453827182383936,
      "mae": 1.6384539206822712,
      "r2": 0.0,
      "block_inclusion_accuracy": 0.6666666666666666,
      "avg_overpay_sat_vb": 1.0954753557840984,
      "median_overpay_sat_vb": 0.9215161800384521,
      "avg_underpay_sat_vb": 0.542978564898173,
      "overpay_mape": 36.51584519280327,
      "within_10pct": 0.0,
      "within_20pct": 0.0,
      "within_50pct": 0.3333333333333333,
      "asymmetric_loss": 1.2677126326659274,
      "mape": 54.61513068940904
    }
  },
  "lgb_results": {
    "1block": {
      "horizon_blocks": 1,
      "model_type": "lightgbm",
      "mse": 4.0,
      "rmse": 2.0,
      "mae": 2.0,
      "r2": 0.0,
      "block_inclusion_accuracy": 0.0,
      "avg_overpay_sat_vb": 0.0,
      "avg_underpay_sat_vb": 2.0,
      "within_10pct": 0.0,
      "within_20pct": 0.0,
      "within_50pct": 0.0,
      "asymmetric_loss": 2.8000000000000003,
      "mape": 66.66666666666666
    },
    "3block": {
      "horizon_blocks": 3,
      "model_type": "lightgbm",
      "mse": 3.98365941219696,
      "rmse": 1.9959106723991833,
      "mae": 1.9959106723991835,
      "r2": 0.0,
      "block_inclusion_accuracy": 0.0,
      "avg_overpay_sat_vb": 0.0,
      "avg_underpay_sat_vb": 1.9959106723991835,
      "within_10pct": 0.0,
      "within_20pct": 0.0,
      "within_50pct": 0.0,
      "asymmetric_loss": 2.788561588537872,
      "mape": 66.53035574663944
    },
    "6block": {
      "horizon_blocks": 6,
      "model_type": "lightgbm",
      "mse": 4.0,
      "rmse": 2.0,
      "mae": 2.0,
      "r2": 0.0,
      "block_inclusion_accuracy": 0.0,
      "avg_overpay_sat_vb": 0.0,
      "avg_underpay_sat_vb": 2.0,
      "within_10pct": 0.0,
      "within_20pct": 0.0,
      "within_50pct": 0.0,
      "asymmetric_loss": 2.8000000000000003,
      "mape": 66.66666666666666
    }
  }
}