{
  "timestamp": "2026-05-20T15:00:58.583636",
  "duration_seconds": 2.994994,
  "xgb_results": {
    "1block": {
      "horizon_blocks": 1,
      "mse": 0.22758732427674744,
      "rmse": 0.4770611326410353,
      "mae": 0.38167009751001996,
      "r2": 0.0,
      "block_inclusion_accuracy": 0.6666666666666666,
      "avg_overpay_sat_vb": 0.36925379435221356,
      "median_overpay_sat_vb": 0.4212092161178589,
      "avg_underpay_sat_vb": 0.012416303157806396,
      "overpay_mape": 18.46268971761068,
      "within_10pct": 0.3333333333333333,
      "within_20pct": 0.5,
      "within_50pct": 1.0,
      "asymmetric_loss": 0.06857331048047187,
      "mape": 19.083504875501
    },
    "3block": {
      "horizon_blocks": 3,
      "mse": 0.9206815729846601,
      "rmse": 0.9595215333616334,
      "mae": 0.9570814569791158,
      "r2": 0.0,
      "block_inclusion_accuracy": 0.16666666666666666,
      "avg_overpay_sat_vb": 0.15430251757303873,
      "median_overpay_sat_vb": 0.0,
      "avg_underpay_sat_vb": 0.802778939406077,
      "overpay_mape": 7.7151258786519366,
      "within_10pct": 0.0,
      "within_20pct": 0.0,
      "within_50pct": 0.3333333333333333,
      "asymmetric_loss": 0.587334860458755,
      "mape": 47.854072848955795
    },
    "6block": {
      "horizon_blocks": 6,
      "mse": 0.9206815729846601,
      "rmse": 0.9595215333616334,
      "mae": 0.9570814569791158,
      "r2": 0.0,
      "block_inclusion_accuracy": 0.16666666666666666,
      "avg_overpay_sat_vb": 0.15430251757303873,
      "median_overpay_sat_vb": 0.0,
      "avg_underpay_sat_vb": 0.802778939406077,
      "overpay_mape": 7.7151258786519366,
      "within_10pct": 0.0,
      "within_20pct": 0.0,
      "within_50pct": 0.3333333333333333,
      "asymmetric_loss": 0.587334860458755,
      "mape": 47.854072848955795
    }
  },
  "lgb_results": {
    "1block": {
      "horizon_blocks": 1,
      "model_type": "lightgbm",
      "mse": 1.0,
      "rmse": 1.0,
      "mae": 1.0,
      "r2": 0.0,
      "block_inclusion_accuracy": 0.0,
      "avg_overpay_sat_vb": 0.0,
      "avg_underpay_sat_vb": 1.0,
      "within_10pct": 0.0,
      "within_20pct": 0.0,
      "within_50pct": 0.0,
      "asymmetric_loss": 0.7000000000000001,
      "mape": 50.0
    },
    "3block": {
      "horizon_blocks": 3,
      "model_type": "lightgbm",
      "mse": 0.9918380673985933,
      "rmse": 0.9959106723991832,
      "mae": 0.9959106723991834,
      "r2": 0.0,
      "block_inclusion_accuracy": 0.0,
      "avg_overpay_sat_vb": 0.0,
      "avg_underpay_sat_vb": 0.9959106723991834,
      "within_10pct": 0.0,
      "within_20pct": 0.0,
      "within_50pct": 1.0,
      "asymmetric_loss": 0.6942866471790153,
      "mape": 49.79553361995917
    },
    "6block": {
      "horizon_blocks": 6,
      "model_type": "lightgbm",
      "mse": 1.0,
      "rmse": 1.0,
      "mae": 1.0,
      "r2": 0.0,
      "block_inclusion_accuracy": 0.0,
      "avg_overpay_sat_vb": 0.0,
      "avg_underpay_sat_vb": 1.0,
      "within_10pct": 0.0,
      "within_20pct": 0.0,
      "within_50pct": 0.0,
      "asymmetric_loss": 0.7000000000000001,
      "mape": 50.0
    }
  }
}