{
  "timestamp": "2026-05-18T02:56:41.790269",
  "duration_seconds": 3.038383,
  "xgb_results": {
    "1block": {
      "horizon_blocks": 1,
      "mse": 0.22303121594659814,
      "rmse": 0.47226180868941553,
      "mae": 0.402379850546519,
      "r2": 0.0,
      "block_inclusion_accuracy": 0.3333333333333333,
      "avg_overpay_sat_vb": 0.10231236616770427,
      "median_overpay_sat_vb": 0.0,
      "avg_underpay_sat_vb": 0.3000674843788147,
      "overpay_mape": 5.115618308385214,
      "within_10pct": 0.3333333333333333,
      "within_20pct": 0.5,
      "within_50pct": 1.0,
      "asymmetric_loss": 0.13369944698125355,
      "mape": 20.11899252732595
    },
    "3block": {
      "horizon_blocks": 3,
      "mse": 0.6550528323290052,
      "rmse": 0.8093533420756384,
      "mae": 0.7746802568435669,
      "r2": 0.0,
      "block_inclusion_accuracy": 0.3333333333333333,
      "avg_overpay_sat_vb": 0.16662498315175375,
      "median_overpay_sat_vb": 0.0,
      "avg_underpay_sat_vb": 0.6080552736918131,
      "overpay_mape": 8.331249157587688,
      "within_10pct": 0.0,
      "within_20pct": 0.0,
      "within_50pct": 0.5,
      "asymmetric_loss": 0.42453811091297194,
      "mape": 38.734012842178345
    },
    "6block": {
      "horizon_blocks": 6,
      "mse": 0.6550528323290052,
      "rmse": 0.8093533420756384,
      "mae": 0.7746802568435669,
      "r2": 0.0,
      "block_inclusion_accuracy": 0.3333333333333333,
      "avg_overpay_sat_vb": 0.16662498315175375,
      "median_overpay_sat_vb": 0.0,
      "avg_underpay_sat_vb": 0.6080552736918131,
      "overpay_mape": 8.331249157587688,
      "within_10pct": 0.0,
      "within_20pct": 0.0,
      "within_50pct": 0.5,
      "asymmetric_loss": 0.42453811091297194,
      "mape": 38.734012842178345
    }
  },
  "lgb_results": {
    "1block": {
      "horizon_blocks": 1,
      "model_type": "lightgbm",
      "mse": 1.0,
      "rmse": 1.0,
      "mae": 1.0,
      "r2": 0.0,
      "block_inclusion_accuracy": 0.0,
      "avg_overpay_sat_vb": 0.0,
      "avg_underpay_sat_vb": 1.0,
      "within_10pct": 0.0,
      "within_20pct": 0.0,
      "within_50pct": 0.0,
      "asymmetric_loss": 0.7000000000000001,
      "mape": 50.0
    },
    "3block": {
      "horizon_blocks": 3,
      "model_type": "lightgbm",
      "mse": 0.9918380673985933,
      "rmse": 0.9959106723991832,
      "mae": 0.9959106723991834,
      "r2": 0.0,
      "block_inclusion_accuracy": 0.0,
      "avg_overpay_sat_vb": 0.0,
      "avg_underpay_sat_vb": 0.9959106723991834,
      "within_10pct": 0.0,
      "within_20pct": 0.0,
      "within_50pct": 1.0,
      "asymmetric_loss": 0.6942866471790153,
      "mape": 49.79553361995917
    },
    "6block": {
      "horizon_blocks": 6,
      "model_type": "lightgbm",
      "mse": 1.0,
      "rmse": 1.0,
      "mae": 1.0,
      "r2": 0.0,
      "block_inclusion_accuracy": 0.0,
      "avg_overpay_sat_vb": 0.0,
      "avg_underpay_sat_vb": 1.0,
      "within_10pct": 0.0,
      "within_20pct": 0.0,
      "within_50pct": 0.0,
      "asymmetric_loss": 0.7000000000000001,
      "mape": 50.0
    }
  }
}