{
  "timestamp": "2026-04-18T10:47:20.862327",
  "duration_seconds": 0.592499,
  "xgb_results": {
    "1block": {
      "horizon_blocks": 1,
      "mse": 0.4606875133962234,
      "rmse": 0.678739650673381,
      "mae": 0.5275768836339315,
      "r2": -0.8427500535848935,
      "block_inclusion_accuracy": 0.5,
      "avg_overpay_sat_vb": 0.057752509911855064,
      "median_overpay_sat_vb": 0.0,
      "avg_underpay_sat_vb": 0.4698243737220764,
      "overpay_mape": 5.775250991185507,
      "within_10pct": 0.3333333333333333,
      "within_20pct": 0.3333333333333333,
      "within_50pct": 0.8333333333333334,
      "asymmetric_loss": 0.315373523203994,
      "mape": 29.266469677289326
    },
    "3block": {
      "horizon_blocks": 3,
      "mse": 1.3644698528973246e-05,
      "rmse": 0.0036938731067773897,
      "mae": 0.0015080173810323079,
      "r2": 0.0,
      "block_inclusion_accuracy": 1.0,
      "avg_overpay_sat_vb": 0.0015080173810323079,
      "median_overpay_sat_vb": 0.0,
      "avg_underpay_sat_vb": 0.0,
      "overpay_mape": 0.15080173810323078,
      "within_10pct": 1.0,
      "within_20pct": 1.0,
      "within_50pct": 1.0,
      "asymmetric_loss": 4.093409558691974e-06,
      "mape": 0.15080173810323078
    },
    "6block": {
      "horizon_blocks": 6,
      "mse": 1.3644698528973246e-05,
      "rmse": 0.0036938731067773897,
      "mae": 0.0015080173810323079,
      "r2": 0.0,
      "block_inclusion_accuracy": 1.0,
      "avg_overpay_sat_vb": 0.0015080173810323079,
      "median_overpay_sat_vb": 0.0,
      "avg_underpay_sat_vb": 0.0,
      "overpay_mape": 0.15080173810323078,
      "within_10pct": 1.0,
      "within_20pct": 1.0,
      "within_50pct": 1.0,
      "asymmetric_loss": 4.093409558691974e-06,
      "mape": 0.15080173810323078
    }
  },
  "lgb_results": {
    "1block": {
      "horizon_blocks": 1,
      "model_type": "lightgbm",
      "mse": 0.3845392527705344,
      "rmse": 0.6201122904527328,
      "mae": 0.5043356967337566,
      "r2": -0.5381570110821376,
      "block_inclusion_accuracy": 0.5,
      "avg_overpay_sat_vb": 0.07177524908378426,
      "avg_underpay_sat_vb": 0.43256044764997226,
      "within_10pct": 0.0,
      "within_20pct": 0.5,
      "within_50pct": 1.0,
      "asymmetric_loss": 0.2650486085280758,
      "mape": 28.805547290877037
    },
    "3block": {
      "horizon_blocks": 3,
      "model_type": "lightgbm",
      "mse": 1.672260022680131e-05,
      "rmse": 0.004089327600816705,
      "mae": 0.004089327600816706,
      "r2": 0.0,
      "block_inclusion_accuracy": 1.0,
      "avg_overpay_sat_vb": 0.004089327600816706,
      "avg_underpay_sat_vb": 0.0,
      "within_10pct": 1.0,
      "within_20pct": 1.0,
      "within_50pct": 1.0,
      "asymmetric_loss": 5.016780068040395e-06,
      "mape": 0.40893276008167057
    },
    "6block": {
      "horizon_blocks": 6,
      "model_type": "lightgbm",
      "mse": 0.004195437024600467,
      "rmse": 0.0647721932977452,
      "mae": 0.0647721932977452,
      "r2": 0.0,
      "block_inclusion_accuracy": 1.0,
      "avg_overpay_sat_vb": 0.0647721932977452,
      "avg_underpay_sat_vb": 0.0,
      "within_10pct": 1.0,
      "within_20pct": 1.0,
      "within_50pct": 1.0,
      "asymmetric_loss": 0.0012586311073801407,
      "mape": 6.4772193297745195
    }
  }
}