{
  "timestamp": "2026-05-09T13:15:15.023940",
  "duration_seconds": 2.188484,
  "xgb_results": {
    "1block": {
      "horizon_blocks": 1,
      "mse": 1.0672341426325527,
      "rmse": 1.0330702505795784,
      "mae": 0.9956964651743571,
      "r2": 0.0,
      "block_inclusion_accuracy": 0.0,
      "avg_overpay_sat_vb": 0.0,
      "median_overpay_sat_vb": 0.0,
      "avg_underpay_sat_vb": 0.9956964651743571,
      "overpay_mape": 0.0,
      "within_10pct": 0.3333333333333333,
      "within_20pct": 1.0,
      "within_50pct": 1.0,
      "asymmetric_loss": 0.7470638998427868,
      "mape": 11.063294057492856
    },
    "3block": {
      "horizon_blocks": 3,
      "mse": 1.3124193107217554,
      "rmse": 1.1456087075095736,
      "mae": 1.0922190348307292,
      "r2": 0.0,
      "block_inclusion_accuracy": 0.8333333333333334,
      "avg_overpay_sat_vb": 0.8826557795206705,
      "median_overpay_sat_vb": 0.9549603462219238,
      "avg_underpay_sat_vb": 0.2095632553100586,
      "overpay_mape": 9.807286439118561,
      "within_10pct": 0.3333333333333333,
      "within_20pct": 1.0,
      "within_50pct": 1.0,
      "asymmetric_loss": 0.49912601235928383,
      "mape": 12.135767053674769
    },
    "6block": {
      "horizon_blocks": 6,
      "mse": 1.3124193107217554,
      "rmse": 1.1456087075095736,
      "mae": 1.0922190348307292,
      "r2": 0.0,
      "block_inclusion_accuracy": 0.8333333333333334,
      "avg_overpay_sat_vb": 0.8826557795206705,
      "median_overpay_sat_vb": 0.9549603462219238,
      "avg_underpay_sat_vb": 0.2095632553100586,
      "overpay_mape": 9.807286439118561,
      "within_10pct": 0.3333333333333333,
      "within_20pct": 1.0,
      "within_50pct": 1.0,
      "asymmetric_loss": 0.49912601235928383,
      "mape": 12.135767053674769
    }
  },
  "lgb_results": {
    "1block": {
      "horizon_blocks": 1,
      "model_type": "lightgbm",
      "mse": 58.90082405222753,
      "rmse": 7.6746872282997645,
      "mae": 7.674687169709801,
      "r2": 0.0,
      "block_inclusion_accuracy": 0.0,
      "avg_overpay_sat_vb": 0.0,
      "avg_underpay_sat_vb": 7.674687169709801,
      "within_10pct": 0.0,
      "within_20pct": 0.0,
      "within_50pct": 0.0,
      "asymmetric_loss": 41.230576836559266,
      "mape": 85.27430188566444
    },
    "3block": {
      "horizon_blocks": 3,
      "model_type": "lightgbm",
      "mse": 63.93458748098717,
      "rmse": 7.995910672399184,
      "mae": 7.995910672399184,
      "r2": 0.0,
      "block_inclusion_accuracy": 0.0,
      "avg_overpay_sat_vb": 0.0,
      "avg_underpay_sat_vb": 7.995910672399184,
      "within_10pct": 0.0,
      "within_20pct": 0.0,
      "within_50pct": 0.0,
      "asymmetric_loss": 44.75421123669101,
      "mape": 88.8434519155465
    },
    "6block": {
      "horizon_blocks": 6,
      "model_type": "lightgbm",
      "mse": 64.0,
      "rmse": 8.0,
      "mae": 8.0,
      "r2": 0.0,
      "block_inclusion_accuracy": 0.0,
      "avg_overpay_sat_vb": 0.0,
      "avg_underpay_sat_vb": 8.0,
      "within_10pct": 0.0,
      "within_20pct": 0.0,
      "within_50pct": 0.0,
      "asymmetric_loss": 44.800000000000004,
      "mape": 88.8888888888889
    }
  }
}