{
  "timestamp": "2026-05-03T06:05:17.247697",
  "duration_seconds": 1.646626,
  "xgb_results": {
    "1block": {
      "horizon_blocks": 1,
      "mse": 0.07361196294184207,
      "rmse": 0.27131524642349547,
      "mae": 0.17386160294214884,
      "r2": 0.0,
      "block_inclusion_accuracy": 1.0,
      "avg_overpay_sat_vb": 0.17386160294214884,
      "median_overpay_sat_vb": 0.08805906772613525,
      "avg_underpay_sat_vb": 0.0,
      "overpay_mape": 17.386160294214882,
      "within_10pct": 0.5,
      "within_20pct": 0.6666666666666666,
      "within_50pct": 0.8333333333333334,
      "asymmetric_loss": 0.02208358888255262,
      "mape": 17.386160294214882
    },
    "3block": {
      "horizon_blocks": 3,
      "mse": 0.20364764434659102,
      "rmse": 0.4512733587822253,
      "mae": 0.33735992511113483,
      "r2": 0.0,
      "block_inclusion_accuracy": 1.0,
      "avg_overpay_sat_vb": 0.33735992511113483,
      "median_overpay_sat_vb": 0.3291328549385071,
      "avg_underpay_sat_vb": 0.0,
      "overpay_mape": 33.73599251111348,
      "within_10pct": 0.3333333333333333,
      "within_20pct": 0.5,
      "within_50pct": 0.6666666666666666,
      "asymmetric_loss": 0.06109429330397731,
      "mape": 33.73599251111348
    },
    "6block": {
      "horizon_blocks": 6,
      "mse": 0.20364764434659102,
      "rmse": 0.4512733587822253,
      "mae": 0.33735992511113483,
      "r2": 0.0,
      "block_inclusion_accuracy": 1.0,
      "avg_overpay_sat_vb": 0.33735992511113483,
      "median_overpay_sat_vb": 0.3291328549385071,
      "avg_underpay_sat_vb": 0.0,
      "overpay_mape": 33.73599251111348,
      "within_10pct": 0.3333333333333333,
      "within_20pct": 0.5,
      "within_50pct": 0.6666666666666666,
      "asymmetric_loss": 0.06109429330397731,
      "mape": 33.73599251111348
    }
  },
  "lgb_results": {
    "1block": {
      "horizon_blocks": 1,
      "model_type": "lightgbm",
      "mse": 0.0,
      "rmse": 0.0,
      "mae": 0.0,
      "r2": 1.0,
      "block_inclusion_accuracy": 1.0,
      "avg_overpay_sat_vb": 0.0,
      "avg_underpay_sat_vb": 0.0,
      "within_10pct": 1.0,
      "within_20pct": 1.0,
      "within_50pct": 1.0,
      "asymmetric_loss": 0.0,
      "mape": 0.0
    },
    "3block": {
      "horizon_blocks": 3,
      "model_type": "lightgbm",
      "mse": 1.672260022680131e-05,
      "rmse": 0.004089327600816705,
      "mae": 0.004089327600816706,
      "r2": 0.0,
      "block_inclusion_accuracy": 1.0,
      "avg_overpay_sat_vb": 0.004089327600816706,
      "avg_underpay_sat_vb": 0.0,
      "within_10pct": 1.0,
      "within_20pct": 1.0,
      "within_50pct": 1.0,
      "asymmetric_loss": 5.016780068040395e-06,
      "mape": 0.40893276008167057
    },
    "6block": {
      "horizon_blocks": 6,
      "model_type": "lightgbm",
      "mse": 0.0,
      "rmse": 0.0,
      "mae": 0.0,
      "r2": 1.0,
      "block_inclusion_accuracy": 1.0,
      "avg_overpay_sat_vb": 0.0,
      "avg_underpay_sat_vb": 0.0,
      "within_10pct": 1.0,
      "within_20pct": 1.0,
      "within_50pct": 1.0,
      "asymmetric_loss": 0.0,
      "mape": 0.0
    }
  }
}