{
  "timestamp": "2026-05-05T10:41:02.442630",
  "duration_seconds": 1.751532,
  "xgb_results": {
    "1block": {
      "horizon_blocks": 1,
      "mse": 0.5502552354824483,
      "rmse": 0.7417919084773359,
      "mae": 0.6807241042455038,
      "r2": 0.0,
      "block_inclusion_accuracy": 0.0,
      "avg_overpay_sat_vb": 0.0,
      "median_overpay_sat_vb": 0.0,
      "avg_underpay_sat_vb": 0.6807241042455038,
      "overpay_mape": 0.0,
      "within_10pct": 0.0,
      "within_20pct": 0.3333333333333333,
      "within_50pct": 1.0,
      "asymmetric_loss": 0.3851786648377138,
      "mape": 22.690803474850128
    },
    "3block": {
      "horizon_blocks": 3,
      "mse": 0.3901530138372493,
      "rmse": 0.6246222969421195,
      "mae": 0.5483363072077433,
      "r2": 0.0,
      "block_inclusion_accuracy": 1.0,
      "avg_overpay_sat_vb": 0.5483363072077433,
      "median_overpay_sat_vb": 0.37292957305908203,
      "avg_underpay_sat_vb": 0.0,
      "overpay_mape": 18.277876906924774,
      "within_10pct": 0.16666666666666666,
      "within_20pct": 0.6666666666666666,
      "within_50pct": 1.0,
      "asymmetric_loss": 0.11704590415117481,
      "mape": 18.277876906924774
    },
    "6block": {
      "horizon_blocks": 6,
      "mse": 0.3901530138372493,
      "rmse": 0.6246222969421195,
      "mae": 0.5483363072077433,
      "r2": 0.0,
      "block_inclusion_accuracy": 1.0,
      "avg_overpay_sat_vb": 0.5483363072077433,
      "median_overpay_sat_vb": 0.37292957305908203,
      "avg_underpay_sat_vb": 0.0,
      "overpay_mape": 18.277876906924774,
      "within_10pct": 0.16666666666666666,
      "within_20pct": 0.6666666666666666,
      "within_50pct": 1.0,
      "asymmetric_loss": 0.11704590415117481,
      "mape": 18.277876906924774
    }
  },
  "lgb_results": {
    "1block": {
      "horizon_blocks": 1,
      "model_type": "lightgbm",
      "mse": 4.0,
      "rmse": 2.0,
      "mae": 2.0,
      "r2": 0.0,
      "block_inclusion_accuracy": 0.0,
      "avg_overpay_sat_vb": 0.0,
      "avg_underpay_sat_vb": 2.0,
      "within_10pct": 0.0,
      "within_20pct": 0.0,
      "within_50pct": 0.0,
      "asymmetric_loss": 2.8000000000000003,
      "mape": 66.66666666666666
    },
    "3block": {
      "horizon_blocks": 3,
      "model_type": "lightgbm",
      "mse": 3.98365941219696,
      "rmse": 1.9959106723991833,
      "mae": 1.9959106723991835,
      "r2": 0.0,
      "block_inclusion_accuracy": 0.0,
      "avg_overpay_sat_vb": 0.0,
      "avg_underpay_sat_vb": 1.9959106723991835,
      "within_10pct": 0.0,
      "within_20pct": 0.0,
      "within_50pct": 0.0,
      "asymmetric_loss": 2.788561588537872,
      "mape": 66.53035574663944
    },
    "6block": {
      "horizon_blocks": 6,
      "model_type": "lightgbm",
      "mse": 4.0,
      "rmse": 2.0,
      "mae": 2.0,
      "r2": 0.0,
      "block_inclusion_accuracy": 0.0,
      "avg_overpay_sat_vb": 0.0,
      "avg_underpay_sat_vb": 2.0,
      "within_10pct": 0.0,
      "within_20pct": 0.0,
      "within_50pct": 0.0,
      "asymmetric_loss": 2.8000000000000003,
      "mape": 66.66666666666666
    }
  }
}