{
  "timestamp": "2026-05-24T02:53:52.524398",
  "duration_seconds": 3.071781,
  "xgb_results": {
    "1block": {
      "horizon_blocks": 1,
      "mse": 0.14119669507719124,
      "rmse": 0.37576148695308204,
      "mae": 0.31382089853286743,
      "r2": 0.0,
      "block_inclusion_accuracy": 0.16666666666666666,
      "avg_overpay_sat_vb": 0.009699583053588867,
      "median_overpay_sat_vb": 0.0,
      "avg_underpay_sat_vb": 0.30412131547927856,
      "overpay_mape": 0.48497915267944336,
      "within_10pct": 0.5,
      "within_20pct": 0.6666666666666666,
      "within_50pct": 1.0,
      "asymmetric_loss": 0.09861188996664154,
      "mape": 15.691044926643372
    },
    "3block": {
      "horizon_blocks": 3,
      "mse": 0.9342364692070694,
      "rmse": 0.9665590872818223,
      "mae": 0.8771476745605469,
      "r2": 0.0,
      "block_inclusion_accuracy": 0.16666666666666666,
      "avg_overpay_sat_vb": 0.2150280475616455,
      "median_overpay_sat_vb": 0.0,
      "avg_underpay_sat_vb": 0.6621196269989014,
      "overpay_mape": 10.751402378082275,
      "within_10pct": 0.16666666666666666,
      "within_20pct": 0.16666666666666666,
      "within_50pct": 0.3333333333333333,
      "asymmetric_loss": 0.5429965814733326,
      "mape": 43.857383728027344
    },
    "6block": {
      "horizon_blocks": 6,
      "mse": 0.9342364692070694,
      "rmse": 0.9665590872818223,
      "mae": 0.8771476745605469,
      "r2": 0.0,
      "block_inclusion_accuracy": 0.16666666666666666,
      "avg_overpay_sat_vb": 0.2150280475616455,
      "median_overpay_sat_vb": 0.0,
      "avg_underpay_sat_vb": 0.6621196269989014,
      "overpay_mape": 10.751402378082275,
      "within_10pct": 0.16666666666666666,
      "within_20pct": 0.16666666666666666,
      "within_50pct": 0.3333333333333333,
      "asymmetric_loss": 0.5429965814733326,
      "mape": 43.857383728027344
    }
  },
  "lgb_results": {
    "1block": {
      "horizon_blocks": 1,
      "model_type": "lightgbm",
      "mse": 0.888067224981241,
      "rmse": 0.9423731877453013,
      "mae": 0.9423728895223412,
      "r2": 0.0,
      "block_inclusion_accuracy": 0.0,
      "avg_overpay_sat_vb": 0.0,
      "avg_underpay_sat_vb": 0.9423728895223412,
      "within_10pct": 0.0,
      "within_20pct": 0.0,
      "within_50pct": 1.0,
      "asymmetric_loss": 0.6216470574868685,
      "mape": 47.11864447611706
    },
    "3block": {
      "horizon_blocks": 3,
      "model_type": "lightgbm",
      "mse": 0.9918380673985933,
      "rmse": 0.9959106723991832,
      "mae": 0.9959106723991834,
      "r2": 0.0,
      "block_inclusion_accuracy": 0.0,
      "avg_overpay_sat_vb": 0.0,
      "avg_underpay_sat_vb": 0.9959106723991834,
      "within_10pct": 0.0,
      "within_20pct": 0.0,
      "within_50pct": 1.0,
      "asymmetric_loss": 0.6942866471790153,
      "mape": 49.79553361995917
    },
    "6block": {
      "horizon_blocks": 6,
      "model_type": "lightgbm",
      "mse": 1.0,
      "rmse": 1.0,
      "mae": 1.0,
      "r2": 0.0,
      "block_inclusion_accuracy": 0.0,
      "avg_overpay_sat_vb": 0.0,
      "avg_underpay_sat_vb": 1.0,
      "within_10pct": 0.0,
      "within_20pct": 0.0,
      "within_50pct": 0.0,
      "asymmetric_loss": 0.7000000000000001,
      "mape": 50.0
    }
  }
}