{
  "timestamp": "2026-05-08T23:03:19.939915",
  "duration_seconds": 1.943072,
  "xgb_results": {
    "1block": {
      "horizon_blocks": 1,
      "mse": 0.19054544695825845,
      "rmse": 0.4365151165289221,
      "mae": 0.33217036724090576,
      "r2": 0.0,
      "block_inclusion_accuracy": 0.5,
      "avg_overpay_sat_vb": 0.18212799231211343,
      "median_overpay_sat_vb": 0.008233904838562012,
      "avg_underpay_sat_vb": 0.15004237492879233,
      "overpay_mape": 9.106399615605671,
      "within_10pct": 0.5,
      "within_20pct": 0.6666666666666666,
      "within_50pct": 1.0,
      "asymmetric_loss": 0.09086411918853655,
      "mape": 16.608518362045288
    },
    "3block": {
      "horizon_blocks": 3,
      "mse": 0.036713072970506744,
      "rmse": 0.19160655774400506,
      "mae": 0.07822304964065552,
      "r2": 0.0,
      "block_inclusion_accuracy": 1.0,
      "avg_overpay_sat_vb": 0.07822304964065552,
      "median_overpay_sat_vb": 0.0,
      "avg_underpay_sat_vb": 0.0,
      "overpay_mape": 7.822304964065552,
      "within_10pct": 0.8333333333333334,
      "within_20pct": 0.8333333333333334,
      "within_50pct": 1.0,
      "asymmetric_loss": 0.011013921891152025,
      "mape": 7.822304964065552
    },
    "6block": {
      "horizon_blocks": 6,
      "mse": 0.036713072970506744,
      "rmse": 0.19160655774400506,
      "mae": 0.07822304964065552,
      "r2": 0.0,
      "block_inclusion_accuracy": 1.0,
      "avg_overpay_sat_vb": 0.07822304964065552,
      "median_overpay_sat_vb": 0.0,
      "avg_underpay_sat_vb": 0.0,
      "overpay_mape": 7.822304964065552,
      "within_10pct": 0.8333333333333334,
      "within_20pct": 0.8333333333333334,
      "within_50pct": 1.0,
      "asymmetric_loss": 0.011013921891152025,
      "mape": 7.822304964065552
    }
  },
  "lgb_results": {
    "1block": {
      "horizon_blocks": 1,
      "model_type": "lightgbm",
      "mse": 0.7944433354739839,
      "rmse": 0.8913155083773556,
      "mae": 0.8913151930711322,
      "r2": 0.0,
      "block_inclusion_accuracy": 0.0,
      "avg_overpay_sat_vb": 0.0,
      "avg_underpay_sat_vb": 0.8913151930711322,
      "within_10pct": 0.0,
      "within_20pct": 0.0,
      "within_50pct": 1.0,
      "asymmetric_loss": 0.5561103348317888,
      "mape": 44.56575965355661
    },
    "3block": {
      "horizon_blocks": 3,
      "model_type": "lightgbm",
      "mse": 1.672260022680131e-05,
      "rmse": 0.004089327600816705,
      "mae": 0.004089327600816706,
      "r2": 0.0,
      "block_inclusion_accuracy": 1.0,
      "avg_overpay_sat_vb": 0.004089327600816706,
      "avg_underpay_sat_vb": 0.0,
      "within_10pct": 1.0,
      "within_20pct": 1.0,
      "within_50pct": 1.0,
      "asymmetric_loss": 5.016780068040395e-06,
      "mape": 0.40893276008167057
    },
    "6block": {
      "horizon_blocks": 6,
      "model_type": "lightgbm",
      "mse": 0.0,
      "rmse": 0.0,
      "mae": 0.0,
      "r2": 1.0,
      "block_inclusion_accuracy": 1.0,
      "avg_overpay_sat_vb": 0.0,
      "avg_underpay_sat_vb": 0.0,
      "within_10pct": 1.0,
      "within_20pct": 1.0,
      "within_50pct": 1.0,
      "asymmetric_loss": 0.0,
      "mape": 0.0
    }
  }
}