{
  "timestamp": "2026-05-09T20:06:07.098665",
  "duration_seconds": 2.299392,
  "xgb_results": {
    "1block": {
      "horizon_blocks": 1,
      "mse": 4.115013065160838,
      "rmse": 2.028549497833572,
      "mae": 2.0213056405385337,
      "r2": 0.0,
      "block_inclusion_accuracy": 0.0,
      "avg_overpay_sat_vb": 0.0,
      "median_overpay_sat_vb": 0.0,
      "avg_underpay_sat_vb": 2.0213056405385337,
      "overpay_mape": 0.0,
      "within_10pct": 0.0,
      "within_20pct": 0.0,
      "within_50pct": 1.0,
      "asymmetric_loss": 2.880509145612587,
      "mape": 40.42611281077066
    },
    "3block": {
      "horizon_blocks": 3,
      "mse": 1.8314995058796057,
      "rmse": 1.3533290456794334,
      "mae": 1.1535193920135498,
      "r2": 0.0,
      "block_inclusion_accuracy": 1.0,
      "avg_overpay_sat_vb": 1.1535193920135498,
      "median_overpay_sat_vb": 1.0750079154968262,
      "avg_underpay_sat_vb": 0.0,
      "overpay_mape": 23.070387840270996,
      "within_10pct": 0.16666666666666666,
      "within_20pct": 0.5,
      "within_50pct": 1.0,
      "asymmetric_loss": 0.5494498517638817,
      "mape": 23.070387840270996
    },
    "6block": {
      "horizon_blocks": 6,
      "mse": 1.8314995058796057,
      "rmse": 1.3533290456794334,
      "mae": 1.1535193920135498,
      "r2": 0.0,
      "block_inclusion_accuracy": 1.0,
      "avg_overpay_sat_vb": 1.1535193920135498,
      "median_overpay_sat_vb": 1.0750079154968262,
      "avg_underpay_sat_vb": 0.0,
      "overpay_mape": 23.070387840270996,
      "within_10pct": 0.16666666666666666,
      "within_20pct": 0.5,
      "within_50pct": 1.0,
      "asymmetric_loss": 0.5494498517638817,
      "mape": 23.070387840270996
    }
  },
  "lgb_results": {
    "1block": {
      "horizon_blocks": 1,
      "model_type": "lightgbm",
      "mse": 16.0,
      "rmse": 4.0,
      "mae": 4.0,
      "r2": 0.0,
      "block_inclusion_accuracy": 0.0,
      "avg_overpay_sat_vb": 0.0,
      "avg_underpay_sat_vb": 4.0,
      "within_10pct": 0.0,
      "within_20pct": 0.0,
      "within_50pct": 0.0,
      "asymmetric_loss": 11.200000000000001,
      "mape": 80.0
    },
    "3block": {
      "horizon_blocks": 3,
      "model_type": "lightgbm",
      "mse": 15.967302101793694,
      "rmse": 3.9959106723991833,
      "mae": 3.9959106723991833,
      "r2": 0.0,
      "block_inclusion_accuracy": 0.0,
      "avg_overpay_sat_vb": 0.0,
      "avg_underpay_sat_vb": 3.9959106723991833,
      "within_10pct": 0.0,
      "within_20pct": 0.0,
      "within_50pct": 0.0,
      "asymmetric_loss": 11.177111471255586,
      "mape": 79.91821344798366
    },
    "6block": {
      "horizon_blocks": 6,
      "model_type": "lightgbm",
      "mse": 16.0,
      "rmse": 4.0,
      "mae": 4.0,
      "r2": 0.0,
      "block_inclusion_accuracy": 0.0,
      "avg_overpay_sat_vb": 0.0,
      "avg_underpay_sat_vb": 4.0,
      "within_10pct": 0.0,
      "within_20pct": 0.0,
      "within_50pct": 0.0,
      "asymmetric_loss": 11.200000000000001,
      "mape": 80.0
    }
  }
}