{
  "timestamp": "2026-05-18T23:06:19.406355",
  "duration_seconds": 2.619397,
  "xgb_results": {
    "1block": {
      "horizon_blocks": 1,
      "mse": 0.16684704454941843,
      "rmse": 0.40846914761021846,
      "mae": 0.31454014778137207,
      "r2": 0.0,
      "block_inclusion_accuracy": 0.6666666666666666,
      "avg_overpay_sat_vb": 0.2781211535135905,
      "median_overpay_sat_vb": 0.1714620590209961,
      "avg_underpay_sat_vb": 0.03641899426778158,
      "overpay_mape": 9.270705117119682,
      "within_10pct": 0.6666666666666666,
      "within_20pct": 0.8333333333333334,
      "within_50pct": 1.0,
      "asymmetric_loss": 0.05286499057933914,
      "mape": 10.484671592712402
    },
    "3block": {
      "horizon_blocks": 3,
      "mse": 1.6924176871459717,
      "rmse": 1.3009295473414275,
      "mae": 0.9603886206944784,
      "r2": 0.0,
      "block_inclusion_accuracy": 0.16666666666666666,
      "avg_overpay_sat_vb": 0.008299668629964193,
      "median_overpay_sat_vb": 0.0,
      "avg_underpay_sat_vb": 0.9520889520645142,
      "overpay_mape": 0.2766556209988065,
      "within_10pct": 0.5,
      "within_20pct": 0.5,
      "within_50pct": 0.5,
      "asymmetric_loss": 1.1845270582036989,
      "mape": 32.012954023149284
    },
    "6block": {
      "horizon_blocks": 6,
      "mse": 1.6924176871459717,
      "rmse": 1.3009295473414275,
      "mae": 0.9603886206944784,
      "r2": 0.0,
      "block_inclusion_accuracy": 0.16666666666666666,
      "avg_overpay_sat_vb": 0.008299668629964193,
      "median_overpay_sat_vb": 0.0,
      "avg_underpay_sat_vb": 0.9520889520645142,
      "overpay_mape": 0.2766556209988065,
      "within_10pct": 0.5,
      "within_20pct": 0.5,
      "within_50pct": 0.5,
      "asymmetric_loss": 1.1845270582036989,
      "mape": 32.012954023149284
    }
  },
  "lgb_results": {
    "1block": {
      "horizon_blocks": 1,
      "model_type": "lightgbm",
      "mse": 4.0,
      "rmse": 2.0,
      "mae": 2.0,
      "r2": 0.0,
      "block_inclusion_accuracy": 0.0,
      "avg_overpay_sat_vb": 0.0,
      "avg_underpay_sat_vb": 2.0,
      "within_10pct": 0.0,
      "within_20pct": 0.0,
      "within_50pct": 0.0,
      "asymmetric_loss": 2.8000000000000003,
      "mape": 66.66666666666666
    },
    "3block": {
      "horizon_blocks": 3,
      "model_type": "lightgbm",
      "mse": 3.98365941219696,
      "rmse": 1.9959106723991833,
      "mae": 1.9959106723991835,
      "r2": 0.0,
      "block_inclusion_accuracy": 0.0,
      "avg_overpay_sat_vb": 0.0,
      "avg_underpay_sat_vb": 1.9959106723991835,
      "within_10pct": 0.0,
      "within_20pct": 0.0,
      "within_50pct": 0.0,
      "asymmetric_loss": 2.788561588537872,
      "mape": 66.53035574663944
    },
    "6block": {
      "horizon_blocks": 6,
      "model_type": "lightgbm",
      "mse": 4.0,
      "rmse": 2.0,
      "mae": 2.0,
      "r2": 0.0,
      "block_inclusion_accuracy": 0.0,
      "avg_overpay_sat_vb": 0.0,
      "avg_underpay_sat_vb": 2.0,
      "within_10pct": 0.0,
      "within_20pct": 0.0,
      "within_50pct": 0.0,
      "asymmetric_loss": 2.8000000000000003,
      "mape": 66.66666666666666
    }
  }
}