{
  "timestamp": "2026-04-17T22:46:05.137964",
  "duration_seconds": 0.447461,
  "xgb_results": {
    "1block": {
      "horizon_blocks": 1,
      "mse": 0.1652158957090061,
      "rmse": 0.40646758260531196,
      "mae": 0.4027368227640788,
      "r2": 0.0,
      "block_inclusion_accuracy": 1.0,
      "avg_overpay_sat_vb": 0.4027368227640788,
      "median_overpay_sat_vb": 0.3791780471801758,
      "avg_underpay_sat_vb": 0.0,
      "overpay_mape": 40.27368227640788,
      "within_10pct": 0.0,
      "within_20pct": 0.0,
      "within_50pct": 1.0,
      "asymmetric_loss": 0.049564768712701844,
      "mape": 40.27368227640788
    },
    "3block": {
      "horizon_blocks": 3,
      "mse": 0.04358081239814263,
      "rmse": 0.20876017914856904,
      "mae": 0.20291781425476074,
      "r2": 0.0,
      "block_inclusion_accuracy": 1.0,
      "avg_overpay_sat_vb": 0.20291781425476074,
      "median_overpay_sat_vb": 0.18105673789978027,
      "avg_underpay_sat_vb": 0.0,
      "overpay_mape": 20.291781425476074,
      "within_10pct": 0.0,
      "within_20pct": 0.6666666666666666,
      "within_50pct": 1.0,
      "asymmetric_loss": 0.013074243719442791,
      "mape": 20.291781425476074
    },
    "6block": {
      "horizon_blocks": 6,
      "mse": 0.04358081239814263,
      "rmse": 0.20876017914856904,
      "mae": 0.20291781425476074,
      "r2": 0.0,
      "block_inclusion_accuracy": 1.0,
      "avg_overpay_sat_vb": 0.20291781425476074,
      "median_overpay_sat_vb": 0.18105673789978027,
      "avg_underpay_sat_vb": 0.0,
      "overpay_mape": 20.291781425476074,
      "within_10pct": 0.0,
      "within_20pct": 0.6666666666666666,
      "within_50pct": 1.0,
      "asymmetric_loss": 0.013074243719442791,
      "mape": 20.291781425476074
    }
  },
  "lgb_results": {
    "1block": {
      "horizon_blocks": 1,
      "model_type": "lightgbm",
      "mse": 0.0,
      "rmse": 0.0,
      "mae": 0.0,
      "r2": 1.0,
      "block_inclusion_accuracy": 1.0,
      "avg_overpay_sat_vb": 0.0,
      "avg_underpay_sat_vb": 0.0,
      "within_10pct": 1.0,
      "within_20pct": 1.0,
      "within_50pct": 1.0,
      "asymmetric_loss": 0.0,
      "mape": 0.0
    },
    "3block": {
      "horizon_blocks": 3,
      "model_type": "lightgbm",
      "mse": 1.672260022680131e-05,
      "rmse": 0.004089327600816705,
      "mae": 0.004089327600816706,
      "r2": 0.0,
      "block_inclusion_accuracy": 1.0,
      "avg_overpay_sat_vb": 0.004089327600816706,
      "avg_underpay_sat_vb": 0.0,
      "within_10pct": 1.0,
      "within_20pct": 1.0,
      "within_50pct": 1.0,
      "asymmetric_loss": 5.016780068040395e-06,
      "mape": 0.40893276008167057
    },
    "6block": {
      "horizon_blocks": 6,
      "model_type": "lightgbm",
      "mse": 0.0,
      "rmse": 0.0,
      "mae": 0.0,
      "r2": 1.0,
      "block_inclusion_accuracy": 1.0,
      "avg_overpay_sat_vb": 0.0,
      "avg_underpay_sat_vb": 0.0,
      "within_10pct": 1.0,
      "within_20pct": 1.0,
      "within_50pct": 1.0,
      "asymmetric_loss": 0.0,
      "mape": 0.0
    }
  }
}