{
  "timestamp": "2026-04-19T07:23:30.498476",
  "duration_seconds": 0.724237,
  "xgb_results": {
    "1block": {
      "horizon_blocks": 1,
      "mse": 0.00010350689786757054,
      "rmse": 0.010173833980735607,
      "mae": 0.00415345033009847,
      "r2": 0.0,
      "block_inclusion_accuracy": 1.0,
      "avg_overpay_sat_vb": 0.00415345033009847,
      "median_overpay_sat_vb": 0.0,
      "avg_underpay_sat_vb": 0.0,
      "overpay_mape": 0.415345033009847,
      "within_10pct": 1.0,
      "within_20pct": 1.0,
      "within_50pct": 1.0,
      "asymmetric_loss": 3.105206936027117e-05,
      "mape": 0.415345033009847
    },
    "3block": {
      "horizon_blocks": 3,
      "mse": 0.028978643707271583,
      "rmse": 0.1702311478762673,
      "mae": 0.12541004021962485,
      "r2": 0.0,
      "block_inclusion_accuracy": 1.0,
      "avg_overpay_sat_vb": 0.12541004021962485,
      "median_overpay_sat_vb": 0.10281705856323242,
      "avg_underpay_sat_vb": 0.0,
      "overpay_mape": 12.541004021962484,
      "within_10pct": 0.5,
      "within_20pct": 0.6666666666666666,
      "within_50pct": 1.0,
      "asymmetric_loss": 0.008693593112181477,
      "mape": 12.541004021962484
    },
    "6block": {
      "horizon_blocks": 6,
      "mse": 0.028978643707271583,
      "rmse": 0.1702311478762673,
      "mae": 0.12541004021962485,
      "r2": 0.0,
      "block_inclusion_accuracy": 1.0,
      "avg_overpay_sat_vb": 0.12541004021962485,
      "median_overpay_sat_vb": 0.10281705856323242,
      "avg_underpay_sat_vb": 0.0,
      "overpay_mape": 12.541004021962484,
      "within_10pct": 0.5,
      "within_20pct": 0.6666666666666666,
      "within_50pct": 1.0,
      "asymmetric_loss": 0.008693593112181477,
      "mape": 12.541004021962484
    }
  },
  "lgb_results": {
    "1block": {
      "horizon_blocks": 1,
      "model_type": "lightgbm",
      "mse": 0.08609560774377285,
      "rmse": 0.2934205305423819,
      "mae": 0.29341899806332594,
      "r2": 0.0,
      "block_inclusion_accuracy": 1.0,
      "avg_overpay_sat_vb": 0.29341899806332594,
      "avg_underpay_sat_vb": 0.0,
      "within_10pct": 0.0,
      "within_20pct": 0.0,
      "within_50pct": 1.0,
      "asymmetric_loss": 0.02582868232313186,
      "mape": 29.341899806332595
    },
    "3block": {
      "horizon_blocks": 3,
      "model_type": "lightgbm",
      "mse": 1.672260022680131e-05,
      "rmse": 0.004089327600816705,
      "mae": 0.004089327600816706,
      "r2": 0.0,
      "block_inclusion_accuracy": 1.0,
      "avg_overpay_sat_vb": 0.004089327600816706,
      "avg_underpay_sat_vb": 0.0,
      "within_10pct": 1.0,
      "within_20pct": 1.0,
      "within_50pct": 1.0,
      "asymmetric_loss": 5.016780068040395e-06,
      "mape": 0.40893276008167057
    },
    "6block": {
      "horizon_blocks": 6,
      "model_type": "lightgbm",
      "mse": 0.0005570460757518531,
      "rmse": 0.023601823568357026,
      "mae": 0.013626519190556982,
      "r2": 0.0,
      "block_inclusion_accuracy": 1.0,
      "avg_overpay_sat_vb": 0.013626519190556982,
      "avg_underpay_sat_vb": 0.0,
      "within_10pct": 1.0,
      "within_20pct": 1.0,
      "within_50pct": 1.0,
      "asymmetric_loss": 0.00016711382272555593,
      "mape": 1.3626519190556983
    }
  }
}