{
  "timestamp": "2026-05-25T12:00:27.671986",
  "duration_seconds": 3.696287,
  "xgb_results": {
    "1block": {
      "horizon_blocks": 1,
      "mse": 0.21228247333701233,
      "rmse": 0.46074122166028547,
      "mae": 0.37876848379770917,
      "r2": 0.0,
      "block_inclusion_accuracy": 0.6666666666666666,
      "avg_overpay_sat_vb": 0.2615973154703776,
      "median_overpay_sat_vb": 0.12904572486877441,
      "avg_underpay_sat_vb": 0.11717116832733154,
      "overpay_mape": 6.53993288675944,
      "within_10pct": 0.5,
      "within_20pct": 0.8333333333333334,
      "within_50pct": 1.0,
      "asymmetric_loss": 0.08478101822080646,
      "mape": 9.46921209494273
    },
    "3block": {
      "horizon_blocks": 3,
      "mse": 4.523439155059438,
      "rmse": 2.126837829985972,
      "mae": 1.802034596602122,
      "r2": 0.0,
      "block_inclusion_accuracy": 0.16666666666666666,
      "avg_overpay_sat_vb": 0.04314033190409342,
      "median_overpay_sat_vb": 0.0,
      "avg_underpay_sat_vb": 1.7588942646980286,
      "overpay_mape": 1.0785082976023355,
      "within_10pct": 0.16666666666666666,
      "within_20pct": 0.3333333333333333,
      "within_50pct": 0.5,
      "asymmetric_loss": 3.1619407967732975,
      "mape": 45.050864915053054
    },
    "6block": {
      "horizon_blocks": 6,
      "mse": 4.523439155059438,
      "rmse": 2.126837829985972,
      "mae": 1.802034596602122,
      "r2": 0.0,
      "block_inclusion_accuracy": 0.16666666666666666,
      "avg_overpay_sat_vb": 0.04314033190409342,
      "median_overpay_sat_vb": 0.0,
      "avg_underpay_sat_vb": 1.7588942646980286,
      "overpay_mape": 1.0785082976023355,
      "within_10pct": 0.16666666666666666,
      "within_20pct": 0.3333333333333333,
      "within_50pct": 0.5,
      "asymmetric_loss": 3.1619407967732975,
      "mape": 45.050864915053054
    }
  },
  "lgb_results": {
    "1block": {
      "horizon_blocks": 1,
      "model_type": "lightgbm",
      "mse": 9.0,
      "rmse": 3.0,
      "mae": 3.0,
      "r2": 0.0,
      "block_inclusion_accuracy": 0.0,
      "avg_overpay_sat_vb": 0.0,
      "avg_underpay_sat_vb": 3.0,
      "within_10pct": 0.0,
      "within_20pct": 0.0,
      "within_50pct": 0.0,
      "asymmetric_loss": 6.3,
      "mape": 75.0
    },
    "3block": {
      "horizon_blocks": 3,
      "model_type": "lightgbm",
      "mse": 8.975480756995326,
      "rmse": 2.9959106723991833,
      "mae": 2.9959106723991833,
      "r2": 0.0,
      "block_inclusion_accuracy": 0.0,
      "avg_overpay_sat_vb": 0.0,
      "avg_underpay_sat_vb": 2.9959106723991833,
      "within_10pct": 0.0,
      "within_20pct": 0.0,
      "within_50pct": 0.0,
      "asymmetric_loss": 6.282836529896728,
      "mape": 74.89776680997959
    },
    "6block": {
      "horizon_blocks": 6,
      "model_type": "lightgbm",
      "mse": 9.0,
      "rmse": 3.0,
      "mae": 3.0,
      "r2": 0.0,
      "block_inclusion_accuracy": 0.0,
      "avg_overpay_sat_vb": 0.0,
      "avg_underpay_sat_vb": 3.0,
      "within_10pct": 0.0,
      "within_20pct": 0.0,
      "within_50pct": 0.0,
      "asymmetric_loss": 6.3,
      "mape": 75.0
    }
  }
}