{
  "timestamp": "2026-05-31T22:07:06.856241",
  "duration_seconds": 3.480219,
  "xgb_results": {
    "1block": {
      "horizon_blocks": 1,
      "mse": 0.18627662697673722,
      "rmse": 0.4315977606252577,
      "mae": 0.277521272500356,
      "r2": -0.34119171423250827,
      "block_inclusion_accuracy": 0.8333333333333334,
      "avg_overpay_sat_vb": 0.14116986592610678,
      "median_overpay_sat_vb": 0.0,
      "avg_underpay_sat_vb": 0.13635140657424927,
      "overpay_mape": 14.116986592610678,
      "within_10pct": 0.5,
      "within_20pct": 0.5,
      "within_50pct": 0.8333333333333334,
      "asymmetric_loss": 0.1005030826724841,
      "mape": 20.934556921323143
    },
    "3block": {
      "horizon_blocks": 3,
      "mse": 1.3255688123739944,
      "rmse": 1.1513334931174348,
      "mae": 1.0776572823524475,
      "r2": 0.0,
      "block_inclusion_accuracy": 0.3333333333333333,
      "avg_overpay_sat_vb": 0.4168059428532918,
      "median_overpay_sat_vb": 0.0,
      "avg_underpay_sat_vb": 0.6608513394991556,
      "overpay_mape": 20.84029714266459,
      "within_10pct": 0.0,
      "within_20pct": 0.0,
      "within_50pct": 0.3333333333333333,
      "asymmetric_loss": 0.6597662119170127,
      "mape": 53.882864117622375
    },
    "6block": {
      "horizon_blocks": 6,
      "mse": 1.3255688123739944,
      "rmse": 1.1513334931174348,
      "mae": 1.0776572823524475,
      "r2": 0.0,
      "block_inclusion_accuracy": 0.3333333333333333,
      "avg_overpay_sat_vb": 0.4168059428532918,
      "median_overpay_sat_vb": 0.0,
      "avg_underpay_sat_vb": 0.6608513394991556,
      "overpay_mape": 20.84029714266459,
      "within_10pct": 0.0,
      "within_20pct": 0.0,
      "within_50pct": 0.3333333333333333,
      "asymmetric_loss": 0.6597662119170127,
      "mape": 53.882864117622375
    }
  },
  "lgb_results": {
    "1block": {
      "horizon_blocks": 1,
      "model_type": "lightgbm",
      "mse": 0.16666666666666666,
      "rmse": 0.408248290463863,
      "mae": 0.16666666666666666,
      "r2": -0.20000000000000018,
      "block_inclusion_accuracy": 0.8333333333333334,
      "avg_overpay_sat_vb": 0.0,
      "avg_underpay_sat_vb": 0.16666666666666666,
      "within_10pct": 0.8333333333333334,
      "within_20pct": 0.8333333333333334,
      "within_50pct": 0.8333333333333334,
      "asymmetric_loss": 0.11666666666666665,
      "mape": 8.333333333333332
    },
    "3block": {
      "horizon_blocks": 3,
      "model_type": "lightgbm",
      "mse": 0.9918380673985933,
      "rmse": 0.9959106723991832,
      "mae": 0.9959106723991834,
      "r2": 0.0,
      "block_inclusion_accuracy": 0.0,
      "avg_overpay_sat_vb": 0.0,
      "avg_underpay_sat_vb": 0.9959106723991834,
      "within_10pct": 0.0,
      "within_20pct": 0.0,
      "within_50pct": 1.0,
      "asymmetric_loss": 0.6942866471790153,
      "mape": 49.79553361995917
    },
    "6block": {
      "horizon_blocks": 6,
      "model_type": "lightgbm",
      "mse": 1.0,
      "rmse": 1.0,
      "mae": 1.0,
      "r2": 0.0,
      "block_inclusion_accuracy": 0.0,
      "avg_overpay_sat_vb": 0.0,
      "avg_underpay_sat_vb": 1.0,
      "within_10pct": 0.0,
      "within_20pct": 0.0,
      "within_50pct": 0.0,
      "asymmetric_loss": 0.7000000000000001,
      "mape": 50.0
    }
  }
}