{
  "timestamp": "2026-04-18T11:42:40.313932",
  "duration_seconds": 0.599736,
  "xgb_results": {
    "1block": {
      "horizon_blocks": 1,
      "mse": 0.02165123493035992,
      "rmse": 0.14714358609997216,
      "mae": 0.1354660987854004,
      "r2": 0.0,
      "block_inclusion_accuracy": 0.0,
      "avg_overpay_sat_vb": 0.0,
      "median_overpay_sat_vb": 0.0,
      "avg_underpay_sat_vb": 0.1354660987854004,
      "overpay_mape": 0.0,
      "within_10pct": 0.8333333333333334,
      "within_20pct": 1.0,
      "within_50pct": 1.0,
      "asymmetric_loss": 0.015155864451251944,
      "mape": 6.7733049392700195
    },
    "3block": {
      "horizon_blocks": 3,
      "mse": 0.11266272151189582,
      "rmse": 0.33565267988189196,
      "mae": 0.28541020552317303,
      "r2": 0.0,
      "block_inclusion_accuracy": 1.0,
      "avg_overpay_sat_vb": 0.28541020552317303,
      "median_overpay_sat_vb": 0.3221937417984009,
      "avg_underpay_sat_vb": 0.0,
      "overpay_mape": 14.270510276158651,
      "within_10pct": 0.3333333333333333,
      "within_20pct": 0.6666666666666666,
      "within_50pct": 1.0,
      "asymmetric_loss": 0.033798816453568754,
      "mape": 14.270510276158651
    },
    "6block": {
      "horizon_blocks": 6,
      "mse": 0.11266272151189582,
      "rmse": 0.33565267988189196,
      "mae": 0.28541020552317303,
      "r2": 0.0,
      "block_inclusion_accuracy": 1.0,
      "avg_overpay_sat_vb": 0.28541020552317303,
      "median_overpay_sat_vb": 0.3221937417984009,
      "avg_underpay_sat_vb": 0.0,
      "overpay_mape": 14.270510276158651,
      "within_10pct": 0.3333333333333333,
      "within_20pct": 0.6666666666666666,
      "within_50pct": 1.0,
      "asymmetric_loss": 0.033798816453568754,
      "mape": 14.270510276158651
    }
  },
  "lgb_results": {
    "1block": {
      "horizon_blocks": 1,
      "model_type": "lightgbm",
      "mse": 1.0,
      "rmse": 1.0,
      "mae": 1.0,
      "r2": 0.0,
      "block_inclusion_accuracy": 0.0,
      "avg_overpay_sat_vb": 0.0,
      "avg_underpay_sat_vb": 1.0,
      "within_10pct": 0.0,
      "within_20pct": 0.0,
      "within_50pct": 0.0,
      "asymmetric_loss": 0.7000000000000001,
      "mape": 50.0
    },
    "3block": {
      "horizon_blocks": 3,
      "model_type": "lightgbm",
      "mse": 0.9918380673985933,
      "rmse": 0.9959106723991832,
      "mae": 0.9959106723991834,
      "r2": 0.0,
      "block_inclusion_accuracy": 0.0,
      "avg_overpay_sat_vb": 0.0,
      "avg_underpay_sat_vb": 0.9959106723991834,
      "within_10pct": 0.0,
      "within_20pct": 0.0,
      "within_50pct": 1.0,
      "asymmetric_loss": 0.6942866471790153,
      "mape": 49.79553361995917
    },
    "6block": {
      "horizon_blocks": 6,
      "model_type": "lightgbm",
      "mse": 1.0,
      "rmse": 1.0,
      "mae": 1.0,
      "r2": 0.0,
      "block_inclusion_accuracy": 0.0,
      "avg_overpay_sat_vb": 0.0,
      "avg_underpay_sat_vb": 1.0,
      "within_10pct": 0.0,
      "within_20pct": 0.0,
      "within_50pct": 0.0,
      "asymmetric_loss": 0.7000000000000001,
      "mape": 50.0
    }
  }
}