{
  "timestamp": "2026-05-10T13:16:45.368874",
  "duration_seconds": 2.177628,
  "xgb_results": {
    "1block": {
      "horizon_blocks": 1,
      "mse": 0.14105026265616752,
      "rmse": 0.37556658884433197,
      "mae": 0.23196802536646524,
      "r2": 0.0,
      "block_inclusion_accuracy": 1.0,
      "avg_overpay_sat_vb": 0.23196802536646524,
      "median_overpay_sat_vb": 0.07796680927276611,
      "avg_underpay_sat_vb": 0.0,
      "overpay_mape": 23.196802536646523,
      "within_10pct": 0.5,
      "within_20pct": 0.6666666666666666,
      "within_50pct": 0.8333333333333334,
      "asymmetric_loss": 0.042315078796850265,
      "mape": 23.196802536646523
    },
    "3block": {
      "horizon_blocks": 3,
      "mse": 1.468330684985034,
      "rmse": 1.2117469558389795,
      "mae": 0.9729645649592081,
      "r2": 0.0,
      "block_inclusion_accuracy": 1.0,
      "avg_overpay_sat_vb": 0.9729645649592081,
      "median_overpay_sat_vb": 1.0910176038742065,
      "avg_underpay_sat_vb": 0.0,
      "overpay_mape": 97.29645649592081,
      "within_10pct": 0.3333333333333333,
      "within_20pct": 0.3333333333333333,
      "within_50pct": 0.3333333333333333,
      "asymmetric_loss": 0.4404992054955102,
      "mape": 97.29645649592081
    },
    "6block": {
      "horizon_blocks": 6,
      "mse": 1.468330684985034,
      "rmse": 1.2117469558389795,
      "mae": 0.9729645649592081,
      "r2": 0.0,
      "block_inclusion_accuracy": 1.0,
      "avg_overpay_sat_vb": 0.9729645649592081,
      "median_overpay_sat_vb": 1.0910176038742065,
      "avg_underpay_sat_vb": 0.0,
      "overpay_mape": 97.29645649592081,
      "within_10pct": 0.3333333333333333,
      "within_20pct": 0.3333333333333333,
      "within_50pct": 0.3333333333333333,
      "asymmetric_loss": 0.4404992054955102,
      "mape": 97.29645649592081
    }
  },
  "lgb_results": {
    "1block": {
      "horizon_blocks": 1,
      "model_type": "lightgbm",
      "mse": 0.0,
      "rmse": 0.0,
      "mae": 0.0,
      "r2": 1.0,
      "block_inclusion_accuracy": 1.0,
      "avg_overpay_sat_vb": 0.0,
      "avg_underpay_sat_vb": 0.0,
      "within_10pct": 1.0,
      "within_20pct": 1.0,
      "within_50pct": 1.0,
      "asymmetric_loss": 0.0,
      "mape": 0.0
    },
    "3block": {
      "horizon_blocks": 3,
      "model_type": "lightgbm",
      "mse": 1.672260022680131e-05,
      "rmse": 0.004089327600816705,
      "mae": 0.004089327600816706,
      "r2": 0.0,
      "block_inclusion_accuracy": 1.0,
      "avg_overpay_sat_vb": 0.004089327600816706,
      "avg_underpay_sat_vb": 0.0,
      "within_10pct": 1.0,
      "within_20pct": 1.0,
      "within_50pct": 1.0,
      "asymmetric_loss": 5.016780068040395e-06,
      "mape": 0.40893276008167057
    },
    "6block": {
      "horizon_blocks": 6,
      "model_type": "lightgbm",
      "mse": 0.0,
      "rmse": 0.0,
      "mae": 0.0,
      "r2": 1.0,
      "block_inclusion_accuracy": 1.0,
      "avg_overpay_sat_vb": 0.0,
      "avg_underpay_sat_vb": 0.0,
      "within_10pct": 1.0,
      "within_20pct": 1.0,
      "within_50pct": 1.0,
      "asymmetric_loss": 0.0,
      "mape": 0.0
    }
  }
}