{
  "timestamp": "2026-05-12T21:25:34.295005",
  "duration_seconds": 2.397646,
  "xgb_results": {
    "1block": {
      "horizon_blocks": 1,
      "mse": 0.01382241882118033,
      "rmse": 0.11756878336182751,
      "mae": 0.06100771824518839,
      "r2": 0.0,
      "block_inclusion_accuracy": 1.0,
      "avg_overpay_sat_vb": 0.06100771824518839,
      "median_overpay_sat_vb": 0.0,
      "avg_underpay_sat_vb": 0.0,
      "overpay_mape": 6.100771824518839,
      "within_10pct": 0.8333333333333334,
      "within_20pct": 0.8333333333333334,
      "within_50pct": 1.0,
      "asymmetric_loss": 0.0041467256463541,
      "mape": 6.100771824518839
    },
    "3block": {
      "horizon_blocks": 3,
      "mse": 0.4627821010750992,
      "rmse": 0.6802808986551799,
      "mae": 0.40171295404434204,
      "r2": 0.0,
      "block_inclusion_accuracy": 1.0,
      "avg_overpay_sat_vb": 0.40171295404434204,
      "median_overpay_sat_vb": 0.07070779800415039,
      "avg_underpay_sat_vb": 0.0,
      "overpay_mape": 40.171295404434204,
      "within_10pct": 0.5,
      "within_20pct": 0.6666666666666666,
      "within_50pct": 0.6666666666666666,
      "asymmetric_loss": 0.13883463032252977,
      "mape": 40.171295404434204
    },
    "6block": {
      "horizon_blocks": 6,
      "mse": 0.4627821010750992,
      "rmse": 0.6802808986551799,
      "mae": 0.40171295404434204,
      "r2": 0.0,
      "block_inclusion_accuracy": 1.0,
      "avg_overpay_sat_vb": 0.40171295404434204,
      "median_overpay_sat_vb": 0.07070779800415039,
      "avg_underpay_sat_vb": 0.0,
      "overpay_mape": 40.171295404434204,
      "within_10pct": 0.5,
      "within_20pct": 0.6666666666666666,
      "within_50pct": 0.6666666666666666,
      "asymmetric_loss": 0.13883463032252977,
      "mape": 40.171295404434204
    }
  },
  "lgb_results": {
    "1block": {
      "horizon_blocks": 1,
      "model_type": "lightgbm",
      "mse": 0.00853976453756415,
      "rmse": 0.09241084642813391,
      "mae": 0.09241084642813391,
      "r2": 0.0,
      "block_inclusion_accuracy": 1.0,
      "avg_overpay_sat_vb": 0.09241084642813391,
      "avg_underpay_sat_vb": 0.0,
      "within_10pct": 1.0,
      "within_20pct": 1.0,
      "within_50pct": 1.0,
      "asymmetric_loss": 0.002561929361269245,
      "mape": 9.24108464281339
    },
    "3block": {
      "horizon_blocks": 3,
      "model_type": "lightgbm",
      "mse": 0.0,
      "rmse": 0.0,
      "mae": 0.0,
      "r2": 1.0,
      "block_inclusion_accuracy": 1.0,
      "avg_overpay_sat_vb": 0.0,
      "avg_underpay_sat_vb": 0.0,
      "within_10pct": 1.0,
      "within_20pct": 1.0,
      "within_50pct": 1.0,
      "asymmetric_loss": 0.0,
      "mape": 0.0
    },
    "6block": {
      "horizon_blocks": 6,
      "model_type": "lightgbm",
      "mse": 0.0,
      "rmse": 0.0,
      "mae": 0.0,
      "r2": 1.0,
      "block_inclusion_accuracy": 1.0,
      "avg_overpay_sat_vb": 0.0,
      "avg_underpay_sat_vb": 0.0,
      "within_10pct": 1.0,
      "within_20pct": 1.0,
      "within_50pct": 1.0,
      "asymmetric_loss": 0.0,
      "mape": 0.0
    }
  }
}