{
  "timestamp": "2026-04-24T08:04:57.860729",
  "duration_seconds": 0.993433,
  "xgb_results": {
    "1block": {
      "horizon_blocks": 1,
      "mse": 0.08356777094266003,
      "rmse": 0.28908090726068375,
      "mae": 0.16627220312754312,
      "r2": 0.0,
      "block_inclusion_accuracy": 1.0,
      "avg_overpay_sat_vb": 0.16627220312754312,
      "median_overpay_sat_vb": 0.0,
      "avg_underpay_sat_vb": 0.0,
      "overpay_mape": 16.62722031275431,
      "within_10pct": 0.6666666666666666,
      "within_20pct": 0.6666666666666666,
      "within_50pct": 0.8333333333333334,
      "asymmetric_loss": 0.025070331282798012,
      "mape": 16.62722031275431
    },
    "3block": {
      "horizon_blocks": 3,
      "mse": 0.52257081620485,
      "rmse": 0.7228905976735691,
      "mae": 0.5284940203030905,
      "r2": 0.0,
      "block_inclusion_accuracy": 1.0,
      "avg_overpay_sat_vb": 0.5284940203030905,
      "median_overpay_sat_vb": 0.4425687789916992,
      "avg_underpay_sat_vb": 0.0,
      "overpay_mape": 52.849402030309044,
      "within_10pct": 0.3333333333333333,
      "within_20pct": 0.3333333333333333,
      "within_50pct": 0.6666666666666666,
      "asymmetric_loss": 0.15677124486145505,
      "mape": 52.849402030309044
    },
    "6block": {
      "horizon_blocks": 6,
      "mse": 0.52257081620485,
      "rmse": 0.7228905976735691,
      "mae": 0.5284940203030905,
      "r2": 0.0,
      "block_inclusion_accuracy": 1.0,
      "avg_overpay_sat_vb": 0.5284940203030905,
      "median_overpay_sat_vb": 0.4425687789916992,
      "avg_underpay_sat_vb": 0.0,
      "overpay_mape": 52.849402030309044,
      "within_10pct": 0.3333333333333333,
      "within_20pct": 0.3333333333333333,
      "within_50pct": 0.6666666666666666,
      "asymmetric_loss": 0.15677124486145505,
      "mape": 52.849402030309044
    }
  },
  "lgb_results": {
    "1block": {
      "horizon_blocks": 1,
      "model_type": "lightgbm",
      "mse": 0.0,
      "rmse": 0.0,
      "mae": 0.0,
      "r2": 1.0,
      "block_inclusion_accuracy": 1.0,
      "avg_overpay_sat_vb": 0.0,
      "avg_underpay_sat_vb": 0.0,
      "within_10pct": 1.0,
      "within_20pct": 1.0,
      "within_50pct": 1.0,
      "asymmetric_loss": 0.0,
      "mape": 0.0
    },
    "3block": {
      "horizon_blocks": 3,
      "model_type": "lightgbm",
      "mse": 0.0,
      "rmse": 0.0,
      "mae": 0.0,
      "r2": 1.0,
      "block_inclusion_accuracy": 1.0,
      "avg_overpay_sat_vb": 0.0,
      "avg_underpay_sat_vb": 0.0,
      "within_10pct": 1.0,
      "within_20pct": 1.0,
      "within_50pct": 1.0,
      "asymmetric_loss": 0.0,
      "mape": 0.0
    },
    "6block": {
      "horizon_blocks": 6,
      "model_type": "lightgbm",
      "mse": 0.0,
      "rmse": 0.0,
      "mae": 0.0,
      "r2": 1.0,
      "block_inclusion_accuracy": 1.0,
      "avg_overpay_sat_vb": 0.0,
      "avg_underpay_sat_vb": 0.0,
      "within_10pct": 1.0,
      "within_20pct": 1.0,
      "within_50pct": 1.0,
      "asymmetric_loss": 0.0,
      "mape": 0.0
    }
  }
}