{
  "timestamp": "2026-05-09T19:03:45.633588",
  "duration_seconds": 2.021841,
  "xgb_results": {
    "1block": {
      "horizon_blocks": 1,
      "mse": 0.2833859505816842,
      "rmse": 0.5323400704264937,
      "mae": 0.4765448570251465,
      "r2": 0.0,
      "block_inclusion_accuracy": 0.16666666666666666,
      "avg_overpay_sat_vb": 0.012366294860839844,
      "median_overpay_sat_vb": 0.0,
      "avg_underpay_sat_vb": 0.46417856216430664,
      "overpay_mape": 0.15457868576049805,
      "within_10pct": 1.0,
      "within_20pct": 1.0,
      "within_50pct": 1.0,
      "asymmetric_loss": 0.19800314481057435,
      "mape": 5.956810712814331
    },
    "3block": {
      "horizon_blocks": 3,
      "mse": 1.6634927675774331,
      "rmse": 1.2897646171210595,
      "mae": 0.899311383565267,
      "r2": -0.8714293635246122,
      "block_inclusion_accuracy": 0.5,
      "avg_overpay_sat_vb": 0.6710556348164877,
      "median_overpay_sat_vb": 0.0441746711730957,
      "avg_underpay_sat_vb": 0.2282557487487793,
      "overpay_mape": 11.122906870312162,
      "within_10pct": 0.6666666666666666,
      "within_20pct": 0.8333333333333334,
      "within_50pct": 1.0,
      "asymmetric_loss": 0.5516909271883682,
      "mape": 13.976103729671904
    },
    "6block": {
      "horizon_blocks": 6,
      "mse": 1.6634927675774331,
      "rmse": 1.2897646171210595,
      "mae": 0.899311383565267,
      "r2": -0.8714293635246122,
      "block_inclusion_accuracy": 0.5,
      "avg_overpay_sat_vb": 0.6710556348164877,
      "median_overpay_sat_vb": 0.0441746711730957,
      "avg_underpay_sat_vb": 0.2282557487487793,
      "overpay_mape": 11.122906870312162,
      "within_10pct": 0.6666666666666666,
      "within_20pct": 0.8333333333333334,
      "within_50pct": 1.0,
      "asymmetric_loss": 0.5516909271883682,
      "mape": 13.976103729671904
    }
  },
  "lgb_results": {
    "1block": {
      "horizon_blocks": 1,
      "model_type": "lightgbm",
      "mse": 49.0,
      "rmse": 7.0,
      "mae": 7.0,
      "r2": 0.0,
      "block_inclusion_accuracy": 0.0,
      "avg_overpay_sat_vb": 0.0,
      "avg_underpay_sat_vb": 7.0,
      "within_10pct": 0.0,
      "within_20pct": 0.0,
      "within_50pct": 0.0,
      "asymmetric_loss": 34.300000000000004,
      "mape": 87.5
    },
    "3block": {
      "horizon_blocks": 3,
      "model_type": "lightgbm",
      "mse": 40.94821857298989,
      "rmse": 6.3990795098193525,
      "mae": 6.329244005732517,
      "r2": -45.066745894613625,
      "block_inclusion_accuracy": 0.0,
      "avg_overpay_sat_vb": 0.0,
      "avg_underpay_sat_vb": 6.329244005732517,
      "within_10pct": 0.0,
      "within_20pct": 0.0,
      "within_50pct": 0.0,
      "asymmetric_loss": 28.663753001092918,
      "mape": 86.0543148944331
    },
    "6block": {
      "horizon_blocks": 6,
      "model_type": "lightgbm",
      "mse": 41.0,
      "rmse": 6.4031242374328485,
      "mae": 6.333333333333333,
      "r2": -45.125,
      "block_inclusion_accuracy": 0.0,
      "avg_overpay_sat_vb": 0.0,
      "avg_underpay_sat_vb": 6.333333333333333,
      "within_10pct": 0.0,
      "within_20pct": 0.0,
      "within_50pct": 0.0,
      "asymmetric_loss": 28.7,
      "mape": 86.1111111111111
    }
  }
}