{
  "timestamp": "2026-06-19T15:02:47.158713",
  "duration_seconds": 4.499252,
  "xgb_results": {
    "1block": {
      "horizon_blocks": 1,
      "mse": 2.0532710269595307,
      "rmse": 1.4329239431873315,
      "mae": 1.1654274066289265,
      "r2": 0.0,
      "block_inclusion_accuracy": 0.6666666666666666,
      "avg_overpay_sat_vb": 0.9754915634791056,
      "median_overpay_sat_vb": 0.7164393663406372,
      "avg_underpay_sat_vb": 0.18993584314982095,
      "overpay_mape": 32.51638544930353,
      "within_10pct": 0.16666666666666666,
      "within_20pct": 0.3333333333333333,
      "within_50pct": 0.6666666666666666,
      "asymmetric_loss": 0.6760311163617313,
      "mape": 38.847580220964225
    },
    "3block": {
      "horizon_blocks": 3,
      "mse": 3.804776378384323,
      "rmse": 1.9505835994348775,
      "mae": 1.560593843460083,
      "r2": 0.0,
      "block_inclusion_accuracy": 0.5,
      "avg_overpay_sat_vb": 1.3064640363057454,
      "median_overpay_sat_vb": 0.982288122177124,
      "avg_underpay_sat_vb": 0.2541298071543376,
      "overpay_mape": 43.54880121019151,
      "within_10pct": 0.16666666666666666,
      "within_20pct": 0.3333333333333333,
      "within_50pct": 0.5,
      "asymmetric_loss": 1.2020496742301001,
      "mape": 52.01979478200277
    },
    "6block": {
      "horizon_blocks": 6,
      "mse": 3.804776378384323,
      "rmse": 1.9505835994348775,
      "mae": 1.560593843460083,
      "r2": 0.0,
      "block_inclusion_accuracy": 0.5,
      "avg_overpay_sat_vb": 1.3064640363057454,
      "median_overpay_sat_vb": 0.982288122177124,
      "avg_underpay_sat_vb": 0.2541298071543376,
      "overpay_mape": 43.54880121019151,
      "within_10pct": 0.16666666666666666,
      "within_20pct": 0.3333333333333333,
      "within_50pct": 0.5,
      "asymmetric_loss": 1.2020496742301001,
      "mape": 52.01979478200277
    }
  },
  "lgb_results": {
    "1block": {
      "horizon_blocks": 1,
      "model_type": "lightgbm",
      "mse": 3.074565742626895,
      "rmse": 1.7534439662067605,
      "mae": 1.7534439662067605,
      "r2": 0.0,
      "block_inclusion_accuracy": 0.0,
      "avg_overpay_sat_vb": 0.0,
      "avg_underpay_sat_vb": 1.7534439662067605,
      "within_10pct": 0.0,
      "within_20pct": 0.0,
      "within_50pct": 0.0,
      "asymmetric_loss": 2.152196019838826,
      "mape": 58.44813220689201
    },
    "3block": {
      "horizon_blocks": 3,
      "model_type": "lightgbm",
      "mse": 3.98365941219696,
      "rmse": 1.9959106723991833,
      "mae": 1.9959106723991835,
      "r2": 0.0,
      "block_inclusion_accuracy": 0.0,
      "avg_overpay_sat_vb": 0.0,
      "avg_underpay_sat_vb": 1.9959106723991835,
      "within_10pct": 0.0,
      "within_20pct": 0.0,
      "within_50pct": 0.0,
      "asymmetric_loss": 2.788561588537872,
      "mape": 66.53035574663944
    },
    "6block": {
      "horizon_blocks": 6,
      "model_type": "lightgbm",
      "mse": 4.0,
      "rmse": 2.0,
      "mae": 2.0,
      "r2": 0.0,
      "block_inclusion_accuracy": 0.0,
      "avg_overpay_sat_vb": 0.0,
      "avg_underpay_sat_vb": 2.0,
      "within_10pct": 0.0,
      "within_20pct": 0.0,
      "within_50pct": 0.0,
      "asymmetric_loss": 2.8000000000000003,
      "mape": 66.66666666666666
    }
  }
}