{
  "timestamp": "2026-06-03T23:13:40.210740",
  "duration_seconds": 3.603034,
  "xgb_results": {
    "1block": {
      "horizon_blocks": 1,
      "mse": 0.21181470037026884,
      "rmse": 0.4602333108003688,
      "mae": 0.32493050893147785,
      "r2": 0.0,
      "block_inclusion_accuracy": 0.6666666666666666,
      "avg_overpay_sat_vb": 0.16155672073364258,
      "median_overpay_sat_vb": 0.0747828483581543,
      "avg_underpay_sat_vb": 0.1633737881978353,
      "overpay_mape": 2.0194590091705322,
      "within_10pct": 0.8333333333333334,
      "within_20pct": 1.0,
      "within_50pct": 1.0,
      "asymmetric_loss": 0.12153037162985736,
      "mape": 4.061631361643473
    },
    "3block": {
      "horizon_blocks": 3,
      "mse": 5.798753920776903,
      "rmse": 2.408060198744397,
      "mae": 2.136986017227173,
      "r2": 0.0,
      "block_inclusion_accuracy": 0.16666666666666666,
      "avg_overpay_sat_vb": 0.24817180633544922,
      "median_overpay_sat_vb": 0.0,
      "avg_underpay_sat_vb": 1.8888142108917236,
      "overpay_mape": 3.1021475791931152,
      "within_10pct": 0.0,
      "within_20pct": 0.5,
      "within_50pct": 0.8333333333333334,
      "asymmetric_loss": 3.9113135554403127,
      "mape": 26.71232521533966
    },
    "6block": {
      "horizon_blocks": 6,
      "mse": 5.798753920776903,
      "rmse": 2.408060198744397,
      "mae": 2.136986017227173,
      "r2": 0.0,
      "block_inclusion_accuracy": 0.16666666666666666,
      "avg_overpay_sat_vb": 0.24817180633544922,
      "median_overpay_sat_vb": 0.0,
      "avg_underpay_sat_vb": 1.8888142108917236,
      "overpay_mape": 3.1021475791931152,
      "within_10pct": 0.0,
      "within_20pct": 0.5,
      "within_50pct": 0.8333333333333334,
      "asymmetric_loss": 3.9113135554403127,
      "mape": 26.71232521533966
    }
  },
  "lgb_results": {
    "1block": {
      "horizon_blocks": 1,
      "model_type": "lightgbm",
      "mse": 49.0,
      "rmse": 7.0,
      "mae": 7.0,
      "r2": 0.0,
      "block_inclusion_accuracy": 0.0,
      "avg_overpay_sat_vb": 0.0,
      "avg_underpay_sat_vb": 7.0,
      "within_10pct": 0.0,
      "within_20pct": 0.0,
      "within_50pct": 0.0,
      "asymmetric_loss": 34.300000000000004,
      "mape": 87.5
    },
    "3block": {
      "horizon_blocks": 3,
      "model_type": "lightgbm",
      "mse": 49.0,
      "rmse": 7.0,
      "mae": 7.0,
      "r2": 0.0,
      "block_inclusion_accuracy": 0.0,
      "avg_overpay_sat_vb": 0.0,
      "avg_underpay_sat_vb": 7.0,
      "within_10pct": 0.0,
      "within_20pct": 0.0,
      "within_50pct": 0.0,
      "asymmetric_loss": 34.300000000000004,
      "mape": 87.5
    },
    "6block": {
      "horizon_blocks": 6,
      "model_type": "lightgbm",
      "mse": 49.0,
      "rmse": 7.0,
      "mae": 7.0,
      "r2": 0.0,
      "block_inclusion_accuracy": 0.0,
      "avg_overpay_sat_vb": 0.0,
      "avg_underpay_sat_vb": 7.0,
      "within_10pct": 0.0,
      "within_20pct": 0.0,
      "within_50pct": 0.0,
      "asymmetric_loss": 34.300000000000004,
      "mape": 87.5
    }
  }
}