{
  "timestamp": "2026-06-14T05:38:34.394899",
  "duration_seconds": 3.943776,
  "xgb_results": {
    "1block": {
      "horizon_blocks": 1,
      "mse": 0.1912386532867648,
      "rmse": 0.43730841895253375,
      "mae": 0.22893643379211426,
      "r2": -0.3769183036647066,
      "block_inclusion_accuracy": 1.0,
      "avg_overpay_sat_vb": 0.22893643379211426,
      "median_overpay_sat_vb": 0.0,
      "avg_underpay_sat_vb": 0.0,
      "overpay_mape": 19.831802447636925,
      "within_10pct": 0.6666666666666666,
      "within_20pct": 0.8333333333333334,
      "within_50pct": 0.8333333333333334,
      "asymmetric_loss": 0.05737159598602944,
      "mape": 19.831802447636925
    },
    "3block": {
      "horizon_blocks": 3,
      "mse": 0.0,
      "rmse": 0.0,
      "mae": 0.0,
      "r2": 1.0,
      "block_inclusion_accuracy": 1.0,
      "avg_overpay_sat_vb": 0.0,
      "median_overpay_sat_vb": 0.0,
      "avg_underpay_sat_vb": 0.0,
      "overpay_mape": 0.0,
      "within_10pct": 1.0,
      "within_20pct": 1.0,
      "within_50pct": 1.0,
      "asymmetric_loss": 0.0,
      "mape": 0.0
    },
    "6block": {
      "horizon_blocks": 6,
      "mse": 0.0,
      "rmse": 0.0,
      "mae": 0.0,
      "r2": 1.0,
      "block_inclusion_accuracy": 1.0,
      "avg_overpay_sat_vb": 0.0,
      "median_overpay_sat_vb": 0.0,
      "avg_underpay_sat_vb": 0.0,
      "overpay_mape": 0.0,
      "within_10pct": 1.0,
      "within_20pct": 1.0,
      "within_50pct": 1.0,
      "asymmetric_loss": 0.0,
      "mape": 0.0
    }
  },
  "lgb_results": {
    "1block": {
      "horizon_blocks": 1,
      "model_type": "lightgbm",
      "mse": 0.15090989742880778,
      "rmse": 0.38847123114692517,
      "mae": 0.20378695946185163,
      "r2": -0.08655126148741621,
      "block_inclusion_accuracy": 0.8333333333333334,
      "avg_overpay_sat_vb": 0.04656800765858815,
      "avg_underpay_sat_vb": 0.15721895180326348,
      "within_10pct": 0.8333333333333334,
      "within_20pct": 0.8333333333333334,
      "within_50pct": 1.0,
      "asymmetric_loss": 0.10459568636332284,
      "mape": 12.517748356021988
    },
    "3block": {
      "horizon_blocks": 3,
      "model_type": "lightgbm",
      "mse": 1.672260022680131e-05,
      "rmse": 0.004089327600816705,
      "mae": 0.004089327600816706,
      "r2": 0.0,
      "block_inclusion_accuracy": 1.0,
      "avg_overpay_sat_vb": 0.004089327600816706,
      "avg_underpay_sat_vb": 0.0,
      "within_10pct": 1.0,
      "within_20pct": 1.0,
      "within_50pct": 1.0,
      "asymmetric_loss": 5.016780068040395e-06,
      "mape": 0.40893276008167057
    },
    "6block": {
      "horizon_blocks": 6,
      "model_type": "lightgbm",
      "mse": 0.0,
      "rmse": 0.0,
      "mae": 0.0,
      "r2": 1.0,
      "block_inclusion_accuracy": 1.0,
      "avg_overpay_sat_vb": 0.0,
      "avg_underpay_sat_vb": 0.0,
      "within_10pct": 1.0,
      "within_20pct": 1.0,
      "within_50pct": 1.0,
      "asymmetric_loss": 0.0,
      "mape": 0.0
    }
  }
}