{
  "timestamp": "2026-04-26T05:45:30.022806",
  "duration_seconds": 1.12222,
  "xgb_results": {
    "1block": {
      "horizon_blocks": 1,
      "mse": 0.5908632690530998,
      "rmse": 0.768676309673389,
      "mae": 0.6400310397148132,
      "r2": 0.0,
      "block_inclusion_accuracy": 1.0,
      "avg_overpay_sat_vb": 0.6400310397148132,
      "median_overpay_sat_vb": 0.6012027263641357,
      "avg_underpay_sat_vb": 0.0,
      "overpay_mape": 64.00310397148132,
      "within_10pct": 0.16666666666666666,
      "within_20pct": 0.16666666666666666,
      "within_50pct": 0.16666666666666666,
      "asymmetric_loss": 0.17725898071592994,
      "mape": 64.00310397148132
    },
    "3block": {
      "horizon_blocks": 3,
      "mse": 0.46510486052983896,
      "rmse": 0.6819859679860275,
      "mae": 0.5700811942418417,
      "r2": 0.0,
      "block_inclusion_accuracy": 1.0,
      "avg_overpay_sat_vb": 0.5700811942418417,
      "median_overpay_sat_vb": 0.5109109282493591,
      "avg_underpay_sat_vb": 0.0,
      "overpay_mape": 57.008119424184166,
      "within_10pct": 0.16666666666666666,
      "within_20pct": 0.16666666666666666,
      "within_50pct": 0.3333333333333333,
      "asymmetric_loss": 0.1395314581589517,
      "mape": 57.008119424184166
    },
    "6block": {
      "horizon_blocks": 6,
      "mse": 0.46510486052983896,
      "rmse": 0.6819859679860275,
      "mae": 0.5700811942418417,
      "r2": 0.0,
      "block_inclusion_accuracy": 1.0,
      "avg_overpay_sat_vb": 0.5700811942418417,
      "median_overpay_sat_vb": 0.5109109282493591,
      "avg_underpay_sat_vb": 0.0,
      "overpay_mape": 57.008119424184166,
      "within_10pct": 0.16666666666666666,
      "within_20pct": 0.16666666666666666,
      "within_50pct": 0.3333333333333333,
      "asymmetric_loss": 0.1395314581589517,
      "mape": 57.008119424184166
    }
  },
  "lgb_results": {
    "1block": {
      "horizon_blocks": 1,
      "model_type": "lightgbm",
      "mse": 0.0,
      "rmse": 0.0,
      "mae": 0.0,
      "r2": 1.0,
      "block_inclusion_accuracy": 1.0,
      "avg_overpay_sat_vb": 0.0,
      "avg_underpay_sat_vb": 0.0,
      "within_10pct": 1.0,
      "within_20pct": 1.0,
      "within_50pct": 1.0,
      "asymmetric_loss": 0.0,
      "mape": 0.0
    },
    "3block": {
      "horizon_blocks": 3,
      "model_type": "lightgbm",
      "mse": 1.672260022680131e-05,
      "rmse": 0.004089327600816705,
      "mae": 0.004089327600816706,
      "r2": 0.0,
      "block_inclusion_accuracy": 1.0,
      "avg_overpay_sat_vb": 0.004089327600816706,
      "avg_underpay_sat_vb": 0.0,
      "within_10pct": 1.0,
      "within_20pct": 1.0,
      "within_50pct": 1.0,
      "asymmetric_loss": 5.016780068040395e-06,
      "mape": 0.40893276008167057
    },
    "6block": {
      "horizon_blocks": 6,
      "model_type": "lightgbm",
      "mse": 0.0,
      "rmse": 0.0,
      "mae": 0.0,
      "r2": 1.0,
      "block_inclusion_accuracy": 1.0,
      "avg_overpay_sat_vb": 0.0,
      "avg_underpay_sat_vb": 0.0,
      "within_10pct": 1.0,
      "within_20pct": 1.0,
      "within_50pct": 1.0,
      "asymmetric_loss": 0.0,
      "mape": 0.0
    }
  }
}