{
  "timestamp": "2026-06-14T19:28:59.177813",
  "duration_seconds": 4.489787,
  "xgb_results": {
    "1block": {
      "horizon_blocks": 1,
      "mse": 0.6424566501487092,
      "rmse": 0.8015339357436523,
      "mae": 0.44291438659032184,
      "r2": 0.0,
      "block_inclusion_accuracy": 1.0,
      "avg_overpay_sat_vb": 0.44291438659032184,
      "median_overpay_sat_vb": 0.17929285764694214,
      "avg_underpay_sat_vb": 0.0,
      "overpay_mape": 44.29143865903218,
      "within_10pct": 0.5,
      "within_20pct": 0.5,
      "within_50pct": 0.8333333333333334,
      "asymmetric_loss": 0.1927369950446128,
      "mape": 44.29143865903218
    },
    "3block": {
      "horizon_blocks": 3,
      "mse": 2.2577797197613094,
      "rmse": 1.5025910021563784,
      "mae": 0.9722006916999817,
      "r2": 0.0,
      "block_inclusion_accuracy": 1.0,
      "avg_overpay_sat_vb": 0.9722006916999817,
      "median_overpay_sat_vb": 0.5498043894767761,
      "avg_underpay_sat_vb": 0.0,
      "overpay_mape": 97.22006916999817,
      "within_10pct": 0.3333333333333333,
      "within_20pct": 0.3333333333333333,
      "within_50pct": 0.5,
      "asymmetric_loss": 0.677333915928393,
      "mape": 97.22006916999817
    },
    "6block": {
      "horizon_blocks": 6,
      "mse": 2.2577797197613094,
      "rmse": 1.5025910021563784,
      "mae": 0.9722006916999817,
      "r2": 0.0,
      "block_inclusion_accuracy": 1.0,
      "avg_overpay_sat_vb": 0.9722006916999817,
      "median_overpay_sat_vb": 0.5498043894767761,
      "avg_underpay_sat_vb": 0.0,
      "overpay_mape": 97.22006916999817,
      "within_10pct": 0.3333333333333333,
      "within_20pct": 0.3333333333333333,
      "within_50pct": 0.5,
      "asymmetric_loss": 0.677333915928393,
      "mape": 97.22006916999817
    }
  },
  "lgb_results": {
    "1block": {
      "horizon_blocks": 1,
      "model_type": "lightgbm",
      "mse": 0.0,
      "rmse": 0.0,
      "mae": 0.0,
      "r2": 1.0,
      "block_inclusion_accuracy": 1.0,
      "avg_overpay_sat_vb": 0.0,
      "avg_underpay_sat_vb": 0.0,
      "within_10pct": 1.0,
      "within_20pct": 1.0,
      "within_50pct": 1.0,
      "asymmetric_loss": 0.0,
      "mape": 0.0
    },
    "3block": {
      "horizon_blocks": 3,
      "model_type": "lightgbm",
      "mse": 1.672260022680131e-05,
      "rmse": 0.004089327600816705,
      "mae": 0.004089327600816706,
      "r2": 0.0,
      "block_inclusion_accuracy": 1.0,
      "avg_overpay_sat_vb": 0.004089327600816706,
      "avg_underpay_sat_vb": 0.0,
      "within_10pct": 1.0,
      "within_20pct": 1.0,
      "within_50pct": 1.0,
      "asymmetric_loss": 5.016780068040395e-06,
      "mape": 0.40893276008167057
    },
    "6block": {
      "horizon_blocks": 6,
      "model_type": "lightgbm",
      "mse": 0.0,
      "rmse": 0.0,
      "mae": 0.0,
      "r2": 1.0,
      "block_inclusion_accuracy": 1.0,
      "avg_overpay_sat_vb": 0.0,
      "avg_underpay_sat_vb": 0.0,
      "within_10pct": 1.0,
      "within_20pct": 1.0,
      "within_50pct": 1.0,
      "asymmetric_loss": 0.0,
      "mape": 0.0
    }
  }
}