{
  "timestamp": "2026-06-04T12:08:58.171133",
  "duration_seconds": 3.638123,
  "xgb_results": {
    "1block": {
      "horizon_blocks": 1,
      "mse": 0.14619174467915977,
      "rmse": 0.38235029054410274,
      "mae": 0.295657217502594,
      "r2": 0.3421371489437811,
      "block_inclusion_accuracy": 1.0,
      "avg_overpay_sat_vb": 0.295657217502594,
      "median_overpay_sat_vb": 0.32483041286468506,
      "avg_underpay_sat_vb": 0.0,
      "overpay_mape": 20.816675821940102,
      "within_10pct": 0.3333333333333333,
      "within_20pct": 0.8333333333333334,
      "within_50pct": 0.8333333333333334,
      "asymmetric_loss": 0.04385752340374793,
      "mape": 20.816675821940102
    },
    "3block": {
      "horizon_blocks": 3,
      "mse": 6.443681556366151,
      "rmse": 2.5384407726724985,
      "mae": 1.8162518541018169,
      "r2": 0.0,
      "block_inclusion_accuracy": 1.0,
      "avg_overpay_sat_vb": 1.8162518541018169,
      "median_overpay_sat_vb": 1.2603557705879211,
      "avg_underpay_sat_vb": 0.0,
      "overpay_mape": 181.6251854101817,
      "within_10pct": 0.3333333333333333,
      "within_20pct": 0.3333333333333333,
      "within_50pct": 0.3333333333333333,
      "asymmetric_loss": 1.9331044669098454,
      "mape": 181.6251854101817
    },
    "6block": {
      "horizon_blocks": 6,
      "mse": 6.443681556366151,
      "rmse": 2.5384407726724985,
      "mae": 1.8162518541018169,
      "r2": 0.0,
      "block_inclusion_accuracy": 1.0,
      "avg_overpay_sat_vb": 1.8162518541018169,
      "median_overpay_sat_vb": 1.2603557705879211,
      "avg_underpay_sat_vb": 0.0,
      "overpay_mape": 181.6251854101817,
      "within_10pct": 0.3333333333333333,
      "within_20pct": 0.3333333333333333,
      "within_50pct": 0.3333333333333333,
      "asymmetric_loss": 1.9331044669098454,
      "mape": 181.6251854101817
    }
  },
  "lgb_results": {
    "1block": {
      "horizon_blocks": 1,
      "model_type": "lightgbm",
      "mse": 0.6666666666666666,
      "rmse": 0.816496580927726,
      "mae": 0.6666666666666666,
      "r2": -1.9999999999999996,
      "block_inclusion_accuracy": 0.3333333333333333,
      "avg_overpay_sat_vb": 0.0,
      "avg_underpay_sat_vb": 0.6666666666666666,
      "within_10pct": 0.3333333333333333,
      "within_20pct": 0.3333333333333333,
      "within_50pct": 0.3333333333333333,
      "asymmetric_loss": 0.4666666666666666,
      "mape": 33.33333333333333
    },
    "3block": {
      "horizon_blocks": 3,
      "model_type": "lightgbm",
      "mse": 0.0,
      "rmse": 0.0,
      "mae": 0.0,
      "r2": 1.0,
      "block_inclusion_accuracy": 1.0,
      "avg_overpay_sat_vb": 0.0,
      "avg_underpay_sat_vb": 0.0,
      "within_10pct": 1.0,
      "within_20pct": 1.0,
      "within_50pct": 1.0,
      "asymmetric_loss": 0.0,
      "mape": 0.0
    },
    "6block": {
      "horizon_blocks": 6,
      "model_type": "lightgbm",
      "mse": 0.0,
      "rmse": 0.0,
      "mae": 0.0,
      "r2": 1.0,
      "block_inclusion_accuracy": 1.0,
      "avg_overpay_sat_vb": 0.0,
      "avg_underpay_sat_vb": 0.0,
      "within_10pct": 1.0,
      "within_20pct": 1.0,
      "within_50pct": 1.0,
      "asymmetric_loss": 0.0,
      "mape": 0.0
    }
  }
}