{
  "timestamp": "2026-05-15T18:01:18.983003",
  "duration_seconds": 2.547063,
  "xgb_results": {
    "1block": {
      "horizon_blocks": 1,
      "mse": 0.09036339825517341,
      "rmse": 0.3006050536088397,
      "mae": 0.25485817591349286,
      "r2": 0.0,
      "block_inclusion_accuracy": 0.16666666666666666,
      "avg_overpay_sat_vb": 0.03664954503377279,
      "median_overpay_sat_vb": 0.0,
      "avg_underpay_sat_vb": 0.21820863087972006,
      "overpay_mape": 0.6108257505628798,
      "within_10pct": 1.0,
      "within_20pct": 1.0,
      "within_50pct": 1.0,
      "asymmetric_loss": 0.06003072481578328,
      "mape": 4.247636265224881
    },
    "3block": {
      "horizon_blocks": 3,
      "mse": 0.5888297526502129,
      "rmse": 0.7673524305364602,
      "mae": 0.6423949400583903,
      "r2": 0.0,
      "block_inclusion_accuracy": 0.6666666666666666,
      "avg_overpay_sat_vb": 0.3994416395823161,
      "median_overpay_sat_vb": 0.3097853660583496,
      "avg_underpay_sat_vb": 0.24295330047607422,
      "overpay_mape": 6.657360659705268,
      "within_10pct": 0.6666666666666666,
      "within_20pct": 0.6666666666666666,
      "within_50pct": 1.0,
      "asymmetric_loss": 0.2773225216518275,
      "mape": 10.706582334306503
    },
    "6block": {
      "horizon_blocks": 6,
      "mse": 0.5888297526502129,
      "rmse": 0.7673524305364602,
      "mae": 0.6423949400583903,
      "r2": 0.0,
      "block_inclusion_accuracy": 0.6666666666666666,
      "avg_overpay_sat_vb": 0.3994416395823161,
      "median_overpay_sat_vb": 0.3097853660583496,
      "avg_underpay_sat_vb": 0.24295330047607422,
      "overpay_mape": 6.657360659705268,
      "within_10pct": 0.6666666666666666,
      "within_20pct": 0.6666666666666666,
      "within_50pct": 1.0,
      "asymmetric_loss": 0.2773225216518275,
      "mape": 10.706582334306503
    }
  },
  "lgb_results": {
    "1block": {
      "horizon_blocks": 1,
      "model_type": "lightgbm",
      "mse": 21.8464312055999,
      "rmse": 4.674016603051373,
      "mae": 4.674016603051373,
      "r2": 0.0,
      "block_inclusion_accuracy": 0.0,
      "avg_overpay_sat_vb": 0.0,
      "avg_underpay_sat_vb": 4.674016603051373,
      "within_10pct": 0.0,
      "within_20pct": 0.0,
      "within_50pct": 0.0,
      "asymmetric_loss": 15.292501843919927,
      "mape": 77.90027671752289
    },
    "3block": {
      "horizon_blocks": 3,
      "model_type": "lightgbm",
      "mse": 24.959123446592063,
      "rmse": 4.995910672399184,
      "mae": 4.995910672399184,
      "r2": 0.0,
      "block_inclusion_accuracy": 0.0,
      "avg_overpay_sat_vb": 0.0,
      "avg_underpay_sat_vb": 4.995910672399184,
      "within_10pct": 0.0,
      "within_20pct": 0.0,
      "within_50pct": 0.0,
      "asymmetric_loss": 17.47138641261444,
      "mape": 83.26517787331973
    },
    "6block": {
      "horizon_blocks": 6,
      "model_type": "lightgbm",
      "mse": 25.0,
      "rmse": 5.0,
      "mae": 5.0,
      "r2": 0.0,
      "block_inclusion_accuracy": 0.0,
      "avg_overpay_sat_vb": 0.0,
      "avg_underpay_sat_vb": 5.0,
      "within_10pct": 0.0,
      "within_20pct": 0.0,
      "within_50pct": 0.0,
      "asymmetric_loss": 17.5,
      "mape": 83.33333333333334
    }
  }
}