{
  "timestamp": "2026-05-09T20:50:15.635817",
  "duration_seconds": 2.328952,
  "xgb_results": {
    "1block": {
      "horizon_blocks": 1,
      "mse": 0.37440662484740034,
      "rmse": 0.6118877551049705,
      "mae": 0.5709037780761719,
      "r2": 0.0,
      "block_inclusion_accuracy": 0.16666666666666666,
      "avg_overpay_sat_vb": 0.014170408248901367,
      "median_overpay_sat_vb": 0.0,
      "avg_underpay_sat_vb": 0.5567333698272705,
      "overpay_mape": 0.28340816497802734,
      "within_10pct": 0.16666666666666666,
      "within_20pct": 1.0,
      "within_50pct": 1.0,
      "asymmetric_loss": 0.261602716265323,
      "mape": 11.418075561523438
    },
    "3block": {
      "horizon_blocks": 3,
      "mse": 2.2642179034678143,
      "rmse": 1.5047318377265146,
      "mae": 1.4810335636138916,
      "r2": 0.0,
      "block_inclusion_accuracy": 1.0,
      "avg_overpay_sat_vb": 1.4810335636138916,
      "median_overpay_sat_vb": 1.474560260772705,
      "avg_underpay_sat_vb": 0.0,
      "overpay_mape": 29.620671272277832,
      "within_10pct": 0.0,
      "within_20pct": 0.0,
      "within_50pct": 1.0,
      "asymmetric_loss": 0.6792653710403443,
      "mape": 29.620671272277832
    },
    "6block": {
      "horizon_blocks": 6,
      "mse": 2.2642179034678143,
      "rmse": 1.5047318377265146,
      "mae": 1.4810335636138916,
      "r2": 0.0,
      "block_inclusion_accuracy": 1.0,
      "avg_overpay_sat_vb": 1.4810335636138916,
      "median_overpay_sat_vb": 1.474560260772705,
      "avg_underpay_sat_vb": 0.0,
      "overpay_mape": 29.620671272277832,
      "within_10pct": 0.0,
      "within_20pct": 0.0,
      "within_50pct": 1.0,
      "asymmetric_loss": 0.6792653710403443,
      "mape": 29.620671272277832
    }
  },
  "lgb_results": {
    "1block": {
      "horizon_blocks": 1,
      "model_type": "lightgbm",
      "mse": 16.0,
      "rmse": 4.0,
      "mae": 4.0,
      "r2": 0.0,
      "block_inclusion_accuracy": 0.0,
      "avg_overpay_sat_vb": 0.0,
      "avg_underpay_sat_vb": 4.0,
      "within_10pct": 0.0,
      "within_20pct": 0.0,
      "within_50pct": 0.0,
      "asymmetric_loss": 11.200000000000001,
      "mape": 80.0
    },
    "3block": {
      "horizon_blocks": 3,
      "model_type": "lightgbm",
      "mse": 15.967302101793694,
      "rmse": 3.9959106723991833,
      "mae": 3.9959106723991833,
      "r2": 0.0,
      "block_inclusion_accuracy": 0.0,
      "avg_overpay_sat_vb": 0.0,
      "avg_underpay_sat_vb": 3.9959106723991833,
      "within_10pct": 0.0,
      "within_20pct": 0.0,
      "within_50pct": 0.0,
      "asymmetric_loss": 11.177111471255586,
      "mape": 79.91821344798366
    },
    "6block": {
      "horizon_blocks": 6,
      "model_type": "lightgbm",
      "mse": 16.0,
      "rmse": 4.0,
      "mae": 4.0,
      "r2": 0.0,
      "block_inclusion_accuracy": 0.0,
      "avg_overpay_sat_vb": 0.0,
      "avg_underpay_sat_vb": 4.0,
      "within_10pct": 0.0,
      "within_20pct": 0.0,
      "within_50pct": 0.0,
      "asymmetric_loss": 11.200000000000001,
      "mape": 80.0
    }
  }
}