{
  "timestamp": "2026-05-22T00:13:02.012347",
  "duration_seconds": 2.907765,
  "xgb_results": {
    "1block": {
      "horizon_blocks": 1,
      "mse": 0.0002798459246757072,
      "rmse": 0.016728596016274265,
      "mae": 0.006829420725504558,
      "r2": 0.0,
      "block_inclusion_accuracy": 1.0,
      "avg_overpay_sat_vb": 0.006829420725504558,
      "median_overpay_sat_vb": 0.0,
      "avg_underpay_sat_vb": 0.0,
      "overpay_mape": 0.6829420725504558,
      "within_10pct": 1.0,
      "within_20pct": 1.0,
      "within_50pct": 1.0,
      "asymmetric_loss": 8.395377740271215e-05,
      "mape": 0.6829420725504558
    },
    "3block": {
      "horizon_blocks": 3,
      "mse": 2.5100064428769167,
      "rmse": 1.5842999851281059,
      "mae": 1.0847172538439434,
      "r2": 0.0,
      "block_inclusion_accuracy": 1.0,
      "avg_overpay_sat_vb": 1.0847172538439434,
      "median_overpay_sat_vb": 0.9024625420570374,
      "avg_underpay_sat_vb": 0.0,
      "overpay_mape": 108.47172538439433,
      "within_10pct": 0.3333333333333333,
      "within_20pct": 0.3333333333333333,
      "within_50pct": 0.3333333333333333,
      "asymmetric_loss": 0.7530019328630752,
      "mape": 108.47172538439433
    },
    "6block": {
      "horizon_blocks": 6,
      "mse": 2.5100064428769167,
      "rmse": 1.5842999851281059,
      "mae": 1.0847172538439434,
      "r2": 0.0,
      "block_inclusion_accuracy": 1.0,
      "avg_overpay_sat_vb": 1.0847172538439434,
      "median_overpay_sat_vb": 0.9024625420570374,
      "avg_underpay_sat_vb": 0.0,
      "overpay_mape": 108.47172538439433,
      "within_10pct": 0.3333333333333333,
      "within_20pct": 0.3333333333333333,
      "within_50pct": 0.3333333333333333,
      "asymmetric_loss": 0.7530019328630752,
      "mape": 108.47172538439433
    }
  },
  "lgb_results": {
    "1block": {
      "horizon_blocks": 1,
      "model_type": "lightgbm",
      "mse": 0.0,
      "rmse": 0.0,
      "mae": 0.0,
      "r2": 1.0,
      "block_inclusion_accuracy": 1.0,
      "avg_overpay_sat_vb": 0.0,
      "avg_underpay_sat_vb": 0.0,
      "within_10pct": 1.0,
      "within_20pct": 1.0,
      "within_50pct": 1.0,
      "asymmetric_loss": 0.0,
      "mape": 0.0
    },
    "3block": {
      "horizon_blocks": 3,
      "model_type": "lightgbm",
      "mse": 0.0,
      "rmse": 0.0,
      "mae": 0.0,
      "r2": 1.0,
      "block_inclusion_accuracy": 1.0,
      "avg_overpay_sat_vb": 0.0,
      "avg_underpay_sat_vb": 0.0,
      "within_10pct": 1.0,
      "within_20pct": 1.0,
      "within_50pct": 1.0,
      "asymmetric_loss": 0.0,
      "mape": 0.0
    },
    "6block": {
      "horizon_blocks": 6,
      "model_type": "lightgbm",
      "mse": 0.0,
      "rmse": 0.0,
      "mae": 0.0,
      "r2": 1.0,
      "block_inclusion_accuracy": 1.0,
      "avg_overpay_sat_vb": 0.0,
      "avg_underpay_sat_vb": 0.0,
      "within_10pct": 1.0,
      "within_20pct": 1.0,
      "within_50pct": 1.0,
      "asymmetric_loss": 0.0,
      "mape": 0.0
    }
  }
}