{
  "timestamp": "2026-06-11T19:42:12.100038",
  "duration_seconds": 3.974567,
  "xgb_results": {
    "1block": {
      "horizon_blocks": 1,
      "mse": 0.8621376796558403,
      "rmse": 0.928513693844006,
      "mae": 0.6722656885782877,
      "r2": -2.4485507186233613,
      "block_inclusion_accuracy": 0.5,
      "avg_overpay_sat_vb": 0.4941886266072591,
      "median_overpay_sat_vb": 0.007484912872314453,
      "avg_underpay_sat_vb": 0.17807706197102866,
      "overpay_mape": 8.236477110120987,
      "within_10pct": 0.6666666666666666,
      "within_20pct": 0.8333333333333334,
      "within_50pct": 1.0,
      "asymmetric_loss": 0.2950677859622905,
      "mape": 10.780435138278538
    },
    "3block": {
      "horizon_blocks": 3,
      "mse": 6.704260857020358,
      "rmse": 2.589258746633939,
      "mae": 2.284137805302938,
      "r2": 0.0,
      "block_inclusion_accuracy": 1.0,
      "avg_overpay_sat_vb": 2.284137805302938,
      "median_overpay_sat_vb": 2.152216911315918,
      "avg_underpay_sat_vb": 0.0,
      "overpay_mape": 32.63054007575626,
      "within_10pct": 0.0,
      "within_20pct": 0.3333333333333333,
      "within_50pct": 0.8333333333333334,
      "asymmetric_loss": 2.011278257106108,
      "mape": 32.63054007575626
    },
    "6block": {
      "horizon_blocks": 6,
      "mse": 6.704260857020358,
      "rmse": 2.589258746633939,
      "mae": 2.284137805302938,
      "r2": 0.0,
      "block_inclusion_accuracy": 1.0,
      "avg_overpay_sat_vb": 2.284137805302938,
      "median_overpay_sat_vb": 2.152216911315918,
      "avg_underpay_sat_vb": 0.0,
      "overpay_mape": 32.63054007575626,
      "within_10pct": 0.0,
      "within_20pct": 0.3333333333333333,
      "within_50pct": 0.8333333333333334,
      "asymmetric_loss": 2.011278257106108,
      "mape": 32.63054007575626
    }
  },
  "lgb_results": {
    "1block": {
      "horizon_blocks": 1,
      "model_type": "lightgbm",
      "mse": 29.092089104283854,
      "rmse": 5.393708288764221,
      "mae": 5.370483051361821,
      "r2": -115.36835641713542,
      "block_inclusion_accuracy": 0.0,
      "avg_overpay_sat_vb": 0.0,
      "avg_underpay_sat_vb": 5.370483051361821,
      "within_10pct": 0.0,
      "within_20pct": 0.0,
      "within_50pct": 0.0,
      "asymmetric_loss": 20.364462372998698,
      "mape": 82.51938055679008
    },
    "3block": {
      "horizon_blocks": 3,
      "model_type": "lightgbm",
      "mse": 36.0,
      "rmse": 6.0,
      "mae": 6.0,
      "r2": 0.0,
      "block_inclusion_accuracy": 0.0,
      "avg_overpay_sat_vb": 0.0,
      "avg_underpay_sat_vb": 6.0,
      "within_10pct": 0.0,
      "within_20pct": 0.0,
      "within_50pct": 0.0,
      "asymmetric_loss": 25.2,
      "mape": 85.71428571428571
    },
    "6block": {
      "horizon_blocks": 6,
      "model_type": "lightgbm",
      "mse": 36.0,
      "rmse": 6.0,
      "mae": 6.0,
      "r2": 0.0,
      "block_inclusion_accuracy": 0.0,
      "avg_overpay_sat_vb": 0.0,
      "avg_underpay_sat_vb": 6.0,
      "within_10pct": 0.0,
      "within_20pct": 0.0,
      "within_50pct": 0.0,
      "asymmetric_loss": 25.2,
      "mape": 85.71428571428571
    }
  }
}