{
  "timestamp": "2026-06-06T13:30:24.390085",
  "duration_seconds": 3.684445,
  "xgb_results": {
    "1block": {
      "horizon_blocks": 1,
      "mse": 1.0082083298596392,
      "rmse": 1.0040957772342434,
      "mae": 0.944374144077301,
      "r2": 0.0,
      "block_inclusion_accuracy": 0.3333333333333333,
      "avg_overpay_sat_vb": 0.40073688824971515,
      "median_overpay_sat_vb": 0.0,
      "avg_underpay_sat_vb": 0.5436372558275858,
      "overpay_mape": 20.036844412485756,
      "within_10pct": 0.0,
      "within_20pct": 0.16666666666666666,
      "within_50pct": 0.3333333333333333,
      "asymmetric_loss": 0.5070326031886809,
      "mape": 47.21870720386505
    },
    "3block": {
      "horizon_blocks": 3,
      "mse": 3.220187526072626,
      "rmse": 1.7944880958291771,
      "mae": 1.586759090423584,
      "r2": 0.0,
      "block_inclusion_accuracy": 0.3333333333333333,
      "avg_overpay_sat_vb": 0.9200924237569174,
      "median_overpay_sat_vb": 0.0,
      "avg_underpay_sat_vb": 0.6666666666666666,
      "overpay_mape": 46.00462118784587,
      "within_10pct": 0.0,
      "within_20pct": 0.0,
      "within_50pct": 0.0,
      "asymmetric_loss": 1.2327229244884543,
      "mape": 79.3379545211792
    },
    "6block": {
      "horizon_blocks": 6,
      "mse": 3.220187526072626,
      "rmse": 1.7944880958291771,
      "mae": 1.586759090423584,
      "r2": 0.0,
      "block_inclusion_accuracy": 0.3333333333333333,
      "avg_overpay_sat_vb": 0.9200924237569174,
      "median_overpay_sat_vb": 0.0,
      "avg_underpay_sat_vb": 0.6666666666666666,
      "overpay_mape": 46.00462118784587,
      "within_10pct": 0.0,
      "within_20pct": 0.0,
      "within_50pct": 0.0,
      "asymmetric_loss": 1.2327229244884543,
      "mape": 79.3379545211792
    }
  },
  "lgb_results": {
    "1block": {
      "horizon_blocks": 1,
      "model_type": "lightgbm",
      "mse": 0.7068142266129902,
      "rmse": 0.8407224432670929,
      "mae": 0.8214794368823107,
      "r2": 0.0,
      "block_inclusion_accuracy": 0.0,
      "avg_overpay_sat_vb": 0.0,
      "avg_underpay_sat_vb": 0.8214794368823107,
      "within_10pct": 0.0,
      "within_20pct": 0.0,
      "within_50pct": 0.5,
      "asymmetric_loss": 0.49476995862909307,
      "mape": 41.07397184411553
    },
    "3block": {
      "horizon_blocks": 3,
      "model_type": "lightgbm",
      "mse": 1.0,
      "rmse": 1.0,
      "mae": 1.0,
      "r2": 0.0,
      "block_inclusion_accuracy": 0.0,
      "avg_overpay_sat_vb": 0.0,
      "avg_underpay_sat_vb": 1.0,
      "within_10pct": 0.0,
      "within_20pct": 0.0,
      "within_50pct": 0.0,
      "asymmetric_loss": 0.7000000000000001,
      "mape": 50.0
    },
    "6block": {
      "horizon_blocks": 6,
      "model_type": "lightgbm",
      "mse": 0.9833691749660952,
      "rmse": 0.9916497239278067,
      "mae": 0.991466105412559,
      "r2": 0.0,
      "block_inclusion_accuracy": 0.0,
      "avg_overpay_sat_vb": 0.0,
      "avg_underpay_sat_vb": 0.991466105412559,
      "within_10pct": 0.0,
      "within_20pct": 0.0,
      "within_50pct": 0.16666666666666666,
      "asymmetric_loss": 0.6883584224762666,
      "mape": 49.57330527062795
    }
  }
}