{
  "timestamp": "2026-05-13T09:52:44.381674",
  "duration_seconds": 2.424654,
  "xgb_results": {
    "1block": {
      "horizon_blocks": 1,
      "mse": 0.21950785562769445,
      "rmse": 0.46851665458945474,
      "mae": 0.37949246168136597,
      "r2": 0.0,
      "block_inclusion_accuracy": 0.8333333333333334,
      "avg_overpay_sat_vb": 0.37301313877105713,
      "median_overpay_sat_vb": 0.3704049587249756,
      "avg_underpay_sat_vb": 0.006479322910308838,
      "overpay_mape": 18.650656938552856,
      "within_10pct": 0.3333333333333333,
      "within_20pct": 0.6666666666666666,
      "within_50pct": 1.0,
      "asymmetric_loss": 0.06595311258921087,
      "mape": 18.9746230840683
    },
    "3block": {
      "horizon_blocks": 3,
      "mse": 0.5439450660391808,
      "rmse": 0.7375263154892717,
      "mae": 0.6530804634094238,
      "r2": -1.4477527971763133,
      "block_inclusion_accuracy": 0.3333333333333333,
      "avg_overpay_sat_vb": 0.24577983220418295,
      "median_overpay_sat_vb": 0.0,
      "avg_underpay_sat_vb": 0.4073006312052409,
      "overpay_mape": 24.577983220418297,
      "within_10pct": 0.16666666666666666,
      "within_20pct": 0.3333333333333333,
      "within_50pct": 0.3333333333333333,
      "asymmetric_loss": 0.30453480538249805,
      "mape": 44.94301478068034
    },
    "6block": {
      "horizon_blocks": 6,
      "mse": 0.5439450660391808,
      "rmse": 0.7375263154892717,
      "mae": 0.6530804634094238,
      "r2": -1.4477527971763133,
      "block_inclusion_accuracy": 0.3333333333333333,
      "avg_overpay_sat_vb": 0.24577983220418295,
      "median_overpay_sat_vb": 0.0,
      "avg_underpay_sat_vb": 0.4073006312052409,
      "overpay_mape": 24.577983220418297,
      "within_10pct": 0.16666666666666666,
      "within_20pct": 0.3333333333333333,
      "within_50pct": 0.3333333333333333,
      "asymmetric_loss": 0.30453480538249805,
      "mape": 44.94301478068034
    }
  },
  "lgb_results": {
    "1block": {
      "horizon_blocks": 1,
      "model_type": "lightgbm",
      "mse": 0.5436109019611707,
      "rmse": 0.7372997368514183,
      "mae": 0.7370839884621274,
      "r2": 0.0,
      "block_inclusion_accuracy": 0.0,
      "avg_overpay_sat_vb": 0.0,
      "avg_underpay_sat_vb": 0.7370839884621274,
      "within_10pct": 0.0,
      "within_20pct": 0.0,
      "within_50pct": 1.0,
      "asymmetric_loss": 0.3805276313728195,
      "mape": 36.85419942310637
    },
    "3block": {
      "horizon_blocks": 3,
      "model_type": "lightgbm",
      "mse": 0.6666666666666666,
      "rmse": 0.816496580927726,
      "mae": 0.6666666666666666,
      "r2": -1.9999999999999996,
      "block_inclusion_accuracy": 0.3333333333333333,
      "avg_overpay_sat_vb": 0.0,
      "avg_underpay_sat_vb": 0.6666666666666666,
      "within_10pct": 0.3333333333333333,
      "within_20pct": 0.3333333333333333,
      "within_50pct": 0.3333333333333333,
      "asymmetric_loss": 0.4666666666666666,
      "mape": 33.33333333333333
    },
    "6block": {
      "horizon_blocks": 6,
      "model_type": "lightgbm",
      "mse": 0.6666666666666666,
      "rmse": 0.816496580927726,
      "mae": 0.6666666666666666,
      "r2": -1.9999999999999996,
      "block_inclusion_accuracy": 0.3333333333333333,
      "avg_overpay_sat_vb": 0.0,
      "avg_underpay_sat_vb": 0.6666666666666666,
      "within_10pct": 0.3333333333333333,
      "within_20pct": 0.3333333333333333,
      "within_50pct": 0.3333333333333333,
      "asymmetric_loss": 0.4666666666666666,
      "mape": 33.33333333333333
    }
  }
}