{
  "timestamp": "2026-05-07T06:08:21.976632",
  "duration_seconds": 1.911939,
  "xgb_results": {
    "1block": {
      "horizon_blocks": 1,
      "mse": 1.0008482047503928,
      "rmse": 1.000424012481904,
      "mae": 0.9280690352121989,
      "r2": 0.0,
      "block_inclusion_accuracy": 1.0,
      "avg_overpay_sat_vb": 0.9280690352121989,
      "median_overpay_sat_vb": 0.9190273284912109,
      "avg_underpay_sat_vb": 0.0,
      "overpay_mape": 46.40345176060994,
      "within_10pct": 0.0,
      "within_20pct": 0.16666666666666666,
      "within_50pct": 0.6666666666666666,
      "asymmetric_loss": 0.30025446142511786,
      "mape": 46.40345176060994
    },
    "3block": {
      "horizon_blocks": 3,
      "mse": 0.3217714256525899,
      "rmse": 0.5672489979300007,
      "mae": 0.46837957700093585,
      "r2": -1.3167542646986479,
      "block_inclusion_accuracy": 0.6666666666666666,
      "avg_overpay_sat_vb": 0.3224649826685588,
      "median_overpay_sat_vb": 0.21824181079864502,
      "avg_underpay_sat_vb": 0.1459145943323771,
      "overpay_mape": 24.179752667744957,
      "within_10pct": 0.3333333333333333,
      "within_20pct": 0.5,
      "within_50pct": 0.8333333333333334,
      "asymmetric_loss": 0.13449695738716325,
      "mape": 31.47548238436381
    },
    "6block": {
      "horizon_blocks": 6,
      "mse": 0.3217714256525899,
      "rmse": 0.5672489979300007,
      "mae": 0.46837957700093585,
      "r2": -1.3167542646986479,
      "block_inclusion_accuracy": 0.6666666666666666,
      "avg_overpay_sat_vb": 0.3224649826685588,
      "median_overpay_sat_vb": 0.21824181079864502,
      "avg_underpay_sat_vb": 0.1459145943323771,
      "overpay_mape": 24.179752667744957,
      "within_10pct": 0.3333333333333333,
      "within_20pct": 0.5,
      "within_50pct": 0.8333333333333334,
      "asymmetric_loss": 0.13449695738716325,
      "mape": 31.47548238436381
    }
  },
  "lgb_results": {
    "1block": {
      "horizon_blocks": 1,
      "model_type": "lightgbm",
      "mse": 0.596494722878704,
      "rmse": 0.7723307082323634,
      "mae": 0.7723307082323635,
      "r2": 0.0,
      "block_inclusion_accuracy": 0.0,
      "avg_overpay_sat_vb": 0.0,
      "avg_underpay_sat_vb": 0.7723307082323635,
      "within_10pct": 0.0,
      "within_20pct": 0.0,
      "within_50pct": 1.0,
      "asymmetric_loss": 0.41754630601509274,
      "mape": 38.61653541161817
    },
    "3block": {
      "horizon_blocks": 3,
      "model_type": "lightgbm",
      "mse": 0.8265345099321989,
      "rmse": 0.9091394337131126,
      "mae": 0.8306071149327888,
      "r2": -4.951048471511833,
      "block_inclusion_accuracy": 0.16666666666666666,
      "avg_overpay_sat_vb": 0.0006815546001361176,
      "avg_underpay_sat_vb": 0.8299255603326529,
      "within_10pct": 0.16666666666666666,
      "within_20pct": 0.16666666666666666,
      "within_50pct": 1.0,
      "asymmetric_loss": 0.5785730421125241,
      "mape": 41.56443347664625
    },
    "6block": {
      "horizon_blocks": 6,
      "model_type": "lightgbm",
      "mse": 0.8333333333333334,
      "rmse": 0.9128709291752769,
      "mae": 0.8333333333333334,
      "r2": -5.000000000000001,
      "block_inclusion_accuracy": 0.16666666666666666,
      "avg_overpay_sat_vb": 0.0,
      "avg_underpay_sat_vb": 0.8333333333333334,
      "within_10pct": 0.16666666666666666,
      "within_20pct": 0.16666666666666666,
      "within_50pct": 0.16666666666666666,
      "asymmetric_loss": 0.5833333333333334,
      "mape": 41.66666666666667
    }
  }
}