{
  "timestamp": "2026-05-08T13:31:02.965627",
  "duration_seconds": 2.024479,
  "xgb_results": {
    "1block": {
      "horizon_blocks": 1,
      "mse": 0.34033813054264783,
      "rmse": 0.5833850619810622,
      "mae": 0.5228987534840902,
      "r2": 0.0,
      "block_inclusion_accuracy": 0.16666666666666666,
      "avg_overpay_sat_vb": 0.030537525812784832,
      "median_overpay_sat_vb": 0.0,
      "avg_underpay_sat_vb": 0.49236122767130536,
      "overpay_mape": 1.5268762906392417,
      "within_10pct": 0.3333333333333333,
      "within_20pct": 0.3333333333333333,
      "within_50pct": 1.0,
      "asymmetric_loss": 0.23599859422121386,
      "mape": 26.14493767420451
    },
    "3block": {
      "horizon_blocks": 3,
      "mse": 2.0,
      "rmse": 1.4142135623730951,
      "mae": 1.3333333333333333,
      "r2": -8.0,
      "block_inclusion_accuracy": 0.0,
      "avg_overpay_sat_vb": 0.0,
      "median_overpay_sat_vb": 0.0,
      "avg_underpay_sat_vb": 1.3333333333333333,
      "overpay_mape": 0.0,
      "within_10pct": 0.0,
      "within_20pct": 0.0,
      "within_50pct": 0.0,
      "asymmetric_loss": 1.3999999999999997,
      "mape": 55.55555555555555
    },
    "6block": {
      "horizon_blocks": 6,
      "mse": 2.0,
      "rmse": 1.4142135623730951,
      "mae": 1.3333333333333333,
      "r2": -8.0,
      "block_inclusion_accuracy": 0.0,
      "avg_overpay_sat_vb": 0.0,
      "median_overpay_sat_vb": 0.0,
      "avg_underpay_sat_vb": 1.3333333333333333,
      "overpay_mape": 0.0,
      "within_10pct": 0.0,
      "within_20pct": 0.0,
      "within_50pct": 0.0,
      "asymmetric_loss": 1.3999999999999997,
      "mape": 55.55555555555555
    }
  },
  "lgb_results": {
    "1block": {
      "horizon_blocks": 1,
      "model_type": "lightgbm",
      "mse": 0.7982915327100105,
      "rmse": 0.8934716183013373,
      "mae": 0.8934710521196602,
      "r2": 0.0,
      "block_inclusion_accuracy": 0.0,
      "avg_overpay_sat_vb": 0.0,
      "avg_underpay_sat_vb": 0.8934710521196602,
      "within_10pct": 0.0,
      "within_20pct": 0.0,
      "within_50pct": 1.0,
      "asymmetric_loss": 0.5588040728970073,
      "mape": 44.673552605983005
    },
    "3block": {
      "horizon_blocks": 3,
      "model_type": "lightgbm",
      "mse": 1.989111848998049,
      "rmse": 1.410358766058498,
      "mae": 1.3292440057325168,
      "r2": -7.951003320491221,
      "block_inclusion_accuracy": 0.0,
      "avg_overpay_sat_vb": 0.0,
      "avg_underpay_sat_vb": 1.3292440057325168,
      "within_10pct": 0.0,
      "within_20pct": 0.0,
      "within_50pct": 0.6666666666666666,
      "asymmetric_loss": 1.3923782942986342,
      "mape": 55.373807662185925
    },
    "6block": {
      "horizon_blocks": 6,
      "model_type": "lightgbm",
      "mse": 2.0,
      "rmse": 1.4142135623730951,
      "mae": 1.3333333333333333,
      "r2": -8.0,
      "block_inclusion_accuracy": 0.0,
      "avg_overpay_sat_vb": 0.0,
      "avg_underpay_sat_vb": 1.3333333333333333,
      "within_10pct": 0.0,
      "within_20pct": 0.0,
      "within_50pct": 0.0,
      "asymmetric_loss": 1.3999999999999997,
      "mape": 55.55555555555555
    }
  }
}