{
  "timestamp": "2026-06-11T22:08:10.083239",
  "duration_seconds": 3.767125,
  "xgb_results": {
    "1block": {
      "horizon_blocks": 1,
      "mse": 3.685203878040776,
      "rmse": 1.919688484635144,
      "mae": 1.8700711727142334,
      "r2": 0.0,
      "block_inclusion_accuracy": 1.0,
      "avg_overpay_sat_vb": 1.8700711727142334,
      "median_overpay_sat_vb": 2.0118720531463623,
      "avg_underpay_sat_vb": 0.0,
      "overpay_mape": 31.167852878570557,
      "within_10pct": 0.0,
      "within_20pct": 0.16666666666666666,
      "within_50pct": 1.0,
      "asymmetric_loss": 1.105561163412233,
      "mape": 31.167852878570557
    },
    "3block": {
      "horizon_blocks": 3,
      "mse": 1.7283495515669074,
      "rmse": 1.3146670877324447,
      "mae": 1.1059236526489258,
      "r2": 0.0,
      "block_inclusion_accuracy": 0.16666666666666666,
      "avg_overpay_sat_vb": 0.08858148256937663,
      "median_overpay_sat_vb": 0.0,
      "avg_underpay_sat_vb": 1.017342170079549,
      "overpay_mape": 1.476358042822944,
      "within_10pct": 0.3333333333333333,
      "within_20pct": 0.6666666666666666,
      "within_50pct": 1.0,
      "asymmetric_loss": 1.191012656366782,
      "mape": 18.432060877482094
    },
    "6block": {
      "horizon_blocks": 6,
      "mse": 1.7283495515669074,
      "rmse": 1.3146670877324447,
      "mae": 1.1059236526489258,
      "r2": 0.0,
      "block_inclusion_accuracy": 0.16666666666666666,
      "avg_overpay_sat_vb": 0.08858148256937663,
      "median_overpay_sat_vb": 0.0,
      "avg_underpay_sat_vb": 1.017342170079549,
      "overpay_mape": 1.476358042822944,
      "within_10pct": 0.3333333333333333,
      "within_20pct": 0.6666666666666666,
      "within_50pct": 1.0,
      "asymmetric_loss": 1.191012656366782,
      "mape": 18.432060877482094
    }
  },
  "lgb_results": {
    "1block": {
      "horizon_blocks": 1,
      "model_type": "lightgbm",
      "mse": 25.0,
      "rmse": 5.0,
      "mae": 5.0,
      "r2": 0.0,
      "block_inclusion_accuracy": 0.0,
      "avg_overpay_sat_vb": 0.0,
      "avg_underpay_sat_vb": 5.0,
      "within_10pct": 0.0,
      "within_20pct": 0.0,
      "within_50pct": 0.0,
      "asymmetric_loss": 17.5,
      "mape": 83.33333333333334
    },
    "3block": {
      "horizon_blocks": 3,
      "model_type": "lightgbm",
      "mse": 25.0,
      "rmse": 5.0,
      "mae": 5.0,
      "r2": 0.0,
      "block_inclusion_accuracy": 0.0,
      "avg_overpay_sat_vb": 0.0,
      "avg_underpay_sat_vb": 5.0,
      "within_10pct": 0.0,
      "within_20pct": 0.0,
      "within_50pct": 0.0,
      "asymmetric_loss": 17.5,
      "mape": 83.33333333333334
    },
    "6block": {
      "horizon_blocks": 6,
      "model_type": "lightgbm",
      "mse": 25.0,
      "rmse": 5.0,
      "mae": 5.0,
      "r2": 0.0,
      "block_inclusion_accuracy": 0.0,
      "avg_overpay_sat_vb": 0.0,
      "avg_underpay_sat_vb": 5.0,
      "within_10pct": 0.0,
      "within_20pct": 0.0,
      "within_50pct": 0.0,
      "asymmetric_loss": 17.5,
      "mape": 83.33333333333334
    }
  }
}