{
  "timestamp": "2026-04-30T03:54:59.815681",
  "duration_seconds": 1.421223,
  "xgb_results": {
    "1block": {
      "horizon_blocks": 1,
      "mse": 0.08248964719741754,
      "rmse": 0.28721010984541884,
      "mae": 0.24214770396550497,
      "r2": 0.0,
      "block_inclusion_accuracy": 0.16666666666666666,
      "avg_overpay_sat_vb": 0.01945916811625163,
      "median_overpay_sat_vb": 0.0,
      "avg_underpay_sat_vb": 0.22268853584925333,
      "overpay_mape": 0.9729584058125814,
      "within_10pct": 0.5,
      "within_20pct": 0.8333333333333334,
      "within_50pct": 1.0,
      "asymmetric_loss": 0.05683397090112857,
      "mape": 12.10738519827525
    },
    "3block": {
      "horizon_blocks": 3,
      "mse": 1.0587367765100406,
      "rmse": 1.0289493556584992,
      "mae": 0.6427679459253947,
      "r2": -3.7643154942951824,
      "block_inclusion_accuracy": 0.3333333333333333,
      "avg_overpay_sat_vb": 0.03423714637756348,
      "median_overpay_sat_vb": 0.0,
      "avg_underpay_sat_vb": 0.6085307995478312,
      "overpay_mape": 1.7118573188781738,
      "within_10pct": 0.6666666666666666,
      "within_20pct": 0.6666666666666666,
      "within_50pct": 0.6666666666666666,
      "asymmetric_loss": 0.7396298661266888,
      "mape": 22.337544626659813
    },
    "6block": {
      "horizon_blocks": 6,
      "mse": 1.0587367765100406,
      "rmse": 1.0289493556584992,
      "mae": 0.6427679459253947,
      "r2": -3.7643154942951824,
      "block_inclusion_accuracy": 0.3333333333333333,
      "avg_overpay_sat_vb": 0.03423714637756348,
      "median_overpay_sat_vb": 0.0,
      "avg_underpay_sat_vb": 0.6085307995478312,
      "overpay_mape": 1.7118573188781738,
      "within_10pct": 0.6666666666666666,
      "within_20pct": 0.6666666666666666,
      "within_50pct": 0.6666666666666666,
      "asymmetric_loss": 0.7396298661266888,
      "mape": 22.337544626659813
    }
  },
  "lgb_results": {
    "1block": {
      "horizon_blocks": 1,
      "model_type": "lightgbm",
      "mse": 0.8522389234318796,
      "rmse": 0.9231678739166997,
      "mae": 0.9231542118663656,
      "r2": 0.0,
      "block_inclusion_accuracy": 0.0,
      "avg_overpay_sat_vb": 0.0,
      "avg_underpay_sat_vb": 0.9231542118663656,
      "within_10pct": 0.0,
      "within_20pct": 0.0,
      "within_50pct": 1.0,
      "asymmetric_loss": 0.5965672464023156,
      "mape": 46.15771059331828
    },
    "3block": {
      "horizon_blocks": 3,
      "model_type": "lightgbm",
      "mse": 2.0,
      "rmse": 1.4142135623730951,
      "mae": 1.3333333333333333,
      "r2": -8.0,
      "block_inclusion_accuracy": 0.0,
      "avg_overpay_sat_vb": 0.0,
      "avg_underpay_sat_vb": 1.3333333333333333,
      "within_10pct": 0.0,
      "within_20pct": 0.0,
      "within_50pct": 0.0,
      "asymmetric_loss": 1.3999999999999997,
      "mape": 55.55555555555555
    },
    "6block": {
      "horizon_blocks": 6,
      "model_type": "lightgbm",
      "mse": 2.0,
      "rmse": 1.4142135623730951,
      "mae": 1.3333333333333333,
      "r2": -8.0,
      "block_inclusion_accuracy": 0.0,
      "avg_overpay_sat_vb": 0.0,
      "avg_underpay_sat_vb": 1.3333333333333333,
      "within_10pct": 0.0,
      "within_20pct": 0.0,
      "within_50pct": 0.0,
      "asymmetric_loss": 1.3999999999999997,
      "mape": 55.55555555555555
    }
  }
}