{
  "timestamp": "2026-06-10T22:05:26.719105",
  "duration_seconds": 4.221985,
  "xgb_results": {
    "1block": {
      "horizon_blocks": 1,
      "mse": 0.36545866963908463,
      "rmse": 0.6045317771954463,
      "mae": 0.5197926163673401,
      "r2": 0.0,
      "block_inclusion_accuracy": 0.3333333333333333,
      "avg_overpay_sat_vb": 0.1232620080312093,
      "median_overpay_sat_vb": 0.0,
      "avg_underpay_sat_vb": 0.3965306083361308,
      "overpay_mape": 4.108733601040311,
      "within_10pct": 0.3333333333333333,
      "within_20pct": 0.6666666666666666,
      "within_50pct": 1.0,
      "asymmetric_loss": 0.2294936471941779,
      "mape": 17.326420545578003
    },
    "3block": {
      "horizon_blocks": 3,
      "mse": 2.5253799132805006,
      "rmse": 1.5891443966111136,
      "mae": 1.4101980328559875,
      "r2": 0.0,
      "block_inclusion_accuracy": 0.8333333333333334,
      "avg_overpay_sat_vb": 1.1704338391621907,
      "median_overpay_sat_vb": 1.0586134195327759,
      "avg_underpay_sat_vb": 0.23976419369379678,
      "overpay_mape": 39.014461305406364,
      "within_10pct": 0.0,
      "within_20pct": 0.16666666666666666,
      "within_50pct": 0.8333333333333334,
      "asymmetric_loss": 0.8955824585704777,
      "mape": 47.006601095199585
    },
    "6block": {
      "horizon_blocks": 6,
      "mse": 2.5253799132805006,
      "rmse": 1.5891443966111136,
      "mae": 1.4101980328559875,
      "r2": 0.0,
      "block_inclusion_accuracy": 0.8333333333333334,
      "avg_overpay_sat_vb": 1.1704338391621907,
      "median_overpay_sat_vb": 1.0586134195327759,
      "avg_underpay_sat_vb": 0.23976419369379678,
      "overpay_mape": 39.014461305406364,
      "within_10pct": 0.0,
      "within_20pct": 0.16666666666666666,
      "within_50pct": 0.8333333333333334,
      "asymmetric_loss": 0.8955824585704777,
      "mape": 47.006601095199585
    }
  },
  "lgb_results": {
    "1block": {
      "horizon_blocks": 1,
      "model_type": "lightgbm",
      "mse": 3.642367955751846,
      "rmse": 1.9084988749674037,
      "mae": 1.90849863935832,
      "r2": 0.0,
      "block_inclusion_accuracy": 0.0,
      "avg_overpay_sat_vb": 0.0,
      "avg_underpay_sat_vb": 1.90849863935832,
      "within_10pct": 0.0,
      "within_20pct": 0.0,
      "within_50pct": 0.0,
      "asymmetric_loss": 2.549657569026292,
      "mape": 63.616621311944
    },
    "3block": {
      "horizon_blocks": 3,
      "model_type": "lightgbm",
      "mse": 4.0,
      "rmse": 2.0,
      "mae": 2.0,
      "r2": 0.0,
      "block_inclusion_accuracy": 0.0,
      "avg_overpay_sat_vb": 0.0,
      "avg_underpay_sat_vb": 2.0,
      "within_10pct": 0.0,
      "within_20pct": 0.0,
      "within_50pct": 0.0,
      "asymmetric_loss": 2.8000000000000003,
      "mape": 66.66666666666666
    },
    "6block": {
      "horizon_blocks": 6,
      "model_type": "lightgbm",
      "mse": 4.0,
      "rmse": 2.0,
      "mae": 2.0,
      "r2": 0.0,
      "block_inclusion_accuracy": 0.0,
      "avg_overpay_sat_vb": 0.0,
      "avg_underpay_sat_vb": 2.0,
      "within_10pct": 0.0,
      "within_20pct": 0.0,
      "within_50pct": 0.0,
      "asymmetric_loss": 2.8000000000000003,
      "mape": 66.66666666666666
    }
  }
}