{
  "timestamp": "2026-06-24T22:25:09.815869",
  "duration_seconds": 4.700898,
  "xgb_results": {
    "1block": {
      "horizon_blocks": 1,
      "mse": 2.769470680592813,
      "rmse": 1.6641726715076213,
      "mae": 1.498305042584737,
      "r2": 0.0,
      "block_inclusion_accuracy": 0.8333333333333334,
      "avg_overpay_sat_vb": 1.3316383759180705,
      "median_overpay_sat_vb": 1.1891676187515259,
      "avg_underpay_sat_vb": 0.16666666666666666,
      "overpay_mape": 66.58191879590353,
      "within_10pct": 0.0,
      "within_20pct": 0.0,
      "within_50pct": 0.16666666666666666,
      "asymmetric_loss": 0.8975078708445107,
      "mape": 74.91525212923685
    },
    "3block": {
      "horizon_blocks": 3,
      "mse": 17.556693809565008,
      "rmse": 4.190070859730777,
      "mae": 3.5822551250457764,
      "r2": 0.0,
      "block_inclusion_accuracy": 1.0,
      "avg_overpay_sat_vb": 3.5822551250457764,
      "median_overpay_sat_vb": 4.123047828674316,
      "avg_underpay_sat_vb": 0.0,
      "overpay_mape": 179.11275625228882,
      "within_10pct": 0.16666666666666666,
      "within_20pct": 0.16666666666666666,
      "within_50pct": 0.16666666666666666,
      "asymmetric_loss": 5.267008142869504,
      "mape": 179.11275625228882
    },
    "6block": {
      "horizon_blocks": 6,
      "mse": 17.556693809565008,
      "rmse": 4.190070859730777,
      "mae": 3.5822551250457764,
      "r2": 0.0,
      "block_inclusion_accuracy": 1.0,
      "avg_overpay_sat_vb": 3.5822551250457764,
      "median_overpay_sat_vb": 4.123047828674316,
      "avg_underpay_sat_vb": 0.0,
      "overpay_mape": 179.11275625228882,
      "within_10pct": 0.16666666666666666,
      "within_20pct": 0.16666666666666666,
      "within_50pct": 0.16666666666666666,
      "asymmetric_loss": 5.267008142869504,
      "mape": 179.11275625228882
    }
  },
  "lgb_results": {
    "1block": {
      "horizon_blocks": 1,
      "model_type": "lightgbm",
      "mse": 1.0,
      "rmse": 1.0,
      "mae": 1.0,
      "r2": 0.0,
      "block_inclusion_accuracy": 0.0,
      "avg_overpay_sat_vb": 0.0,
      "avg_underpay_sat_vb": 1.0,
      "within_10pct": 0.0,
      "within_20pct": 0.0,
      "within_50pct": 0.0,
      "asymmetric_loss": 0.7000000000000001,
      "mape": 50.0
    },
    "3block": {
      "horizon_blocks": 3,
      "model_type": "lightgbm",
      "mse": 1.0,
      "rmse": 1.0,
      "mae": 1.0,
      "r2": 0.0,
      "block_inclusion_accuracy": 0.0,
      "avg_overpay_sat_vb": 0.0,
      "avg_underpay_sat_vb": 1.0,
      "within_10pct": 0.0,
      "within_20pct": 0.0,
      "within_50pct": 0.0,
      "asymmetric_loss": 0.7000000000000001,
      "mape": 50.0
    },
    "6block": {
      "horizon_blocks": 6,
      "model_type": "lightgbm",
      "mse": 1.0,
      "rmse": 1.0,
      "mae": 1.0,
      "r2": 0.0,
      "block_inclusion_accuracy": 0.0,
      "avg_overpay_sat_vb": 0.0,
      "avg_underpay_sat_vb": 1.0,
      "within_10pct": 0.0,
      "within_20pct": 0.0,
      "within_50pct": 0.0,
      "asymmetric_loss": 0.7000000000000001,
      "mape": 50.0
    }
  }
}