{
  "timestamp": "2026-06-10T00:18:55.530189",
  "duration_seconds": 4.193665,
  "xgb_results": {
    "1block": {
      "horizon_blocks": 1,
      "mse": 0.20993707403670214,
      "rmse": 0.45818890649676597,
      "mae": 0.3693702220916748,
      "r2": 0.0,
      "block_inclusion_accuracy": 0.6666666666666666,
      "avg_overpay_sat_vb": 0.34192101160685223,
      "median_overpay_sat_vb": 0.32465124130249023,
      "avg_underpay_sat_vb": 0.02744921048482259,
      "overpay_mape": 6.838420232137045,
      "within_10pct": 0.6666666666666666,
      "within_20pct": 1.0,
      "within_50pct": 1.0,
      "asymmetric_loss": 0.06418999532961987,
      "mape": 7.387404441833496
    },
    "3block": {
      "horizon_blocks": 3,
      "mse": 3.5395123846812453,
      "rmse": 1.881359185451105,
      "mae": 1.8192917505900066,
      "r2": -5.371122292426242,
      "block_inclusion_accuracy": 0.5,
      "avg_overpay_sat_vb": 0.8114436070124308,
      "median_overpay_sat_vb": 0.4102543592453003,
      "avg_underpay_sat_vb": 1.0078481435775757,
      "overpay_mape": 27.048120233747696,
      "within_10pct": 0.0,
      "within_20pct": 0.0,
      "within_50pct": 0.3333333333333333,
      "asymmetric_loss": 1.874558569186769,
      "mape": 56.093971994188095
    },
    "6block": {
      "horizon_blocks": 6,
      "mse": 3.5395123846812453,
      "rmse": 1.881359185451105,
      "mae": 1.8192917505900066,
      "r2": -5.371122292426242,
      "block_inclusion_accuracy": 0.5,
      "avg_overpay_sat_vb": 0.8114436070124308,
      "median_overpay_sat_vb": 0.4102543592453003,
      "avg_underpay_sat_vb": 1.0078481435775757,
      "overpay_mape": 27.048120233747696,
      "within_10pct": 0.0,
      "within_20pct": 0.0,
      "within_50pct": 0.3333333333333333,
      "asymmetric_loss": 1.874558569186769,
      "mape": 56.093971994188095
    }
  },
  "lgb_results": {
    "1block": {
      "horizon_blocks": 1,
      "model_type": "lightgbm",
      "mse": 16.0,
      "rmse": 4.0,
      "mae": 4.0,
      "r2": 0.0,
      "block_inclusion_accuracy": 0.0,
      "avg_overpay_sat_vb": 0.0,
      "avg_underpay_sat_vb": 4.0,
      "within_10pct": 0.0,
      "within_20pct": 0.0,
      "within_50pct": 0.0,
      "asymmetric_loss": 11.200000000000001,
      "mape": 80.0
    },
    "3block": {
      "horizon_blocks": 3,
      "model_type": "lightgbm",
      "mse": 6.0,
      "rmse": 2.449489742783178,
      "mae": 2.3333333333333335,
      "r2": -9.8,
      "block_inclusion_accuracy": 0.0,
      "avg_overpay_sat_vb": 0.0,
      "avg_underpay_sat_vb": 2.3333333333333335,
      "within_10pct": 0.0,
      "within_20pct": 0.0,
      "within_50pct": 0.0,
      "asymmetric_loss": 4.2,
      "mape": 68.88888888888887
    },
    "6block": {
      "horizon_blocks": 6,
      "model_type": "lightgbm",
      "mse": 5.860703505809696,
      "rmse": 2.420888990806827,
      "mae": 2.3032906786278935,
      "r2": -9.549266310457455,
      "block_inclusion_accuracy": 0.0,
      "avg_overpay_sat_vb": 0.0,
      "avg_underpay_sat_vb": 2.3032906786278935,
      "within_10pct": 0.0,
      "within_20pct": 0.0,
      "within_50pct": 0.0,
      "asymmetric_loss": 4.102492454066787,
      "mape": 67.95422852027521
    }
  }
}