{
  "timestamp": "2026-05-06T17:57:35.841810",
  "duration_seconds": 1.763571,
  "xgb_results": {
    "1block": {
      "horizon_blocks": 1,
      "mse": 1.2384870888362418,
      "rmse": 1.1128733480662756,
      "mae": 1.094383716583252,
      "r2": 0.0,
      "block_inclusion_accuracy": 0.0,
      "avg_overpay_sat_vb": 0.0,
      "median_overpay_sat_vb": 0.0,
      "avg_underpay_sat_vb": 1.094383716583252,
      "overpay_mape": 0.0,
      "within_10pct": 0.0,
      "within_20pct": 0.3333333333333333,
      "within_50pct": 1.0,
      "asymmetric_loss": 0.8669409621853693,
      "mape": 21.887674331665043
    },
    "3block": {
      "horizon_blocks": 3,
      "mse": 13.051951248873834,
      "rmse": 3.612748434208205,
      "mae": 3.6043243408203125,
      "r2": 0.0,
      "block_inclusion_accuracy": 0.0,
      "avg_overpay_sat_vb": 0.0,
      "median_overpay_sat_vb": 0.0,
      "avg_underpay_sat_vb": 3.6043243408203125,
      "overpay_mape": 0.0,
      "within_10pct": 0.0,
      "within_20pct": 0.0,
      "within_50pct": 0.0,
      "asymmetric_loss": 9.136365874211682,
      "mape": 72.08648681640625
    },
    "6block": {
      "horizon_blocks": 6,
      "mse": 13.051951248873834,
      "rmse": 3.612748434208205,
      "mae": 3.6043243408203125,
      "r2": 0.0,
      "block_inclusion_accuracy": 0.0,
      "avg_overpay_sat_vb": 0.0,
      "median_overpay_sat_vb": 0.0,
      "avg_underpay_sat_vb": 3.6043243408203125,
      "overpay_mape": 0.0,
      "within_10pct": 0.0,
      "within_20pct": 0.0,
      "within_50pct": 0.0,
      "asymmetric_loss": 9.136365874211682,
      "mape": 72.08648681640625
    }
  },
  "lgb_results": {
    "1block": {
      "horizon_blocks": 1,
      "model_type": "lightgbm",
      "mse": 16.0,
      "rmse": 4.0,
      "mae": 4.0,
      "r2": 0.0,
      "block_inclusion_accuracy": 0.0,
      "avg_overpay_sat_vb": 0.0,
      "avg_underpay_sat_vb": 4.0,
      "within_10pct": 0.0,
      "within_20pct": 0.0,
      "within_50pct": 0.0,
      "asymmetric_loss": 11.200000000000001,
      "mape": 80.0
    },
    "3block": {
      "horizon_blocks": 3,
      "model_type": "lightgbm",
      "mse": 15.967302101793694,
      "rmse": 3.9959106723991833,
      "mae": 3.9959106723991833,
      "r2": 0.0,
      "block_inclusion_accuracy": 0.0,
      "avg_overpay_sat_vb": 0.0,
      "avg_underpay_sat_vb": 3.9959106723991833,
      "within_10pct": 0.0,
      "within_20pct": 0.0,
      "within_50pct": 0.0,
      "asymmetric_loss": 11.177111471255586,
      "mape": 79.91821344798366
    },
    "6block": {
      "horizon_blocks": 6,
      "model_type": "lightgbm",
      "mse": 16.0,
      "rmse": 4.0,
      "mae": 4.0,
      "r2": 0.0,
      "block_inclusion_accuracy": 0.0,
      "avg_overpay_sat_vb": 0.0,
      "avg_underpay_sat_vb": 4.0,
      "within_10pct": 0.0,
      "within_20pct": 0.0,
      "within_50pct": 0.0,
      "asymmetric_loss": 11.200000000000001,
      "mape": 80.0
    }
  }
}