{
  "timestamp": "2026-05-05T17:29:50.265751",
  "duration_seconds": 2.030383,
  "xgb_results": {
    "1block": {
      "horizon_blocks": 1,
      "mse": 0.014610056611260802,
      "rmse": 0.12087206712578719,
      "mae": 0.07165185610453288,
      "r2": 0.0,
      "block_inclusion_accuracy": 1.0,
      "avg_overpay_sat_vb": 0.07165185610453288,
      "median_overpay_sat_vb": 0.03809618949890137,
      "avg_underpay_sat_vb": 0.0,
      "overpay_mape": 7.165185610453288,
      "within_10pct": 0.8333333333333334,
      "within_20pct": 0.8333333333333334,
      "within_50pct": 1.0,
      "asymmetric_loss": 0.004383016983378241,
      "mape": 7.165185610453288
    },
    "3block": {
      "horizon_blocks": 3,
      "mse": 0.13949058349606247,
      "rmse": 0.37348438186363625,
      "mae": 0.2737010916074117,
      "r2": 0.0,
      "block_inclusion_accuracy": 0.6666666666666666,
      "avg_overpay_sat_vb": 0.21875210603078207,
      "median_overpay_sat_vb": 0.14631438255310059,
      "avg_underpay_sat_vb": 0.05494898557662964,
      "overpay_mape": 10.937605301539104,
      "within_10pct": 0.6666666666666666,
      "within_20pct": 0.8333333333333334,
      "within_50pct": 1.0,
      "asymmetric_loss": 0.04675160048249225,
      "mape": 13.685054580370585
    },
    "6block": {
      "horizon_blocks": 6,
      "mse": 0.13949058349606247,
      "rmse": 0.37348438186363625,
      "mae": 0.2737010916074117,
      "r2": 0.0,
      "block_inclusion_accuracy": 0.6666666666666666,
      "avg_overpay_sat_vb": 0.21875210603078207,
      "median_overpay_sat_vb": 0.14631438255310059,
      "avg_underpay_sat_vb": 0.05494898557662964,
      "overpay_mape": 10.937605301539104,
      "within_10pct": 0.6666666666666666,
      "within_20pct": 0.8333333333333334,
      "within_50pct": 1.0,
      "asymmetric_loss": 0.04675160048249225,
      "mape": 13.685054580370585
    }
  },
  "lgb_results": {
    "1block": {
      "horizon_blocks": 1,
      "model_type": "lightgbm",
      "mse": 0.0,
      "rmse": 0.0,
      "mae": 0.0,
      "r2": 1.0,
      "block_inclusion_accuracy": 1.0,
      "avg_overpay_sat_vb": 0.0,
      "avg_underpay_sat_vb": 0.0,
      "within_10pct": 1.0,
      "within_20pct": 1.0,
      "within_50pct": 1.0,
      "asymmetric_loss": 0.0,
      "mape": 0.0
    },
    "3block": {
      "horizon_blocks": 3,
      "model_type": "lightgbm",
      "mse": 0.9918380673985933,
      "rmse": 0.9959106723991832,
      "mae": 0.9959106723991834,
      "r2": 0.0,
      "block_inclusion_accuracy": 0.0,
      "avg_overpay_sat_vb": 0.0,
      "avg_underpay_sat_vb": 0.9959106723991834,
      "within_10pct": 0.0,
      "within_20pct": 0.0,
      "within_50pct": 1.0,
      "asymmetric_loss": 0.6942866471790153,
      "mape": 49.79553361995917
    },
    "6block": {
      "horizon_blocks": 6,
      "model_type": "lightgbm",
      "mse": 1.0,
      "rmse": 1.0,
      "mae": 1.0,
      "r2": 0.0,
      "block_inclusion_accuracy": 0.0,
      "avg_overpay_sat_vb": 0.0,
      "avg_underpay_sat_vb": 1.0,
      "within_10pct": 0.0,
      "within_20pct": 0.0,
      "within_50pct": 0.0,
      "asymmetric_loss": 0.7000000000000001,
      "mape": 50.0
    }
  }
}