{
  "timestamp": "2026-06-29T21:32:02.175840",
  "duration_seconds": 5.130547,
  "xgb_results": {
    "1block": {
      "horizon_blocks": 1,
      "mse": 0.051226642056917626,
      "rmse": 0.22633303350796505,
      "mae": 0.09240007400512695,
      "r2": 0.0,
      "block_inclusion_accuracy": 1.0,
      "avg_overpay_sat_vb": 0.09240007400512695,
      "median_overpay_sat_vb": 0.0,
      "avg_underpay_sat_vb": 0.0,
      "overpay_mape": 9.240007400512695,
      "within_10pct": 0.8333333333333334,
      "within_20pct": 0.8333333333333334,
      "within_50pct": 0.8333333333333334,
      "asymmetric_loss": 0.01536799261707529,
      "mape": 9.240007400512695
    },
    "3block": {
      "horizon_blocks": 3,
      "mse": 0.3333333333333333,
      "rmse": 0.5773502691896257,
      "mae": 0.3333333333333333,
      "r2": -0.4999999999999998,
      "block_inclusion_accuracy": 0.6666666666666666,
      "avg_overpay_sat_vb": 0.0,
      "median_overpay_sat_vb": 0.0,
      "avg_underpay_sat_vb": 0.3333333333333333,
      "overpay_mape": 0.0,
      "within_10pct": 0.6666666666666666,
      "within_20pct": 0.6666666666666666,
      "within_50pct": 0.6666666666666666,
      "asymmetric_loss": 0.2333333333333333,
      "mape": 16.666666666666664
    },
    "6block": {
      "horizon_blocks": 6,
      "mse": 0.3333333333333333,
      "rmse": 0.5773502691896257,
      "mae": 0.3333333333333333,
      "r2": -0.4999999999999998,
      "block_inclusion_accuracy": 0.6666666666666666,
      "avg_overpay_sat_vb": 0.0,
      "median_overpay_sat_vb": 0.0,
      "avg_underpay_sat_vb": 0.3333333333333333,
      "overpay_mape": 0.0,
      "within_10pct": 0.6666666666666666,
      "within_20pct": 0.6666666666666666,
      "within_50pct": 0.6666666666666666,
      "asymmetric_loss": 0.2333333333333333,
      "mape": 16.666666666666664
    }
  },
  "lgb_results": {
    "1block": {
      "horizon_blocks": 1,
      "model_type": "lightgbm",
      "mse": 0.0,
      "rmse": 0.0,
      "mae": 0.0,
      "r2": 1.0,
      "block_inclusion_accuracy": 1.0,
      "avg_overpay_sat_vb": 0.0,
      "avg_underpay_sat_vb": 0.0,
      "within_10pct": 1.0,
      "within_20pct": 1.0,
      "within_50pct": 1.0,
      "asymmetric_loss": 0.0,
      "mape": 0.0
    },
    "3block": {
      "horizon_blocks": 3,
      "model_type": "lightgbm",
      "mse": 0.33062383753301566,
      "rmse": 0.5749989891582555,
      "mae": 0.3346964425336056,
      "r2": -0.4878072688985702,
      "block_inclusion_accuracy": 0.6666666666666666,
      "avg_overpay_sat_vb": 0.0027262184005444703,
      "avg_underpay_sat_vb": 0.3319702241330611,
      "within_10pct": 0.6666666666666666,
      "within_20pct": 0.6666666666666666,
      "within_50pct": 1.0,
      "asymmetric_loss": 0.23143222691305046,
      "mape": 16.871133046707502
    },
    "6block": {
      "horizon_blocks": 6,
      "model_type": "lightgbm",
      "mse": 0.3333333333333333,
      "rmse": 0.5773502691896257,
      "mae": 0.3333333333333333,
      "r2": -0.4999999999999998,
      "block_inclusion_accuracy": 0.6666666666666666,
      "avg_overpay_sat_vb": 0.0,
      "avg_underpay_sat_vb": 0.3333333333333333,
      "within_10pct": 0.6666666666666666,
      "within_20pct": 0.6666666666666666,
      "within_50pct": 0.6666666666666666,
      "asymmetric_loss": 0.2333333333333333,
      "mape": 16.666666666666664
    }
  }
}