{
  "timestamp": "2026-05-27T12:27:22.872822",
  "duration_seconds": 3.501936,
  "xgb_results": {
    "1block": {
      "horizon_blocks": 1,
      "mse": 0.31391320185167376,
      "rmse": 0.5602795747229,
      "mae": 0.3672586480776469,
      "r2": 0.0,
      "block_inclusion_accuracy": 1.0,
      "avg_overpay_sat_vb": 0.3672586480776469,
      "median_overpay_sat_vb": 0.26991307735443115,
      "avg_underpay_sat_vb": 0.0,
      "overpay_mape": 36.725864807764694,
      "within_10pct": 0.3333333333333333,
      "within_20pct": 0.5,
      "within_50pct": 0.8333333333333334,
      "asymmetric_loss": 0.09417396055550213,
      "mape": 36.725864807764694
    },
    "3block": {
      "horizon_blocks": 3,
      "mse": 0.6541062303897055,
      "rmse": 0.8087683416094534,
      "mae": 0.5516479015350342,
      "r2": 0.0,
      "block_inclusion_accuracy": 1.0,
      "avg_overpay_sat_vb": 0.5516479015350342,
      "median_overpay_sat_vb": 0.3586306571960449,
      "avg_underpay_sat_vb": 0.0,
      "overpay_mape": 55.16479015350342,
      "within_10pct": 0.5,
      "within_20pct": 0.5,
      "within_50pct": 0.5,
      "asymmetric_loss": 0.19623186911691162,
      "mape": 55.16479015350342
    },
    "6block": {
      "horizon_blocks": 6,
      "mse": 0.6541062303897055,
      "rmse": 0.8087683416094534,
      "mae": 0.5516479015350342,
      "r2": 0.0,
      "block_inclusion_accuracy": 1.0,
      "avg_overpay_sat_vb": 0.5516479015350342,
      "median_overpay_sat_vb": 0.3586306571960449,
      "avg_underpay_sat_vb": 0.0,
      "overpay_mape": 55.16479015350342,
      "within_10pct": 0.5,
      "within_20pct": 0.5,
      "within_50pct": 0.5,
      "asymmetric_loss": 0.19623186911691162,
      "mape": 55.16479015350342
    }
  },
  "lgb_results": {
    "1block": {
      "horizon_blocks": 1,
      "model_type": "lightgbm",
      "mse": 0.0,
      "rmse": 0.0,
      "mae": 0.0,
      "r2": 1.0,
      "block_inclusion_accuracy": 1.0,
      "avg_overpay_sat_vb": 0.0,
      "avg_underpay_sat_vb": 0.0,
      "within_10pct": 1.0,
      "within_20pct": 1.0,
      "within_50pct": 1.0,
      "asymmetric_loss": 0.0,
      "mape": 0.0
    },
    "3block": {
      "horizon_blocks": 3,
      "model_type": "lightgbm",
      "mse": 0.0,
      "rmse": 0.0,
      "mae": 0.0,
      "r2": 1.0,
      "block_inclusion_accuracy": 1.0,
      "avg_overpay_sat_vb": 0.0,
      "avg_underpay_sat_vb": 0.0,
      "within_10pct": 1.0,
      "within_20pct": 1.0,
      "within_50pct": 1.0,
      "asymmetric_loss": 0.0,
      "mape": 0.0
    },
    "6block": {
      "horizon_blocks": 6,
      "model_type": "lightgbm",
      "mse": 0.0,
      "rmse": 0.0,
      "mae": 0.0,
      "r2": 1.0,
      "block_inclusion_accuracy": 1.0,
      "avg_overpay_sat_vb": 0.0,
      "avg_underpay_sat_vb": 0.0,
      "within_10pct": 1.0,
      "within_20pct": 1.0,
      "within_50pct": 1.0,
      "asymmetric_loss": 0.0,
      "mape": 0.0
    }
  }
}