{
  "timestamp": "2026-05-05T21:09:08.797129",
  "duration_seconds": 1.907891,
  "xgb_results": {
    "1block": {
      "horizon_blocks": 1,
      "mse": 0.31617390975829096,
      "rmse": 0.5622934374135011,
      "mae": 0.4707454442977905,
      "r2": 0.0,
      "block_inclusion_accuracy": 0.0,
      "avg_overpay_sat_vb": 0.0,
      "median_overpay_sat_vb": 0.0,
      "avg_underpay_sat_vb": 0.4707454442977905,
      "overpay_mape": 0.0,
      "within_10pct": 0.3333333333333333,
      "within_20pct": 0.3333333333333333,
      "within_50pct": 1.0,
      "asymmetric_loss": 0.22132173683080367,
      "mape": 23.537272214889526
    },
    "3block": {
      "horizon_blocks": 3,
      "mse": 6.722496727268672,
      "rmse": 2.5927778013683844,
      "mae": 2.539664069811503,
      "r2": 0.0,
      "block_inclusion_accuracy": 1.0,
      "avg_overpay_sat_vb": 2.539664069811503,
      "median_overpay_sat_vb": 2.491288185119629,
      "avg_underpay_sat_vb": 0.0,
      "overpay_mape": 126.98320349057515,
      "within_10pct": 0.0,
      "within_20pct": 0.0,
      "within_50pct": 0.0,
      "asymmetric_loss": 2.0167490181806023,
      "mape": 126.98320349057515
    },
    "6block": {
      "horizon_blocks": 6,
      "mse": 6.722496727268672,
      "rmse": 2.5927778013683844,
      "mae": 2.539664069811503,
      "r2": 0.0,
      "block_inclusion_accuracy": 1.0,
      "avg_overpay_sat_vb": 2.539664069811503,
      "median_overpay_sat_vb": 2.491288185119629,
      "avg_underpay_sat_vb": 0.0,
      "overpay_mape": 126.98320349057515,
      "within_10pct": 0.0,
      "within_20pct": 0.0,
      "within_50pct": 0.0,
      "asymmetric_loss": 2.0167490181806023,
      "mape": 126.98320349057515
    }
  },
  "lgb_results": {
    "1block": {
      "horizon_blocks": 1,
      "model_type": "lightgbm",
      "mse": 1.0,
      "rmse": 1.0,
      "mae": 1.0,
      "r2": 0.0,
      "block_inclusion_accuracy": 0.0,
      "avg_overpay_sat_vb": 0.0,
      "avg_underpay_sat_vb": 1.0,
      "within_10pct": 0.0,
      "within_20pct": 0.0,
      "within_50pct": 0.0,
      "asymmetric_loss": 0.7000000000000001,
      "mape": 50.0
    },
    "3block": {
      "horizon_blocks": 3,
      "model_type": "lightgbm",
      "mse": 0.9918380673985933,
      "rmse": 0.9959106723991832,
      "mae": 0.9959106723991834,
      "r2": 0.0,
      "block_inclusion_accuracy": 0.0,
      "avg_overpay_sat_vb": 0.0,
      "avg_underpay_sat_vb": 0.9959106723991834,
      "within_10pct": 0.0,
      "within_20pct": 0.0,
      "within_50pct": 1.0,
      "asymmetric_loss": 0.6942866471790153,
      "mape": 49.79553361995917
    },
    "6block": {
      "horizon_blocks": 6,
      "model_type": "lightgbm",
      "mse": 1.0,
      "rmse": 1.0,
      "mae": 1.0,
      "r2": 0.0,
      "block_inclusion_accuracy": 0.0,
      "avg_overpay_sat_vb": 0.0,
      "avg_underpay_sat_vb": 1.0,
      "within_10pct": 0.0,
      "within_20pct": 0.0,
      "within_50pct": 0.0,
      "asymmetric_loss": 0.7000000000000001,
      "mape": 50.0
    }
  }
}