{
  "timestamp": "2026-06-14T15:57:12.222932",
  "duration_seconds": 3.983427,
  "xgb_results": {
    "1block": {
      "horizon_blocks": 1,
      "mse": 12.37463425654145,
      "rmse": 3.517759834971889,
      "mae": 3.3933072884877524,
      "r2": 0.0,
      "block_inclusion_accuracy": 1.0,
      "avg_overpay_sat_vb": 3.3933072884877524,
      "median_overpay_sat_vb": 3.2354471683502197,
      "avg_underpay_sat_vb": 0.0,
      "overpay_mape": 113.11024294959175,
      "within_10pct": 0.0,
      "within_20pct": 0.0,
      "within_50pct": 0.0,
      "asymmetric_loss": 3.7123902769624357,
      "mape": 113.11024294959175
    },
    "3block": {
      "horizon_blocks": 3,
      "mse": 3.6535719426802964,
      "rmse": 1.9114319089834972,
      "mae": 1.6270161867141724,
      "r2": 0.0,
      "block_inclusion_accuracy": 0.6666666666666666,
      "avg_overpay_sat_vb": 1.3178688685099285,
      "median_overpay_sat_vb": 1.1534202098846436,
      "avg_underpay_sat_vb": 0.30914731820424396,
      "overpay_mape": 43.92896228366428,
      "within_10pct": 0.0,
      "within_20pct": 0.16666666666666666,
      "within_50pct": 0.5,
      "asymmetric_loss": 1.211094737340586,
      "mape": 54.23387289047241
    },
    "6block": {
      "horizon_blocks": 6,
      "mse": 3.6535719426802964,
      "rmse": 1.9114319089834972,
      "mae": 1.6270161867141724,
      "r2": 0.0,
      "block_inclusion_accuracy": 0.6666666666666666,
      "avg_overpay_sat_vb": 1.3178688685099285,
      "median_overpay_sat_vb": 1.1534202098846436,
      "avg_underpay_sat_vb": 0.30914731820424396,
      "overpay_mape": 43.92896228366428,
      "within_10pct": 0.0,
      "within_20pct": 0.16666666666666666,
      "within_50pct": 0.5,
      "asymmetric_loss": 1.211094737340586,
      "mape": 54.23387289047241
    }
  },
  "lgb_results": {
    "1block": {
      "horizon_blocks": 1,
      "model_type": "lightgbm",
      "mse": 4.0,
      "rmse": 2.0,
      "mae": 2.0,
      "r2": 0.0,
      "block_inclusion_accuracy": 0.0,
      "avg_overpay_sat_vb": 0.0,
      "avg_underpay_sat_vb": 2.0,
      "within_10pct": 0.0,
      "within_20pct": 0.0,
      "within_50pct": 0.0,
      "asymmetric_loss": 2.8000000000000003,
      "mape": 66.66666666666666
    },
    "3block": {
      "horizon_blocks": 3,
      "model_type": "lightgbm",
      "mse": 3.98365941219696,
      "rmse": 1.9959106723991833,
      "mae": 1.9959106723991835,
      "r2": 0.0,
      "block_inclusion_accuracy": 0.0,
      "avg_overpay_sat_vb": 0.0,
      "avg_underpay_sat_vb": 1.9959106723991835,
      "within_10pct": 0.0,
      "within_20pct": 0.0,
      "within_50pct": 0.0,
      "asymmetric_loss": 2.788561588537872,
      "mape": 66.53035574663944
    },
    "6block": {
      "horizon_blocks": 6,
      "model_type": "lightgbm",
      "mse": 4.0,
      "rmse": 2.0,
      "mae": 2.0,
      "r2": 0.0,
      "block_inclusion_accuracy": 0.0,
      "avg_overpay_sat_vb": 0.0,
      "avg_underpay_sat_vb": 2.0,
      "within_10pct": 0.0,
      "within_20pct": 0.0,
      "within_50pct": 0.0,
      "asymmetric_loss": 2.8000000000000003,
      "mape": 66.66666666666666
    }
  }
}