{
  "timestamp": "2026-05-21T19:11:02.413764",
  "duration_seconds": 3.077421,
  "xgb_results": {
    "1block": {
      "horizon_blocks": 1,
      "mse": 1.9932490326775678,
      "rmse": 1.4118247174056586,
      "mae": 1.405379295349121,
      "r2": 0.0,
      "block_inclusion_accuracy": 1.0,
      "avg_overpay_sat_vb": 1.405379295349121,
      "median_overpay_sat_vb": 1.4376773834228516,
      "avg_underpay_sat_vb": 0.0,
      "overpay_mape": 70.26896476745605,
      "within_10pct": 0.0,
      "within_20pct": 0.0,
      "within_50pct": 0.0,
      "asymmetric_loss": 0.5979747098032705,
      "mape": 70.26896476745605
    },
    "3block": {
      "horizon_blocks": 3,
      "mse": 2.095047187437873,
      "rmse": 1.447427783151157,
      "mae": 1.1618417700131733,
      "r2": 0.0,
      "block_inclusion_accuracy": 0.8333333333333334,
      "avg_overpay_sat_vb": 1.0980965693791707,
      "median_overpay_sat_vb": 0.737650990486145,
      "avg_underpay_sat_vb": 0.06374520063400269,
      "overpay_mape": 54.904828468958534,
      "within_10pct": 0.0,
      "within_20pct": 0.16666666666666666,
      "within_50pct": 0.6666666666666666,
      "asymmetric_loss": 0.6382664376806483,
      "mape": 58.09208850065867
    },
    "6block": {
      "horizon_blocks": 6,
      "mse": 2.095047187437873,
      "rmse": 1.447427783151157,
      "mae": 1.1618417700131733,
      "r2": 0.0,
      "block_inclusion_accuracy": 0.8333333333333334,
      "avg_overpay_sat_vb": 1.0980965693791707,
      "median_overpay_sat_vb": 0.737650990486145,
      "avg_underpay_sat_vb": 0.06374520063400269,
      "overpay_mape": 54.904828468958534,
      "within_10pct": 0.0,
      "within_20pct": 0.16666666666666666,
      "within_50pct": 0.6666666666666666,
      "asymmetric_loss": 0.6382664376806483,
      "mape": 58.09208850065867
    }
  },
  "lgb_results": {
    "1block": {
      "horizon_blocks": 1,
      "model_type": "lightgbm",
      "mse": 0.948085252279391,
      "rmse": 0.9736966941914669,
      "mae": 0.973696694191467,
      "r2": 0.0,
      "block_inclusion_accuracy": 0.0,
      "avg_overpay_sat_vb": 0.0,
      "avg_underpay_sat_vb": 0.973696694191467,
      "within_10pct": 0.0,
      "within_20pct": 0.0,
      "within_50pct": 1.0,
      "asymmetric_loss": 0.6636596765955737,
      "mape": 48.68483470957335
    },
    "3block": {
      "horizon_blocks": 3,
      "model_type": "lightgbm",
      "mse": 1.0,
      "rmse": 1.0,
      "mae": 1.0,
      "r2": 0.0,
      "block_inclusion_accuracy": 0.0,
      "avg_overpay_sat_vb": 0.0,
      "avg_underpay_sat_vb": 1.0,
      "within_10pct": 0.0,
      "within_20pct": 0.0,
      "within_50pct": 0.0,
      "asymmetric_loss": 0.7000000000000001,
      "mape": 50.0
    },
    "6block": {
      "horizon_blocks": 6,
      "model_type": "lightgbm",
      "mse": 1.0,
      "rmse": 1.0,
      "mae": 1.0,
      "r2": 0.0,
      "block_inclusion_accuracy": 0.0,
      "avg_overpay_sat_vb": 0.0,
      "avg_underpay_sat_vb": 1.0,
      "within_10pct": 0.0,
      "within_20pct": 0.0,
      "within_50pct": 0.0,
      "asymmetric_loss": 0.7000000000000001,
      "mape": 50.0
    }
  }
}