{
  "timestamp": "2026-05-16T20:12:41.068749",
  "duration_seconds": 2.722134,
  "xgb_results": {
    "1block": {
      "horizon_blocks": 1,
      "mse": 0.02828986455194619,
      "rmse": 0.16819591122243785,
      "mae": 0.10015654563903809,
      "r2": 0.0,
      "block_inclusion_accuracy": 1.0,
      "avg_overpay_sat_vb": 0.10015654563903809,
      "median_overpay_sat_vb": 0.052543461322784424,
      "avg_underpay_sat_vb": 0.0,
      "overpay_mape": 10.015654563903809,
      "within_10pct": 0.8333333333333334,
      "within_20pct": 0.8333333333333334,
      "within_50pct": 1.0,
      "asymmetric_loss": 0.008486959365583859,
      "mape": 10.015654563903809
    },
    "3block": {
      "horizon_blocks": 3,
      "mse": 3.0484027105422364,
      "rmse": 1.7459675571276336,
      "mae": 1.480570137500763,
      "r2": 0.0,
      "block_inclusion_accuracy": 1.0,
      "avg_overpay_sat_vb": 1.480570137500763,
      "median_overpay_sat_vb": 1.5697622299194336,
      "avg_underpay_sat_vb": 0.0,
      "overpay_mape": 148.0570137500763,
      "within_10pct": 0.16666666666666666,
      "within_20pct": 0.16666666666666666,
      "within_50pct": 0.16666666666666666,
      "asymmetric_loss": 0.914520813162671,
      "mape": 148.0570137500763
    },
    "6block": {
      "horizon_blocks": 6,
      "mse": 3.0484027105422364,
      "rmse": 1.7459675571276336,
      "mae": 1.480570137500763,
      "r2": 0.0,
      "block_inclusion_accuracy": 1.0,
      "avg_overpay_sat_vb": 1.480570137500763,
      "median_overpay_sat_vb": 1.5697622299194336,
      "avg_underpay_sat_vb": 0.0,
      "overpay_mape": 148.0570137500763,
      "within_10pct": 0.16666666666666666,
      "within_20pct": 0.16666666666666666,
      "within_50pct": 0.16666666666666666,
      "asymmetric_loss": 0.914520813162671,
      "mape": 148.0570137500763
    }
  },
  "lgb_results": {
    "1block": {
      "horizon_blocks": 1,
      "model_type": "lightgbm",
      "mse": 0.0,
      "rmse": 0.0,
      "mae": 0.0,
      "r2": 1.0,
      "block_inclusion_accuracy": 1.0,
      "avg_overpay_sat_vb": 0.0,
      "avg_underpay_sat_vb": 0.0,
      "within_10pct": 1.0,
      "within_20pct": 1.0,
      "within_50pct": 1.0,
      "asymmetric_loss": 0.0,
      "mape": 0.0
    },
    "3block": {
      "horizon_blocks": 3,
      "model_type": "lightgbm",
      "mse": 1.672260022680131e-05,
      "rmse": 0.004089327600816705,
      "mae": 0.004089327600816706,
      "r2": 0.0,
      "block_inclusion_accuracy": 1.0,
      "avg_overpay_sat_vb": 0.004089327600816706,
      "avg_underpay_sat_vb": 0.0,
      "within_10pct": 1.0,
      "within_20pct": 1.0,
      "within_50pct": 1.0,
      "asymmetric_loss": 5.016780068040395e-06,
      "mape": 0.40893276008167057
    },
    "6block": {
      "horizon_blocks": 6,
      "model_type": "lightgbm",
      "mse": 0.0,
      "rmse": 0.0,
      "mae": 0.0,
      "r2": 1.0,
      "block_inclusion_accuracy": 1.0,
      "avg_overpay_sat_vb": 0.0,
      "avg_underpay_sat_vb": 0.0,
      "within_10pct": 1.0,
      "within_20pct": 1.0,
      "within_50pct": 1.0,
      "asymmetric_loss": 0.0,
      "mape": 0.0
    }
  }
}