{
  "timestamp": "2026-04-18T09:02:17.698459",
  "duration_seconds": 0.580497,
  "xgb_results": {
    "1block": {
      "horizon_blocks": 1,
      "mse": 0.00024342491595774618,
      "rmse": 0.015602080500937886,
      "mae": 0.007803738117218018,
      "r2": 0.0,
      "block_inclusion_accuracy": 1.0,
      "avg_overpay_sat_vb": 0.007803738117218018,
      "median_overpay_sat_vb": 0.0,
      "avg_underpay_sat_vb": 0.0,
      "overpay_mape": 0.7803738117218018,
      "within_10pct": 1.0,
      "within_20pct": 1.0,
      "within_50pct": 1.0,
      "asymmetric_loss": 7.302747478732387e-05,
      "mape": 0.7803738117218018
    },
    "3block": {
      "horizon_blocks": 3,
      "mse": 0.009178410427734226,
      "rmse": 0.09580402093719358,
      "mae": 0.06471520662307739,
      "r2": 0.0,
      "block_inclusion_accuracy": 1.0,
      "avg_overpay_sat_vb": 0.06471520662307739,
      "median_overpay_sat_vb": 0.03297007083892822,
      "avg_underpay_sat_vb": 0.0,
      "overpay_mape": 6.471520662307739,
      "within_10pct": 0.6666666666666666,
      "within_20pct": 1.0,
      "within_50pct": 1.0,
      "asymmetric_loss": 0.002753523128320268,
      "mape": 6.471520662307739
    },
    "6block": {
      "horizon_blocks": 6,
      "mse": 0.009178410427734226,
      "rmse": 0.09580402093719358,
      "mae": 0.06471520662307739,
      "r2": 0.0,
      "block_inclusion_accuracy": 1.0,
      "avg_overpay_sat_vb": 0.06471520662307739,
      "median_overpay_sat_vb": 0.03297007083892822,
      "avg_underpay_sat_vb": 0.0,
      "overpay_mape": 6.471520662307739,
      "within_10pct": 0.6666666666666666,
      "within_20pct": 1.0,
      "within_50pct": 1.0,
      "asymmetric_loss": 0.002753523128320268,
      "mape": 6.471520662307739
    }
  },
  "lgb_results": {
    "1block": {
      "horizon_blocks": 1,
      "model_type": "lightgbm",
      "mse": 0.0,
      "rmse": 0.0,
      "mae": 0.0,
      "r2": 1.0,
      "block_inclusion_accuracy": 1.0,
      "avg_overpay_sat_vb": 0.0,
      "avg_underpay_sat_vb": 0.0,
      "within_10pct": 1.0,
      "within_20pct": 1.0,
      "within_50pct": 1.0,
      "asymmetric_loss": 0.0,
      "mape": 0.0
    },
    "3block": {
      "horizon_blocks": 3,
      "model_type": "lightgbm",
      "mse": 1.672260022680131e-05,
      "rmse": 0.004089327600816705,
      "mae": 0.004089327600816706,
      "r2": 0.0,
      "block_inclusion_accuracy": 1.0,
      "avg_overpay_sat_vb": 0.004089327600816706,
      "avg_underpay_sat_vb": 0.0,
      "within_10pct": 1.0,
      "within_20pct": 1.0,
      "within_50pct": 1.0,
      "asymmetric_loss": 5.016780068040395e-06,
      "mape": 0.40893276008167057
    },
    "6block": {
      "horizon_blocks": 6,
      "model_type": "lightgbm",
      "mse": 0.0,
      "rmse": 0.0,
      "mae": 0.0,
      "r2": 1.0,
      "block_inclusion_accuracy": 1.0,
      "avg_overpay_sat_vb": 0.0,
      "avg_underpay_sat_vb": 0.0,
      "within_10pct": 1.0,
      "within_20pct": 1.0,
      "within_50pct": 1.0,
      "asymmetric_loss": 0.0,
      "mape": 0.0
    }
  }
}