{
  "timestamp": "2026-05-06T22:55:34.528911",
  "duration_seconds": 1.88229,
  "xgb_results": {
    "1block": {
      "horizon_blocks": 1,
      "mse": 0.01765664310029062,
      "rmse": 0.132878301841537,
      "mae": 0.05424733956654867,
      "r2": 0.0,
      "block_inclusion_accuracy": 1.0,
      "avg_overpay_sat_vb": 0.05424733956654867,
      "median_overpay_sat_vb": 0.0,
      "avg_underpay_sat_vb": 0.0,
      "overpay_mape": 5.424733956654867,
      "within_10pct": 0.8333333333333334,
      "within_20pct": 0.8333333333333334,
      "within_50pct": 1.0,
      "asymmetric_loss": 0.005296992930087186,
      "mape": 5.424733956654867
    },
    "3block": {
      "horizon_blocks": 3,
      "mse": 0.011058854664961851,
      "rmse": 0.10516108912027229,
      "mae": 0.042931834856669106,
      "r2": 0.0,
      "block_inclusion_accuracy": 1.0,
      "avg_overpay_sat_vb": 0.042931834856669106,
      "median_overpay_sat_vb": 0.0,
      "avg_underpay_sat_vb": 0.0,
      "overpay_mape": 4.29318348566691,
      "within_10pct": 0.8333333333333334,
      "within_20pct": 0.8333333333333334,
      "within_50pct": 1.0,
      "asymmetric_loss": 0.003317656399488556,
      "mape": 4.29318348566691
    },
    "6block": {
      "horizon_blocks": 6,
      "mse": 0.011058854664961851,
      "rmse": 0.10516108912027229,
      "mae": 0.042931834856669106,
      "r2": 0.0,
      "block_inclusion_accuracy": 1.0,
      "avg_overpay_sat_vb": 0.042931834856669106,
      "median_overpay_sat_vb": 0.0,
      "avg_underpay_sat_vb": 0.0,
      "overpay_mape": 4.29318348566691,
      "within_10pct": 0.8333333333333334,
      "within_20pct": 0.8333333333333334,
      "within_50pct": 1.0,
      "asymmetric_loss": 0.003317656399488556,
      "mape": 4.29318348566691
    }
  },
  "lgb_results": {
    "1block": {
      "horizon_blocks": 1,
      "model_type": "lightgbm",
      "mse": 0.0,
      "rmse": 0.0,
      "mae": 0.0,
      "r2": 1.0,
      "block_inclusion_accuracy": 1.0,
      "avg_overpay_sat_vb": 0.0,
      "avg_underpay_sat_vb": 0.0,
      "within_10pct": 1.0,
      "within_20pct": 1.0,
      "within_50pct": 1.0,
      "asymmetric_loss": 0.0,
      "mape": 0.0
    },
    "3block": {
      "horizon_blocks": 3,
      "model_type": "lightgbm",
      "mse": 1.672260022680131e-05,
      "rmse": 0.004089327600816705,
      "mae": 0.004089327600816706,
      "r2": 0.0,
      "block_inclusion_accuracy": 1.0,
      "avg_overpay_sat_vb": 0.004089327600816706,
      "avg_underpay_sat_vb": 0.0,
      "within_10pct": 1.0,
      "within_20pct": 1.0,
      "within_50pct": 1.0,
      "asymmetric_loss": 5.016780068040395e-06,
      "mape": 0.40893276008167057
    },
    "6block": {
      "horizon_blocks": 6,
      "model_type": "lightgbm",
      "mse": 0.0,
      "rmse": 0.0,
      "mae": 0.0,
      "r2": 1.0,
      "block_inclusion_accuracy": 1.0,
      "avg_overpay_sat_vb": 0.0,
      "avg_underpay_sat_vb": 0.0,
      "within_10pct": 1.0,
      "within_20pct": 1.0,
      "within_50pct": 1.0,
      "asymmetric_loss": 0.0,
      "mape": 0.0
    }
  }
}