{
  "timestamp": "2026-04-24T19:59:16.712484",
  "duration_seconds": 0.951534,
  "xgb_results": {
    "1block": {
      "horizon_blocks": 1,
      "mse": 1.1986379618409444,
      "rmse": 1.0948232559828752,
      "mae": 1.053227384885152,
      "r2": -0.1986379618409444,
      "block_inclusion_accuracy": 0.5,
      "avg_overpay_sat_vb": 0.669528603553772,
      "median_overpay_sat_vb": 0.6098531484603882,
      "avg_underpay_sat_vb": 0.3836987813313802,
      "overpay_mape": 33.4764301776886,
      "within_10pct": 0.0,
      "within_20pct": 0.5,
      "within_50pct": 0.5,
      "asymmetric_loss": 0.4774124806840699,
      "mape": 43.0688997109731
    },
    "3block": {
      "horizon_blocks": 3,
      "mse": 0.2725704412745931,
      "rmse": 0.5220827915901779,
      "mae": 0.45634641249974567,
      "r2": 0.0,
      "block_inclusion_accuracy": 0.8333333333333334,
      "avg_overpay_sat_vb": 0.4081755081812541,
      "median_overpay_sat_vb": 0.38047707080841064,
      "avg_underpay_sat_vb": 0.048170904318491616,
      "overpay_mape": 20.408775409062706,
      "within_10pct": 0.16666666666666666,
      "within_20pct": 0.5,
      "within_50pct": 1.0,
      "asymmetric_loss": 0.087340178837245,
      "mape": 22.817320624987282
    },
    "6block": {
      "horizon_blocks": 6,
      "mse": 0.2725704412745931,
      "rmse": 0.5220827915901779,
      "mae": 0.45634641249974567,
      "r2": 0.0,
      "block_inclusion_accuracy": 0.8333333333333334,
      "avg_overpay_sat_vb": 0.4081755081812541,
      "median_overpay_sat_vb": 0.38047707080841064,
      "avg_underpay_sat_vb": 0.048170904318491616,
      "overpay_mape": 20.408775409062706,
      "within_10pct": 0.16666666666666666,
      "within_20pct": 0.5,
      "within_50pct": 1.0,
      "asymmetric_loss": 0.087340178837245,
      "mape": 22.817320624987282
    }
  },
  "lgb_results": {
    "1block": {
      "horizon_blocks": 1,
      "model_type": "lightgbm",
      "mse": 5.0,
      "rmse": 2.23606797749979,
      "mae": 2.0,
      "r2": -4.0,
      "block_inclusion_accuracy": 0.0,
      "avg_overpay_sat_vb": 0.0,
      "avg_underpay_sat_vb": 2.0,
      "within_10pct": 0.0,
      "within_20pct": 0.0,
      "within_50pct": 0.0,
      "asymmetric_loss": 3.4999999999999996,
      "mape": 62.5
    },
    "3block": {
      "horizon_blocks": 3,
      "model_type": "lightgbm",
      "mse": 0.9918380673985933,
      "rmse": 0.9959106723991832,
      "mae": 0.9959106723991834,
      "r2": 0.0,
      "block_inclusion_accuracy": 0.0,
      "avg_overpay_sat_vb": 0.0,
      "avg_underpay_sat_vb": 0.9959106723991834,
      "within_10pct": 0.0,
      "within_20pct": 0.0,
      "within_50pct": 1.0,
      "asymmetric_loss": 0.6942866471790153,
      "mape": 49.79553361995917
    },
    "6block": {
      "horizon_blocks": 6,
      "model_type": "lightgbm",
      "mse": 1.0,
      "rmse": 1.0,
      "mae": 1.0,
      "r2": 0.0,
      "block_inclusion_accuracy": 0.0,
      "avg_overpay_sat_vb": 0.0,
      "avg_underpay_sat_vb": 1.0,
      "within_10pct": 0.0,
      "within_20pct": 0.0,
      "within_50pct": 0.0,
      "asymmetric_loss": 0.7000000000000001,
      "mape": 50.0
    }
  }
}