{
  "timestamp": "2026-05-20T22:33:37.959382",
  "duration_seconds": 3.064383,
  "xgb_results": {
    "1block": {
      "horizon_blocks": 1,
      "mse": 0.8696480322245179,
      "rmse": 0.9325492116904704,
      "mae": 0.9111308256785074,
      "r2": 0.0,
      "block_inclusion_accuracy": 0.0,
      "avg_overpay_sat_vb": 0.0,
      "median_overpay_sat_vb": 0.0,
      "avg_underpay_sat_vb": 0.9111308256785074,
      "overpay_mape": 0.0,
      "within_10pct": 0.0,
      "within_20pct": 0.0,
      "within_50pct": 0.16666666666666666,
      "asymmetric_loss": 0.6087536225571625,
      "mape": 45.55654128392537
    },
    "3block": {
      "horizon_blocks": 3,
      "mse": 0.638207598151394,
      "rmse": 0.7988789633926995,
      "mae": 0.7215829491615295,
      "r2": 0.0,
      "block_inclusion_accuracy": 0.16666666666666666,
      "avg_overpay_sat_vb": 0.031837145487467446,
      "median_overpay_sat_vb": 0.0,
      "avg_underpay_sat_vb": 0.6897458036740621,
      "overpay_mape": 1.5918572743733723,
      "within_10pct": 0.16666666666666666,
      "within_20pct": 0.3333333333333333,
      "within_50pct": 0.5,
      "asymmetric_loss": 0.44431266950727943,
      "mape": 36.07914745807648
    },
    "6block": {
      "horizon_blocks": 6,
      "mse": 0.638207598151394,
      "rmse": 0.7988789633926995,
      "mae": 0.7215829491615295,
      "r2": 0.0,
      "block_inclusion_accuracy": 0.16666666666666666,
      "avg_overpay_sat_vb": 0.031837145487467446,
      "median_overpay_sat_vb": 0.0,
      "avg_underpay_sat_vb": 0.6897458036740621,
      "overpay_mape": 1.5918572743733723,
      "within_10pct": 0.16666666666666666,
      "within_20pct": 0.3333333333333333,
      "within_50pct": 0.5,
      "asymmetric_loss": 0.44431266950727943,
      "mape": 36.07914745807648
    }
  },
  "lgb_results": {
    "1block": {
      "horizon_blocks": 1,
      "model_type": "lightgbm",
      "mse": 0.4763475286218027,
      "rmse": 0.6901793452587542,
      "mae": 0.6901786937471454,
      "r2": 0.0,
      "block_inclusion_accuracy": 0.0,
      "avg_overpay_sat_vb": 0.0,
      "avg_underpay_sat_vb": 0.6901786937471454,
      "within_10pct": 0.0,
      "within_20pct": 0.0,
      "within_50pct": 1.0,
      "asymmetric_loss": 0.33344327003526186,
      "mape": 34.50893468735727
    },
    "3block": {
      "horizon_blocks": 3,
      "model_type": "lightgbm",
      "mse": 0.9918380673985933,
      "rmse": 0.9959106723991832,
      "mae": 0.9959106723991834,
      "r2": 0.0,
      "block_inclusion_accuracy": 0.0,
      "avg_overpay_sat_vb": 0.0,
      "avg_underpay_sat_vb": 0.9959106723991834,
      "within_10pct": 0.0,
      "within_20pct": 0.0,
      "within_50pct": 1.0,
      "asymmetric_loss": 0.6942866471790153,
      "mape": 49.79553361995917
    },
    "6block": {
      "horizon_blocks": 6,
      "model_type": "lightgbm",
      "mse": 1.0,
      "rmse": 1.0,
      "mae": 1.0,
      "r2": 0.0,
      "block_inclusion_accuracy": 0.0,
      "avg_overpay_sat_vb": 0.0,
      "avg_underpay_sat_vb": 1.0,
      "within_10pct": 0.0,
      "within_20pct": 0.0,
      "within_50pct": 0.0,
      "asymmetric_loss": 0.7000000000000001,
      "mape": 50.0
    }
  }
}