{
  "timestamp": "2026-05-04T08:45:44.893318",
  "duration_seconds": 1.756171,
  "xgb_results": {
    "1block": {
      "horizon_blocks": 1,
      "mse": 0.45334845759748293,
      "rmse": 0.6733115605702036,
      "mae": 0.6457284490267435,
      "r2": -1.0400680591886728,
      "block_inclusion_accuracy": 0.6666666666666666,
      "avg_overpay_sat_vb": 0.43609269460042316,
      "median_overpay_sat_vb": 0.46418219804763794,
      "avg_underpay_sat_vb": 0.2096357544263204,
      "overpay_mape": 43.60926946004231,
      "within_10pct": 0.0,
      "within_20pct": 0.0,
      "within_50pct": 0.5,
      "asymmetric_loss": 0.18926218750547555,
      "mape": 54.09105718135834
    },
    "3block": {
      "horizon_blocks": 3,
      "mse": 0.23501302580727904,
      "rmse": 0.484781420649842,
      "mae": 0.41884662707646686,
      "r2": 0.0,
      "block_inclusion_accuracy": 0.3333333333333333,
      "avg_overpay_sat_vb": 0.1529939572016398,
      "median_overpay_sat_vb": 0.0,
      "avg_underpay_sat_vb": 0.2658526698748271,
      "overpay_mape": 7.64969786008199,
      "within_10pct": 0.16666666666666666,
      "within_20pct": 0.5,
      "within_50pct": 1.0,
      "asymmetric_loss": 0.12858223529951188,
      "mape": 20.94233135382334
    },
    "6block": {
      "horizon_blocks": 6,
      "mse": 0.23501302580727904,
      "rmse": 0.484781420649842,
      "mae": 0.41884662707646686,
      "r2": 0.0,
      "block_inclusion_accuracy": 0.3333333333333333,
      "avg_overpay_sat_vb": 0.1529939572016398,
      "median_overpay_sat_vb": 0.0,
      "avg_underpay_sat_vb": 0.2658526698748271,
      "overpay_mape": 7.64969786008199,
      "within_10pct": 0.16666666666666666,
      "within_20pct": 0.5,
      "within_50pct": 1.0,
      "asymmetric_loss": 0.12858223529951188,
      "mape": 20.94233135382334
    }
  },
  "lgb_results": {
    "1block": {
      "horizon_blocks": 1,
      "model_type": "lightgbm",
      "mse": 0.3333333333333333,
      "rmse": 0.5773502691896257,
      "mae": 0.3333333333333333,
      "r2": -0.4999999999999998,
      "block_inclusion_accuracy": 0.6666666666666666,
      "avg_overpay_sat_vb": 0.0,
      "avg_underpay_sat_vb": 0.3333333333333333,
      "within_10pct": 0.6666666666666666,
      "within_20pct": 0.6666666666666666,
      "within_50pct": 0.6666666666666666,
      "asymmetric_loss": 0.2333333333333333,
      "mape": 16.666666666666664
    },
    "3block": {
      "horizon_blocks": 3,
      "model_type": "lightgbm",
      "mse": 0.9918380673985933,
      "rmse": 0.9959106723991832,
      "mae": 0.9959106723991834,
      "r2": 0.0,
      "block_inclusion_accuracy": 0.0,
      "avg_overpay_sat_vb": 0.0,
      "avg_underpay_sat_vb": 0.9959106723991834,
      "within_10pct": 0.0,
      "within_20pct": 0.0,
      "within_50pct": 1.0,
      "asymmetric_loss": 0.6942866471790153,
      "mape": 49.79553361995917
    },
    "6block": {
      "horizon_blocks": 6,
      "model_type": "lightgbm",
      "mse": 1.0,
      "rmse": 1.0,
      "mae": 1.0,
      "r2": 0.0,
      "block_inclusion_accuracy": 0.0,
      "avg_overpay_sat_vb": 0.0,
      "avg_underpay_sat_vb": 1.0,
      "within_10pct": 0.0,
      "within_20pct": 0.0,
      "within_50pct": 0.0,
      "asymmetric_loss": 0.7000000000000001,
      "mape": 50.0
    }
  }
}