{
  "timestamp": "2026-06-19T11:28:00.053188",
  "duration_seconds": 4.149738,
  "xgb_results": {
    "1block": {
      "horizon_blocks": 1,
      "mse": 1.8272218342752613,
      "rmse": 1.3517476962344939,
      "mae": 1.1936178803443909,
      "r2": 0.0,
      "block_inclusion_accuracy": 0.0,
      "avg_overpay_sat_vb": 0.0,
      "median_overpay_sat_vb": 0.0,
      "avg_underpay_sat_vb": 1.1936178803443909,
      "overpay_mape": 0.0,
      "within_10pct": 0.0,
      "within_20pct": 0.3333333333333333,
      "within_50pct": 0.6666666666666666,
      "asymmetric_loss": 1.279055283992683,
      "mape": 39.78726267814636
    },
    "3block": {
      "horizon_blocks": 3,
      "mse": 17.082598537228552,
      "rmse": 4.133110032073735,
      "mae": 3.7357500394185386,
      "r2": 0.0,
      "block_inclusion_accuracy": 0.8333333333333334,
      "avg_overpay_sat_vb": 3.7342257499694824,
      "median_overpay_sat_vb": 4.295308828353882,
      "avg_underpay_sat_vb": 0.0015242894490559895,
      "overpay_mape": 124.47419166564941,
      "within_10pct": 0.16666666666666666,
      "within_20pct": 0.16666666666666666,
      "within_50pct": 0.16666666666666666,
      "asymmetric_loss": 5.124785137468546,
      "mape": 124.52500131395128
    },
    "6block": {
      "horizon_blocks": 6,
      "mse": 17.082598537228552,
      "rmse": 4.133110032073735,
      "mae": 3.7357500394185386,
      "r2": 0.0,
      "block_inclusion_accuracy": 0.8333333333333334,
      "avg_overpay_sat_vb": 3.7342257499694824,
      "median_overpay_sat_vb": 4.295308828353882,
      "avg_underpay_sat_vb": 0.0015242894490559895,
      "overpay_mape": 124.47419166564941,
      "within_10pct": 0.16666666666666666,
      "within_20pct": 0.16666666666666666,
      "within_50pct": 0.16666666666666666,
      "asymmetric_loss": 5.124785137468546,
      "mape": 124.52500131395128
    }
  },
  "lgb_results": {
    "1block": {
      "horizon_blocks": 1,
      "model_type": "lightgbm",
      "mse": 2.85557131380746,
      "rmse": 1.68984357672758,
      "mae": 1.6898434104179316,
      "r2": 0.0,
      "block_inclusion_accuracy": 0.0,
      "avg_overpay_sat_vb": 0.0,
      "avg_underpay_sat_vb": 1.6898434104179316,
      "within_10pct": 0.0,
      "within_20pct": 0.0,
      "within_50pct": 0.0,
      "asymmetric_loss": 1.998899919665222,
      "mape": 56.328113680597724
    },
    "3block": {
      "horizon_blocks": 3,
      "model_type": "lightgbm",
      "mse": 3.98365941219696,
      "rmse": 1.9959106723991833,
      "mae": 1.9959106723991835,
      "r2": 0.0,
      "block_inclusion_accuracy": 0.0,
      "avg_overpay_sat_vb": 0.0,
      "avg_underpay_sat_vb": 1.9959106723991835,
      "within_10pct": 0.0,
      "within_20pct": 0.0,
      "within_50pct": 0.0,
      "asymmetric_loss": 2.788561588537872,
      "mape": 66.53035574663944
    },
    "6block": {
      "horizon_blocks": 6,
      "model_type": "lightgbm",
      "mse": 4.0,
      "rmse": 2.0,
      "mae": 2.0,
      "r2": 0.0,
      "block_inclusion_accuracy": 0.0,
      "avg_overpay_sat_vb": 0.0,
      "avg_underpay_sat_vb": 2.0,
      "within_10pct": 0.0,
      "within_20pct": 0.0,
      "within_50pct": 0.0,
      "asymmetric_loss": 2.8000000000000003,
      "mape": 66.66666666666666
    }
  }
}