{
  "timestamp": "2026-05-20T11:57:27.993521",
  "duration_seconds": 3.087326,
  "xgb_results": {
    "1block": {
      "horizon_blocks": 1,
      "mse": 0.13698303864617145,
      "rmse": 0.37011219737556805,
      "mae": 0.28998961051305133,
      "r2": 0.0,
      "block_inclusion_accuracy": 0.5,
      "avg_overpay_sat_vb": 0.0592117706934611,
      "median_overpay_sat_vb": 0.016271114349365234,
      "avg_underpay_sat_vb": 0.23077783981959024,
      "overpay_mape": 2.9605885346730547,
      "within_10pct": 0.3333333333333333,
      "within_20pct": 0.8333333333333334,
      "within_50pct": 1.0,
      "asymmetric_loss": 0.09165020918112603,
      "mape": 14.499480525652567
    },
    "3block": {
      "horizon_blocks": 3,
      "mse": 0.7248722844817669,
      "rmse": 0.8513943178585155,
      "mae": 0.8054997523625692,
      "r2": 0.0,
      "block_inclusion_accuracy": 0.0,
      "avg_overpay_sat_vb": 0.0,
      "median_overpay_sat_vb": 0.0,
      "avg_underpay_sat_vb": 0.8054997523625692,
      "overpay_mape": 0.0,
      "within_10pct": 0.0,
      "within_20pct": 0.16666666666666666,
      "within_50pct": 0.3333333333333333,
      "asymmetric_loss": 0.5074105991372367,
      "mape": 40.27498761812846
    },
    "6block": {
      "horizon_blocks": 6,
      "mse": 0.7248722844817669,
      "rmse": 0.8513943178585155,
      "mae": 0.8054997523625692,
      "r2": 0.0,
      "block_inclusion_accuracy": 0.0,
      "avg_overpay_sat_vb": 0.0,
      "median_overpay_sat_vb": 0.0,
      "avg_underpay_sat_vb": 0.8054997523625692,
      "overpay_mape": 0.0,
      "within_10pct": 0.0,
      "within_20pct": 0.16666666666666666,
      "within_50pct": 0.3333333333333333,
      "asymmetric_loss": 0.5074105991372367,
      "mape": 40.27498761812846
    }
  },
  "lgb_results": {
    "1block": {
      "horizon_blocks": 1,
      "model_type": "lightgbm",
      "mse": 1.0,
      "rmse": 1.0,
      "mae": 1.0,
      "r2": 0.0,
      "block_inclusion_accuracy": 0.0,
      "avg_overpay_sat_vb": 0.0,
      "avg_underpay_sat_vb": 1.0,
      "within_10pct": 0.0,
      "within_20pct": 0.0,
      "within_50pct": 0.0,
      "asymmetric_loss": 0.7000000000000001,
      "mape": 50.0
    },
    "3block": {
      "horizon_blocks": 3,
      "model_type": "lightgbm",
      "mse": 0.9918380673985933,
      "rmse": 0.9959106723991832,
      "mae": 0.9959106723991834,
      "r2": 0.0,
      "block_inclusion_accuracy": 0.0,
      "avg_overpay_sat_vb": 0.0,
      "avg_underpay_sat_vb": 0.9959106723991834,
      "within_10pct": 0.0,
      "within_20pct": 0.0,
      "within_50pct": 1.0,
      "asymmetric_loss": 0.6942866471790153,
      "mape": 49.79553361995917
    },
    "6block": {
      "horizon_blocks": 6,
      "model_type": "lightgbm",
      "mse": 1.0,
      "rmse": 1.0,
      "mae": 1.0,
      "r2": 0.0,
      "block_inclusion_accuracy": 0.0,
      "avg_overpay_sat_vb": 0.0,
      "avg_underpay_sat_vb": 1.0,
      "within_10pct": 0.0,
      "within_20pct": 0.0,
      "within_50pct": 0.0,
      "asymmetric_loss": 0.7000000000000001,
      "mape": 50.0
    }
  }
}