{
  "timestamp": "2026-05-31T03:55:10.572949",
  "duration_seconds": 3.930995,
  "xgb_results": {
    "1block": {
      "horizon_blocks": 1,
      "mse": 0.13934023171794743,
      "rmse": 0.37328304504483917,
      "mae": 0.16488269964853922,
      "r2": 0.0,
      "block_inclusion_accuracy": 1.0,
      "avg_overpay_sat_vb": 0.16488269964853922,
      "median_overpay_sat_vb": 0.0,
      "avg_underpay_sat_vb": 0.0,
      "overpay_mape": 16.48826996485392,
      "within_10pct": 0.8333333333333334,
      "within_20pct": 0.8333333333333334,
      "within_50pct": 0.8333333333333334,
      "asymmetric_loss": 0.04180206951538424,
      "mape": 16.48826996485392
    },
    "3block": {
      "horizon_blocks": 3,
      "mse": 9.56286172266158,
      "rmse": 3.0923877057480325,
      "mae": 2.929556926091512,
      "r2": 0.0,
      "block_inclusion_accuracy": 1.0,
      "avg_overpay_sat_vb": 2.929556926091512,
      "median_overpay_sat_vb": 2.956899642944336,
      "avg_underpay_sat_vb": 0.0,
      "overpay_mape": 292.95569260915124,
      "within_10pct": 0.0,
      "within_20pct": 0.0,
      "within_50pct": 0.0,
      "asymmetric_loss": 2.868858516798475,
      "mape": 292.95569260915124
    },
    "6block": {
      "horizon_blocks": 6,
      "mse": 9.56286172266158,
      "rmse": 3.0923877057480325,
      "mae": 2.929556926091512,
      "r2": 0.0,
      "block_inclusion_accuracy": 1.0,
      "avg_overpay_sat_vb": 2.929556926091512,
      "median_overpay_sat_vb": 2.956899642944336,
      "avg_underpay_sat_vb": 0.0,
      "overpay_mape": 292.95569260915124,
      "within_10pct": 0.0,
      "within_20pct": 0.0,
      "within_50pct": 0.0,
      "asymmetric_loss": 2.868858516798475,
      "mape": 292.95569260915124
    }
  },
  "lgb_results": {
    "1block": {
      "horizon_blocks": 1,
      "model_type": "lightgbm",
      "mse": 0.0,
      "rmse": 0.0,
      "mae": 0.0,
      "r2": 1.0,
      "block_inclusion_accuracy": 1.0,
      "avg_overpay_sat_vb": 0.0,
      "avg_underpay_sat_vb": 0.0,
      "within_10pct": 1.0,
      "within_20pct": 1.0,
      "within_50pct": 1.0,
      "asymmetric_loss": 0.0,
      "mape": 0.0
    },
    "3block": {
      "horizon_blocks": 3,
      "model_type": "lightgbm",
      "mse": 1.672260022680131e-05,
      "rmse": 0.004089327600816705,
      "mae": 0.004089327600816706,
      "r2": 0.0,
      "block_inclusion_accuracy": 1.0,
      "avg_overpay_sat_vb": 0.004089327600816706,
      "avg_underpay_sat_vb": 0.0,
      "within_10pct": 1.0,
      "within_20pct": 1.0,
      "within_50pct": 1.0,
      "asymmetric_loss": 5.016780068040395e-06,
      "mape": 0.40893276008167057
    },
    "6block": {
      "horizon_blocks": 6,
      "model_type": "lightgbm",
      "mse": 0.0,
      "rmse": 0.0,
      "mae": 0.0,
      "r2": 1.0,
      "block_inclusion_accuracy": 1.0,
      "avg_overpay_sat_vb": 0.0,
      "avg_underpay_sat_vb": 0.0,
      "within_10pct": 1.0,
      "within_20pct": 1.0,
      "within_50pct": 1.0,
      "asymmetric_loss": 0.0,
      "mape": 0.0
    }
  }
}