{
  "timestamp": "2026-05-29T16:51:54.324087",
  "duration_seconds": 3.438279,
  "xgb_results": {
    "1block": {
      "horizon_blocks": 1,
      "mse": 1.1163023062534496,
      "rmse": 1.0565520840230498,
      "mae": 0.9020571708679199,
      "r2": 0.0,
      "block_inclusion_accuracy": 0.0,
      "avg_overpay_sat_vb": 0.0,
      "median_overpay_sat_vb": 0.0,
      "avg_underpay_sat_vb": 0.9020571708679199,
      "overpay_mape": 0.0,
      "within_10pct": 0.3333333333333333,
      "within_20pct": 0.5,
      "within_50pct": 1.0,
      "asymmetric_loss": 0.7814116143774147,
      "mape": 18.0411434173584
    },
    "3block": {
      "horizon_blocks": 3,
      "mse": 2.479546154155372,
      "rmse": 1.5746574720095072,
      "mae": 1.4030896425247192,
      "r2": 0.0,
      "block_inclusion_accuracy": 0.16666666666666666,
      "avg_overpay_sat_vb": 0.17750787734985352,
      "median_overpay_sat_vb": 0.0,
      "avg_underpay_sat_vb": 1.2255817651748657,
      "overpay_mape": 3.5501575469970703,
      "within_10pct": 0.0,
      "within_20pct": 0.16666666666666666,
      "within_50pct": 0.8333333333333334,
      "asymmetric_loss": 1.6600605962577586,
      "mape": 28.06179285049439
    },
    "6block": {
      "horizon_blocks": 6,
      "mse": 2.479546154155372,
      "rmse": 1.5746574720095072,
      "mae": 1.4030896425247192,
      "r2": 0.0,
      "block_inclusion_accuracy": 0.16666666666666666,
      "avg_overpay_sat_vb": 0.17750787734985352,
      "median_overpay_sat_vb": 0.0,
      "avg_underpay_sat_vb": 1.2255817651748657,
      "overpay_mape": 3.5501575469970703,
      "within_10pct": 0.0,
      "within_20pct": 0.16666666666666666,
      "within_50pct": 0.8333333333333334,
      "asymmetric_loss": 1.6600605962577586,
      "mape": 28.06179285049439
    }
  },
  "lgb_results": {
    "1block": {
      "horizon_blocks": 1,
      "model_type": "lightgbm",
      "mse": 13.577159004614515,
      "rmse": 3.6847196643183744,
      "mae": 3.6847187234417427,
      "r2": 0.0,
      "block_inclusion_accuracy": 0.0,
      "avg_overpay_sat_vb": 0.0,
      "avg_underpay_sat_vb": 3.6847187234417427,
      "within_10pct": 0.0,
      "within_20pct": 0.0,
      "within_50pct": 0.0,
      "asymmetric_loss": 9.50401130323016,
      "mape": 73.69437446883485
    },
    "3block": {
      "horizon_blocks": 3,
      "model_type": "lightgbm",
      "mse": 15.967302101793694,
      "rmse": 3.9959106723991833,
      "mae": 3.9959106723991833,
      "r2": 0.0,
      "block_inclusion_accuracy": 0.0,
      "avg_overpay_sat_vb": 0.0,
      "avg_underpay_sat_vb": 3.9959106723991833,
      "within_10pct": 0.0,
      "within_20pct": 0.0,
      "within_50pct": 0.0,
      "asymmetric_loss": 11.177111471255586,
      "mape": 79.91821344798366
    },
    "6block": {
      "horizon_blocks": 6,
      "model_type": "lightgbm",
      "mse": 16.0,
      "rmse": 4.0,
      "mae": 4.0,
      "r2": 0.0,
      "block_inclusion_accuracy": 0.0,
      "avg_overpay_sat_vb": 0.0,
      "avg_underpay_sat_vb": 4.0,
      "within_10pct": 0.0,
      "within_20pct": 0.0,
      "within_50pct": 0.0,
      "asymmetric_loss": 11.200000000000001,
      "mape": 80.0
    }
  }
}