{
  "timestamp": "2026-04-29T15:19:09.950761",
  "duration_seconds": 1.471122,
  "xgb_results": {
    "1block": {
      "horizon_blocks": 1,
      "mse": 3.8322252552504446,
      "rmse": 1.9576070226811213,
      "mae": 1.9026846885681152,
      "r2": 0.0,
      "block_inclusion_accuracy": 0.0,
      "avg_overpay_sat_vb": 0.0,
      "median_overpay_sat_vb": 0.0,
      "avg_underpay_sat_vb": 1.9026846885681152,
      "overpay_mape": 0.0,
      "within_10pct": 0.0,
      "within_20pct": 0.0,
      "within_50pct": 0.5,
      "asymmetric_loss": 2.682557678675311,
      "mape": 47.56711721420288
    },
    "3block": {
      "horizon_blocks": 3,
      "mse": 6.898600168101808,
      "rmse": 2.6265186403492,
      "mae": 2.6147526502609253,
      "r2": 0.0,
      "block_inclusion_accuracy": 0.0,
      "avg_overpay_sat_vb": 0.0,
      "median_overpay_sat_vb": 0.0,
      "avg_underpay_sat_vb": 2.6147526502609253,
      "overpay_mape": 0.0,
      "within_10pct": 0.0,
      "within_20pct": 0.0,
      "within_50pct": 0.0,
      "asymmetric_loss": 4.8290201176712655,
      "mape": 65.36881625652313
    },
    "6block": {
      "horizon_blocks": 6,
      "mse": 6.898600168101808,
      "rmse": 2.6265186403492,
      "mae": 2.6147526502609253,
      "r2": 0.0,
      "block_inclusion_accuracy": 0.0,
      "avg_overpay_sat_vb": 0.0,
      "median_overpay_sat_vb": 0.0,
      "avg_underpay_sat_vb": 2.6147526502609253,
      "overpay_mape": 0.0,
      "within_10pct": 0.0,
      "within_20pct": 0.0,
      "within_50pct": 0.0,
      "asymmetric_loss": 4.8290201176712655,
      "mape": 65.36881625652313
    }
  },
  "lgb_results": {
    "1block": {
      "horizon_blocks": 1,
      "model_type": "lightgbm",
      "mse": 9.0,
      "rmse": 3.0,
      "mae": 3.0,
      "r2": 0.0,
      "block_inclusion_accuracy": 0.0,
      "avg_overpay_sat_vb": 0.0,
      "avg_underpay_sat_vb": 3.0,
      "within_10pct": 0.0,
      "within_20pct": 0.0,
      "within_50pct": 0.0,
      "asymmetric_loss": 6.3,
      "mape": 75.0
    },
    "3block": {
      "horizon_blocks": 3,
      "model_type": "lightgbm",
      "mse": 9.0,
      "rmse": 3.0,
      "mae": 3.0,
      "r2": 0.0,
      "block_inclusion_accuracy": 0.0,
      "avg_overpay_sat_vb": 0.0,
      "avg_underpay_sat_vb": 3.0,
      "within_10pct": 0.0,
      "within_20pct": 0.0,
      "within_50pct": 0.0,
      "asymmetric_loss": 6.3,
      "mape": 75.0
    },
    "6block": {
      "horizon_blocks": 6,
      "model_type": "lightgbm",
      "mse": 9.0,
      "rmse": 3.0,
      "mae": 3.0,
      "r2": 0.0,
      "block_inclusion_accuracy": 0.0,
      "avg_overpay_sat_vb": 0.0,
      "avg_underpay_sat_vb": 3.0,
      "within_10pct": 0.0,
      "within_20pct": 0.0,
      "within_50pct": 0.0,
      "asymmetric_loss": 6.3,
      "mape": 75.0
    }
  }
}