{
  "timestamp": "2026-05-16T09:38:51.281459",
  "duration_seconds": 2.754537,
  "xgb_results": {
    "1block": {
      "horizon_blocks": 1,
      "mse": 0.2838380857204991,
      "rmse": 0.5327645687548104,
      "mae": 0.45317574342091876,
      "r2": 0.0,
      "block_inclusion_accuracy": 0.16666666666666666,
      "avg_overpay_sat_vb": 0.027381102244059246,
      "median_overpay_sat_vb": 0.0,
      "avg_underpay_sat_vb": 0.42579464117685956,
      "overpay_mape": 1.3690551122029624,
      "within_10pct": 0.16666666666666666,
      "within_20pct": 0.5,
      "within_50pct": 0.8333333333333334,
      "asymmetric_loss": 0.19688732058011027,
      "mape": 22.658787171045937
    },
    "3block": {
      "horizon_blocks": 3,
      "mse": 22.308797013317342,
      "rmse": 4.723218924982977,
      "mae": 4.697750409444173,
      "r2": 0.0,
      "block_inclusion_accuracy": 1.0,
      "avg_overpay_sat_vb": 4.697750409444173,
      "median_overpay_sat_vb": 4.58040976524353,
      "avg_underpay_sat_vb": 0.0,
      "overpay_mape": 234.88752047220865,
      "within_10pct": 0.0,
      "within_20pct": 0.0,
      "within_50pct": 0.0,
      "asymmetric_loss": 6.692639103995204,
      "mape": 234.88752047220865
    },
    "6block": {
      "horizon_blocks": 6,
      "mse": 22.308797013317342,
      "rmse": 4.723218924982977,
      "mae": 4.697750409444173,
      "r2": 0.0,
      "block_inclusion_accuracy": 1.0,
      "avg_overpay_sat_vb": 4.697750409444173,
      "median_overpay_sat_vb": 4.58040976524353,
      "avg_underpay_sat_vb": 0.0,
      "overpay_mape": 234.88752047220865,
      "within_10pct": 0.0,
      "within_20pct": 0.0,
      "within_50pct": 0.0,
      "asymmetric_loss": 6.692639103995204,
      "mape": 234.88752047220865
    }
  },
  "lgb_results": {
    "1block": {
      "horizon_blocks": 1,
      "model_type": "lightgbm",
      "mse": 0.34167082432141477,
      "rmse": 0.5845261536675795,
      "mae": 0.5740864756065321,
      "r2": 0.0,
      "block_inclusion_accuracy": 0.0,
      "avg_overpay_sat_vb": 0.0,
      "avg_underpay_sat_vb": 0.5740864756065321,
      "within_10pct": 0.0,
      "within_20pct": 0.0,
      "within_50pct": 1.0,
      "asymmetric_loss": 0.2391695770249903,
      "mape": 28.704323780326607
    },
    "3block": {
      "horizon_blocks": 3,
      "model_type": "lightgbm",
      "mse": 0.9918380673985933,
      "rmse": 0.9959106723991832,
      "mae": 0.9959106723991834,
      "r2": 0.0,
      "block_inclusion_accuracy": 0.0,
      "avg_overpay_sat_vb": 0.0,
      "avg_underpay_sat_vb": 0.9959106723991834,
      "within_10pct": 0.0,
      "within_20pct": 0.0,
      "within_50pct": 1.0,
      "asymmetric_loss": 0.6942866471790153,
      "mape": 49.79553361995917
    },
    "6block": {
      "horizon_blocks": 6,
      "model_type": "lightgbm",
      "mse": 1.0,
      "rmse": 1.0,
      "mae": 1.0,
      "r2": 0.0,
      "block_inclusion_accuracy": 0.0,
      "avg_overpay_sat_vb": 0.0,
      "avg_underpay_sat_vb": 1.0,
      "within_10pct": 0.0,
      "within_20pct": 0.0,
      "within_50pct": 0.0,
      "asymmetric_loss": 0.7000000000000001,
      "mape": 50.0
    }
  }
}