{
  "timestamp": "2026-04-24T09:37:58.496989",
  "duration_seconds": 1.144812,
  "xgb_results": {
    "1block": {
      "horizon_blocks": 1,
      "mse": 0.0,
      "rmse": 0.0,
      "mae": 0.0,
      "r2": 1.0,
      "block_inclusion_accuracy": 1.0,
      "avg_overpay_sat_vb": 0.0,
      "median_overpay_sat_vb": 0.0,
      "avg_underpay_sat_vb": 0.0,
      "overpay_mape": 0.0,
      "within_10pct": 1.0,
      "within_20pct": 1.0,
      "within_50pct": 1.0,
      "asymmetric_loss": 0.0,
      "mape": 0.0
    },
    "3block": {
      "horizon_blocks": 3,
      "mse": 0.0030668922410465407,
      "rmse": 0.0553795290793136,
      "mae": 0.022608598073323567,
      "r2": 0.0,
      "block_inclusion_accuracy": 1.0,
      "avg_overpay_sat_vb": 0.022608598073323567,
      "median_overpay_sat_vb": 0.0,
      "avg_underpay_sat_vb": 0.0,
      "overpay_mape": 2.2608598073323565,
      "within_10pct": 0.8333333333333334,
      "within_20pct": 1.0,
      "within_50pct": 1.0,
      "asymmetric_loss": 0.0009200676723139624,
      "mape": 2.2608598073323565
    },
    "6block": {
      "horizon_blocks": 6,
      "mse": 0.0030668922410465407,
      "rmse": 0.0553795290793136,
      "mae": 0.022608598073323567,
      "r2": 0.0,
      "block_inclusion_accuracy": 1.0,
      "avg_overpay_sat_vb": 0.022608598073323567,
      "median_overpay_sat_vb": 0.0,
      "avg_underpay_sat_vb": 0.0,
      "overpay_mape": 2.2608598073323565,
      "within_10pct": 0.8333333333333334,
      "within_20pct": 1.0,
      "within_50pct": 1.0,
      "asymmetric_loss": 0.0009200676723139624,
      "mape": 2.2608598073323565
    }
  },
  "lgb_results": {
    "1block": {
      "horizon_blocks": 1,
      "model_type": "lightgbm",
      "mse": 0.03321312816098906,
      "rmse": 0.18224469309417232,
      "mae": 0.1822419173153954,
      "r2": 0.0,
      "block_inclusion_accuracy": 1.0,
      "avg_overpay_sat_vb": 0.1822419173153954,
      "avg_underpay_sat_vb": 0.0,
      "within_10pct": 0.0,
      "within_20pct": 1.0,
      "within_50pct": 1.0,
      "asymmetric_loss": 0.009963938448296718,
      "mape": 18.22419173153954
    },
    "3block": {
      "horizon_blocks": 3,
      "model_type": "lightgbm",
      "mse": 0.0,
      "rmse": 0.0,
      "mae": 0.0,
      "r2": 1.0,
      "block_inclusion_accuracy": 1.0,
      "avg_overpay_sat_vb": 0.0,
      "avg_underpay_sat_vb": 0.0,
      "within_10pct": 1.0,
      "within_20pct": 1.0,
      "within_50pct": 1.0,
      "asymmetric_loss": 0.0,
      "mape": 0.0
    },
    "6block": {
      "horizon_blocks": 6,
      "model_type": "lightgbm",
      "mse": 0.002621784845863989,
      "rmse": 0.05120336752464616,
      "mae": 0.05120336752464616,
      "r2": 0.0,
      "block_inclusion_accuracy": 1.0,
      "avg_overpay_sat_vb": 0.05120336752464616,
      "avg_underpay_sat_vb": 0.0,
      "within_10pct": 1.0,
      "within_20pct": 1.0,
      "within_50pct": 1.0,
      "asymmetric_loss": 0.0007865354537591967,
      "mape": 5.120336752464616
    }
  }
}