{
  "timestamp": "2026-06-03T11:21:05.515348",
  "duration_seconds": 3.645037,
  "xgb_results": {
    "1block": {
      "horizon_blocks": 1,
      "mse": 0.0,
      "rmse": 0.0,
      "mae": 0.0,
      "r2": 1.0,
      "block_inclusion_accuracy": 1.0,
      "avg_overpay_sat_vb": 0.0,
      "median_overpay_sat_vb": 0.0,
      "avg_underpay_sat_vb": 0.0,
      "overpay_mape": 0.0,
      "within_10pct": 1.0,
      "within_20pct": 1.0,
      "within_50pct": 1.0,
      "asymmetric_loss": 0.0,
      "mape": 0.0
    },
    "3block": {
      "horizon_blocks": 3,
      "mse": 0.60539185457705,
      "rmse": 0.7780693121933611,
      "mae": 0.5026958386103312,
      "r2": -1.7242633455967247,
      "block_inclusion_accuracy": 0.8333333333333334,
      "avg_overpay_sat_vb": 0.33602917194366455,
      "median_overpay_sat_vb": 0.0,
      "avg_underpay_sat_vb": 0.16666666666666666,
      "overpay_mape": 29.7660489877065,
      "within_10pct": 0.5,
      "within_20pct": 0.5,
      "within_50pct": 0.6666666666666666,
      "asymmetric_loss": 0.24828422303978168,
      "mape": 38.09938232103984
    },
    "6block": {
      "horizon_blocks": 6,
      "mse": 0.60539185457705,
      "rmse": 0.7780693121933611,
      "mae": 0.5026958386103312,
      "r2": -1.7242633455967247,
      "block_inclusion_accuracy": 0.8333333333333334,
      "avg_overpay_sat_vb": 0.33602917194366455,
      "median_overpay_sat_vb": 0.0,
      "avg_underpay_sat_vb": 0.16666666666666666,
      "overpay_mape": 29.7660489877065,
      "within_10pct": 0.5,
      "within_20pct": 0.5,
      "within_50pct": 0.6666666666666666,
      "asymmetric_loss": 0.24828422303978168,
      "mape": 38.09938232103984
    }
  },
  "lgb_results": {
    "1block": {
      "horizon_blocks": 1,
      "model_type": "lightgbm",
      "mse": 0.008434980910034353,
      "rmse": 0.09184215214178267,
      "mae": 0.09183664397089386,
      "r2": 0.0,
      "block_inclusion_accuracy": 1.0,
      "avg_overpay_sat_vb": 0.09183664397089386,
      "avg_underpay_sat_vb": 0.0,
      "within_10pct": 1.0,
      "within_20pct": 1.0,
      "within_50pct": 1.0,
      "asymmetric_loss": 0.002530494273010307,
      "mape": 9.183664397089386
    },
    "3block": {
      "horizon_blocks": 3,
      "model_type": "lightgbm",
      "mse": 0.3333333333333333,
      "rmse": 0.5773502691896257,
      "mae": 0.3333333333333333,
      "r2": -0.4999999999999998,
      "block_inclusion_accuracy": 0.6666666666666666,
      "avg_overpay_sat_vb": 0.0,
      "avg_underpay_sat_vb": 0.3333333333333333,
      "within_10pct": 0.6666666666666666,
      "within_20pct": 0.6666666666666666,
      "within_50pct": 0.6666666666666666,
      "asymmetric_loss": 0.2333333333333333,
      "mape": 16.666666666666664
    },
    "6block": {
      "horizon_blocks": 6,
      "model_type": "lightgbm",
      "mse": 0.3333333333333333,
      "rmse": 0.5773502691896257,
      "mae": 0.3333333333333333,
      "r2": -0.4999999999999998,
      "block_inclusion_accuracy": 0.6666666666666666,
      "avg_overpay_sat_vb": 0.0,
      "avg_underpay_sat_vb": 0.3333333333333333,
      "within_10pct": 0.6666666666666666,
      "within_20pct": 0.6666666666666666,
      "within_50pct": 0.6666666666666666,
      "asymmetric_loss": 0.2333333333333333,
      "mape": 16.666666666666664
    }
  }
}