{
  "timestamp": "2026-05-01T20:56:08.095939",
  "duration_seconds": 1.376302,
  "xgb_results": {
    "1block": {
      "horizon_blocks": 1,
      "mse": 2.4027052221948986,
      "rmse": 1.5500661992943716,
      "mae": 1.5101602673530579,
      "r2": 0.0,
      "block_inclusion_accuracy": 0.0,
      "avg_overpay_sat_vb": 0.0,
      "median_overpay_sat_vb": 0.0,
      "avg_underpay_sat_vb": 1.5101602673530579,
      "overpay_mape": 0.0,
      "within_10pct": 0.0,
      "within_20pct": 0.0,
      "within_50pct": 0.6666666666666666,
      "asymmetric_loss": 1.681893655536429,
      "mape": 50.338675578435264
    },
    "3block": {
      "horizon_blocks": 3,
      "mse": 2.162807454949238,
      "rmse": 1.4706486510887766,
      "mae": 1.2507099111874898,
      "r2": -2.893053418908629,
      "block_inclusion_accuracy": 0.16666666666666666,
      "avg_overpay_sat_vb": 0.002542257308959961,
      "median_overpay_sat_vb": 0.0,
      "avg_underpay_sat_vb": 1.2481676538785298,
      "overpay_mape": 0.2542257308959961,
      "within_10pct": 0.16666666666666666,
      "within_20pct": 0.3333333333333333,
      "within_50pct": 0.5,
      "asymmetric_loss": 1.5139497070911265,
      "mape": 41.85981419351366
    },
    "6block": {
      "horizon_blocks": 6,
      "mse": 2.162807454949238,
      "rmse": 1.4706486510887766,
      "mae": 1.2507099111874898,
      "r2": -2.893053418908629,
      "block_inclusion_accuracy": 0.16666666666666666,
      "avg_overpay_sat_vb": 0.002542257308959961,
      "median_overpay_sat_vb": 0.0,
      "avg_underpay_sat_vb": 1.2481676538785298,
      "overpay_mape": 0.2542257308959961,
      "within_10pct": 0.16666666666666666,
      "within_20pct": 0.3333333333333333,
      "within_50pct": 0.5,
      "asymmetric_loss": 1.5139497070911265,
      "mape": 41.85981419351366
    }
  },
  "lgb_results": {
    "1block": {
      "horizon_blocks": 1,
      "model_type": "lightgbm",
      "mse": 4.0,
      "rmse": 2.0,
      "mae": 2.0,
      "r2": 0.0,
      "block_inclusion_accuracy": 0.0,
      "avg_overpay_sat_vb": 0.0,
      "avg_underpay_sat_vb": 2.0,
      "within_10pct": 0.0,
      "within_20pct": 0.0,
      "within_50pct": 0.0,
      "asymmetric_loss": 2.8000000000000003,
      "mape": 66.66666666666666
    },
    "3block": {
      "horizon_blocks": 3,
      "model_type": "lightgbm",
      "mse": 3.3333333333333335,
      "rmse": 1.8257418583505538,
      "mae": 1.6666666666666667,
      "r2": -5.000000000000001,
      "block_inclusion_accuracy": 0.16666666666666666,
      "avg_overpay_sat_vb": 0.0,
      "avg_underpay_sat_vb": 1.6666666666666667,
      "within_10pct": 0.16666666666666666,
      "within_20pct": 0.16666666666666666,
      "within_50pct": 0.16666666666666666,
      "asymmetric_loss": 2.3333333333333335,
      "mape": 55.55555555555555
    },
    "6block": {
      "horizon_blocks": 6,
      "model_type": "lightgbm",
      "mse": 3.3333333333333335,
      "rmse": 1.8257418583505538,
      "mae": 1.6666666666666667,
      "r2": -5.000000000000001,
      "block_inclusion_accuracy": 0.16666666666666666,
      "avg_overpay_sat_vb": 0.0,
      "avg_underpay_sat_vb": 1.6666666666666667,
      "within_10pct": 0.16666666666666666,
      "within_20pct": 0.16666666666666666,
      "within_50pct": 0.16666666666666666,
      "asymmetric_loss": 2.3333333333333335,
      "mape": 55.55555555555555
    }
  }
}