{
  "timestamp": "2026-05-08T22:06:49.864223",
  "duration_seconds": 2.172911,
  "xgb_results": {
    "1block": {
      "horizon_blocks": 1,
      "mse": 0.6159309644916581,
      "rmse": 0.7848126938904965,
      "mae": 0.679367184638977,
      "r2": -1.7716893402124612,
      "block_inclusion_accuracy": 0.3333333333333333,
      "avg_overpay_sat_vb": 0.06748572985331218,
      "median_overpay_sat_vb": 0.0,
      "avg_underpay_sat_vb": 0.6118814547856649,
      "overpay_mape": 2.2495243284437394,
      "within_10pct": 0.16666666666666666,
      "within_20pct": 0.6666666666666666,
      "within_50pct": 1.0,
      "asymmetric_loss": 0.4218724777379643,
      "mape": 17.546560698085365
    },
    "3block": {
      "horizon_blocks": 3,
      "mse": 5.342083450357461,
      "rmse": 2.3112947562691915,
      "mae": 2.1901817123095193,
      "r2": 0.0,
      "block_inclusion_accuracy": 0.0,
      "avg_overpay_sat_vb": 0.0,
      "median_overpay_sat_vb": 0.0,
      "avg_underpay_sat_vb": 2.1901817123095193,
      "overpay_mape": 0.0,
      "within_10pct": 0.0,
      "within_20pct": 0.0,
      "within_50pct": 0.5,
      "asymmetric_loss": 3.739458415250223,
      "mape": 54.754542807737984
    },
    "6block": {
      "horizon_blocks": 6,
      "mse": 5.342083450357461,
      "rmse": 2.3112947562691915,
      "mae": 2.1901817123095193,
      "r2": 0.0,
      "block_inclusion_accuracy": 0.0,
      "avg_overpay_sat_vb": 0.0,
      "median_overpay_sat_vb": 0.0,
      "avg_underpay_sat_vb": 2.1901817123095193,
      "overpay_mape": 0.0,
      "within_10pct": 0.0,
      "within_20pct": 0.0,
      "within_50pct": 0.5,
      "asymmetric_loss": 3.739458415250223,
      "mape": 54.754542807737984
    }
  },
  "lgb_results": {
    "1block": {
      "horizon_blocks": 1,
      "model_type": "lightgbm",
      "mse": 7.333333333333333,
      "rmse": 2.70801280154532,
      "mae": 2.6666666666666665,
      "r2": -32.0,
      "block_inclusion_accuracy": 0.0,
      "avg_overpay_sat_vb": 0.0,
      "avg_underpay_sat_vb": 2.6666666666666665,
      "within_10pct": 0.0,
      "within_20pct": 0.0,
      "within_50pct": 0.0,
      "asymmetric_loss": 5.133333333333334,
      "mape": 72.22222222222221
    },
    "3block": {
      "horizon_blocks": 3,
      "model_type": "lightgbm",
      "mse": 8.975480756995326,
      "rmse": 2.9959106723991833,
      "mae": 2.9959106723991833,
      "r2": 0.0,
      "block_inclusion_accuracy": 0.0,
      "avg_overpay_sat_vb": 0.0,
      "avg_underpay_sat_vb": 2.9959106723991833,
      "within_10pct": 0.0,
      "within_20pct": 0.0,
      "within_50pct": 0.0,
      "asymmetric_loss": 6.282836529896728,
      "mape": 74.89776680997959
    },
    "6block": {
      "horizon_blocks": 6,
      "model_type": "lightgbm",
      "mse": 9.0,
      "rmse": 3.0,
      "mae": 3.0,
      "r2": 0.0,
      "block_inclusion_accuracy": 0.0,
      "avg_overpay_sat_vb": 0.0,
      "avg_underpay_sat_vb": 3.0,
      "within_10pct": 0.0,
      "within_20pct": 0.0,
      "within_50pct": 0.0,
      "asymmetric_loss": 6.3,
      "mape": 75.0
    }
  }
}