{
  "timestamp": "2026-04-26T18:54:35.584681",
  "duration_seconds": 1.190964,
  "xgb_results": {
    "1block": {
      "horizon_blocks": 1,
      "mse": 0.042399464291804634,
      "rmse": 0.20591130200113988,
      "mae": 0.1664431095123291,
      "r2": 0.0,
      "block_inclusion_accuracy": 0.16666666666666666,
      "avg_overpay_sat_vb": 0.018529176712036133,
      "median_overpay_sat_vb": 0.0,
      "avg_underpay_sat_vb": 0.14791393280029297,
      "overpay_mape": 0.4632294178009033,
      "within_10pct": 1.0,
      "within_20pct": 1.0,
      "within_50pct": 1.0,
      "asymmetric_loss": 0.028855632069161172,
      "mape": 4.1610777378082275
    },
    "3block": {
      "horizon_blocks": 3,
      "mse": 1.3744173160468733,
      "rmse": 1.1723554563556537,
      "mae": 1.1107227404912312,
      "r2": 0.0,
      "block_inclusion_accuracy": 0.0,
      "avg_overpay_sat_vb": 0.0,
      "median_overpay_sat_vb": 0.0,
      "avg_underpay_sat_vb": 1.1107227404912312,
      "overpay_mape": 0.0,
      "within_10pct": 0.0,
      "within_20pct": 0.16666666666666666,
      "within_50pct": 1.0,
      "asymmetric_loss": 0.9620921212328112,
      "mape": 27.76806851228078
    },
    "6block": {
      "horizon_blocks": 6,
      "mse": 1.3744173160468733,
      "rmse": 1.1723554563556537,
      "mae": 1.1107227404912312,
      "r2": 0.0,
      "block_inclusion_accuracy": 0.0,
      "avg_overpay_sat_vb": 0.0,
      "median_overpay_sat_vb": 0.0,
      "avg_underpay_sat_vb": 1.1107227404912312,
      "overpay_mape": 0.0,
      "within_10pct": 0.0,
      "within_20pct": 0.16666666666666666,
      "within_50pct": 1.0,
      "asymmetric_loss": 0.9620921212328112,
      "mape": 27.76806851228078
    }
  },
  "lgb_results": {
    "1block": {
      "horizon_blocks": 1,
      "model_type": "lightgbm",
      "mse": 9.0,
      "rmse": 3.0,
      "mae": 3.0,
      "r2": 0.0,
      "block_inclusion_accuracy": 0.0,
      "avg_overpay_sat_vb": 0.0,
      "avg_underpay_sat_vb": 3.0,
      "within_10pct": 0.0,
      "within_20pct": 0.0,
      "within_50pct": 0.0,
      "asymmetric_loss": 6.3,
      "mape": 75.0
    },
    "3block": {
      "horizon_blocks": 3,
      "model_type": "lightgbm",
      "mse": 8.975480756995326,
      "rmse": 2.9959106723991833,
      "mae": 2.9959106723991833,
      "r2": 0.0,
      "block_inclusion_accuracy": 0.0,
      "avg_overpay_sat_vb": 0.0,
      "avg_underpay_sat_vb": 2.9959106723991833,
      "within_10pct": 0.0,
      "within_20pct": 0.0,
      "within_50pct": 0.0,
      "asymmetric_loss": 6.282836529896728,
      "mape": 74.89776680997959
    },
    "6block": {
      "horizon_blocks": 6,
      "model_type": "lightgbm",
      "mse": 9.0,
      "rmse": 3.0,
      "mae": 3.0,
      "r2": 0.0,
      "block_inclusion_accuracy": 0.0,
      "avg_overpay_sat_vb": 0.0,
      "avg_underpay_sat_vb": 3.0,
      "within_10pct": 0.0,
      "within_20pct": 0.0,
      "within_50pct": 0.0,
      "asymmetric_loss": 6.3,
      "mape": 75.0
    }
  }
}