{
  "timestamp": "2026-06-13T11:22:39.344298",
  "duration_seconds": 4.290852,
  "xgb_results": {
    "1block": {
      "horizon_blocks": 1,
      "mse": 1.6658184757510526,
      "rmse": 1.2906659040011295,
      "mae": 1.1643948554992676,
      "r2": -6.496183140879737,
      "block_inclusion_accuracy": 1.0,
      "avg_overpay_sat_vb": 1.1643948554992676,
      "median_overpay_sat_vb": 1.035339593887329,
      "avg_underpay_sat_vb": 0.0,
      "overpay_mape": 49.91551174057854,
      "within_10pct": 0.0,
      "within_20pct": 0.16666666666666666,
      "within_50pct": 0.5,
      "asymmetric_loss": 0.4997455427253159,
      "mape": 49.91551174057854
    },
    "3block": {
      "horizon_blocks": 3,
      "mse": 9.850454744478128,
      "rmse": 3.138543411278252,
      "mae": 2.2773240009943643,
      "r2": 0.0,
      "block_inclusion_accuracy": 1.0,
      "avg_overpay_sat_vb": 2.2773240009943643,
      "median_overpay_sat_vb": 1.6965669393539429,
      "avg_underpay_sat_vb": 0.0,
      "overpay_mape": 113.86620004971822,
      "within_10pct": 0.16666666666666666,
      "within_20pct": 0.16666666666666666,
      "within_50pct": 0.5,
      "asymmetric_loss": 2.9551364233434385,
      "mape": 113.86620004971822
    },
    "6block": {
      "horizon_blocks": 6,
      "mse": 9.850454744478128,
      "rmse": 3.138543411278252,
      "mae": 2.2773240009943643,
      "r2": 0.0,
      "block_inclusion_accuracy": 1.0,
      "avg_overpay_sat_vb": 2.2773240009943643,
      "median_overpay_sat_vb": 1.6965669393539429,
      "avg_underpay_sat_vb": 0.0,
      "overpay_mape": 113.86620004971822,
      "within_10pct": 0.16666666666666666,
      "within_20pct": 0.16666666666666666,
      "within_50pct": 0.5,
      "asymmetric_loss": 2.9551364233434385,
      "mape": 113.86620004971822
    }
  },
  "lgb_results": {
    "1block": {
      "horizon_blocks": 1,
      "model_type": "lightgbm",
      "mse": 1.2476637014321896,
      "rmse": 1.1169886756060643,
      "mae": 1.0124196439479671,
      "r2": -4.6144866564448535,
      "block_inclusion_accuracy": 0.0,
      "avg_overpay_sat_vb": 0.0,
      "avg_underpay_sat_vb": 1.0124196439479671,
      "within_10pct": 0.0,
      "within_20pct": 0.0,
      "within_50pct": 0.6666666666666666,
      "asymmetric_loss": 0.8733645910025327,
      "mape": 41.28899954588135
    },
    "3block": {
      "horizon_blocks": 3,
      "model_type": "lightgbm",
      "mse": 1.0,
      "rmse": 1.0,
      "mae": 1.0,
      "r2": 0.0,
      "block_inclusion_accuracy": 0.0,
      "avg_overpay_sat_vb": 0.0,
      "avg_underpay_sat_vb": 1.0,
      "within_10pct": 0.0,
      "within_20pct": 0.0,
      "within_50pct": 0.0,
      "asymmetric_loss": 0.7000000000000001,
      "mape": 50.0
    },
    "6block": {
      "horizon_blocks": 6,
      "model_type": "lightgbm",
      "mse": 1.0,
      "rmse": 1.0,
      "mae": 1.0,
      "r2": 0.0,
      "block_inclusion_accuracy": 0.0,
      "avg_overpay_sat_vb": 0.0,
      "avg_underpay_sat_vb": 1.0,
      "within_10pct": 0.0,
      "within_20pct": 0.0,
      "within_50pct": 0.0,
      "asymmetric_loss": 0.7000000000000001,
      "mape": 50.0
    }
  }
}