{
  "timestamp": "2026-04-30T23:58:27.182371",
  "duration_seconds": 1.517357,
  "xgb_results": {
    "1block": {
      "horizon_blocks": 1,
      "mse": 0.0623637389968934,
      "rmse": 0.24972732929516026,
      "mae": 0.19659332434336343,
      "r2": 0.0,
      "block_inclusion_accuracy": 1.0,
      "avg_overpay_sat_vb": 0.19659332434336343,
      "median_overpay_sat_vb": 0.21506214141845703,
      "avg_underpay_sat_vb": 0.0,
      "overpay_mape": 19.659332434336342,
      "within_10pct": 0.3333333333333333,
      "within_20pct": 0.3333333333333333,
      "within_50pct": 1.0,
      "asymmetric_loss": 0.018709121699068024,
      "mape": 19.659332434336342
    },
    "3block": {
      "horizon_blocks": 3,
      "mse": 2.884039368982087,
      "rmse": 1.6982459683397122,
      "mae": 1.5319092273712158,
      "r2": -19.76508345667103,
      "block_inclusion_accuracy": 1.0,
      "avg_overpay_sat_vb": 1.5319092273712158,
      "median_overpay_sat_vb": 1.4824144840240479,
      "avg_underpay_sat_vb": 0.0,
      "overpay_mape": 150.46007831891376,
      "within_10pct": 0.0,
      "within_20pct": 0.16666666666666666,
      "within_50pct": 0.16666666666666666,
      "asymmetric_loss": 0.8652118106946262,
      "mape": 150.46007831891376
    },
    "6block": {
      "horizon_blocks": 6,
      "mse": 2.884039368982087,
      "rmse": 1.6982459683397122,
      "mae": 1.5319092273712158,
      "r2": -19.76508345667103,
      "block_inclusion_accuracy": 1.0,
      "avg_overpay_sat_vb": 1.5319092273712158,
      "median_overpay_sat_vb": 1.4824144840240479,
      "avg_underpay_sat_vb": 0.0,
      "overpay_mape": 150.46007831891376,
      "within_10pct": 0.0,
      "within_20pct": 0.16666666666666666,
      "within_50pct": 0.16666666666666666,
      "asymmetric_loss": 0.8652118106946262,
      "mape": 150.46007831891376
    }
  },
  "lgb_results": {
    "1block": {
      "horizon_blocks": 1,
      "model_type": "lightgbm",
      "mse": 0.003979537095136577,
      "rmse": 0.06308357230798345,
      "mae": 0.06308357230798345,
      "r2": 0.0,
      "block_inclusion_accuracy": 1.0,
      "avg_overpay_sat_vb": 0.06308357230798345,
      "avg_underpay_sat_vb": 0.0,
      "within_10pct": 1.0,
      "within_20pct": 1.0,
      "within_50pct": 1.0,
      "asymmetric_loss": 0.001193861128540973,
      "mape": 6.308357230798345
    },
    "3block": {
      "horizon_blocks": 3,
      "model_type": "lightgbm",
      "mse": 0.16666666666666666,
      "rmse": 0.408248290463863,
      "mae": 0.16666666666666666,
      "r2": -0.20000000000000018,
      "block_inclusion_accuracy": 0.8333333333333334,
      "avg_overpay_sat_vb": 0.0,
      "avg_underpay_sat_vb": 0.16666666666666666,
      "within_10pct": 0.8333333333333334,
      "within_20pct": 0.8333333333333334,
      "within_50pct": 0.8333333333333334,
      "asymmetric_loss": 0.11666666666666665,
      "mape": 8.333333333333332
    },
    "6block": {
      "horizon_blocks": 6,
      "model_type": "lightgbm",
      "mse": 0.16666666666666666,
      "rmse": 0.408248290463863,
      "mae": 0.16666666666666666,
      "r2": -0.20000000000000018,
      "block_inclusion_accuracy": 0.8333333333333334,
      "avg_overpay_sat_vb": 0.0,
      "avg_underpay_sat_vb": 0.16666666666666666,
      "within_10pct": 0.8333333333333334,
      "within_20pct": 0.8333333333333334,
      "within_50pct": 0.8333333333333334,
      "asymmetric_loss": 0.11666666666666665,
      "mape": 8.333333333333332
    }
  }
}