{
  "timestamp": "2026-05-07T22:03:40.920332",
  "duration_seconds": 2.140224,
  "xgb_results": {
    "1block": {
      "horizon_blocks": 1,
      "mse": 0.14944884836927486,
      "rmse": 0.3865861461165866,
      "mae": 0.3488149642944336,
      "r2": 0.0,
      "block_inclusion_accuracy": 0.5,
      "avg_overpay_sat_vb": 0.15867201487223306,
      "median_overpay_sat_vb": 0.04701399803161621,
      "avg_underpay_sat_vb": 0.19014294942220053,
      "overpay_mape": 7.933600743611653,
      "within_10pct": 0.16666666666666666,
      "within_20pct": 0.6666666666666666,
      "within_50pct": 1.0,
      "asymmetric_loss": 0.07617109738700188,
      "mape": 17.44074821472168
    },
    "3block": {
      "horizon_blocks": 3,
      "mse": 0.6722725443820631,
      "rmse": 0.8199222794765751,
      "mae": 0.7048755089441935,
      "r2": 0.0,
      "block_inclusion_accuracy": 0.3333333333333333,
      "avg_overpay_sat_vb": 0.038208842277526855,
      "median_overpay_sat_vb": 0.0,
      "avg_underpay_sat_vb": 0.6666666666666666,
      "overpay_mape": 1.9104421138763428,
      "within_10pct": 0.3333333333333333,
      "within_20pct": 0.3333333333333333,
      "within_50pct": 0.3333333333333333,
      "asymmetric_loss": 0.4683484299812856,
      "mape": 35.24377544720967
    },
    "6block": {
      "horizon_blocks": 6,
      "mse": 0.6722725443820631,
      "rmse": 0.8199222794765751,
      "mae": 0.7048755089441935,
      "r2": 0.0,
      "block_inclusion_accuracy": 0.3333333333333333,
      "avg_overpay_sat_vb": 0.038208842277526855,
      "median_overpay_sat_vb": 0.0,
      "avg_underpay_sat_vb": 0.6666666666666666,
      "overpay_mape": 1.9104421138763428,
      "within_10pct": 0.3333333333333333,
      "within_20pct": 0.3333333333333333,
      "within_50pct": 0.3333333333333333,
      "asymmetric_loss": 0.4683484299812856,
      "mape": 35.24377544720967
    }
  },
  "lgb_results": {
    "1block": {
      "horizon_blocks": 1,
      "model_type": "lightgbm",
      "mse": 0.5862731290499842,
      "rmse": 0.7656847452117511,
      "mae": 0.7656847452117511,
      "r2": 0.0,
      "block_inclusion_accuracy": 0.0,
      "avg_overpay_sat_vb": 0.0,
      "avg_underpay_sat_vb": 0.7656847452117511,
      "within_10pct": 0.0,
      "within_20pct": 0.0,
      "within_50pct": 1.0,
      "asymmetric_loss": 0.41039119033498883,
      "mape": 38.28423726058755
    },
    "3block": {
      "horizon_blocks": 3,
      "model_type": "lightgbm",
      "mse": 0.9918380673985933,
      "rmse": 0.9959106723991832,
      "mae": 0.9959106723991834,
      "r2": 0.0,
      "block_inclusion_accuracy": 0.0,
      "avg_overpay_sat_vb": 0.0,
      "avg_underpay_sat_vb": 0.9959106723991834,
      "within_10pct": 0.0,
      "within_20pct": 0.0,
      "within_50pct": 1.0,
      "asymmetric_loss": 0.6942866471790153,
      "mape": 49.79553361995917
    },
    "6block": {
      "horizon_blocks": 6,
      "model_type": "lightgbm",
      "mse": 1.0,
      "rmse": 1.0,
      "mae": 1.0,
      "r2": 0.0,
      "block_inclusion_accuracy": 0.0,
      "avg_overpay_sat_vb": 0.0,
      "avg_underpay_sat_vb": 1.0,
      "within_10pct": 0.0,
      "within_20pct": 0.0,
      "within_50pct": 0.0,
      "asymmetric_loss": 0.7000000000000001,
      "mape": 50.0
    }
  }
}