{
  "timestamp": "2026-04-30T22:59:53.701387",
  "duration_seconds": 1.455621,
  "xgb_results": {
    "1block": {
      "horizon_blocks": 1,
      "mse": 0.2628026166972859,
      "rmse": 0.5126427768898006,
      "mae": 0.47057350476582843,
      "r2": 0.0,
      "block_inclusion_accuracy": 0.0,
      "avg_overpay_sat_vb": 0.0,
      "median_overpay_sat_vb": 0.0,
      "avg_underpay_sat_vb": 0.47057350476582843,
      "overpay_mape": 0.0,
      "within_10pct": 0.5,
      "within_20pct": 1.0,
      "within_50pct": 1.0,
      "asymmetric_loss": 0.1839618316881001,
      "mape": 9.41147009531657
    },
    "3block": {
      "horizon_blocks": 3,
      "mse": 14.593426410816088,
      "rmse": 3.820134344603091,
      "mae": 3.561053911844889,
      "r2": -5.5670418848672405,
      "block_inclusion_accuracy": 1.0,
      "avg_overpay_sat_vb": 3.561053911844889,
      "median_overpay_sat_vb": 4.063453674316406,
      "avg_underpay_sat_vb": 0.0,
      "overpay_mape": 348.93877029418945,
      "within_10pct": 0.0,
      "within_20pct": 0.16666666666666666,
      "within_50pct": 0.16666666666666666,
      "asymmetric_loss": 4.378027923244827,
      "mape": 348.93877029418945
    },
    "6block": {
      "horizon_blocks": 6,
      "mse": 14.593426410816088,
      "rmse": 3.820134344603091,
      "mae": 3.561053911844889,
      "r2": -5.5670418848672405,
      "block_inclusion_accuracy": 1.0,
      "avg_overpay_sat_vb": 3.561053911844889,
      "median_overpay_sat_vb": 4.063453674316406,
      "avg_underpay_sat_vb": 0.0,
      "overpay_mape": 348.93877029418945,
      "within_10pct": 0.0,
      "within_20pct": 0.16666666666666666,
      "within_50pct": 0.16666666666666666,
      "asymmetric_loss": 4.378027923244827,
      "mape": 348.93877029418945
    }
  },
  "lgb_results": {
    "1block": {
      "horizon_blocks": 1,
      "model_type": "lightgbm",
      "mse": 16.0,
      "rmse": 4.0,
      "mae": 4.0,
      "r2": 0.0,
      "block_inclusion_accuracy": 0.0,
      "avg_overpay_sat_vb": 0.0,
      "avg_underpay_sat_vb": 4.0,
      "within_10pct": 0.0,
      "within_20pct": 0.0,
      "within_50pct": 0.0,
      "asymmetric_loss": 11.200000000000001,
      "mape": 80.0
    },
    "3block": {
      "horizon_blocks": 3,
      "model_type": "lightgbm",
      "mse": 2.6666666666666665,
      "rmse": 1.632993161855452,
      "mae": 0.6666666666666666,
      "r2": -0.20000000000000018,
      "block_inclusion_accuracy": 0.8333333333333334,
      "avg_overpay_sat_vb": 0.0,
      "avg_underpay_sat_vb": 0.6666666666666666,
      "within_10pct": 0.8333333333333334,
      "within_20pct": 0.8333333333333334,
      "within_50pct": 0.8333333333333334,
      "asymmetric_loss": 1.8666666666666665,
      "mape": 13.333333333333334
    },
    "6block": {
      "horizon_blocks": 6,
      "model_type": "lightgbm",
      "mse": 2.6666666666666665,
      "rmse": 1.632993161855452,
      "mae": 0.6666666666666666,
      "r2": -0.20000000000000018,
      "block_inclusion_accuracy": 0.8333333333333334,
      "avg_overpay_sat_vb": 0.0,
      "avg_underpay_sat_vb": 0.6666666666666666,
      "within_10pct": 0.8333333333333334,
      "within_20pct": 0.8333333333333334,
      "within_50pct": 0.8333333333333334,
      "asymmetric_loss": 1.8666666666666665,
      "mape": 13.333333333333334
    }
  }
}