{
  "timestamp": "2026-04-20T13:29:57.805287",
  "duration_seconds": 0.809384,
  "xgb_results": {
    "1block": {
      "horizon_blocks": 1,
      "mse": 0.13347561362358343,
      "rmse": 0.36534314503434084,
      "mae": 0.35662869612375897,
      "r2": 0.0,
      "block_inclusion_accuracy": 0.0,
      "avg_overpay_sat_vb": 0.0,
      "median_overpay_sat_vb": 0.0,
      "avg_underpay_sat_vb": 0.35662869612375897,
      "overpay_mape": 0.0,
      "within_10pct": 0.0,
      "within_20pct": 0.6666666666666666,
      "within_50pct": 1.0,
      "asymmetric_loss": 0.0934329295365084,
      "mape": 17.83143480618795
    },
    "3block": {
      "horizon_blocks": 3,
      "mse": 0.21094011955873052,
      "rmse": 0.45928217857732134,
      "mae": 0.36117786169052124,
      "r2": 0.0,
      "block_inclusion_accuracy": 0.8333333333333334,
      "avg_overpay_sat_vb": 0.3507346709569295,
      "median_overpay_sat_vb": 0.2649390697479248,
      "avg_underpay_sat_vb": 0.010443190733591715,
      "overpay_mape": 17.536733547846474,
      "within_10pct": 0.16666666666666666,
      "within_20pct": 0.6666666666666666,
      "within_50pct": 1.0,
      "asymmetric_loss": 0.06354378042609479,
      "mape": 18.058893084526062
    },
    "6block": {
      "horizon_blocks": 6,
      "mse": 0.21094011955873052,
      "rmse": 0.45928217857732134,
      "mae": 0.36117786169052124,
      "r2": 0.0,
      "block_inclusion_accuracy": 0.8333333333333334,
      "avg_overpay_sat_vb": 0.3507346709569295,
      "median_overpay_sat_vb": 0.2649390697479248,
      "avg_underpay_sat_vb": 0.010443190733591715,
      "overpay_mape": 17.536733547846474,
      "within_10pct": 0.16666666666666666,
      "within_20pct": 0.6666666666666666,
      "within_50pct": 1.0,
      "asymmetric_loss": 0.06354378042609479,
      "mape": 18.058893084526062
    }
  },
  "lgb_results": {
    "1block": {
      "horizon_blocks": 1,
      "model_type": "lightgbm",
      "mse": 0.8412144161586724,
      "rmse": 0.917177418037902,
      "mae": 0.9171769277731455,
      "r2": 0.0,
      "block_inclusion_accuracy": 0.0,
      "avg_overpay_sat_vb": 0.0,
      "avg_underpay_sat_vb": 0.9171769277731455,
      "within_10pct": 0.0,
      "within_20pct": 0.0,
      "within_50pct": 1.0,
      "asymmetric_loss": 0.5888500913110707,
      "mape": 45.85884638865728
    },
    "3block": {
      "horizon_blocks": 3,
      "model_type": "lightgbm",
      "mse": 0.9918380673985933,
      "rmse": 0.9959106723991832,
      "mae": 0.9959106723991834,
      "r2": 0.0,
      "block_inclusion_accuracy": 0.0,
      "avg_overpay_sat_vb": 0.0,
      "avg_underpay_sat_vb": 0.9959106723991834,
      "within_10pct": 0.0,
      "within_20pct": 0.0,
      "within_50pct": 1.0,
      "asymmetric_loss": 0.6942866471790153,
      "mape": 49.79553361995917
    },
    "6block": {
      "horizon_blocks": 6,
      "model_type": "lightgbm",
      "mse": 1.0,
      "rmse": 1.0,
      "mae": 1.0,
      "r2": 0.0,
      "block_inclusion_accuracy": 0.0,
      "avg_overpay_sat_vb": 0.0,
      "avg_underpay_sat_vb": 1.0,
      "within_10pct": 0.0,
      "within_20pct": 0.0,
      "within_50pct": 0.0,
      "asymmetric_loss": 0.7000000000000001,
      "mape": 50.0
    }
  }
}