{
  "timestamp": "2026-04-30T22:05:49.017850",
  "duration_seconds": 1.505701,
  "xgb_results": {
    "1block": {
      "horizon_blocks": 1,
      "mse": 0.14641703027665662,
      "rmse": 0.38264478341754066,
      "mae": 0.3167808453241984,
      "r2": 0.0,
      "block_inclusion_accuracy": 0.8333333333333334,
      "avg_overpay_sat_vb": 0.2998135487238566,
      "median_overpay_sat_vb": 0.24837827682495117,
      "avg_underpay_sat_vb": 0.016967296600341797,
      "overpay_mape": 9.993784957461887,
      "within_10pct": 0.5,
      "within_20pct": 0.8333333333333334,
      "within_50pct": 1.0,
      "asymmetric_loss": 0.04461604305241451,
      "mape": 10.559361510806614
    },
    "3block": {
      "horizon_blocks": 3,
      "mse": 0.15720250192367757,
      "rmse": 0.3964877071532957,
      "mae": 0.35619012514750165,
      "r2": 0.0,
      "block_inclusion_accuracy": 0.8333333333333334,
      "avg_overpay_sat_vb": 0.31096617380777997,
      "median_overpay_sat_vb": 0.2862752676010132,
      "avg_underpay_sat_vb": 0.04522395133972168,
      "overpay_mape": 10.365539126925999,
      "within_10pct": 0.5,
      "within_20pct": 0.8333333333333334,
      "within_50pct": 1.0,
      "asymmetric_loss": 0.0520692444365693,
      "mape": 11.87300417158339
    },
    "6block": {
      "horizon_blocks": 6,
      "mse": 0.15720250192367757,
      "rmse": 0.3964877071532957,
      "mae": 0.35619012514750165,
      "r2": 0.0,
      "block_inclusion_accuracy": 0.8333333333333334,
      "avg_overpay_sat_vb": 0.31096617380777997,
      "median_overpay_sat_vb": 0.2862752676010132,
      "avg_underpay_sat_vb": 0.04522395133972168,
      "overpay_mape": 10.365539126925999,
      "within_10pct": 0.5,
      "within_20pct": 0.8333333333333334,
      "within_50pct": 1.0,
      "asymmetric_loss": 0.0520692444365693,
      "mape": 11.87300417158339
    }
  },
  "lgb_results": {
    "1block": {
      "horizon_blocks": 1,
      "model_type": "lightgbm",
      "mse": 4.0,
      "rmse": 2.0,
      "mae": 2.0,
      "r2": 0.0,
      "block_inclusion_accuracy": 0.0,
      "avg_overpay_sat_vb": 0.0,
      "avg_underpay_sat_vb": 2.0,
      "within_10pct": 0.0,
      "within_20pct": 0.0,
      "within_50pct": 0.0,
      "asymmetric_loss": 2.8000000000000003,
      "mape": 66.66666666666666
    },
    "3block": {
      "horizon_blocks": 3,
      "model_type": "lightgbm",
      "mse": 4.0,
      "rmse": 2.0,
      "mae": 2.0,
      "r2": 0.0,
      "block_inclusion_accuracy": 0.0,
      "avg_overpay_sat_vb": 0.0,
      "avg_underpay_sat_vb": 2.0,
      "within_10pct": 0.0,
      "within_20pct": 0.0,
      "within_50pct": 0.0,
      "asymmetric_loss": 2.8000000000000003,
      "mape": 66.66666666666666
    },
    "6block": {
      "horizon_blocks": 6,
      "model_type": "lightgbm",
      "mse": 4.0,
      "rmse": 2.0,
      "mae": 2.0,
      "r2": 0.0,
      "block_inclusion_accuracy": 0.0,
      "avg_overpay_sat_vb": 0.0,
      "avg_underpay_sat_vb": 2.0,
      "within_10pct": 0.0,
      "within_20pct": 0.0,
      "within_50pct": 0.0,
      "asymmetric_loss": 2.8000000000000003,
      "mape": 66.66666666666666
    }
  }
}