{
  "timestamp": "2026-05-17T18:06:00.803356",
  "duration_seconds": 2.569827,
  "xgb_results": {
    "1block": {
      "horizon_blocks": 1,
      "mse": 0.09415042674198777,
      "rmse": 0.30683941523537644,
      "mae": 0.19647639989852905,
      "r2": 0.0,
      "block_inclusion_accuracy": 1.0,
      "avg_overpay_sat_vb": 0.19647639989852905,
      "median_overpay_sat_vb": 0.07022184133529663,
      "avg_underpay_sat_vb": 0.0,
      "overpay_mape": 19.647639989852905,
      "within_10pct": 0.5,
      "within_20pct": 0.6666666666666666,
      "within_50pct": 0.8333333333333334,
      "asymmetric_loss": 0.028245128022596336,
      "mape": 19.647639989852905
    },
    "3block": {
      "horizon_blocks": 3,
      "mse": 2.626710324698839,
      "rmse": 1.6207129063158716,
      "mae": 1.4240899085998535,
      "r2": 0.0,
      "block_inclusion_accuracy": 1.0,
      "avg_overpay_sat_vb": 1.4240899085998535,
      "median_overpay_sat_vb": 1.2327477931976318,
      "avg_underpay_sat_vb": 0.0,
      "overpay_mape": 71.20449542999268,
      "within_10pct": 0.0,
      "within_20pct": 0.16666666666666666,
      "within_50pct": 0.3333333333333333,
      "asymmetric_loss": 0.7880130974096519,
      "mape": 71.20449542999268
    },
    "6block": {
      "horizon_blocks": 6,
      "mse": 2.626710324698839,
      "rmse": 1.6207129063158716,
      "mae": 1.4240899085998535,
      "r2": 0.0,
      "block_inclusion_accuracy": 1.0,
      "avg_overpay_sat_vb": 1.4240899085998535,
      "median_overpay_sat_vb": 1.2327477931976318,
      "avg_underpay_sat_vb": 0.0,
      "overpay_mape": 71.20449542999268,
      "within_10pct": 0.0,
      "within_20pct": 0.16666666666666666,
      "within_50pct": 0.3333333333333333,
      "asymmetric_loss": 0.7880130974096519,
      "mape": 71.20449542999268
    }
  },
  "lgb_results": {
    "1block": {
      "horizon_blocks": 1,
      "model_type": "lightgbm",
      "mse": 0.0,
      "rmse": 0.0,
      "mae": 0.0,
      "r2": 1.0,
      "block_inclusion_accuracy": 1.0,
      "avg_overpay_sat_vb": 0.0,
      "avg_underpay_sat_vb": 0.0,
      "within_10pct": 1.0,
      "within_20pct": 1.0,
      "within_50pct": 1.0,
      "asymmetric_loss": 0.0,
      "mape": 0.0
    },
    "3block": {
      "horizon_blocks": 3,
      "model_type": "lightgbm",
      "mse": 0.9918380673985933,
      "rmse": 0.9959106723991832,
      "mae": 0.9959106723991834,
      "r2": 0.0,
      "block_inclusion_accuracy": 0.0,
      "avg_overpay_sat_vb": 0.0,
      "avg_underpay_sat_vb": 0.9959106723991834,
      "within_10pct": 0.0,
      "within_20pct": 0.0,
      "within_50pct": 1.0,
      "asymmetric_loss": 0.6942866471790153,
      "mape": 49.79553361995917
    },
    "6block": {
      "horizon_blocks": 6,
      "model_type": "lightgbm",
      "mse": 1.0,
      "rmse": 1.0,
      "mae": 1.0,
      "r2": 0.0,
      "block_inclusion_accuracy": 0.0,
      "avg_overpay_sat_vb": 0.0,
      "avg_underpay_sat_vb": 1.0,
      "within_10pct": 0.0,
      "within_20pct": 0.0,
      "within_50pct": 0.0,
      "asymmetric_loss": 0.7000000000000001,
      "mape": 50.0
    }
  }
}