{
  "timestamp": "2026-05-21T22:30:59.270751",
  "duration_seconds": 3.146261,
  "xgb_results": {
    "1block": {
      "horizon_blocks": 1,
      "mse": 2.0353011575271958,
      "rmse": 1.4266398135223886,
      "mae": 1.423160235087077,
      "r2": 0.0,
      "block_inclusion_accuracy": 1.0,
      "avg_overpay_sat_vb": 1.423160235087077,
      "median_overpay_sat_vb": 1.4588651657104492,
      "avg_underpay_sat_vb": 0.0,
      "overpay_mape": 71.15801175435385,
      "within_10pct": 0.0,
      "within_20pct": 0.0,
      "within_50pct": 0.0,
      "asymmetric_loss": 0.6105903472581587,
      "mape": 71.15801175435385
    },
    "3block": {
      "horizon_blocks": 3,
      "mse": 1.998251670079803,
      "rmse": 1.4135952992564043,
      "mae": 1.1017762621243794,
      "r2": 0.0,
      "block_inclusion_accuracy": 0.8333333333333334,
      "avg_overpay_sat_vb": 1.073886513710022,
      "median_overpay_sat_vb": 0.9154391288757324,
      "avg_underpay_sat_vb": 0.027889748414357502,
      "overpay_mape": 53.6943256855011,
      "within_10pct": 0.3333333333333333,
      "within_20pct": 0.3333333333333333,
      "within_50pct": 0.6666666666666666,
      "asymmetric_loss": 0.6013423123838199,
      "mape": 55.08881310621897
    },
    "6block": {
      "horizon_blocks": 6,
      "mse": 1.998251670079803,
      "rmse": 1.4135952992564043,
      "mae": 1.1017762621243794,
      "r2": 0.0,
      "block_inclusion_accuracy": 0.8333333333333334,
      "avg_overpay_sat_vb": 1.073886513710022,
      "median_overpay_sat_vb": 0.9154391288757324,
      "avg_underpay_sat_vb": 0.027889748414357502,
      "overpay_mape": 53.6943256855011,
      "within_10pct": 0.3333333333333333,
      "within_20pct": 0.3333333333333333,
      "within_50pct": 0.6666666666666666,
      "asymmetric_loss": 0.6013423123838199,
      "mape": 55.08881310621897
    }
  },
  "lgb_results": {
    "1block": {
      "horizon_blocks": 1,
      "model_type": "lightgbm",
      "mse": 0.948085252279391,
      "rmse": 0.9736966941914669,
      "mae": 0.973696694191467,
      "r2": 0.0,
      "block_inclusion_accuracy": 0.0,
      "avg_overpay_sat_vb": 0.0,
      "avg_underpay_sat_vb": 0.973696694191467,
      "within_10pct": 0.0,
      "within_20pct": 0.0,
      "within_50pct": 1.0,
      "asymmetric_loss": 0.6636596765955737,
      "mape": 48.68483470957335
    },
    "3block": {
      "horizon_blocks": 3,
      "model_type": "lightgbm",
      "mse": 1.0,
      "rmse": 1.0,
      "mae": 1.0,
      "r2": 0.0,
      "block_inclusion_accuracy": 0.0,
      "avg_overpay_sat_vb": 0.0,
      "avg_underpay_sat_vb": 1.0,
      "within_10pct": 0.0,
      "within_20pct": 0.0,
      "within_50pct": 0.0,
      "asymmetric_loss": 0.7000000000000001,
      "mape": 50.0
    },
    "6block": {
      "horizon_blocks": 6,
      "model_type": "lightgbm",
      "mse": 1.0,
      "rmse": 1.0,
      "mae": 1.0,
      "r2": 0.0,
      "block_inclusion_accuracy": 0.0,
      "avg_overpay_sat_vb": 0.0,
      "avg_underpay_sat_vb": 1.0,
      "within_10pct": 0.0,
      "within_20pct": 0.0,
      "within_50pct": 0.0,
      "asymmetric_loss": 0.7000000000000001,
      "mape": 50.0
    }
  }
}