{
  "timestamp": "2026-05-08T00:02:48.683722",
  "duration_seconds": 2.143028,
  "xgb_results": {
    "1block": {
      "horizon_blocks": 1,
      "mse": 0.16154573398494895,
      "rmse": 0.4019275232986029,
      "mae": 0.24799925088882446,
      "r2": -0.16312928469163257,
      "block_inclusion_accuracy": 0.8333333333333334,
      "avg_overpay_sat_vb": 0.10604453086853027,
      "median_overpay_sat_vb": 0.034248948097229004,
      "avg_underpay_sat_vb": 0.1419547200202942,
      "overpay_mape": 10.604453086853027,
      "within_10pct": 0.6666666666666666,
      "within_20pct": 0.6666666666666666,
      "within_50pct": 1.0,
      "asymmetric_loss": 0.09682646228198095,
      "mape": 17.702189087867737
    },
    "3block": {
      "horizon_blocks": 3,
      "mse": 0.7137494633459909,
      "rmse": 0.8448369448278117,
      "mae": 0.8134202559789022,
      "r2": 0.0,
      "block_inclusion_accuracy": 0.0,
      "avg_overpay_sat_vb": 0.0,
      "median_overpay_sat_vb": 0.0,
      "avg_underpay_sat_vb": 0.8134202559789022,
      "overpay_mape": 0.0,
      "within_10pct": 0.0,
      "within_20pct": 0.0,
      "within_50pct": 0.5,
      "asymmetric_loss": 0.4996246243421936,
      "mape": 40.671012798945114
    },
    "6block": {
      "horizon_blocks": 6,
      "mse": 0.7137494633459909,
      "rmse": 0.8448369448278117,
      "mae": 0.8134202559789022,
      "r2": 0.0,
      "block_inclusion_accuracy": 0.0,
      "avg_overpay_sat_vb": 0.0,
      "median_overpay_sat_vb": 0.0,
      "avg_underpay_sat_vb": 0.8134202559789022,
      "overpay_mape": 0.0,
      "within_10pct": 0.0,
      "within_20pct": 0.0,
      "within_50pct": 0.5,
      "asymmetric_loss": 0.4996246243421936,
      "mape": 40.671012798945114
    }
  },
  "lgb_results": {
    "1block": {
      "horizon_blocks": 1,
      "model_type": "lightgbm",
      "mse": 0.15410877635282774,
      "rmse": 0.3925669068487915,
      "mae": 0.3603995205986917,
      "r2": -0.10958318974035985,
      "block_inclusion_accuracy": 0.8333333333333334,
      "avg_overpay_sat_vb": 0.24233370907963822,
      "avg_underpay_sat_vb": 0.11806581151905349,
      "within_10pct": 0.0,
      "within_20pct": 0.0,
      "within_50pct": 1.0,
      "asymmetric_loss": 0.07968751894501473,
      "mape": 30.136661483916495
    },
    "3block": {
      "horizon_blocks": 3,
      "model_type": "lightgbm",
      "mse": 0.9918380673985933,
      "rmse": 0.9959106723991832,
      "mae": 0.9959106723991834,
      "r2": 0.0,
      "block_inclusion_accuracy": 0.0,
      "avg_overpay_sat_vb": 0.0,
      "avg_underpay_sat_vb": 0.9959106723991834,
      "within_10pct": 0.0,
      "within_20pct": 0.0,
      "within_50pct": 1.0,
      "asymmetric_loss": 0.6942866471790153,
      "mape": 49.79553361995917
    },
    "6block": {
      "horizon_blocks": 6,
      "model_type": "lightgbm",
      "mse": 1.0,
      "rmse": 1.0,
      "mae": 1.0,
      "r2": 0.0,
      "block_inclusion_accuracy": 0.0,
      "avg_overpay_sat_vb": 0.0,
      "avg_underpay_sat_vb": 1.0,
      "within_10pct": 0.0,
      "within_20pct": 0.0,
      "within_50pct": 0.0,
      "asymmetric_loss": 0.7000000000000001,
      "mape": 50.0
    }
  }
}