{
  "timestamp": "2026-06-18T17:31:19.645442",
  "duration_seconds": 4.348928,
  "xgb_results": {
    "1block": {
      "horizon_blocks": 1,
      "mse": 0.2929261592124419,
      "rmse": 0.5412265322509993,
      "mae": 0.2589212656021118,
      "r2": 0.0,
      "block_inclusion_accuracy": 1.0,
      "avg_overpay_sat_vb": 0.2589212656021118,
      "median_overpay_sat_vb": 0.0,
      "avg_underpay_sat_vb": 0.0,
      "overpay_mape": 25.89212656021118,
      "within_10pct": 0.6666666666666666,
      "within_20pct": 0.6666666666666666,
      "within_50pct": 0.8333333333333334,
      "asymmetric_loss": 0.08787784776373259,
      "mape": 25.89212656021118
    },
    "3block": {
      "horizon_blocks": 3,
      "mse": 13.463458059979766,
      "rmse": 3.669258516373542,
      "mae": 3.2955462535222373,
      "r2": 0.0,
      "block_inclusion_accuracy": 1.0,
      "avg_overpay_sat_vb": 3.2955462535222373,
      "median_overpay_sat_vb": 4.066195487976074,
      "avg_underpay_sat_vb": 0.0,
      "overpay_mape": 329.55462535222375,
      "within_10pct": 0.16666666666666666,
      "within_20pct": 0.16666666666666666,
      "within_50pct": 0.16666666666666666,
      "asymmetric_loss": 4.0390374179939315,
      "mape": 329.55462535222375
    },
    "6block": {
      "horizon_blocks": 6,
      "mse": 13.463458059979766,
      "rmse": 3.669258516373542,
      "mae": 3.2955462535222373,
      "r2": 0.0,
      "block_inclusion_accuracy": 1.0,
      "avg_overpay_sat_vb": 3.2955462535222373,
      "median_overpay_sat_vb": 4.066195487976074,
      "avg_underpay_sat_vb": 0.0,
      "overpay_mape": 329.55462535222375,
      "within_10pct": 0.16666666666666666,
      "within_20pct": 0.16666666666666666,
      "within_50pct": 0.16666666666666666,
      "asymmetric_loss": 4.0390374179939315,
      "mape": 329.55462535222375
    }
  },
  "lgb_results": {
    "1block": {
      "horizon_blocks": 1,
      "model_type": "lightgbm",
      "mse": 0.0,
      "rmse": 0.0,
      "mae": 0.0,
      "r2": 1.0,
      "block_inclusion_accuracy": 1.0,
      "avg_overpay_sat_vb": 0.0,
      "avg_underpay_sat_vb": 0.0,
      "within_10pct": 1.0,
      "within_20pct": 1.0,
      "within_50pct": 1.0,
      "asymmetric_loss": 0.0,
      "mape": 0.0
    },
    "3block": {
      "horizon_blocks": 3,
      "model_type": "lightgbm",
      "mse": 1.672260022680131e-05,
      "rmse": 0.004089327600816705,
      "mae": 0.004089327600816706,
      "r2": 0.0,
      "block_inclusion_accuracy": 1.0,
      "avg_overpay_sat_vb": 0.004089327600816706,
      "avg_underpay_sat_vb": 0.0,
      "within_10pct": 1.0,
      "within_20pct": 1.0,
      "within_50pct": 1.0,
      "asymmetric_loss": 5.016780068040395e-06,
      "mape": 0.40893276008167057
    },
    "6block": {
      "horizon_blocks": 6,
      "model_type": "lightgbm",
      "mse": 0.0,
      "rmse": 0.0,
      "mae": 0.0,
      "r2": 1.0,
      "block_inclusion_accuracy": 1.0,
      "avg_overpay_sat_vb": 0.0,
      "avg_underpay_sat_vb": 0.0,
      "within_10pct": 1.0,
      "within_20pct": 1.0,
      "within_50pct": 1.0,
      "asymmetric_loss": 0.0,
      "mape": 0.0
    }
  }
}