{
  "timestamp": "2026-05-30T18:13:58.584844",
  "duration_seconds": 3.654107,
  "xgb_results": {
    "1block": {
      "horizon_blocks": 1,
      "mse": 2.088290397810814,
      "rmse": 1.4450918302346096,
      "mae": 1.1868538061777751,
      "r2": 0.0,
      "block_inclusion_accuracy": 0.0,
      "avg_overpay_sat_vb": 0.0,
      "median_overpay_sat_vb": 0.0,
      "avg_underpay_sat_vb": 1.1868538061777751,
      "overpay_mape": 0.0,
      "within_10pct": 0.3333333333333333,
      "within_20pct": 0.6666666666666666,
      "within_50pct": 1.0,
      "asymmetric_loss": 1.4618032784675696,
      "mape": 19.780896769629585
    },
    "3block": {
      "horizon_blocks": 3,
      "mse": 22.73358256111958,
      "rmse": 4.767974681258236,
      "mae": 4.729435006777446,
      "r2": 0.0,
      "block_inclusion_accuracy": 0.0,
      "avg_overpay_sat_vb": 0.0,
      "median_overpay_sat_vb": 0.0,
      "avg_underpay_sat_vb": 4.729435006777446,
      "overpay_mape": 0.0,
      "within_10pct": 0.0,
      "within_20pct": 0.0,
      "within_50pct": 0.0,
      "asymmetric_loss": 15.913507792783706,
      "mape": 78.8239167796241
    },
    "6block": {
      "horizon_blocks": 6,
      "mse": 22.73358256111958,
      "rmse": 4.767974681258236,
      "mae": 4.729435006777446,
      "r2": 0.0,
      "block_inclusion_accuracy": 0.0,
      "avg_overpay_sat_vb": 0.0,
      "median_overpay_sat_vb": 0.0,
      "avg_underpay_sat_vb": 4.729435006777446,
      "overpay_mape": 0.0,
      "within_10pct": 0.0,
      "within_20pct": 0.0,
      "within_50pct": 0.0,
      "asymmetric_loss": 15.913507792783706,
      "mape": 78.8239167796241
    }
  },
  "lgb_results": {
    "1block": {
      "horizon_blocks": 1,
      "model_type": "lightgbm",
      "mse": 22.010280038633965,
      "rmse": 4.691511487637429,
      "mae": 4.691511427734074,
      "r2": 0.0,
      "block_inclusion_accuracy": 0.0,
      "avg_overpay_sat_vb": 0.0,
      "avg_underpay_sat_vb": 4.691511427734074,
      "within_10pct": 0.0,
      "within_20pct": 0.0,
      "within_50pct": 0.0,
      "asymmetric_loss": 15.407196027043776,
      "mape": 78.19185712890123
    },
    "3block": {
      "horizon_blocks": 3,
      "model_type": "lightgbm",
      "mse": 24.959123446592063,
      "rmse": 4.995910672399184,
      "mae": 4.995910672399184,
      "r2": 0.0,
      "block_inclusion_accuracy": 0.0,
      "avg_overpay_sat_vb": 0.0,
      "avg_underpay_sat_vb": 4.995910672399184,
      "within_10pct": 0.0,
      "within_20pct": 0.0,
      "within_50pct": 0.0,
      "asymmetric_loss": 17.47138641261444,
      "mape": 83.26517787331973
    },
    "6block": {
      "horizon_blocks": 6,
      "model_type": "lightgbm",
      "mse": 24.92017546835079,
      "rmse": 4.992011164686112,
      "mae": 4.991978944435659,
      "r2": 0.0,
      "block_inclusion_accuracy": 0.0,
      "avg_overpay_sat_vb": 0.0,
      "avg_underpay_sat_vb": 4.991978944435659,
      "within_10pct": 0.0,
      "within_20pct": 0.0,
      "within_50pct": 0.0,
      "asymmetric_loss": 17.444122827845554,
      "mape": 83.19964907392765
    }
  }
}