{
  "timestamp": "2026-05-25T14:54:30.683833",
  "duration_seconds": 3.27661,
  "xgb_results": {
    "1block": {
      "horizon_blocks": 1,
      "mse": 1.043370268668923,
      "rmse": 1.0214549763298053,
      "mae": 1.017002820968628,
      "r2": 0.0,
      "block_inclusion_accuracy": 1.0,
      "avg_overpay_sat_vb": 1.017002820968628,
      "median_overpay_sat_vb": 1.0081173181533813,
      "avg_underpay_sat_vb": 0.0,
      "overpay_mape": 50.8501410484314,
      "within_10pct": 0.0,
      "within_20pct": 0.0,
      "within_50pct": 0.5,
      "asymmetric_loss": 0.3130110806006769,
      "mape": 50.8501410484314
    },
    "3block": {
      "horizon_blocks": 3,
      "mse": 1.4789334886852525,
      "rmse": 1.2161140936134456,
      "mae": 0.9673744440078735,
      "r2": 0.0,
      "block_inclusion_accuracy": 1.0,
      "avg_overpay_sat_vb": 0.9673744440078735,
      "median_overpay_sat_vb": 0.6670767068862915,
      "avg_underpay_sat_vb": 0.0,
      "overpay_mape": 48.36872220039368,
      "within_10pct": 0.0,
      "within_20pct": 0.3333333333333333,
      "within_50pct": 0.6666666666666666,
      "asymmetric_loss": 0.44368004660557575,
      "mape": 48.36872220039368
    },
    "6block": {
      "horizon_blocks": 6,
      "mse": 1.4789334886852525,
      "rmse": 1.2161140936134456,
      "mae": 0.9673744440078735,
      "r2": 0.0,
      "block_inclusion_accuracy": 1.0,
      "avg_overpay_sat_vb": 0.9673744440078735,
      "median_overpay_sat_vb": 0.6670767068862915,
      "avg_underpay_sat_vb": 0.0,
      "overpay_mape": 48.36872220039368,
      "within_10pct": 0.0,
      "within_20pct": 0.3333333333333333,
      "within_50pct": 0.6666666666666666,
      "asymmetric_loss": 0.44368004660557575,
      "mape": 48.36872220039368
    }
  },
  "lgb_results": {
    "1block": {
      "horizon_blocks": 1,
      "model_type": "lightgbm",
      "mse": 0.7603881325571217,
      "rmse": 0.8720023695822859,
      "mae": 0.8720023695822859,
      "r2": 0.0,
      "block_inclusion_accuracy": 0.0,
      "avg_overpay_sat_vb": 0.0,
      "avg_underpay_sat_vb": 0.8720023695822859,
      "within_10pct": 0.0,
      "within_20pct": 0.0,
      "within_50pct": 1.0,
      "asymmetric_loss": 0.5322716927899852,
      "mape": 43.6001184791143
    },
    "3block": {
      "horizon_blocks": 3,
      "model_type": "lightgbm",
      "mse": 1.0,
      "rmse": 1.0,
      "mae": 1.0,
      "r2": 0.0,
      "block_inclusion_accuracy": 0.0,
      "avg_overpay_sat_vb": 0.0,
      "avg_underpay_sat_vb": 1.0,
      "within_10pct": 0.0,
      "within_20pct": 0.0,
      "within_50pct": 0.0,
      "asymmetric_loss": 0.7000000000000001,
      "mape": 50.0
    },
    "6block": {
      "horizon_blocks": 6,
      "model_type": "lightgbm",
      "mse": 1.0,
      "rmse": 1.0,
      "mae": 1.0,
      "r2": 0.0,
      "block_inclusion_accuracy": 0.0,
      "avg_overpay_sat_vb": 0.0,
      "avg_underpay_sat_vb": 1.0,
      "within_10pct": 0.0,
      "within_20pct": 0.0,
      "within_50pct": 0.0,
      "asymmetric_loss": 0.7000000000000001,
      "mape": 50.0
    }
  }
}