{
  "timestamp": "2026-04-23T05:36:46.051281",
  "duration_seconds": 0.886135,
  "xgb_results": {
    "1block": {
      "horizon_blocks": 1,
      "mse": 0.013033336622963057,
      "rmse": 0.11416363967114511,
      "mae": 0.10149502754211426,
      "r2": 0.0,
      "block_inclusion_accuracy": 1.0,
      "avg_overpay_sat_vb": 0.10149502754211426,
      "median_overpay_sat_vb": 0.09646713733673096,
      "avg_underpay_sat_vb": 0.0,
      "overpay_mape": 10.149502754211426,
      "within_10pct": 0.5,
      "within_20pct": 1.0,
      "within_50pct": 1.0,
      "asymmetric_loss": 0.003910000986888918,
      "mape": 10.149502754211426
    },
    "3block": {
      "horizon_blocks": 3,
      "mse": 0.054505319113137794,
      "rmse": 0.23346374260929212,
      "mae": 0.18888445695241293,
      "r2": 0.0,
      "block_inclusion_accuracy": 1.0,
      "avg_overpay_sat_vb": 0.18888445695241293,
      "median_overpay_sat_vb": 0.24725550413131714,
      "avg_underpay_sat_vb": 0.0,
      "overpay_mape": 18.888445695241295,
      "within_10pct": 0.3333333333333333,
      "within_20pct": 0.3333333333333333,
      "within_50pct": 1.0,
      "asymmetric_loss": 0.01635159573394134,
      "mape": 18.888445695241295
    },
    "6block": {
      "horizon_blocks": 6,
      "mse": 0.054505319113137794,
      "rmse": 0.23346374260929212,
      "mae": 0.18888445695241293,
      "r2": 0.0,
      "block_inclusion_accuracy": 1.0,
      "avg_overpay_sat_vb": 0.18888445695241293,
      "median_overpay_sat_vb": 0.24725550413131714,
      "avg_underpay_sat_vb": 0.0,
      "overpay_mape": 18.888445695241295,
      "within_10pct": 0.3333333333333333,
      "within_20pct": 0.3333333333333333,
      "within_50pct": 1.0,
      "asymmetric_loss": 0.01635159573394134,
      "mape": 18.888445695241295
    }
  },
  "lgb_results": {
    "1block": {
      "horizon_blocks": 1,
      "model_type": "lightgbm",
      "mse": 0.09463838137001347,
      "rmse": 0.307633517956047,
      "mae": 0.307633517956047,
      "r2": 0.0,
      "block_inclusion_accuracy": 1.0,
      "avg_overpay_sat_vb": 0.307633517956047,
      "avg_underpay_sat_vb": 0.0,
      "within_10pct": 0.0,
      "within_20pct": 0.0,
      "within_50pct": 1.0,
      "asymmetric_loss": 0.028391514411004046,
      "mape": 30.7633517956047
    },
    "3block": {
      "horizon_blocks": 3,
      "model_type": "lightgbm",
      "mse": 1.672260022680131e-05,
      "rmse": 0.004089327600816705,
      "mae": 0.004089327600816706,
      "r2": 0.0,
      "block_inclusion_accuracy": 1.0,
      "avg_overpay_sat_vb": 0.004089327600816706,
      "avg_underpay_sat_vb": 0.0,
      "within_10pct": 1.0,
      "within_20pct": 1.0,
      "within_50pct": 1.0,
      "asymmetric_loss": 5.016780068040395e-06,
      "mape": 0.40893276008167057
    },
    "6block": {
      "horizon_blocks": 6,
      "model_type": "lightgbm",
      "mse": 0.0,
      "rmse": 0.0,
      "mae": 0.0,
      "r2": 1.0,
      "block_inclusion_accuracy": 1.0,
      "avg_overpay_sat_vb": 0.0,
      "avg_underpay_sat_vb": 0.0,
      "within_10pct": 1.0,
      "within_20pct": 1.0,
      "within_50pct": 1.0,
      "asymmetric_loss": 0.0,
      "mape": 0.0
    }
  }
}