{
  "timestamp": "2026-05-17T02:46:05.450775",
  "duration_seconds": 3.377835,
  "xgb_results": {
    "1block": {
      "horizon_blocks": 1,
      "mse": 0.6723083805759439,
      "rmse": 0.8199441325943762,
      "mae": 0.7247867385546366,
      "r2": -2.025387712591747,
      "block_inclusion_accuracy": 0.3333333333333333,
      "avg_overpay_sat_vb": 0.06410670280456543,
      "median_overpay_sat_vb": 0.0,
      "avg_underpay_sat_vb": 0.6606800357500712,
      "overpay_mape": 6.410670280456543,
      "within_10pct": 0.16666666666666666,
      "within_20pct": 0.16666666666666666,
      "within_50pct": 0.5,
      "asymmetric_loss": 0.4636558915055291,
      "mape": 39.4446720679601
    },
    "3block": {
      "horizon_blocks": 3,
      "mse": 1.3604444057275202,
      "rmse": 1.1663809007899264,
      "mae": 0.8495288292566935,
      "r2": 0.0,
      "block_inclusion_accuracy": 1.0,
      "avg_overpay_sat_vb": 0.8495288292566935,
      "median_overpay_sat_vb": 0.7011740207672119,
      "avg_underpay_sat_vb": 0.0,
      "overpay_mape": 84.95288292566934,
      "within_10pct": 0.3333333333333333,
      "within_20pct": 0.3333333333333333,
      "within_50pct": 0.3333333333333333,
      "asymmetric_loss": 0.4081333217182561,
      "mape": 84.95288292566934
    },
    "6block": {
      "horizon_blocks": 6,
      "mse": 1.3604444057275202,
      "rmse": 1.1663809007899264,
      "mae": 0.8495288292566935,
      "r2": 0.0,
      "block_inclusion_accuracy": 1.0,
      "avg_overpay_sat_vb": 0.8495288292566935,
      "median_overpay_sat_vb": 0.7011740207672119,
      "avg_underpay_sat_vb": 0.0,
      "overpay_mape": 84.95288292566934,
      "within_10pct": 0.3333333333333333,
      "within_20pct": 0.3333333333333333,
      "within_50pct": 0.3333333333333333,
      "asymmetric_loss": 0.4081333217182561,
      "mape": 84.95288292566934
    }
  },
  "lgb_results": {
    "1block": {
      "horizon_blocks": 1,
      "model_type": "lightgbm",
      "mse": 0.5886395558802849,
      "rmse": 0.7672284900082146,
      "mae": 0.6463808848089635,
      "r2": -1.648878001461282,
      "block_inclusion_accuracy": 0.3333333333333333,
      "avg_overpay_sat_vb": 0.020621065186917014,
      "avg_underpay_sat_vb": 0.6257598196220465,
      "within_10pct": 0.3333333333333333,
      "within_20pct": 0.3333333333333333,
      "within_50pct": 1.0,
      "asymmetric_loss": 0.41153728022297464,
      "mape": 33.350097499794025
    },
    "3block": {
      "horizon_blocks": 3,
      "model_type": "lightgbm",
      "mse": 1.672260022680131e-05,
      "rmse": 0.004089327600816705,
      "mae": 0.004089327600816706,
      "r2": 0.0,
      "block_inclusion_accuracy": 1.0,
      "avg_overpay_sat_vb": 0.004089327600816706,
      "avg_underpay_sat_vb": 0.0,
      "within_10pct": 1.0,
      "within_20pct": 1.0,
      "within_50pct": 1.0,
      "asymmetric_loss": 5.016780068040395e-06,
      "mape": 0.40893276008167057
    },
    "6block": {
      "horizon_blocks": 6,
      "model_type": "lightgbm",
      "mse": 0.0,
      "rmse": 0.0,
      "mae": 0.0,
      "r2": 1.0,
      "block_inclusion_accuracy": 1.0,
      "avg_overpay_sat_vb": 0.0,
      "avg_underpay_sat_vb": 0.0,
      "within_10pct": 1.0,
      "within_20pct": 1.0,
      "within_50pct": 1.0,
      "asymmetric_loss": 0.0,
      "mape": 0.0
    }
  }
}