{
  "timestamp": "2026-06-21T17:36:56.729800",
  "duration_seconds": 4.317397,
  "xgb_results": {
    "1block": {
      "horizon_blocks": 1,
      "mse": 14.107393206209204,
      "rmse": 3.755980991193806,
      "mae": 3.3194740613301597,
      "r2": 0.0,
      "block_inclusion_accuracy": 1.0,
      "avg_overpay_sat_vb": 3.3194740613301597,
      "median_overpay_sat_vb": 3.765023708343506,
      "avg_underpay_sat_vb": 0.0,
      "overpay_mape": 66.38948122660318,
      "within_10pct": 0.0,
      "within_20pct": 0.16666666666666666,
      "within_50pct": 0.3333333333333333,
      "asymmetric_loss": 4.232217961862762,
      "mape": 66.38948122660318
    },
    "3block": {
      "horizon_blocks": 3,
      "mse": 6.256564983566183,
      "rmse": 2.5013126521021283,
      "mae": 2.0209635496139526,
      "r2": 0.0,
      "block_inclusion_accuracy": 0.3333333333333333,
      "avg_overpay_sat_vb": 0.2711474100748698,
      "median_overpay_sat_vb": 0.0,
      "avg_underpay_sat_vb": 1.7498161395390828,
      "overpay_mape": 5.422948201497396,
      "within_10pct": 0.0,
      "within_20pct": 0.5,
      "within_50pct": 0.6666666666666666,
      "asymmetric_loss": 4.290588414131304,
      "mape": 40.41927099227906
    },
    "6block": {
      "horizon_blocks": 6,
      "mse": 6.256564983566183,
      "rmse": 2.5013126521021283,
      "mae": 2.0209635496139526,
      "r2": 0.0,
      "block_inclusion_accuracy": 0.3333333333333333,
      "avg_overpay_sat_vb": 0.2711474100748698,
      "median_overpay_sat_vb": 0.0,
      "avg_underpay_sat_vb": 1.7498161395390828,
      "overpay_mape": 5.422948201497396,
      "within_10pct": 0.0,
      "within_20pct": 0.5,
      "within_50pct": 0.6666666666666666,
      "asymmetric_loss": 4.290588414131304,
      "mape": 40.41927099227906
    }
  },
  "lgb_results": {
    "1block": {
      "horizon_blocks": 1,
      "model_type": "lightgbm",
      "mse": 16.0,
      "rmse": 4.0,
      "mae": 4.0,
      "r2": 0.0,
      "block_inclusion_accuracy": 0.0,
      "avg_overpay_sat_vb": 0.0,
      "avg_underpay_sat_vb": 4.0,
      "within_10pct": 0.0,
      "within_20pct": 0.0,
      "within_50pct": 0.0,
      "asymmetric_loss": 11.200000000000001,
      "mape": 80.0
    },
    "3block": {
      "horizon_blocks": 3,
      "model_type": "lightgbm",
      "mse": 15.967302101793694,
      "rmse": 3.9959106723991833,
      "mae": 3.9959106723991833,
      "r2": 0.0,
      "block_inclusion_accuracy": 0.0,
      "avg_overpay_sat_vb": 0.0,
      "avg_underpay_sat_vb": 3.9959106723991833,
      "within_10pct": 0.0,
      "within_20pct": 0.0,
      "within_50pct": 0.0,
      "asymmetric_loss": 11.177111471255586,
      "mape": 79.91821344798366
    },
    "6block": {
      "horizon_blocks": 6,
      "model_type": "lightgbm",
      "mse": 16.0,
      "rmse": 4.0,
      "mae": 4.0,
      "r2": 0.0,
      "block_inclusion_accuracy": 0.0,
      "avg_overpay_sat_vb": 0.0,
      "avg_underpay_sat_vb": 4.0,
      "within_10pct": 0.0,
      "within_20pct": 0.0,
      "within_50pct": 0.0,
      "asymmetric_loss": 11.200000000000001,
      "mape": 80.0
    }
  }
}