{
  "timestamp": "2026-06-24T20:59:56.042024",
  "duration_seconds": 4.621332,
  "xgb_results": {
    "1block": {
      "horizon_blocks": 1,
      "mse": 1.8665717920545906,
      "rmse": 1.366225381133944,
      "mae": 0.6870400905609131,
      "r2": 0.0,
      "block_inclusion_accuracy": 1.0,
      "avg_overpay_sat_vb": 0.6870400905609131,
      "median_overpay_sat_vb": 0.0,
      "avg_underpay_sat_vb": 0.0,
      "overpay_mape": 68.70400905609131,
      "within_10pct": 0.6666666666666666,
      "within_20pct": 0.6666666666666666,
      "within_50pct": 0.6666666666666666,
      "asymmetric_loss": 0.5599715376163773,
      "mape": 68.70400905609131
    },
    "3block": {
      "horizon_blocks": 3,
      "mse": 1.248117784666808,
      "rmse": 1.1171919193526276,
      "mae": 0.8846833308537801,
      "r2": -7.986448049601018,
      "block_inclusion_accuracy": 0.3333333333333333,
      "avg_overpay_sat_vb": 0.35155169169108075,
      "median_overpay_sat_vb": 0.0,
      "avg_underpay_sat_vb": 0.5331316391626993,
      "overpay_mape": 17.57758458455404,
      "within_10pct": 0.3333333333333333,
      "within_20pct": 0.3333333333333333,
      "within_50pct": 0.3333333333333333,
      "asymmetric_loss": 0.5770698286327001,
      "mape": 44.23416654268901
    },
    "6block": {
      "horizon_blocks": 6,
      "mse": 1.248117784666808,
      "rmse": 1.1171919193526276,
      "mae": 0.8846833308537801,
      "r2": -7.986448049601018,
      "block_inclusion_accuracy": 0.3333333333333333,
      "avg_overpay_sat_vb": 0.35155169169108075,
      "median_overpay_sat_vb": 0.0,
      "avg_underpay_sat_vb": 0.5331316391626993,
      "overpay_mape": 17.57758458455404,
      "within_10pct": 0.3333333333333333,
      "within_20pct": 0.3333333333333333,
      "within_50pct": 0.3333333333333333,
      "asymmetric_loss": 0.5770698286327001,
      "mape": 44.23416654268901
    }
  },
  "lgb_results": {
    "1block": {
      "horizon_blocks": 1,
      "model_type": "lightgbm",
      "mse": 0.0,
      "rmse": 0.0,
      "mae": 0.0,
      "r2": 1.0,
      "block_inclusion_accuracy": 1.0,
      "avg_overpay_sat_vb": 0.0,
      "avg_underpay_sat_vb": 0.0,
      "within_10pct": 1.0,
      "within_20pct": 1.0,
      "within_50pct": 1.0,
      "asymmetric_loss": 0.0,
      "mape": 0.0
    },
    "3block": {
      "horizon_blocks": 3,
      "model_type": "lightgbm",
      "mse": 0.8333333333333334,
      "rmse": 0.9128709291752769,
      "mae": 0.8333333333333334,
      "r2": -5.000000000000001,
      "block_inclusion_accuracy": 0.16666666666666666,
      "avg_overpay_sat_vb": 0.0,
      "avg_underpay_sat_vb": 0.8333333333333334,
      "within_10pct": 0.16666666666666666,
      "within_20pct": 0.16666666666666666,
      "within_50pct": 0.16666666666666666,
      "asymmetric_loss": 0.5833333333333334,
      "mape": 41.66666666666667
    },
    "6block": {
      "horizon_blocks": 6,
      "model_type": "lightgbm",
      "mse": 0.8333333333333334,
      "rmse": 0.9128709291752769,
      "mae": 0.8333333333333334,
      "r2": -5.000000000000001,
      "block_inclusion_accuracy": 0.16666666666666666,
      "avg_overpay_sat_vb": 0.0,
      "avg_underpay_sat_vb": 0.8333333333333334,
      "within_10pct": 0.16666666666666666,
      "within_20pct": 0.16666666666666666,
      "within_50pct": 0.16666666666666666,
      "asymmetric_loss": 0.5833333333333334,
      "mape": 41.66666666666667
    }
  }
}