{
  "timestamp": "2026-06-03T00:39:37.167373",
  "duration_seconds": 3.976219,
  "xgb_results": {
    "1block": {
      "horizon_blocks": 1,
      "mse": 0.7991696653005912,
      "rmse": 0.8939628992864251,
      "mae": 0.7496317227681478,
      "r2": 0.0,
      "block_inclusion_accuracy": 0.5,
      "avg_overpay_sat_vb": 0.5845412413279215,
      "median_overpay_sat_vb": 0.41220927238464355,
      "avg_underpay_sat_vb": 0.16509048144022623,
      "overpay_mape": 19.484708044264053,
      "within_10pct": 0.3333333333333333,
      "within_20pct": 0.3333333333333333,
      "within_50pct": 1.0,
      "asymmetric_loss": 0.27356292511396046,
      "mape": 24.987724092271595
    },
    "3block": {
      "horizon_blocks": 3,
      "mse": 2.0962614903558574,
      "rmse": 1.4478471916455333,
      "mae": 1.2119253476460774,
      "r2": 0.0,
      "block_inclusion_accuracy": 0.3333333333333333,
      "avg_overpay_sat_vb": 0.15804330507914224,
      "median_overpay_sat_vb": 0.0,
      "avg_underpay_sat_vb": 1.0538820425669353,
      "overpay_mape": 5.268110169304741,
      "within_10pct": 0.0,
      "within_20pct": 0.5,
      "within_50pct": 0.5,
      "asymmetric_loss": 1.435846305933601,
      "mape": 40.397511588202576
    },
    "6block": {
      "horizon_blocks": 6,
      "mse": 2.0962614903558574,
      "rmse": 1.4478471916455333,
      "mae": 1.2119253476460774,
      "r2": 0.0,
      "block_inclusion_accuracy": 0.3333333333333333,
      "avg_overpay_sat_vb": 0.15804330507914224,
      "median_overpay_sat_vb": 0.0,
      "avg_underpay_sat_vb": 1.0538820425669353,
      "overpay_mape": 5.268110169304741,
      "within_10pct": 0.0,
      "within_20pct": 0.5,
      "within_50pct": 0.5,
      "asymmetric_loss": 1.435846305933601,
      "mape": 40.397511588202576
    }
  },
  "lgb_results": {
    "1block": {
      "horizon_blocks": 1,
      "model_type": "lightgbm",
      "mse": 4.0,
      "rmse": 2.0,
      "mae": 2.0,
      "r2": 0.0,
      "block_inclusion_accuracy": 0.0,
      "avg_overpay_sat_vb": 0.0,
      "avg_underpay_sat_vb": 2.0,
      "within_10pct": 0.0,
      "within_20pct": 0.0,
      "within_50pct": 0.0,
      "asymmetric_loss": 2.8000000000000003,
      "mape": 66.66666666666666
    },
    "3block": {
      "horizon_blocks": 3,
      "model_type": "lightgbm",
      "mse": 4.0,
      "rmse": 2.0,
      "mae": 2.0,
      "r2": 0.0,
      "block_inclusion_accuracy": 0.0,
      "avg_overpay_sat_vb": 0.0,
      "avg_underpay_sat_vb": 2.0,
      "within_10pct": 0.0,
      "within_20pct": 0.0,
      "within_50pct": 0.0,
      "asymmetric_loss": 2.8000000000000003,
      "mape": 66.66666666666666
    },
    "6block": {
      "horizon_blocks": 6,
      "model_type": "lightgbm",
      "mse": 4.0,
      "rmse": 2.0,
      "mae": 2.0,
      "r2": 0.0,
      "block_inclusion_accuracy": 0.0,
      "avg_overpay_sat_vb": 0.0,
      "avg_underpay_sat_vb": 2.0,
      "within_10pct": 0.0,
      "within_20pct": 0.0,
      "within_50pct": 0.0,
      "asymmetric_loss": 2.8000000000000003,
      "mape": 66.66666666666666
    }
  }
}