{
  "timestamp": "2026-05-13T19:58:11.952697",
  "duration_seconds": 2.194251,
  "xgb_results": {
    "1block": {
      "horizon_blocks": 1,
      "mse": 0.6781312520574924,
      "rmse": 0.8234872506951716,
      "mae": 0.804180383682251,
      "r2": 0.0,
      "block_inclusion_accuracy": 0.0,
      "avg_overpay_sat_vb": 0.0,
      "median_overpay_sat_vb": 0.0,
      "avg_underpay_sat_vb": 0.804180383682251,
      "overpay_mape": 0.0,
      "within_10pct": 0.0,
      "within_20pct": 0.0,
      "within_50pct": 0.6666666666666666,
      "asymmetric_loss": 0.47469187644024463,
      "mape": 40.20901918411255
    },
    "3block": {
      "horizon_blocks": 3,
      "mse": 1.4443343967256606,
      "rmse": 1.2018046416642185,
      "mae": 0.9191643794377645,
      "r2": 0.0,
      "block_inclusion_accuracy": 1.0,
      "avg_overpay_sat_vb": 0.9191643794377645,
      "median_overpay_sat_vb": 0.9866054058074951,
      "avg_underpay_sat_vb": 0.0,
      "overpay_mape": 91.91643794377646,
      "within_10pct": 0.3333333333333333,
      "within_20pct": 0.3333333333333333,
      "within_50pct": 0.3333333333333333,
      "asymmetric_loss": 0.4333003190176983,
      "mape": 91.91643794377646
    },
    "6block": {
      "horizon_blocks": 6,
      "mse": 1.4443343967256606,
      "rmse": 1.2018046416642185,
      "mae": 0.9191643794377645,
      "r2": 0.0,
      "block_inclusion_accuracy": 1.0,
      "avg_overpay_sat_vb": 0.9191643794377645,
      "median_overpay_sat_vb": 0.9866054058074951,
      "avg_underpay_sat_vb": 0.0,
      "overpay_mape": 91.91643794377646,
      "within_10pct": 0.3333333333333333,
      "within_20pct": 0.3333333333333333,
      "within_50pct": 0.3333333333333333,
      "asymmetric_loss": 0.4333003190176983,
      "mape": 91.91643794377646
    }
  },
  "lgb_results": {
    "1block": {
      "horizon_blocks": 1,
      "model_type": "lightgbm",
      "mse": 1.0,
      "rmse": 1.0,
      "mae": 1.0,
      "r2": 0.0,
      "block_inclusion_accuracy": 0.0,
      "avg_overpay_sat_vb": 0.0,
      "avg_underpay_sat_vb": 1.0,
      "within_10pct": 0.0,
      "within_20pct": 0.0,
      "within_50pct": 0.0,
      "asymmetric_loss": 0.7000000000000001,
      "mape": 50.0
    },
    "3block": {
      "horizon_blocks": 3,
      "model_type": "lightgbm",
      "mse": 0.0,
      "rmse": 0.0,
      "mae": 0.0,
      "r2": 1.0,
      "block_inclusion_accuracy": 1.0,
      "avg_overpay_sat_vb": 0.0,
      "avg_underpay_sat_vb": 0.0,
      "within_10pct": 1.0,
      "within_20pct": 1.0,
      "within_50pct": 1.0,
      "asymmetric_loss": 0.0,
      "mape": 0.0
    },
    "6block": {
      "horizon_blocks": 6,
      "model_type": "lightgbm",
      "mse": 0.0,
      "rmse": 0.0,
      "mae": 0.0,
      "r2": 1.0,
      "block_inclusion_accuracy": 1.0,
      "avg_overpay_sat_vb": 0.0,
      "avg_underpay_sat_vb": 0.0,
      "within_10pct": 1.0,
      "within_20pct": 1.0,
      "within_50pct": 1.0,
      "asymmetric_loss": 0.0,
      "mape": 0.0
    }
  }
}