{
  "timestamp": "2026-05-12T17:18:16.116955",
  "duration_seconds": 2.257998,
  "xgb_results": {
    "1block": {
      "horizon_blocks": 1,
      "mse": 0.03427298056538319,
      "rmse": 0.1851296317864409,
      "mae": 0.11527087291081746,
      "r2": 0.0,
      "block_inclusion_accuracy": 1.0,
      "avg_overpay_sat_vb": 0.11527087291081746,
      "median_overpay_sat_vb": 0.033970773220062256,
      "avg_underpay_sat_vb": 0.0,
      "overpay_mape": 11.527087291081745,
      "within_10pct": 0.6666666666666666,
      "within_20pct": 0.6666666666666666,
      "within_50pct": 1.0,
      "asymmetric_loss": 0.010281894169614959,
      "mape": 11.527087291081745
    },
    "3block": {
      "horizon_blocks": 3,
      "mse": 2.9938882188444325,
      "rmse": 1.7302855888102497,
      "mae": 1.6199414332707722,
      "r2": 0.0,
      "block_inclusion_accuracy": 1.0,
      "avg_overpay_sat_vb": 1.6199414332707722,
      "median_overpay_sat_vb": 1.9055769443511963,
      "avg_underpay_sat_vb": 0.0,
      "overpay_mape": 161.9941433270772,
      "within_10pct": 0.0,
      "within_20pct": 0.0,
      "within_50pct": 0.16666666666666666,
      "asymmetric_loss": 0.8981664656533299,
      "mape": 161.9941433270772
    },
    "6block": {
      "horizon_blocks": 6,
      "mse": 2.9938882188444325,
      "rmse": 1.7302855888102497,
      "mae": 1.6199414332707722,
      "r2": 0.0,
      "block_inclusion_accuracy": 1.0,
      "avg_overpay_sat_vb": 1.6199414332707722,
      "median_overpay_sat_vb": 1.9055769443511963,
      "avg_underpay_sat_vb": 0.0,
      "overpay_mape": 161.9941433270772,
      "within_10pct": 0.0,
      "within_20pct": 0.0,
      "within_50pct": 0.16666666666666666,
      "asymmetric_loss": 0.8981664656533299,
      "mape": 161.9941433270772
    }
  },
  "lgb_results": {
    "1block": {
      "horizon_blocks": 1,
      "model_type": "lightgbm",
      "mse": 0.0,
      "rmse": 0.0,
      "mae": 0.0,
      "r2": 1.0,
      "block_inclusion_accuracy": 1.0,
      "avg_overpay_sat_vb": 0.0,
      "avg_underpay_sat_vb": 0.0,
      "within_10pct": 1.0,
      "within_20pct": 1.0,
      "within_50pct": 1.0,
      "asymmetric_loss": 0.0,
      "mape": 0.0
    },
    "3block": {
      "horizon_blocks": 3,
      "model_type": "lightgbm",
      "mse": 0.0,
      "rmse": 0.0,
      "mae": 0.0,
      "r2": 1.0,
      "block_inclusion_accuracy": 1.0,
      "avg_overpay_sat_vb": 0.0,
      "avg_underpay_sat_vb": 0.0,
      "within_10pct": 1.0,
      "within_20pct": 1.0,
      "within_50pct": 1.0,
      "asymmetric_loss": 0.0,
      "mape": 0.0
    },
    "6block": {
      "horizon_blocks": 6,
      "model_type": "lightgbm",
      "mse": 0.0,
      "rmse": 0.0,
      "mae": 0.0,
      "r2": 1.0,
      "block_inclusion_accuracy": 1.0,
      "avg_overpay_sat_vb": 0.0,
      "avg_underpay_sat_vb": 0.0,
      "within_10pct": 1.0,
      "within_20pct": 1.0,
      "within_50pct": 1.0,
      "asymmetric_loss": 0.0,
      "mape": 0.0
    }
  }
}