{
  "timestamp": "2026-05-16T06:01:27.135607",
  "duration_seconds": 2.706376,
  "xgb_results": {
    "1block": {
      "horizon_blocks": 1,
      "mse": 0.31861784983746827,
      "rmse": 0.5644624432479705,
      "mae": 0.5370656450589498,
      "r2": 0.0,
      "block_inclusion_accuracy": 0.0,
      "avg_overpay_sat_vb": 0.0,
      "median_overpay_sat_vb": 0.0,
      "avg_underpay_sat_vb": 0.5370656450589498,
      "overpay_mape": 0.0,
      "within_10pct": 0.0,
      "within_20pct": 0.3333333333333333,
      "within_50pct": 1.0,
      "asymmetric_loss": 0.22303249488622778,
      "mape": 26.85328225294749
    },
    "3block": {
      "horizon_blocks": 3,
      "mse": 35.897041812744305,
      "rmse": 5.991414007790173,
      "mae": 5.940562963485718,
      "r2": 0.0,
      "block_inclusion_accuracy": 1.0,
      "avg_overpay_sat_vb": 5.940562963485718,
      "median_overpay_sat_vb": 6.0314671993255615,
      "avg_underpay_sat_vb": 0.0,
      "overpay_mape": 297.0281481742859,
      "within_10pct": 0.0,
      "within_20pct": 0.0,
      "within_50pct": 0.0,
      "asymmetric_loss": 10.769112543823292,
      "mape": 297.0281481742859
    },
    "6block": {
      "horizon_blocks": 6,
      "mse": 35.897041812744305,
      "rmse": 5.991414007790173,
      "mae": 5.940562963485718,
      "r2": 0.0,
      "block_inclusion_accuracy": 1.0,
      "avg_overpay_sat_vb": 5.940562963485718,
      "median_overpay_sat_vb": 6.0314671993255615,
      "avg_underpay_sat_vb": 0.0,
      "overpay_mape": 297.0281481742859,
      "within_10pct": 0.0,
      "within_20pct": 0.0,
      "within_50pct": 0.0,
      "asymmetric_loss": 10.769112543823292,
      "mape": 297.0281481742859
    }
  },
  "lgb_results": {
    "1block": {
      "horizon_blocks": 1,
      "model_type": "lightgbm",
      "mse": 1.0,
      "rmse": 1.0,
      "mae": 1.0,
      "r2": 0.0,
      "block_inclusion_accuracy": 0.0,
      "avg_overpay_sat_vb": 0.0,
      "avg_underpay_sat_vb": 1.0,
      "within_10pct": 0.0,
      "within_20pct": 0.0,
      "within_50pct": 0.0,
      "asymmetric_loss": 0.7000000000000001,
      "mape": 50.0
    },
    "3block": {
      "horizon_blocks": 3,
      "model_type": "lightgbm",
      "mse": 0.9918380673985933,
      "rmse": 0.9959106723991832,
      "mae": 0.9959106723991834,
      "r2": 0.0,
      "block_inclusion_accuracy": 0.0,
      "avg_overpay_sat_vb": 0.0,
      "avg_underpay_sat_vb": 0.9959106723991834,
      "within_10pct": 0.0,
      "within_20pct": 0.0,
      "within_50pct": 1.0,
      "asymmetric_loss": 0.6942866471790153,
      "mape": 49.79553361995917
    },
    "6block": {
      "horizon_blocks": 6,
      "model_type": "lightgbm",
      "mse": 1.0,
      "rmse": 1.0,
      "mae": 1.0,
      "r2": 0.0,
      "block_inclusion_accuracy": 0.0,
      "avg_overpay_sat_vb": 0.0,
      "avg_underpay_sat_vb": 1.0,
      "within_10pct": 0.0,
      "within_20pct": 0.0,
      "within_50pct": 0.0,
      "asymmetric_loss": 0.7000000000000001,
      "mape": 50.0
    }
  }
}