{
  "timestamp": "2026-06-23T06:56:37.958082",
  "duration_seconds": 4.501152,
  "xgb_results": {
    "1block": {
      "horizon_blocks": 1,
      "mse": 0.00035215875869691143,
      "rmse": 0.018765893495832044,
      "mae": 0.007661143938700358,
      "r2": 0.0,
      "block_inclusion_accuracy": 1.0,
      "avg_overpay_sat_vb": 0.007661143938700358,
      "median_overpay_sat_vb": 0.0,
      "avg_underpay_sat_vb": 0.0,
      "overpay_mape": 0.7661143938700359,
      "within_10pct": 1.0,
      "within_20pct": 1.0,
      "within_50pct": 1.0,
      "asymmetric_loss": 0.00010564762760907344,
      "mape": 0.7661143938700359
    },
    "3block": {
      "horizon_blocks": 3,
      "mse": 2.272636073772361,
      "rmse": 1.5075264753139035,
      "mae": 1.1465386152267456,
      "r2": 0.0,
      "block_inclusion_accuracy": 1.0,
      "avg_overpay_sat_vb": 1.1465386152267456,
      "median_overpay_sat_vb": 1.2250312566757202,
      "avg_underpay_sat_vb": 0.0,
      "overpay_mape": 114.65386152267456,
      "within_10pct": 0.3333333333333333,
      "within_20pct": 0.3333333333333333,
      "within_50pct": 0.3333333333333333,
      "asymmetric_loss": 0.6817908221317084,
      "mape": 114.65386152267456
    },
    "6block": {
      "horizon_blocks": 6,
      "mse": 2.272636073772361,
      "rmse": 1.5075264753139035,
      "mae": 1.1465386152267456,
      "r2": 0.0,
      "block_inclusion_accuracy": 1.0,
      "avg_overpay_sat_vb": 1.1465386152267456,
      "median_overpay_sat_vb": 1.2250312566757202,
      "avg_underpay_sat_vb": 0.0,
      "overpay_mape": 114.65386152267456,
      "within_10pct": 0.3333333333333333,
      "within_20pct": 0.3333333333333333,
      "within_50pct": 0.3333333333333333,
      "asymmetric_loss": 0.6817908221317084,
      "mape": 114.65386152267456
    }
  },
  "lgb_results": {
    "1block": {
      "horizon_blocks": 1,
      "model_type": "lightgbm",
      "mse": 0.0,
      "rmse": 0.0,
      "mae": 0.0,
      "r2": 1.0,
      "block_inclusion_accuracy": 1.0,
      "avg_overpay_sat_vb": 0.0,
      "avg_underpay_sat_vb": 0.0,
      "within_10pct": 1.0,
      "within_20pct": 1.0,
      "within_50pct": 1.0,
      "asymmetric_loss": 0.0,
      "mape": 0.0
    },
    "3block": {
      "horizon_blocks": 3,
      "model_type": "lightgbm",
      "mse": 1.672260022680131e-05,
      "rmse": 0.004089327600816705,
      "mae": 0.004089327600816706,
      "r2": 0.0,
      "block_inclusion_accuracy": 1.0,
      "avg_overpay_sat_vb": 0.004089327600816706,
      "avg_underpay_sat_vb": 0.0,
      "within_10pct": 1.0,
      "within_20pct": 1.0,
      "within_50pct": 1.0,
      "asymmetric_loss": 5.016780068040395e-06,
      "mape": 0.40893276008167057
    },
    "6block": {
      "horizon_blocks": 6,
      "model_type": "lightgbm",
      "mse": 0.0,
      "rmse": 0.0,
      "mae": 0.0,
      "r2": 1.0,
      "block_inclusion_accuracy": 1.0,
      "avg_overpay_sat_vb": 0.0,
      "avg_underpay_sat_vb": 0.0,
      "within_10pct": 1.0,
      "within_20pct": 1.0,
      "within_50pct": 1.0,
      "asymmetric_loss": 0.0,
      "mape": 0.0
    }
  }
}