{
  "timestamp": "2026-05-27T04:32:49.731966",
  "duration_seconds": 3.21127,
  "xgb_results": {
    "1block": {
      "horizon_blocks": 1,
      "mse": 5.010716312289039,
      "rmse": 2.2384629352055483,
      "mae": 2.230598568916321,
      "r2": 0.0,
      "block_inclusion_accuracy": 1.0,
      "avg_overpay_sat_vb": 2.230598568916321,
      "median_overpay_sat_vb": 2.1863279342651367,
      "avg_underpay_sat_vb": 0.0,
      "overpay_mape": 111.52992844581604,
      "within_10pct": 0.0,
      "within_20pct": 0.0,
      "within_50pct": 0.0,
      "asymmetric_loss": 1.5032148936867118,
      "mape": 111.52992844581604
    },
    "3block": {
      "horizon_blocks": 3,
      "mse": 1.3610234995203616,
      "rmse": 1.1666291182378234,
      "mae": 1.0383708477020264,
      "r2": 0.0,
      "block_inclusion_accuracy": 0.6666666666666666,
      "avg_overpay_sat_vb": 0.705037514368693,
      "median_overpay_sat_vb": 0.43897151947021484,
      "avg_underpay_sat_vb": 0.3333333333333333,
      "overpay_mape": 35.25187571843465,
      "within_10pct": 0.16666666666666666,
      "within_20pct": 0.16666666666666666,
      "within_50pct": 0.3333333333333333,
      "asymmetric_loss": 0.541640383189442,
      "mape": 51.91854238510132
    },
    "6block": {
      "horizon_blocks": 6,
      "mse": 1.3610234995203616,
      "rmse": 1.1666291182378234,
      "mae": 1.0383708477020264,
      "r2": 0.0,
      "block_inclusion_accuracy": 0.6666666666666666,
      "avg_overpay_sat_vb": 0.705037514368693,
      "median_overpay_sat_vb": 0.43897151947021484,
      "avg_underpay_sat_vb": 0.3333333333333333,
      "overpay_mape": 35.25187571843465,
      "within_10pct": 0.16666666666666666,
      "within_20pct": 0.16666666666666666,
      "within_50pct": 0.3333333333333333,
      "asymmetric_loss": 0.541640383189442,
      "mape": 51.91854238510132
    }
  },
  "lgb_results": {
    "1block": {
      "horizon_blocks": 1,
      "model_type": "lightgbm",
      "mse": 0.4914257125075981,
      "rmse": 0.7010176263886652,
      "mae": 0.7010169047700637,
      "r2": 0.0,
      "block_inclusion_accuracy": 0.0,
      "avg_overpay_sat_vb": 0.0,
      "avg_underpay_sat_vb": 0.7010169047700637,
      "within_10pct": 0.0,
      "within_20pct": 0.0,
      "within_50pct": 1.0,
      "asymmetric_loss": 0.3439979987553186,
      "mape": 35.050845238503186
    },
    "3block": {
      "horizon_blocks": 3,
      "model_type": "lightgbm",
      "mse": 1.0,
      "rmse": 1.0,
      "mae": 1.0,
      "r2": 0.0,
      "block_inclusion_accuracy": 0.0,
      "avg_overpay_sat_vb": 0.0,
      "avg_underpay_sat_vb": 1.0,
      "within_10pct": 0.0,
      "within_20pct": 0.0,
      "within_50pct": 0.0,
      "asymmetric_loss": 0.7000000000000001,
      "mape": 50.0
    },
    "6block": {
      "horizon_blocks": 6,
      "model_type": "lightgbm",
      "mse": 1.0,
      "rmse": 1.0,
      "mae": 1.0,
      "r2": 0.0,
      "block_inclusion_accuracy": 0.0,
      "avg_overpay_sat_vb": 0.0,
      "avg_underpay_sat_vb": 1.0,
      "within_10pct": 0.0,
      "within_20pct": 0.0,
      "within_50pct": 0.0,
      "asymmetric_loss": 0.7000000000000001,
      "mape": 50.0
    }
  }
}