{
  "timestamp": "2026-04-19T15:45:25.433968",
  "duration_seconds": 0.786478,
  "xgb_results": {
    "1block": {
      "horizon_blocks": 1,
      "mse": 0.10570795971089571,
      "rmse": 0.3251276052735229,
      "mae": 0.25014640887578327,
      "r2": 0.0,
      "block_inclusion_accuracy": 0.0,
      "avg_overpay_sat_vb": 0.0,
      "median_overpay_sat_vb": 0.0,
      "avg_underpay_sat_vb": 0.25014640887578327,
      "overpay_mape": 0.0,
      "within_10pct": 0.5,
      "within_20pct": 0.6666666666666666,
      "within_50pct": 1.0,
      "asymmetric_loss": 0.07399557179762699,
      "mape": 12.507320443789164
    },
    "3block": {
      "horizon_blocks": 3,
      "mse": 0.018569406279257333,
      "rmse": 0.13626960878808353,
      "mae": 0.11657100915908813,
      "r2": 0.0,
      "block_inclusion_accuracy": 0.5,
      "avg_overpay_sat_vb": 0.04633458455403646,
      "median_overpay_sat_vb": 0.03479015827178955,
      "avg_underpay_sat_vb": 0.07023642460505168,
      "overpay_mape": 2.316729227701823,
      "within_10pct": 0.8333333333333334,
      "within_20pct": 1.0,
      "within_50pct": 1.0,
      "asymmetric_loss": 0.011226669328319143,
      "mape": 5.828550457954407
    },
    "6block": {
      "horizon_blocks": 6,
      "mse": 0.018569406279257333,
      "rmse": 0.13626960878808353,
      "mae": 0.11657100915908813,
      "r2": 0.0,
      "block_inclusion_accuracy": 0.5,
      "avg_overpay_sat_vb": 0.04633458455403646,
      "median_overpay_sat_vb": 0.03479015827178955,
      "avg_underpay_sat_vb": 0.07023642460505168,
      "overpay_mape": 2.316729227701823,
      "within_10pct": 0.8333333333333334,
      "within_20pct": 1.0,
      "within_50pct": 1.0,
      "asymmetric_loss": 0.011226669328319143,
      "mape": 5.828550457954407
    }
  },
  "lgb_results": {
    "1block": {
      "horizon_blocks": 1,
      "model_type": "lightgbm",
      "mse": 1.0,
      "rmse": 1.0,
      "mae": 1.0,
      "r2": 0.0,
      "block_inclusion_accuracy": 0.0,
      "avg_overpay_sat_vb": 0.0,
      "avg_underpay_sat_vb": 1.0,
      "within_10pct": 0.0,
      "within_20pct": 0.0,
      "within_50pct": 0.0,
      "asymmetric_loss": 0.7000000000000001,
      "mape": 50.0
    },
    "3block": {
      "horizon_blocks": 3,
      "model_type": "lightgbm",
      "mse": 0.9918380673985933,
      "rmse": 0.9959106723991832,
      "mae": 0.9959106723991834,
      "r2": 0.0,
      "block_inclusion_accuracy": 0.0,
      "avg_overpay_sat_vb": 0.0,
      "avg_underpay_sat_vb": 0.9959106723991834,
      "within_10pct": 0.0,
      "within_20pct": 0.0,
      "within_50pct": 1.0,
      "asymmetric_loss": 0.6942866471790153,
      "mape": 49.79553361995917
    },
    "6block": {
      "horizon_blocks": 6,
      "model_type": "lightgbm",
      "mse": 1.0,
      "rmse": 1.0,
      "mae": 1.0,
      "r2": 0.0,
      "block_inclusion_accuracy": 0.0,
      "avg_overpay_sat_vb": 0.0,
      "avg_underpay_sat_vb": 1.0,
      "within_10pct": 0.0,
      "within_20pct": 0.0,
      "within_50pct": 0.0,
      "asymmetric_loss": 0.7000000000000001,
      "mape": 50.0
    }
  }
}