{
  "timestamp": "2026-04-21T11:13:39.853393",
  "duration_seconds": 0.906119,
  "xgb_results": {
    "1block": {
      "horizon_blocks": 1,
      "mse": 0.3584283516573355,
      "rmse": 0.5986888604754022,
      "mae": 0.4880022009213765,
      "r2": -0.6129275824580098,
      "block_inclusion_accuracy": 0.6666666666666666,
      "avg_overpay_sat_vb": 0.1629784107208252,
      "median_overpay_sat_vb": 0.23369598388671875,
      "avg_underpay_sat_vb": 0.32502379020055133,
      "overpay_mape": 8.14892053604126,
      "within_10pct": 0.0,
      "within_20pct": 0.6666666666666666,
      "within_50pct": 1.0,
      "asymmetric_loss": 0.2349198027463243,
      "mape": 18.983046876059635
    },
    "3block": {
      "horizon_blocks": 3,
      "mse": 0.17232845239738973,
      "rmse": 0.4151246227308008,
      "mae": 0.3296451171239217,
      "r2": 0.0,
      "block_inclusion_accuracy": 0.16666666666666666,
      "avg_overpay_sat_vb": 0.03966224193572998,
      "median_overpay_sat_vb": 0.0,
      "avg_underpay_sat_vb": 0.2899828751881917,
      "overpay_mape": 1.3220747311909995,
      "within_10pct": 0.6666666666666666,
      "within_20pct": 0.8333333333333334,
      "within_50pct": 1.0,
      "asymmetric_loss": 0.11685449243328867,
      "mape": 10.988170570797392
    },
    "6block": {
      "horizon_blocks": 6,
      "mse": 0.17232845239738973,
      "rmse": 0.4151246227308008,
      "mae": 0.3296451171239217,
      "r2": 0.0,
      "block_inclusion_accuracy": 0.16666666666666666,
      "avg_overpay_sat_vb": 0.03966224193572998,
      "median_overpay_sat_vb": 0.0,
      "avg_underpay_sat_vb": 0.2899828751881917,
      "overpay_mape": 1.3220747311909995,
      "within_10pct": 0.6666666666666666,
      "within_20pct": 0.8333333333333334,
      "within_50pct": 1.0,
      "asymmetric_loss": 0.11685449243328867,
      "mape": 10.988170570797392
    }
  },
  "lgb_results": {
    "1block": {
      "horizon_blocks": 1,
      "model_type": "lightgbm",
      "mse": 2.0,
      "rmse": 1.4142135623730951,
      "mae": 1.3333333333333333,
      "r2": -8.0,
      "block_inclusion_accuracy": 0.0,
      "avg_overpay_sat_vb": 0.0,
      "avg_underpay_sat_vb": 1.3333333333333333,
      "within_10pct": 0.0,
      "within_20pct": 0.0,
      "within_50pct": 0.0,
      "asymmetric_loss": 1.3999999999999997,
      "mape": 55.55555555555555
    },
    "3block": {
      "horizon_blocks": 3,
      "model_type": "lightgbm",
      "mse": 3.98365941219696,
      "rmse": 1.9959106723991833,
      "mae": 1.9959106723991835,
      "r2": 0.0,
      "block_inclusion_accuracy": 0.0,
      "avg_overpay_sat_vb": 0.0,
      "avg_underpay_sat_vb": 1.9959106723991835,
      "within_10pct": 0.0,
      "within_20pct": 0.0,
      "within_50pct": 0.0,
      "asymmetric_loss": 2.788561588537872,
      "mape": 66.53035574663944
    },
    "6block": {
      "horizon_blocks": 6,
      "model_type": "lightgbm",
      "mse": 4.0,
      "rmse": 2.0,
      "mae": 2.0,
      "r2": 0.0,
      "block_inclusion_accuracy": 0.0,
      "avg_overpay_sat_vb": 0.0,
      "avg_underpay_sat_vb": 2.0,
      "within_10pct": 0.0,
      "within_20pct": 0.0,
      "within_50pct": 0.0,
      "asymmetric_loss": 2.8000000000000003,
      "mape": 66.66666666666666
    }
  }
}