{
  "timestamp": "2026-04-28T23:03:46.213111",
  "duration_seconds": 1.26073,
  "xgb_results": {
    "1block": {
      "horizon_blocks": 1,
      "mse": 0.0017556984370538469,
      "rmse": 0.041901055321481424,
      "mae": 0.023352126280466717,
      "r2": 0.0,
      "block_inclusion_accuracy": 1.0,
      "avg_overpay_sat_vb": 0.023352126280466717,
      "median_overpay_sat_vb": 0.0,
      "avg_underpay_sat_vb": 0.0,
      "overpay_mape": 2.335212628046672,
      "within_10pct": 1.0,
      "within_20pct": 1.0,
      "within_50pct": 1.0,
      "asymmetric_loss": 0.0005267095311161541,
      "mape": 2.335212628046672
    },
    "3block": {
      "horizon_blocks": 3,
      "mse": 0.461790370584031,
      "rmse": 0.6795515952332325,
      "mae": 0.587343176205953,
      "r2": 0.0,
      "block_inclusion_accuracy": 1.0,
      "avg_overpay_sat_vb": 0.587343176205953,
      "median_overpay_sat_vb": 0.49345648288726807,
      "avg_underpay_sat_vb": 0.0,
      "overpay_mape": 58.7343176205953,
      "within_10pct": 0.0,
      "within_20pct": 0.16666666666666666,
      "within_50pct": 0.6666666666666666,
      "asymmetric_loss": 0.1385371111752093,
      "mape": 58.7343176205953
    },
    "6block": {
      "horizon_blocks": 6,
      "mse": 0.461790370584031,
      "rmse": 0.6795515952332325,
      "mae": 0.587343176205953,
      "r2": 0.0,
      "block_inclusion_accuracy": 1.0,
      "avg_overpay_sat_vb": 0.587343176205953,
      "median_overpay_sat_vb": 0.49345648288726807,
      "avg_underpay_sat_vb": 0.0,
      "overpay_mape": 58.7343176205953,
      "within_10pct": 0.0,
      "within_20pct": 0.16666666666666666,
      "within_50pct": 0.6666666666666666,
      "asymmetric_loss": 0.1385371111752093,
      "mape": 58.7343176205953
    }
  },
  "lgb_results": {
    "1block": {
      "horizon_blocks": 1,
      "model_type": "lightgbm",
      "mse": 0.0,
      "rmse": 0.0,
      "mae": 0.0,
      "r2": 1.0,
      "block_inclusion_accuracy": 1.0,
      "avg_overpay_sat_vb": 0.0,
      "avg_underpay_sat_vb": 0.0,
      "within_10pct": 1.0,
      "within_20pct": 1.0,
      "within_50pct": 1.0,
      "asymmetric_loss": 0.0,
      "mape": 0.0
    },
    "3block": {
      "horizon_blocks": 3,
      "model_type": "lightgbm",
      "mse": 1.672260022680131e-05,
      "rmse": 0.004089327600816705,
      "mae": 0.004089327600816706,
      "r2": 0.0,
      "block_inclusion_accuracy": 1.0,
      "avg_overpay_sat_vb": 0.004089327600816706,
      "avg_underpay_sat_vb": 0.0,
      "within_10pct": 1.0,
      "within_20pct": 1.0,
      "within_50pct": 1.0,
      "asymmetric_loss": 5.016780068040395e-06,
      "mape": 0.40893276008167057
    },
    "6block": {
      "horizon_blocks": 6,
      "model_type": "lightgbm",
      "mse": 0.0,
      "rmse": 0.0,
      "mae": 0.0,
      "r2": 1.0,
      "block_inclusion_accuracy": 1.0,
      "avg_overpay_sat_vb": 0.0,
      "avg_underpay_sat_vb": 0.0,
      "within_10pct": 1.0,
      "within_20pct": 1.0,
      "within_50pct": 1.0,
      "asymmetric_loss": 0.0,
      "mape": 0.0
    }
  }
}