{
  "timestamp": "2026-04-30T06:36:08.688801",
  "duration_seconds": 1.578625,
  "xgb_results": {
    "1block": {
      "horizon_blocks": 1,
      "mse": 0.5184757236210208,
      "rmse": 0.720052583927744,
      "mae": 0.6865027149518331,
      "r2": 0.0,
      "block_inclusion_accuracy": 0.0,
      "avg_overpay_sat_vb": 0.0,
      "median_overpay_sat_vb": 0.0,
      "avg_underpay_sat_vb": 0.6865027149518331,
      "overpay_mape": 0.0,
      "within_10pct": 0.0,
      "within_20pct": 0.16666666666666666,
      "within_50pct": 0.8333333333333334,
      "asymmetric_loss": 0.3629330065347145,
      "mape": 34.32513574759166
    },
    "3block": {
      "horizon_blocks": 3,
      "mse": 1.062567932020163,
      "rmse": 1.0308093577476696,
      "mae": 0.8413828214009603,
      "r2": 0.0,
      "block_inclusion_accuracy": 1.0,
      "avg_overpay_sat_vb": 0.8413828214009603,
      "median_overpay_sat_vb": 0.9845582842826843,
      "avg_underpay_sat_vb": 0.0,
      "overpay_mape": 84.13828214009604,
      "within_10pct": 0.16666666666666666,
      "within_20pct": 0.3333333333333333,
      "within_50pct": 0.3333333333333333,
      "asymmetric_loss": 0.318770379606049,
      "mape": 84.13828214009604
    },
    "6block": {
      "horizon_blocks": 6,
      "mse": 1.062567932020163,
      "rmse": 1.0308093577476696,
      "mae": 0.8413828214009603,
      "r2": 0.0,
      "block_inclusion_accuracy": 1.0,
      "avg_overpay_sat_vb": 0.8413828214009603,
      "median_overpay_sat_vb": 0.9845582842826843,
      "avg_underpay_sat_vb": 0.0,
      "overpay_mape": 84.13828214009604,
      "within_10pct": 0.16666666666666666,
      "within_20pct": 0.3333333333333333,
      "within_50pct": 0.3333333333333333,
      "asymmetric_loss": 0.318770379606049,
      "mape": 84.13828214009604
    }
  },
  "lgb_results": {
    "1block": {
      "horizon_blocks": 1,
      "model_type": "lightgbm",
      "mse": 0.5024980489997671,
      "rmse": 0.7088709678070947,
      "mae": 0.7088709678070949,
      "r2": 0.0,
      "block_inclusion_accuracy": 0.0,
      "avg_overpay_sat_vb": 0.0,
      "avg_underpay_sat_vb": 0.7088709678070949,
      "within_10pct": 0.0,
      "within_20pct": 0.0,
      "within_50pct": 1.0,
      "asymmetric_loss": 0.35174863429983705,
      "mape": 35.44354839035474
    },
    "3block": {
      "horizon_blocks": 3,
      "model_type": "lightgbm",
      "mse": 0.0,
      "rmse": 0.0,
      "mae": 0.0,
      "r2": 1.0,
      "block_inclusion_accuracy": 1.0,
      "avg_overpay_sat_vb": 0.0,
      "avg_underpay_sat_vb": 0.0,
      "within_10pct": 1.0,
      "within_20pct": 1.0,
      "within_50pct": 1.0,
      "asymmetric_loss": 0.0,
      "mape": 0.0
    },
    "6block": {
      "horizon_blocks": 6,
      "model_type": "lightgbm",
      "mse": 0.0,
      "rmse": 0.0,
      "mae": 0.0,
      "r2": 1.0,
      "block_inclusion_accuracy": 1.0,
      "avg_overpay_sat_vb": 0.0,
      "avg_underpay_sat_vb": 0.0,
      "within_10pct": 1.0,
      "within_20pct": 1.0,
      "within_50pct": 1.0,
      "asymmetric_loss": 0.0,
      "mape": 0.0
    }
  }
}