{
  "timestamp": "2026-04-17T21:48:42.592202",
  "duration_seconds": 0.492272,
  "xgb_results": {
    "1block": {
      "horizon_blocks": 1,
      "mse": 0.05361218296114837,
      "rmse": 0.23154304774954565,
      "mae": 0.20431460936864218,
      "r2": 0.0,
      "block_inclusion_accuracy": 1.0,
      "avg_overpay_sat_vb": 0.20431460936864218,
      "median_overpay_sat_vb": 0.23139214515686035,
      "avg_underpay_sat_vb": 0.0,
      "overpay_mape": 20.43146093686422,
      "within_10pct": 0.16666666666666666,
      "within_20pct": 0.5,
      "within_50pct": 1.0,
      "asymmetric_loss": 0.016083654888344515,
      "mape": 20.43146093686422
    },
    "3block": {
      "horizon_blocks": 3,
      "mse": 0.3139342087798127,
      "rmse": 0.56029832123594,
      "mae": 0.5559144020080566,
      "r2": 0.0,
      "block_inclusion_accuracy": 1.0,
      "avg_overpay_sat_vb": 0.5559144020080566,
      "median_overpay_sat_vb": 0.529456615447998,
      "avg_underpay_sat_vb": 0.0,
      "overpay_mape": 55.591440200805664,
      "within_10pct": 0.0,
      "within_20pct": 0.0,
      "within_50pct": 0.16666666666666666,
      "asymmetric_loss": 0.09418026263394384,
      "mape": 55.591440200805664
    },
    "6block": {
      "horizon_blocks": 6,
      "mse": 0.3139342087798127,
      "rmse": 0.56029832123594,
      "mae": 0.5559144020080566,
      "r2": 0.0,
      "block_inclusion_accuracy": 1.0,
      "avg_overpay_sat_vb": 0.5559144020080566,
      "median_overpay_sat_vb": 0.529456615447998,
      "avg_underpay_sat_vb": 0.0,
      "overpay_mape": 55.591440200805664,
      "within_10pct": 0.0,
      "within_20pct": 0.0,
      "within_50pct": 0.16666666666666666,
      "asymmetric_loss": 0.09418026263394384,
      "mape": 55.591440200805664
    }
  },
  "lgb_results": {
    "1block": {
      "horizon_blocks": 1,
      "model_type": "lightgbm",
      "mse": 0.0,
      "rmse": 0.0,
      "mae": 0.0,
      "r2": 1.0,
      "block_inclusion_accuracy": 1.0,
      "avg_overpay_sat_vb": 0.0,
      "avg_underpay_sat_vb": 0.0,
      "within_10pct": 1.0,
      "within_20pct": 1.0,
      "within_50pct": 1.0,
      "asymmetric_loss": 0.0,
      "mape": 0.0
    },
    "3block": {
      "horizon_blocks": 3,
      "model_type": "lightgbm",
      "mse": 1.672260022680131e-05,
      "rmse": 0.004089327600816705,
      "mae": 0.004089327600816706,
      "r2": 0.0,
      "block_inclusion_accuracy": 1.0,
      "avg_overpay_sat_vb": 0.004089327600816706,
      "avg_underpay_sat_vb": 0.0,
      "within_10pct": 1.0,
      "within_20pct": 1.0,
      "within_50pct": 1.0,
      "asymmetric_loss": 5.016780068040395e-06,
      "mape": 0.40893276008167057
    },
    "6block": {
      "horizon_blocks": 6,
      "model_type": "lightgbm",
      "mse": 0.0,
      "rmse": 0.0,
      "mae": 0.0,
      "r2": 1.0,
      "block_inclusion_accuracy": 1.0,
      "avg_overpay_sat_vb": 0.0,
      "avg_underpay_sat_vb": 0.0,
      "within_10pct": 1.0,
      "within_20pct": 1.0,
      "within_50pct": 1.0,
      "asymmetric_loss": 0.0,
      "mape": 0.0
    }
  }
}