{
  "timestamp": "2026-06-13T23:10:47.231243",
  "duration_seconds": 4.256285,
  "xgb_results": {
    "1block": {
      "horizon_blocks": 1,
      "mse": 2.611536993839877,
      "rmse": 1.616025059780905,
      "mae": 1.554438829421997,
      "r2": -17.803066355647115,
      "block_inclusion_accuracy": 1.0,
      "avg_overpay_sat_vb": 1.554438829421997,
      "median_overpay_sat_vb": 1.625504493713379,
      "avg_underpay_sat_vb": 0.0,
      "overpay_mape": 30.171518325805664,
      "within_10pct": 0.0,
      "within_20pct": 0.16666666666666666,
      "within_50pct": 1.0,
      "asymmetric_loss": 0.7834610981519633,
      "mape": 30.171518325805664
    },
    "3block": {
      "horizon_blocks": 3,
      "mse": 9.929048279802954,
      "rmse": 3.151039238061461,
      "mae": 3.009458601474762,
      "r2": 0.0,
      "block_inclusion_accuracy": 0.0,
      "avg_overpay_sat_vb": 0.0,
      "median_overpay_sat_vb": 0.0,
      "avg_underpay_sat_vb": 3.009458601474762,
      "overpay_mape": 0.0,
      "within_10pct": 0.0,
      "within_20pct": 0.0,
      "within_50pct": 0.5,
      "asymmetric_loss": 6.9503337958620675,
      "mape": 50.157643357912704
    },
    "6block": {
      "horizon_blocks": 6,
      "mse": 9.929048279802954,
      "rmse": 3.151039238061461,
      "mae": 3.009458601474762,
      "r2": 0.0,
      "block_inclusion_accuracy": 0.0,
      "avg_overpay_sat_vb": 0.0,
      "median_overpay_sat_vb": 0.0,
      "avg_underpay_sat_vb": 3.009458601474762,
      "overpay_mape": 0.0,
      "within_10pct": 0.0,
      "within_20pct": 0.0,
      "within_50pct": 0.5,
      "asymmetric_loss": 6.9503337958620675,
      "mape": 50.157643357912704
    }
  },
  "lgb_results": {
    "1block": {
      "horizon_blocks": 1,
      "model_type": "lightgbm",
      "mse": 16.866195694732912,
      "rmse": 4.106847415564999,
      "mae": 4.089903031349769,
      "r2": -120.43660900207698,
      "block_inclusion_accuracy": 0.0,
      "avg_overpay_sat_vb": 0.0,
      "avg_underpay_sat_vb": 4.089903031349769,
      "within_10pct": 0.0,
      "within_20pct": 0.0,
      "within_50pct": 0.0,
      "asymmetric_loss": 11.806336986313037,
      "mape": 79.06292931328252
    },
    "3block": {
      "horizon_blocks": 3,
      "model_type": "lightgbm",
      "mse": 25.0,
      "rmse": 5.0,
      "mae": 5.0,
      "r2": 0.0,
      "block_inclusion_accuracy": 0.0,
      "avg_overpay_sat_vb": 0.0,
      "avg_underpay_sat_vb": 5.0,
      "within_10pct": 0.0,
      "within_20pct": 0.0,
      "within_50pct": 0.0,
      "asymmetric_loss": 17.5,
      "mape": 83.33333333333334
    },
    "6block": {
      "horizon_blocks": 6,
      "model_type": "lightgbm",
      "mse": 25.0,
      "rmse": 5.0,
      "mae": 5.0,
      "r2": 0.0,
      "block_inclusion_accuracy": 0.0,
      "avg_overpay_sat_vb": 0.0,
      "avg_underpay_sat_vb": 5.0,
      "within_10pct": 0.0,
      "within_20pct": 0.0,
      "within_50pct": 0.0,
      "asymmetric_loss": 17.5,
      "mape": 83.33333333333334
    }
  }
}