{
  "timestamp": "2026-05-19T17:52:12.689528",
  "duration_seconds": 2.963506,
  "xgb_results": {
    "1block": {
      "horizon_blocks": 1,
      "mse": 0.28573939919469166,
      "rmse": 0.5345459748185292,
      "mae": 0.5120783646901449,
      "r2": 0.0,
      "block_inclusion_accuracy": 0.3333333333333333,
      "avg_overpay_sat_vb": 0.15223821004231772,
      "median_overpay_sat_vb": 0.0,
      "avg_underpay_sat_vb": 0.35984015464782715,
      "overpay_mape": 3.0447642008463545,
      "within_10pct": 0.5,
      "within_20pct": 1.0,
      "within_50pct": 1.0,
      "asymmetric_loss": 0.17114836046933987,
      "mape": 10.241567293802897
    },
    "3block": {
      "horizon_blocks": 3,
      "mse": 1.2440700558806081,
      "rmse": 1.1153788844516503,
      "mae": 0.9086194038391113,
      "r2": 0.0,
      "block_inclusion_accuracy": 0.3333333333333333,
      "avg_overpay_sat_vb": 0.5090217590332031,
      "median_overpay_sat_vb": 0.0,
      "avg_underpay_sat_vb": 0.3995976448059082,
      "overpay_mape": 10.180435180664062,
      "within_10pct": 0.3333333333333333,
      "within_20pct": 0.5,
      "within_50pct": 1.0,
      "asymmetric_loss": 0.5413010739999361,
      "mape": 18.172388076782227
    },
    "6block": {
      "horizon_blocks": 6,
      "mse": 1.2440700558806081,
      "rmse": 1.1153788844516503,
      "mae": 0.9086194038391113,
      "r2": 0.0,
      "block_inclusion_accuracy": 0.3333333333333333,
      "avg_overpay_sat_vb": 0.5090217590332031,
      "median_overpay_sat_vb": 0.0,
      "avg_underpay_sat_vb": 0.3995976448059082,
      "overpay_mape": 10.180435180664062,
      "within_10pct": 0.3333333333333333,
      "within_20pct": 0.5,
      "within_50pct": 1.0,
      "asymmetric_loss": 0.5413010739999361,
      "mape": 18.172388076782227
    }
  },
  "lgb_results": {
    "1block": {
      "horizon_blocks": 1,
      "model_type": "lightgbm",
      "mse": 16.0,
      "rmse": 4.0,
      "mae": 4.0,
      "r2": 0.0,
      "block_inclusion_accuracy": 0.0,
      "avg_overpay_sat_vb": 0.0,
      "avg_underpay_sat_vb": 4.0,
      "within_10pct": 0.0,
      "within_20pct": 0.0,
      "within_50pct": 0.0,
      "asymmetric_loss": 11.200000000000001,
      "mape": 80.0
    },
    "3block": {
      "horizon_blocks": 3,
      "model_type": "lightgbm",
      "mse": 15.967302101793694,
      "rmse": 3.9959106723991833,
      "mae": 3.9959106723991833,
      "r2": 0.0,
      "block_inclusion_accuracy": 0.0,
      "avg_overpay_sat_vb": 0.0,
      "avg_underpay_sat_vb": 3.9959106723991833,
      "within_10pct": 0.0,
      "within_20pct": 0.0,
      "within_50pct": 0.0,
      "asymmetric_loss": 11.177111471255586,
      "mape": 79.91821344798366
    },
    "6block": {
      "horizon_blocks": 6,
      "model_type": "lightgbm",
      "mse": 16.0,
      "rmse": 4.0,
      "mae": 4.0,
      "r2": 0.0,
      "block_inclusion_accuracy": 0.0,
      "avg_overpay_sat_vb": 0.0,
      "avg_underpay_sat_vb": 4.0,
      "within_10pct": 0.0,
      "within_20pct": 0.0,
      "within_50pct": 0.0,
      "asymmetric_loss": 11.200000000000001,
      "mape": 80.0
    }
  }
}