{
  "timestamp": "2026-06-12T07:30:44.137566",
  "duration_seconds": 3.948026,
  "xgb_results": {
    "1block": {
      "horizon_blocks": 1,
      "mse": 3.307100316577428,
      "rmse": 1.818543460183844,
      "mae": 1.6741021076838176,
      "r2": -4.952780569839371,
      "block_inclusion_accuracy": 0.8333333333333334,
      "avg_overpay_sat_vb": 1.6498169898986816,
      "median_overpay_sat_vb": 1.8627865314483643,
      "avg_underpay_sat_vb": 0.024285117785135906,
      "overpay_mape": 82.49084949493408,
      "within_10pct": 0.16666666666666666,
      "within_20pct": 0.16666666666666666,
      "within_50pct": 0.16666666666666666,
      "asymmetric_loss": 0.9935455356432396,
      "mape": 83.09797743956247
    },
    "3block": {
      "horizon_blocks": 3,
      "mse": 1.4781839542112418,
      "rmse": 1.2158058867316122,
      "mae": 0.9631094932556152,
      "r2": 0.0,
      "block_inclusion_accuracy": 1.0,
      "avg_overpay_sat_vb": 0.9631094932556152,
      "median_overpay_sat_vb": 0.7956986427307129,
      "avg_underpay_sat_vb": 0.0,
      "overpay_mape": 48.15547466278076,
      "within_10pct": 0.16666666666666666,
      "within_20pct": 0.3333333333333333,
      "within_50pct": 0.6666666666666666,
      "asymmetric_loss": 0.4434551862633726,
      "mape": 48.15547466278076
    },
    "6block": {
      "horizon_blocks": 6,
      "mse": 1.4781839542112418,
      "rmse": 1.2158058867316122,
      "mae": 0.9631094932556152,
      "r2": 0.0,
      "block_inclusion_accuracy": 1.0,
      "avg_overpay_sat_vb": 0.9631094932556152,
      "median_overpay_sat_vb": 0.7956986427307129,
      "avg_underpay_sat_vb": 0.0,
      "overpay_mape": 48.15547466278076,
      "within_10pct": 0.16666666666666666,
      "within_20pct": 0.3333333333333333,
      "within_50pct": 0.6666666666666666,
      "asymmetric_loss": 0.4434551862633726,
      "mape": 48.15547466278076
    }
  },
  "lgb_results": {
    "1block": {
      "horizon_blocks": 1,
      "model_type": "lightgbm",
      "mse": 1.5243663785916806,
      "rmse": 1.2346523310599145,
      "mae": 0.983940671302645,
      "r2": -1.7438594814650252,
      "block_inclusion_accuracy": 0.0,
      "avg_overpay_sat_vb": 0.0,
      "avg_underpay_sat_vb": 0.983940671302645,
      "within_10pct": 0.0,
      "within_20pct": 0.0,
      "within_50pct": 0.8333333333333334,
      "asymmetric_loss": 1.0670564650141765,
      "mape": 38.148645281978276
    },
    "3block": {
      "horizon_blocks": 3,
      "model_type": "lightgbm",
      "mse": 1.0,
      "rmse": 1.0,
      "mae": 1.0,
      "r2": 0.0,
      "block_inclusion_accuracy": 0.0,
      "avg_overpay_sat_vb": 0.0,
      "avg_underpay_sat_vb": 1.0,
      "within_10pct": 0.0,
      "within_20pct": 0.0,
      "within_50pct": 0.0,
      "asymmetric_loss": 0.7000000000000001,
      "mape": 50.0
    },
    "6block": {
      "horizon_blocks": 6,
      "model_type": "lightgbm",
      "mse": 1.0,
      "rmse": 1.0,
      "mae": 1.0,
      "r2": 0.0,
      "block_inclusion_accuracy": 0.0,
      "avg_overpay_sat_vb": 0.0,
      "avg_underpay_sat_vb": 1.0,
      "within_10pct": 0.0,
      "within_20pct": 0.0,
      "within_50pct": 0.0,
      "asymmetric_loss": 0.7000000000000001,
      "mape": 50.0
    }
  }
}