{
  "timestamp": "2026-05-23T11:17:57.116719",
  "duration_seconds": 2.934767,
  "xgb_results": {
    "1block": {
      "horizon_blocks": 1,
      "mse": 0.9927700831607353,
      "rmse": 0.9963784838909034,
      "mae": 0.9963449637095133,
      "r2": 0.0,
      "block_inclusion_accuracy": 0.0,
      "avg_overpay_sat_vb": 0.0,
      "median_overpay_sat_vb": 0.0,
      "avg_underpay_sat_vb": 0.9963449637095133,
      "overpay_mape": 0.0,
      "within_10pct": 0.0,
      "within_20pct": 0.0,
      "within_50pct": 0.16666666666666666,
      "asymmetric_loss": 0.6949390582125147,
      "mape": 49.81724818547566
    },
    "3block": {
      "horizon_blocks": 3,
      "mse": 0.5493079210772436,
      "rmse": 0.7411531023191117,
      "mae": 0.6009180148442587,
      "r2": 0.0,
      "block_inclusion_accuracy": 0.16666666666666666,
      "avg_overpay_sat_vb": 0.09030838807423909,
      "median_overpay_sat_vb": 0.0,
      "avg_underpay_sat_vb": 0.5106096267700195,
      "overpay_mape": 4.515419403711954,
      "within_10pct": 0.3333333333333333,
      "within_20pct": 0.3333333333333333,
      "within_50pct": 0.5,
      "asymmetric_loss": 0.36494209285830886,
      "mape": 30.045900742212932
    },
    "6block": {
      "horizon_blocks": 6,
      "mse": 0.5493079210772436,
      "rmse": 0.7411531023191117,
      "mae": 0.6009180148442587,
      "r2": 0.0,
      "block_inclusion_accuracy": 0.16666666666666666,
      "avg_overpay_sat_vb": 0.09030838807423909,
      "median_overpay_sat_vb": 0.0,
      "avg_underpay_sat_vb": 0.5106096267700195,
      "overpay_mape": 4.515419403711954,
      "within_10pct": 0.3333333333333333,
      "within_20pct": 0.3333333333333333,
      "within_50pct": 0.5,
      "asymmetric_loss": 0.36494209285830886,
      "mape": 30.045900742212932
    }
  },
  "lgb_results": {
    "1block": {
      "horizon_blocks": 1,
      "model_type": "lightgbm",
      "mse": 0.7458370089727663,
      "rmse": 0.8636185552503873,
      "mae": 0.8636185552503871,
      "r2": 0.0,
      "block_inclusion_accuracy": 0.0,
      "avg_overpay_sat_vb": 0.0,
      "avg_underpay_sat_vb": 0.8636185552503871,
      "within_10pct": 0.0,
      "within_20pct": 0.0,
      "within_50pct": 1.0,
      "asymmetric_loss": 0.5220859062809363,
      "mape": 43.18092776251935
    },
    "3block": {
      "horizon_blocks": 3,
      "model_type": "lightgbm",
      "mse": 1.0,
      "rmse": 1.0,
      "mae": 1.0,
      "r2": 0.0,
      "block_inclusion_accuracy": 0.0,
      "avg_overpay_sat_vb": 0.0,
      "avg_underpay_sat_vb": 1.0,
      "within_10pct": 0.0,
      "within_20pct": 0.0,
      "within_50pct": 0.0,
      "asymmetric_loss": 0.7000000000000001,
      "mape": 50.0
    },
    "6block": {
      "horizon_blocks": 6,
      "model_type": "lightgbm",
      "mse": 1.0,
      "rmse": 1.0,
      "mae": 1.0,
      "r2": 0.0,
      "block_inclusion_accuracy": 0.0,
      "avg_overpay_sat_vb": 0.0,
      "avg_underpay_sat_vb": 1.0,
      "within_10pct": 0.0,
      "within_20pct": 0.0,
      "within_50pct": 0.0,
      "asymmetric_loss": 0.7000000000000001,
      "mape": 50.0
    }
  }
}