{
  "timestamp": "2026-07-01T23:19:37.119781",
  "duration_seconds": 4.781909,
  "xgb_results": {
    "1block": {
      "horizon_blocks": 1,
      "mse": 39.754724526271424,
      "rmse": 6.305134774631818,
      "mae": 6.060308933258057,
      "r2": -43.72406509205534,
      "block_inclusion_accuracy": 1.0,
      "avg_overpay_sat_vb": 6.060308933258057,
      "median_overpay_sat_vb": 6.4459614753723145,
      "avg_underpay_sat_vb": 0.0,
      "overpay_mape": 271.3120381037394,
      "within_10pct": 0.0,
      "within_20pct": 0.0,
      "within_50pct": 0.0,
      "asymmetric_loss": 11.926417357881428,
      "mape": 271.3120381037394
    },
    "3block": {
      "horizon_blocks": 3,
      "mse": 1.1813211726909951,
      "rmse": 1.0868859980195693,
      "mae": 1.0280501047770183,
      "r2": 0.0,
      "block_inclusion_accuracy": 0.5,
      "avg_overpay_sat_vb": 0.5280501047770182,
      "median_overpay_sat_vb": 0.1957533359527588,
      "avg_underpay_sat_vb": 0.5,
      "overpay_mape": 26.40250523885091,
      "within_10pct": 0.0,
      "within_20pct": 0.16666666666666666,
      "within_50pct": 0.16666666666666666,
      "asymmetric_loss": 0.5543963518072985,
      "mape": 51.402505238850914
    },
    "6block": {
      "horizon_blocks": 6,
      "mse": 1.1813211726909951,
      "rmse": 1.0868859980195693,
      "mae": 1.0280501047770183,
      "r2": 0.0,
      "block_inclusion_accuracy": 0.5,
      "avg_overpay_sat_vb": 0.5280501047770182,
      "median_overpay_sat_vb": 0.1957533359527588,
      "avg_underpay_sat_vb": 0.5,
      "overpay_mape": 26.40250523885091,
      "within_10pct": 0.0,
      "within_20pct": 0.16666666666666666,
      "within_50pct": 0.16666666666666666,
      "asymmetric_loss": 0.5543963518072985,
      "mape": 51.402505238850914
    }
  },
  "lgb_results": {
    "1block": {
      "horizon_blocks": 1,
      "model_type": "lightgbm",
      "mse": 3.6666666666666665,
      "rmse": 1.9148542155126762,
      "mae": 1.6666666666666667,
      "r2": -3.124999999999999,
      "block_inclusion_accuracy": 0.0,
      "avg_overpay_sat_vb": 0.0,
      "avg_underpay_sat_vb": 1.6666666666666667,
      "within_10pct": 0.0,
      "within_20pct": 0.0,
      "within_50pct": 0.0,
      "asymmetric_loss": 2.566666666666666,
      "mape": 58.333333333333336
    },
    "3block": {
      "horizon_blocks": 3,
      "model_type": "lightgbm",
      "mse": 0.9918380673985933,
      "rmse": 0.9959106723991832,
      "mae": 0.9959106723991834,
      "r2": 0.0,
      "block_inclusion_accuracy": 0.0,
      "avg_overpay_sat_vb": 0.0,
      "avg_underpay_sat_vb": 0.9959106723991834,
      "within_10pct": 0.0,
      "within_20pct": 0.0,
      "within_50pct": 1.0,
      "asymmetric_loss": 0.6942866471790153,
      "mape": 49.79553361995917
    },
    "6block": {
      "horizon_blocks": 6,
      "model_type": "lightgbm",
      "mse": 1.0,
      "rmse": 1.0,
      "mae": 1.0,
      "r2": 0.0,
      "block_inclusion_accuracy": 0.0,
      "avg_overpay_sat_vb": 0.0,
      "avg_underpay_sat_vb": 1.0,
      "within_10pct": 0.0,
      "within_20pct": 0.0,
      "within_50pct": 0.0,
      "asymmetric_loss": 0.7000000000000001,
      "mape": 50.0
    }
  }
}