{
  "timestamp": "2026-06-12T22:32:26.392352",
  "duration_seconds": 4.248639,
  "xgb_results": {
    "1block": {
      "horizon_blocks": 1,
      "mse": 1.0346248474753874,
      "rmse": 1.0171651033511655,
      "mae": 0.7746957341829935,
      "r2": 0.0,
      "block_inclusion_accuracy": 0.3333333333333333,
      "avg_overpay_sat_vb": 0.12820927302042642,
      "median_overpay_sat_vb": 0.0,
      "avg_underpay_sat_vb": 0.6464864611625671,
      "overpay_mape": 4.273642434014215,
      "within_10pct": 0.16666666666666666,
      "within_20pct": 0.6666666666666666,
      "within_50pct": 0.8333333333333334,
      "asymmetric_loss": 0.7039007178121613,
      "mape": 25.82319113943312
    },
    "3block": {
      "horizon_blocks": 3,
      "mse": 5.531705925858236,
      "rmse": 2.351957892024905,
      "mae": 1.7216824889183044,
      "r2": -38.82828266617931,
      "block_inclusion_accuracy": 0.5,
      "avg_overpay_sat_vb": 1.203157107035319,
      "median_overpay_sat_vb": 0.09014749526977539,
      "avg_underpay_sat_vb": 0.5185253818829855,
      "overpay_mape": 36.52274741066826,
      "within_10pct": 0.3333333333333333,
      "within_20pct": 0.5,
      "within_50pct": 0.5,
      "asymmetric_loss": 2.051287417095022,
      "mape": 49.4858819577429
    },
    "6block": {
      "horizon_blocks": 6,
      "mse": 5.531705925858236,
      "rmse": 2.351957892024905,
      "mae": 1.7216824889183044,
      "r2": -38.82828266617931,
      "block_inclusion_accuracy": 0.5,
      "avg_overpay_sat_vb": 1.203157107035319,
      "median_overpay_sat_vb": 0.09014749526977539,
      "avg_underpay_sat_vb": 0.5185253818829855,
      "overpay_mape": 36.52274741066826,
      "within_10pct": 0.3333333333333333,
      "within_20pct": 0.5,
      "within_50pct": 0.5,
      "asymmetric_loss": 2.051287417095022,
      "mape": 49.4858819577429
    }
  },
  "lgb_results": {
    "1block": {
      "horizon_blocks": 1,
      "model_type": "lightgbm",
      "mse": 4.0,
      "rmse": 2.0,
      "mae": 2.0,
      "r2": 0.0,
      "block_inclusion_accuracy": 0.0,
      "avg_overpay_sat_vb": 0.0,
      "avg_underpay_sat_vb": 2.0,
      "within_10pct": 0.0,
      "within_20pct": 0.0,
      "within_50pct": 0.0,
      "asymmetric_loss": 2.8000000000000003,
      "mape": 66.66666666666666
    },
    "3block": {
      "horizon_blocks": 3,
      "model_type": "lightgbm",
      "mse": 8.166666666666666,
      "rmse": 2.857738033247041,
      "mae": 2.8333333333333335,
      "r2": -57.80000000000002,
      "block_inclusion_accuracy": 0.0,
      "avg_overpay_sat_vb": 0.0,
      "avg_underpay_sat_vb": 2.8333333333333335,
      "within_10pct": 0.0,
      "within_20pct": 0.0,
      "within_50pct": 0.0,
      "asymmetric_loss": 5.716666666666666,
      "mape": 73.6111111111111
    },
    "6block": {
      "horizon_blocks": 6,
      "model_type": "lightgbm",
      "mse": 8.166666666666666,
      "rmse": 2.857738033247041,
      "mae": 2.8333333333333335,
      "r2": -57.80000000000002,
      "block_inclusion_accuracy": 0.0,
      "avg_overpay_sat_vb": 0.0,
      "avg_underpay_sat_vb": 2.8333333333333335,
      "within_10pct": 0.0,
      "within_20pct": 0.0,
      "within_50pct": 0.0,
      "asymmetric_loss": 5.716666666666666,
      "mape": 73.6111111111111
    }
  }
}