{
  "timestamp": "2026-05-24T23:05:11.817344",
  "duration_seconds": 3.189248,
  "xgb_results": {
    "1block": {
      "horizon_blocks": 1,
      "mse": 0.2560391767351599,
      "rmse": 0.5060031390566267,
      "mae": 0.3952357570330302,
      "r2": 0.0,
      "block_inclusion_accuracy": 1.0,
      "avg_overpay_sat_vb": 0.3952357570330302,
      "median_overpay_sat_vb": 0.44939297437667847,
      "avg_underpay_sat_vb": 0.0,
      "overpay_mape": 39.523575703303024,
      "within_10pct": 0.3333333333333333,
      "within_20pct": 0.3333333333333333,
      "within_50pct": 0.5,
      "asymmetric_loss": 0.07681175302054798,
      "mape": 39.523575703303024
    },
    "3block": {
      "horizon_blocks": 3,
      "mse": 2.2872330660709443,
      "rmse": 1.512360098015993,
      "mae": 1.2364949385325115,
      "r2": 0.0,
      "block_inclusion_accuracy": 1.0,
      "avg_overpay_sat_vb": 1.2364949385325115,
      "median_overpay_sat_vb": 1.1404597163200378,
      "avg_underpay_sat_vb": 0.0,
      "overpay_mape": 123.64949385325114,
      "within_10pct": 0.16666666666666666,
      "within_20pct": 0.16666666666666666,
      "within_50pct": 0.16666666666666666,
      "asymmetric_loss": 0.6861699198212833,
      "mape": 123.64949385325114
    },
    "6block": {
      "horizon_blocks": 6,
      "mse": 2.2872330660709443,
      "rmse": 1.512360098015993,
      "mae": 1.2364949385325115,
      "r2": 0.0,
      "block_inclusion_accuracy": 1.0,
      "avg_overpay_sat_vb": 1.2364949385325115,
      "median_overpay_sat_vb": 1.1404597163200378,
      "avg_underpay_sat_vb": 0.0,
      "overpay_mape": 123.64949385325114,
      "within_10pct": 0.16666666666666666,
      "within_20pct": 0.16666666666666666,
      "within_50pct": 0.16666666666666666,
      "asymmetric_loss": 0.6861699198212833,
      "mape": 123.64949385325114
    }
  },
  "lgb_results": {
    "1block": {
      "horizon_blocks": 1,
      "model_type": "lightgbm",
      "mse": 0.0,
      "rmse": 0.0,
      "mae": 0.0,
      "r2": 1.0,
      "block_inclusion_accuracy": 1.0,
      "avg_overpay_sat_vb": 0.0,
      "avg_underpay_sat_vb": 0.0,
      "within_10pct": 1.0,
      "within_20pct": 1.0,
      "within_50pct": 1.0,
      "asymmetric_loss": 0.0,
      "mape": 0.0
    },
    "3block": {
      "horizon_blocks": 3,
      "model_type": "lightgbm",
      "mse": 1.672260022680131e-05,
      "rmse": 0.004089327600816705,
      "mae": 0.004089327600816706,
      "r2": 0.0,
      "block_inclusion_accuracy": 1.0,
      "avg_overpay_sat_vb": 0.004089327600816706,
      "avg_underpay_sat_vb": 0.0,
      "within_10pct": 1.0,
      "within_20pct": 1.0,
      "within_50pct": 1.0,
      "asymmetric_loss": 5.016780068040395e-06,
      "mape": 0.40893276008167057
    },
    "6block": {
      "horizon_blocks": 6,
      "model_type": "lightgbm",
      "mse": 0.0,
      "rmse": 0.0,
      "mae": 0.0,
      "r2": 1.0,
      "block_inclusion_accuracy": 1.0,
      "avg_overpay_sat_vb": 0.0,
      "avg_underpay_sat_vb": 0.0,
      "within_10pct": 1.0,
      "within_20pct": 1.0,
      "within_50pct": 1.0,
      "asymmetric_loss": 0.0,
      "mape": 0.0
    }
  }
}