{
  "timestamp": "2026-05-16T16:05:14.417424",
  "duration_seconds": 2.560905,
  "xgb_results": {
    "1block": {
      "horizon_blocks": 1,
      "mse": 0.9397670683747705,
      "rmse": 0.9694158387269988,
      "mae": 0.9665210048357645,
      "r2": 0.0,
      "block_inclusion_accuracy": 0.0,
      "avg_overpay_sat_vb": 0.0,
      "median_overpay_sat_vb": 0.0,
      "avg_underpay_sat_vb": 0.9665210048357645,
      "overpay_mape": 0.0,
      "within_10pct": 0.0,
      "within_20pct": 0.0,
      "within_50pct": 0.16666666666666666,
      "asymmetric_loss": 0.6578369478623394,
      "mape": 48.326050241788224
    },
    "3block": {
      "horizon_blocks": 3,
      "mse": 9.01135050189373,
      "rmse": 3.0018911542382294,
      "mae": 2.935518741607666,
      "r2": 0.0,
      "block_inclusion_accuracy": 1.0,
      "avg_overpay_sat_vb": 2.935518741607666,
      "median_overpay_sat_vb": 2.6023550033569336,
      "avg_underpay_sat_vb": 0.0,
      "overpay_mape": 146.7759370803833,
      "within_10pct": 0.0,
      "within_20pct": 0.0,
      "within_50pct": 0.0,
      "asymmetric_loss": 2.70340515056812,
      "mape": 146.7759370803833
    },
    "6block": {
      "horizon_blocks": 6,
      "mse": 9.01135050189373,
      "rmse": 3.0018911542382294,
      "mae": 2.935518741607666,
      "r2": 0.0,
      "block_inclusion_accuracy": 1.0,
      "avg_overpay_sat_vb": 2.935518741607666,
      "median_overpay_sat_vb": 2.6023550033569336,
      "avg_underpay_sat_vb": 0.0,
      "overpay_mape": 146.7759370803833,
      "within_10pct": 0.0,
      "within_20pct": 0.0,
      "within_50pct": 0.0,
      "asymmetric_loss": 2.70340515056812,
      "mape": 146.7759370803833
    }
  },
  "lgb_results": {
    "1block": {
      "horizon_blocks": 1,
      "model_type": "lightgbm",
      "mse": 0.8915932075814492,
      "rmse": 0.9442421339791236,
      "mae": 0.9442421339791237,
      "r2": 0.0,
      "block_inclusion_accuracy": 0.0,
      "avg_overpay_sat_vb": 0.0,
      "avg_underpay_sat_vb": 0.9442421339791237,
      "within_10pct": 0.0,
      "within_20pct": 0.0,
      "within_50pct": 1.0,
      "asymmetric_loss": 0.6241152453070145,
      "mape": 47.212106698956184
    },
    "3block": {
      "horizon_blocks": 3,
      "model_type": "lightgbm",
      "mse": 0.9918380673985933,
      "rmse": 0.9959106723991832,
      "mae": 0.9959106723991834,
      "r2": 0.0,
      "block_inclusion_accuracy": 0.0,
      "avg_overpay_sat_vb": 0.0,
      "avg_underpay_sat_vb": 0.9959106723991834,
      "within_10pct": 0.0,
      "within_20pct": 0.0,
      "within_50pct": 1.0,
      "asymmetric_loss": 0.6942866471790153,
      "mape": 49.79553361995917
    },
    "6block": {
      "horizon_blocks": 6,
      "model_type": "lightgbm",
      "mse": 1.0,
      "rmse": 1.0,
      "mae": 1.0,
      "r2": 0.0,
      "block_inclusion_accuracy": 0.0,
      "avg_overpay_sat_vb": 0.0,
      "avg_underpay_sat_vb": 1.0,
      "within_10pct": 0.0,
      "within_20pct": 0.0,
      "within_50pct": 0.0,
      "asymmetric_loss": 0.7000000000000001,
      "mape": 50.0
    }
  }
}