{
  "timestamp": "2026-04-23T11:14:46.645301",
  "duration_seconds": 0.857964,
  "xgb_results": {
    "1block": {
      "horizon_blocks": 1,
      "mse": 0.05826625838338373,
      "rmse": 0.24138404749151035,
      "mae": 0.21396934986114502,
      "r2": 0.0,
      "block_inclusion_accuracy": 0.0,
      "avg_overpay_sat_vb": 0.0,
      "median_overpay_sat_vb": 0.0,
      "avg_underpay_sat_vb": 0.21396934986114502,
      "overpay_mape": 0.0,
      "within_10pct": 1.0,
      "within_20pct": 1.0,
      "within_50pct": 1.0,
      "asymmetric_loss": 0.04078638086836861,
      "mape": 5.3492337465286255
    },
    "3block": {
      "horizon_blocks": 3,
      "mse": 5.1715172667958695,
      "rmse": 2.2740970222916763,
      "mae": 2.1959009170532227,
      "r2": -36.234924320930254,
      "block_inclusion_accuracy": 0.0,
      "avg_overpay_sat_vb": 0.0,
      "median_overpay_sat_vb": 0.0,
      "avg_underpay_sat_vb": 2.1959009170532227,
      "overpay_mape": 0.0,
      "within_10pct": 0.0,
      "within_20pct": 0.0,
      "within_50pct": 0.3333333333333333,
      "asymmetric_loss": 3.6200620867571085,
      "mape": 52.11868027846018
    },
    "6block": {
      "horizon_blocks": 6,
      "mse": 5.1715172667958695,
      "rmse": 2.2740970222916763,
      "mae": 2.1959009170532227,
      "r2": -36.234924320930254,
      "block_inclusion_accuracy": 0.0,
      "avg_overpay_sat_vb": 0.0,
      "median_overpay_sat_vb": 0.0,
      "avg_underpay_sat_vb": 2.1959009170532227,
      "overpay_mape": 0.0,
      "within_10pct": 0.0,
      "within_20pct": 0.0,
      "within_50pct": 0.3333333333333333,
      "asymmetric_loss": 3.6200620867571085,
      "mape": 52.11868027846018
    }
  },
  "lgb_results": {
    "1block": {
      "horizon_blocks": 1,
      "model_type": "lightgbm",
      "mse": 6.81953942927698,
      "rmse": 2.6114247891289115,
      "mae": 2.61142468151054,
      "r2": 0.0,
      "block_inclusion_accuracy": 0.0,
      "avg_overpay_sat_vb": 0.0,
      "avg_underpay_sat_vb": 2.61142468151054,
      "within_10pct": 0.0,
      "within_20pct": 0.0,
      "within_50pct": 0.0,
      "asymmetric_loss": 4.773677600493886,
      "mape": 65.2856170377635
    },
    "3block": {
      "horizon_blocks": 3,
      "model_type": "lightgbm",
      "mse": 10.166666666666666,
      "rmse": 3.1885210782848317,
      "mae": 3.1666666666666665,
      "r2": -72.2,
      "block_inclusion_accuracy": 0.0,
      "avg_overpay_sat_vb": 0.0,
      "avg_underpay_sat_vb": 3.1666666666666665,
      "within_10pct": 0.0,
      "within_20pct": 0.0,
      "within_50pct": 0.0,
      "asymmetric_loss": 7.116666666666667,
      "mape": 75.83333333333333
    },
    "6block": {
      "horizon_blocks": 6,
      "model_type": "lightgbm",
      "mse": 9.879666541910714,
      "rmse": 3.143193685077443,
      "mae": 3.1210218924291167,
      "r2": -70.13359910175714,
      "block_inclusion_accuracy": 0.0,
      "avg_overpay_sat_vb": 0.0,
      "avg_underpay_sat_vb": 3.1210218924291167,
      "within_10pct": 0.0,
      "within_20pct": 0.0,
      "within_50pct": 0.0,
      "asymmetric_loss": 6.9157665793375,
      "mape": 74.73025128925921
    }
  }
}