{
  "timestamp": "2026-04-18T23:40:59.046340",
  "duration_seconds": 0.666354,
  "xgb_results": {
    "1block": {
      "horizon_blocks": 1,
      "mse": 0.043070024376348215,
      "rmse": 0.20753318861413037,
      "mae": 0.20108834902445474,
      "r2": 0.0,
      "block_inclusion_accuracy": 0.0,
      "avg_overpay_sat_vb": 0.0,
      "median_overpay_sat_vb": 0.0,
      "avg_underpay_sat_vb": 0.20108834902445474,
      "overpay_mape": 0.0,
      "within_10pct": 0.5,
      "within_20pct": 1.0,
      "within_50pct": 1.0,
      "asymmetric_loss": 0.03014901706344375,
      "mape": 10.054417451222736
    },
    "3block": {
      "horizon_blocks": 3,
      "mse": 0.044741691859473555,
      "rmse": 0.21152232000305204,
      "mae": 0.18174240986506143,
      "r2": 0.0,
      "block_inclusion_accuracy": 0.3333333333333333,
      "avg_overpay_sat_vb": 0.06168925762176514,
      "median_overpay_sat_vb": 0.0,
      "avg_underpay_sat_vb": 0.12005315224329631,
      "overpay_mape": 3.084462881088257,
      "within_10pct": 0.6666666666666666,
      "within_20pct": 1.0,
      "within_50pct": 1.0,
      "asymmetric_loss": 0.02364143481402839,
      "mape": 9.087120493253071
    },
    "6block": {
      "horizon_blocks": 6,
      "mse": 0.044741691859473555,
      "rmse": 0.21152232000305204,
      "mae": 0.18174240986506143,
      "r2": 0.0,
      "block_inclusion_accuracy": 0.3333333333333333,
      "avg_overpay_sat_vb": 0.06168925762176514,
      "median_overpay_sat_vb": 0.0,
      "avg_underpay_sat_vb": 0.12005315224329631,
      "overpay_mape": 3.084462881088257,
      "within_10pct": 0.6666666666666666,
      "within_20pct": 1.0,
      "within_50pct": 1.0,
      "asymmetric_loss": 0.02364143481402839,
      "mape": 9.087120493253071
    }
  },
  "lgb_results": {
    "1block": {
      "horizon_blocks": 1,
      "model_type": "lightgbm",
      "mse": 1.0,
      "rmse": 1.0,
      "mae": 1.0,
      "r2": 0.0,
      "block_inclusion_accuracy": 0.0,
      "avg_overpay_sat_vb": 0.0,
      "avg_underpay_sat_vb": 1.0,
      "within_10pct": 0.0,
      "within_20pct": 0.0,
      "within_50pct": 0.0,
      "asymmetric_loss": 0.7000000000000001,
      "mape": 50.0
    },
    "3block": {
      "horizon_blocks": 3,
      "model_type": "lightgbm",
      "mse": 0.9918380673985933,
      "rmse": 0.9959106723991832,
      "mae": 0.9959106723991834,
      "r2": 0.0,
      "block_inclusion_accuracy": 0.0,
      "avg_overpay_sat_vb": 0.0,
      "avg_underpay_sat_vb": 0.9959106723991834,
      "within_10pct": 0.0,
      "within_20pct": 0.0,
      "within_50pct": 1.0,
      "asymmetric_loss": 0.6942866471790153,
      "mape": 49.79553361995917
    },
    "6block": {
      "horizon_blocks": 6,
      "model_type": "lightgbm",
      "mse": 1.0,
      "rmse": 1.0,
      "mae": 1.0,
      "r2": 0.0,
      "block_inclusion_accuracy": 0.0,
      "avg_overpay_sat_vb": 0.0,
      "avg_underpay_sat_vb": 1.0,
      "within_10pct": 0.0,
      "within_20pct": 0.0,
      "within_50pct": 0.0,
      "asymmetric_loss": 0.7000000000000001,
      "mape": 50.0
    }
  }
}