{
  "timestamp": "2026-06-06T19:23:08.143716",
  "duration_seconds": 3.388096,
  "xgb_results": {
    "1block": {
      "horizon_blocks": 1,
      "mse": 0.7375214914397551,
      "rmse": 0.8587907145747182,
      "mae": 0.819620688756307,
      "r2": 0.0,
      "block_inclusion_accuracy": 0.0,
      "avg_overpay_sat_vb": 0.0,
      "median_overpay_sat_vb": 0.0,
      "avg_underpay_sat_vb": 0.819620688756307,
      "overpay_mape": 0.0,
      "within_10pct": 0.0,
      "within_20pct": 0.0,
      "within_50pct": 0.3333333333333333,
      "asymmetric_loss": 0.5162650440078286,
      "mape": 40.98103443781535
    },
    "3block": {
      "horizon_blocks": 3,
      "mse": 1.0457635212773084,
      "rmse": 1.0226257972872133,
      "mae": 1.0214955806732178,
      "r2": 0.0,
      "block_inclusion_accuracy": 0.16666666666666666,
      "avg_overpay_sat_vb": 0.18816224733988443,
      "median_overpay_sat_vb": 0.0,
      "avg_underpay_sat_vb": 0.8333333333333334,
      "overpay_mape": 9.40811236699422,
      "within_10pct": 0.0,
      "within_20pct": 0.0,
      "within_50pct": 0.0,
      "asymmetric_loss": 0.6470623897165259,
      "mape": 51.07477903366089
    },
    "6block": {
      "horizon_blocks": 6,
      "mse": 1.0457635212773084,
      "rmse": 1.0226257972872133,
      "mae": 1.0214955806732178,
      "r2": 0.0,
      "block_inclusion_accuracy": 0.16666666666666666,
      "avg_overpay_sat_vb": 0.18816224733988443,
      "median_overpay_sat_vb": 0.0,
      "avg_underpay_sat_vb": 0.8333333333333334,
      "overpay_mape": 9.40811236699422,
      "within_10pct": 0.0,
      "within_20pct": 0.0,
      "within_50pct": 0.0,
      "asymmetric_loss": 0.6470623897165259,
      "mape": 51.07477903366089
    }
  },
  "lgb_results": {
    "1block": {
      "horizon_blocks": 1,
      "model_type": "lightgbm",
      "mse": 0.8617672124298753,
      "rmse": 0.9283141776520896,
      "mae": 0.9283141776520897,
      "r2": 0.0,
      "block_inclusion_accuracy": 0.0,
      "avg_overpay_sat_vb": 0.0,
      "avg_underpay_sat_vb": 0.9283141776520897,
      "within_10pct": 0.0,
      "within_20pct": 0.0,
      "within_50pct": 1.0,
      "asymmetric_loss": 0.6032370487009127,
      "mape": 46.415708882604484
    },
    "3block": {
      "horizon_blocks": 3,
      "model_type": "lightgbm",
      "mse": 1.0,
      "rmse": 1.0,
      "mae": 1.0,
      "r2": 0.0,
      "block_inclusion_accuracy": 0.0,
      "avg_overpay_sat_vb": 0.0,
      "avg_underpay_sat_vb": 1.0,
      "within_10pct": 0.0,
      "within_20pct": 0.0,
      "within_50pct": 0.0,
      "asymmetric_loss": 0.7000000000000001,
      "mape": 50.0
    },
    "6block": {
      "horizon_blocks": 6,
      "model_type": "lightgbm",
      "mse": 1.0,
      "rmse": 1.0,
      "mae": 1.0,
      "r2": 0.0,
      "block_inclusion_accuracy": 0.0,
      "avg_overpay_sat_vb": 0.0,
      "avg_underpay_sat_vb": 1.0,
      "within_10pct": 0.0,
      "within_20pct": 0.0,
      "within_50pct": 0.0,
      "asymmetric_loss": 0.7000000000000001,
      "mape": 50.0
    }
  }
}