{
  "timestamp": "2026-05-02T21:47:03.166949",
  "duration_seconds": 1.66495,
  "xgb_results": {
    "1block": {
      "horizon_blocks": 1,
      "mse": 0.8087233201642997,
      "rmse": 0.8992904537268811,
      "mae": 0.8205887873967489,
      "r2": -4.822807905182959,
      "block_inclusion_accuracy": 0.16666666666666666,
      "avg_overpay_sat_vb": 0.0,
      "median_overpay_sat_vb": 0.0,
      "avg_underpay_sat_vb": 0.8205887873967489,
      "overpay_mape": 0.0,
      "within_10pct": 0.16666666666666666,
      "within_20pct": 0.16666666666666666,
      "within_50pct": 0.5,
      "asymmetric_loss": 0.5661063241150098,
      "mape": 41.02943936983745
    },
    "3block": {
      "horizon_blocks": 3,
      "mse": 0.2538129693381208,
      "rmse": 0.5037985404287321,
      "mae": 0.39541441202163696,
      "r2": 0.0,
      "block_inclusion_accuracy": 0.8333333333333334,
      "avg_overpay_sat_vb": 0.3461274703343709,
      "median_overpay_sat_vb": 0.2797732353210449,
      "avg_underpay_sat_vb": 0.04928694168726603,
      "overpay_mape": 17.306373516718544,
      "within_10pct": 0.3333333333333333,
      "within_20pct": 0.5,
      "within_50pct": 1.0,
      "asymmetric_loss": 0.08197397709155776,
      "mape": 19.770720601081848
    },
    "6block": {
      "horizon_blocks": 6,
      "mse": 0.2538129693381208,
      "rmse": 0.5037985404287321,
      "mae": 0.39541441202163696,
      "r2": 0.0,
      "block_inclusion_accuracy": 0.8333333333333334,
      "avg_overpay_sat_vb": 0.3461274703343709,
      "median_overpay_sat_vb": 0.2797732353210449,
      "avg_underpay_sat_vb": 0.04928694168726603,
      "overpay_mape": 17.306373516718544,
      "within_10pct": 0.3333333333333333,
      "within_20pct": 0.5,
      "within_50pct": 1.0,
      "asymmetric_loss": 0.08197397709155776,
      "mape": 19.770720601081848
    }
  },
  "lgb_results": {
    "1block": {
      "horizon_blocks": 1,
      "model_type": "lightgbm",
      "mse": 0.8333333333333334,
      "rmse": 0.9128709291752769,
      "mae": 0.8333333333333334,
      "r2": -5.000000000000001,
      "block_inclusion_accuracy": 0.16666666666666666,
      "avg_overpay_sat_vb": 0.0,
      "avg_underpay_sat_vb": 0.8333333333333334,
      "within_10pct": 0.16666666666666666,
      "within_20pct": 0.16666666666666666,
      "within_50pct": 0.16666666666666666,
      "asymmetric_loss": 0.5833333333333334,
      "mape": 41.66666666666667
    },
    "3block": {
      "horizon_blocks": 3,
      "model_type": "lightgbm",
      "mse": 0.9918380673985933,
      "rmse": 0.9959106723991832,
      "mae": 0.9959106723991834,
      "r2": 0.0,
      "block_inclusion_accuracy": 0.0,
      "avg_overpay_sat_vb": 0.0,
      "avg_underpay_sat_vb": 0.9959106723991834,
      "within_10pct": 0.0,
      "within_20pct": 0.0,
      "within_50pct": 1.0,
      "asymmetric_loss": 0.6942866471790153,
      "mape": 49.79553361995917
    },
    "6block": {
      "horizon_blocks": 6,
      "model_type": "lightgbm",
      "mse": 1.0,
      "rmse": 1.0,
      "mae": 1.0,
      "r2": 0.0,
      "block_inclusion_accuracy": 0.0,
      "avg_overpay_sat_vb": 0.0,
      "avg_underpay_sat_vb": 1.0,
      "within_10pct": 0.0,
      "within_20pct": 0.0,
      "within_50pct": 0.0,
      "asymmetric_loss": 0.7000000000000001,
      "mape": 50.0
    }
  }
}