{
  "timestamp": "2026-06-06T06:36:48.904026",
  "duration_seconds": 3.610601,
  "xgb_results": {
    "1block": {
      "horizon_blocks": 1,
      "mse": 0.6590440283362398,
      "rmse": 0.8118152673707484,
      "mae": 0.5961960554122925,
      "r2": 0.0,
      "block_inclusion_accuracy": 0.5,
      "avg_overpay_sat_vb": 0.44964333375295,
      "median_overpay_sat_vb": 0.14428210258483887,
      "avg_underpay_sat_vb": 0.14655272165934244,
      "overpay_mape": 22.4821666876475,
      "within_10pct": 0.16666666666666666,
      "within_20pct": 0.5,
      "within_50pct": 0.8333333333333334,
      "asymmetric_loss": 0.21860139562729072,
      "mape": 29.809802770614624
    },
    "3block": {
      "horizon_blocks": 3,
      "mse": 3.0,
      "rmse": 1.7320508075688772,
      "mae": 1.6666666666666667,
      "r2": -12.5,
      "block_inclusion_accuracy": 0.0,
      "avg_overpay_sat_vb": 0.0,
      "median_overpay_sat_vb": 0.0,
      "avg_underpay_sat_vb": 1.6666666666666667,
      "overpay_mape": 0.0,
      "within_10pct": 0.0,
      "within_20pct": 0.0,
      "within_50pct": 0.0,
      "asymmetric_loss": 2.0999999999999996,
      "mape": 61.11111111111111
    },
    "6block": {
      "horizon_blocks": 6,
      "mse": 3.0,
      "rmse": 1.7320508075688772,
      "mae": 1.6666666666666667,
      "r2": -12.5,
      "block_inclusion_accuracy": 0.0,
      "avg_overpay_sat_vb": 0.0,
      "median_overpay_sat_vb": 0.0,
      "avg_underpay_sat_vb": 1.6666666666666667,
      "overpay_mape": 0.0,
      "within_10pct": 0.0,
      "within_20pct": 0.0,
      "within_50pct": 0.0,
      "asymmetric_loss": 2.0999999999999996,
      "mape": 61.11111111111111
    }
  },
  "lgb_results": {
    "1block": {
      "horizon_blocks": 1,
      "model_type": "lightgbm",
      "mse": 0.4774706880946822,
      "rmse": 0.6909925383784417,
      "mae": 0.6909918062904108,
      "r2": 0.0,
      "block_inclusion_accuracy": 0.0,
      "avg_overpay_sat_vb": 0.0,
      "avg_underpay_sat_vb": 0.6909918062904108,
      "within_10pct": 0.0,
      "within_20pct": 0.0,
      "within_50pct": 1.0,
      "asymmetric_loss": 0.3342294816662776,
      "mape": 34.54959031452054
    },
    "3block": {
      "horizon_blocks": 3,
      "model_type": "lightgbm",
      "mse": 3.0,
      "rmse": 1.7320508075688772,
      "mae": 1.6666666666666667,
      "r2": -12.5,
      "block_inclusion_accuracy": 0.0,
      "avg_overpay_sat_vb": 0.0,
      "avg_underpay_sat_vb": 1.6666666666666667,
      "within_10pct": 0.0,
      "within_20pct": 0.0,
      "within_50pct": 0.0,
      "asymmetric_loss": 2.0999999999999996,
      "mape": 61.11111111111111
    },
    "6block": {
      "horizon_blocks": 6,
      "model_type": "lightgbm",
      "mse": 3.0,
      "rmse": 1.7320508075688772,
      "mae": 1.6666666666666667,
      "r2": -12.5,
      "block_inclusion_accuracy": 0.0,
      "avg_overpay_sat_vb": 0.0,
      "avg_underpay_sat_vb": 1.6666666666666667,
      "within_10pct": 0.0,
      "within_20pct": 0.0,
      "within_50pct": 0.0,
      "asymmetric_loss": 2.0999999999999996,
      "mape": 61.11111111111111
    }
  }
}