{
  "timestamp": "2026-06-21T19:35:22.492170",
  "duration_seconds": 4.486636,
  "xgb_results": {
    "1block": {
      "horizon_blocks": 1,
      "mse": 1.1283682747982102,
      "rmse": 1.062246805030832,
      "mae": 1.0550820430119832,
      "r2": 0.0,
      "block_inclusion_accuracy": 0.16666666666666666,
      "avg_overpay_sat_vb": 0.2217487096786499,
      "median_overpay_sat_vb": 0.0,
      "avg_underpay_sat_vb": 0.8333333333333334,
      "overpay_mape": 11.087435483932495,
      "within_10pct": 0.0,
      "within_20pct": 0.0,
      "within_50pct": 0.0,
      "asymmetric_loss": 0.6718438157727964,
      "mape": 52.75410215059916
    },
    "3block": {
      "horizon_blocks": 3,
      "mse": 17.104780824553398,
      "rmse": 4.135792647673889,
      "mae": 3.8521769841512046,
      "r2": 0.0,
      "block_inclusion_accuracy": 0.8333333333333334,
      "avg_overpay_sat_vb": 3.6855103174845376,
      "median_overpay_sat_vb": 4.483992338180542,
      "avg_underpay_sat_vb": 0.16666666666666666,
      "overpay_mape": 184.27551587422687,
      "within_10pct": 0.0,
      "within_20pct": 0.0,
      "within_50pct": 0.0,
      "asymmetric_loss": 5.198100914032687,
      "mape": 192.60884920756024
    },
    "6block": {
      "horizon_blocks": 6,
      "mse": 17.104780824553398,
      "rmse": 4.135792647673889,
      "mae": 3.8521769841512046,
      "r2": 0.0,
      "block_inclusion_accuracy": 0.8333333333333334,
      "avg_overpay_sat_vb": 3.6855103174845376,
      "median_overpay_sat_vb": 4.483992338180542,
      "avg_underpay_sat_vb": 0.16666666666666666,
      "overpay_mape": 184.27551587422687,
      "within_10pct": 0.0,
      "within_20pct": 0.0,
      "within_50pct": 0.0,
      "asymmetric_loss": 5.198100914032687,
      "mape": 192.60884920756024
    }
  },
  "lgb_results": {
    "1block": {
      "horizon_blocks": 1,
      "model_type": "lightgbm",
      "mse": 0.4952789906545943,
      "rmse": 0.7037606060689915,
      "mae": 0.7037606060689915,
      "r2": 0.0,
      "block_inclusion_accuracy": 0.0,
      "avg_overpay_sat_vb": 0.0,
      "avg_underpay_sat_vb": 0.7037606060689915,
      "within_10pct": 0.0,
      "within_20pct": 0.0,
      "within_50pct": 1.0,
      "asymmetric_loss": 0.346695293458216,
      "mape": 35.18803030344957
    },
    "3block": {
      "horizon_blocks": 3,
      "model_type": "lightgbm",
      "mse": 0.9918380673985933,
      "rmse": 0.9959106723991832,
      "mae": 0.9959106723991834,
      "r2": 0.0,
      "block_inclusion_accuracy": 0.0,
      "avg_overpay_sat_vb": 0.0,
      "avg_underpay_sat_vb": 0.9959106723991834,
      "within_10pct": 0.0,
      "within_20pct": 0.0,
      "within_50pct": 1.0,
      "asymmetric_loss": 0.6942866471790153,
      "mape": 49.79553361995917
    },
    "6block": {
      "horizon_blocks": 6,
      "model_type": "lightgbm",
      "mse": 1.0,
      "rmse": 1.0,
      "mae": 1.0,
      "r2": 0.0,
      "block_inclusion_accuracy": 0.0,
      "avg_overpay_sat_vb": 0.0,
      "avg_underpay_sat_vb": 1.0,
      "within_10pct": 0.0,
      "within_20pct": 0.0,
      "within_50pct": 0.0,
      "asymmetric_loss": 0.7000000000000001,
      "mape": 50.0
    }
  }
}