{
  "timestamp": "2026-04-18T14:10:19.590433",
  "duration_seconds": 0.579211,
  "xgb_results": {
    "1block": {
      "horizon_blocks": 1,
      "mse": 0.02157940465010455,
      "rmse": 0.14689930105383261,
      "mae": 0.13916550079981485,
      "r2": 0.0,
      "block_inclusion_accuracy": 0.0,
      "avg_overpay_sat_vb": 0.0,
      "median_overpay_sat_vb": 0.0,
      "avg_underpay_sat_vb": 0.13916550079981485,
      "overpay_mape": 0.0,
      "within_10pct": 0.8333333333333334,
      "within_20pct": 1.0,
      "within_50pct": 1.0,
      "asymmetric_loss": 0.015105583255073184,
      "mape": 6.958275039990743
    },
    "3block": {
      "horizon_blocks": 3,
      "mse": 0.19781395858804748,
      "rmse": 0.4447628116064196,
      "mae": 0.43427006403605145,
      "r2": 0.0,
      "block_inclusion_accuracy": 1.0,
      "avg_overpay_sat_vb": 0.43427006403605145,
      "median_overpay_sat_vb": 0.42412853240966797,
      "avg_underpay_sat_vb": 0.0,
      "overpay_mape": 21.713503201802574,
      "within_10pct": 0.0,
      "within_20pct": 0.3333333333333333,
      "within_50pct": 1.0,
      "asymmetric_loss": 0.05934418757641425,
      "mape": 21.713503201802574
    },
    "6block": {
      "horizon_blocks": 6,
      "mse": 0.19781395858804748,
      "rmse": 0.4447628116064196,
      "mae": 0.43427006403605145,
      "r2": 0.0,
      "block_inclusion_accuracy": 1.0,
      "avg_overpay_sat_vb": 0.43427006403605145,
      "median_overpay_sat_vb": 0.42412853240966797,
      "avg_underpay_sat_vb": 0.0,
      "overpay_mape": 21.713503201802574,
      "within_10pct": 0.0,
      "within_20pct": 0.3333333333333333,
      "within_50pct": 1.0,
      "asymmetric_loss": 0.05934418757641425,
      "mape": 21.713503201802574
    }
  },
  "lgb_results": {
    "1block": {
      "horizon_blocks": 1,
      "model_type": "lightgbm",
      "mse": 1.0,
      "rmse": 1.0,
      "mae": 1.0,
      "r2": 0.0,
      "block_inclusion_accuracy": 0.0,
      "avg_overpay_sat_vb": 0.0,
      "avg_underpay_sat_vb": 1.0,
      "within_10pct": 0.0,
      "within_20pct": 0.0,
      "within_50pct": 0.0,
      "asymmetric_loss": 0.7000000000000001,
      "mape": 50.0
    },
    "3block": {
      "horizon_blocks": 3,
      "model_type": "lightgbm",
      "mse": 0.9918380673985933,
      "rmse": 0.9959106723991832,
      "mae": 0.9959106723991834,
      "r2": 0.0,
      "block_inclusion_accuracy": 0.0,
      "avg_overpay_sat_vb": 0.0,
      "avg_underpay_sat_vb": 0.9959106723991834,
      "within_10pct": 0.0,
      "within_20pct": 0.0,
      "within_50pct": 1.0,
      "asymmetric_loss": 0.6942866471790153,
      "mape": 49.79553361995917
    },
    "6block": {
      "horizon_blocks": 6,
      "model_type": "lightgbm",
      "mse": 1.0,
      "rmse": 1.0,
      "mae": 1.0,
      "r2": 0.0,
      "block_inclusion_accuracy": 0.0,
      "avg_overpay_sat_vb": 0.0,
      "avg_underpay_sat_vb": 1.0,
      "within_10pct": 0.0,
      "within_20pct": 0.0,
      "within_50pct": 0.0,
      "asymmetric_loss": 0.7000000000000001,
      "mape": 50.0
    }
  }
}