{
  "timestamp": "2026-05-24T18:06:57.734381",
  "duration_seconds": 3.087811,
  "xgb_results": {
    "1block": {
      "horizon_blocks": 1,
      "mse": 0.33196786012324725,
      "rmse": 0.5761665211752999,
      "mae": 0.5088435411453247,
      "r2": 0.0,
      "block_inclusion_accuracy": 0.0,
      "avg_overpay_sat_vb": 0.0,
      "median_overpay_sat_vb": 0.0,
      "avg_underpay_sat_vb": 0.5088435411453247,
      "overpay_mape": 0.0,
      "within_10pct": 0.16666666666666666,
      "within_20pct": 0.3333333333333333,
      "within_50pct": 1.0,
      "asymmetric_loss": 0.23237750208627306,
      "mape": 25.442177057266235
    },
    "3block": {
      "horizon_blocks": 3,
      "mse": 0.33104294240983495,
      "rmse": 0.5753633134027881,
      "mae": 0.4936216076215108,
      "r2": 0.0,
      "block_inclusion_accuracy": 0.5,
      "avg_overpay_sat_vb": 0.1812148094177246,
      "median_overpay_sat_vb": 0.012766480445861816,
      "avg_underpay_sat_vb": 0.3124067982037862,
      "overpay_mape": 9.06074047088623,
      "within_10pct": 0.16666666666666666,
      "within_20pct": 0.3333333333333333,
      "within_50pct": 0.8333333333333334,
      "asymmetric_loss": 0.19147232810914616,
      "mape": 24.68108038107554
    },
    "6block": {
      "horizon_blocks": 6,
      "mse": 0.33104294240983495,
      "rmse": 0.5753633134027881,
      "mae": 0.4936216076215108,
      "r2": 0.0,
      "block_inclusion_accuracy": 0.5,
      "avg_overpay_sat_vb": 0.1812148094177246,
      "median_overpay_sat_vb": 0.012766480445861816,
      "avg_underpay_sat_vb": 0.3124067982037862,
      "overpay_mape": 9.06074047088623,
      "within_10pct": 0.16666666666666666,
      "within_20pct": 0.3333333333333333,
      "within_50pct": 0.8333333333333334,
      "asymmetric_loss": 0.19147232810914616,
      "mape": 24.68108038107554
    }
  },
  "lgb_results": {
    "1block": {
      "horizon_blocks": 1,
      "model_type": "lightgbm",
      "mse": 0.7603881325571217,
      "rmse": 0.8720023695822859,
      "mae": 0.8720023695822859,
      "r2": 0.0,
      "block_inclusion_accuracy": 0.0,
      "avg_overpay_sat_vb": 0.0,
      "avg_underpay_sat_vb": 0.8720023695822859,
      "within_10pct": 0.0,
      "within_20pct": 0.0,
      "within_50pct": 1.0,
      "asymmetric_loss": 0.5322716927899852,
      "mape": 43.6001184791143
    },
    "3block": {
      "horizon_blocks": 3,
      "model_type": "lightgbm",
      "mse": 1.0,
      "rmse": 1.0,
      "mae": 1.0,
      "r2": 0.0,
      "block_inclusion_accuracy": 0.0,
      "avg_overpay_sat_vb": 0.0,
      "avg_underpay_sat_vb": 1.0,
      "within_10pct": 0.0,
      "within_20pct": 0.0,
      "within_50pct": 0.0,
      "asymmetric_loss": 0.7000000000000001,
      "mape": 50.0
    },
    "6block": {
      "horizon_blocks": 6,
      "model_type": "lightgbm",
      "mse": 1.0,
      "rmse": 1.0,
      "mae": 1.0,
      "r2": 0.0,
      "block_inclusion_accuracy": 0.0,
      "avg_overpay_sat_vb": 0.0,
      "avg_underpay_sat_vb": 1.0,
      "within_10pct": 0.0,
      "within_20pct": 0.0,
      "within_50pct": 0.0,
      "asymmetric_loss": 0.7000000000000001,
      "mape": 50.0
    }
  }
}