{
  "timestamp": "2026-05-16T15:02:58.781981",
  "duration_seconds": 2.471974,
  "xgb_results": {
    "1block": {
      "horizon_blocks": 1,
      "mse": 5.245531465145949,
      "rmse": 2.2903125256492722,
      "mae": 2.281085729598999,
      "r2": 0.0,
      "block_inclusion_accuracy": 0.0,
      "avg_overpay_sat_vb": 0.0,
      "median_overpay_sat_vb": 0.0,
      "avg_underpay_sat_vb": 2.281085729598999,
      "overpay_mape": 0.0,
      "within_10pct": 0.0,
      "within_20pct": 0.0,
      "within_50pct": 0.16666666666666666,
      "asymmetric_loss": 3.6718720256021644,
      "mape": 57.027143239974976
    },
    "3block": {
      "horizon_blocks": 3,
      "mse": 2.4688902545227336,
      "rmse": 1.571270267816054,
      "mae": 1.3997513055801392,
      "r2": 0.0,
      "block_inclusion_accuracy": 0.8333333333333334,
      "avg_overpay_sat_vb": 1.2720621426900227,
      "median_overpay_sat_vb": 1.313713788986206,
      "avg_underpay_sat_vb": 0.12768916289011636,
      "overpay_mape": 31.80155356725057,
      "within_10pct": 0.0,
      "within_20pct": 0.3333333333333333,
      "within_50pct": 0.6666666666666666,
      "asymmetric_loss": 0.7797979299238089,
      "mape": 34.99378263950348
    },
    "6block": {
      "horizon_blocks": 6,
      "mse": 2.4688902545227336,
      "rmse": 1.571270267816054,
      "mae": 1.3997513055801392,
      "r2": 0.0,
      "block_inclusion_accuracy": 0.8333333333333334,
      "avg_overpay_sat_vb": 1.2720621426900227,
      "median_overpay_sat_vb": 1.313713788986206,
      "avg_underpay_sat_vb": 0.12768916289011636,
      "overpay_mape": 31.80155356725057,
      "within_10pct": 0.0,
      "within_20pct": 0.3333333333333333,
      "within_50pct": 0.6666666666666666,
      "asymmetric_loss": 0.7797979299238089,
      "mape": 34.99378263950348
    }
  },
  "lgb_results": {
    "1block": {
      "horizon_blocks": 1,
      "model_type": "lightgbm",
      "mse": 7.233453965676261,
      "rmse": 2.6895081270887173,
      "mae": 2.689508127088718,
      "r2": 0.0,
      "block_inclusion_accuracy": 0.0,
      "avg_overpay_sat_vb": 0.0,
      "avg_underpay_sat_vb": 2.689508127088718,
      "within_10pct": 0.0,
      "within_20pct": 0.0,
      "within_50pct": 0.0,
      "asymmetric_loss": 5.063417775973382,
      "mape": 67.23770317721794
    },
    "3block": {
      "horizon_blocks": 3,
      "model_type": "lightgbm",
      "mse": 8.975480756995326,
      "rmse": 2.9959106723991833,
      "mae": 2.9959106723991833,
      "r2": 0.0,
      "block_inclusion_accuracy": 0.0,
      "avg_overpay_sat_vb": 0.0,
      "avg_underpay_sat_vb": 2.9959106723991833,
      "within_10pct": 0.0,
      "within_20pct": 0.0,
      "within_50pct": 0.0,
      "asymmetric_loss": 6.282836529896728,
      "mape": 74.89776680997959
    },
    "6block": {
      "horizon_blocks": 6,
      "model_type": "lightgbm",
      "mse": 9.0,
      "rmse": 3.0,
      "mae": 3.0,
      "r2": 0.0,
      "block_inclusion_accuracy": 0.0,
      "avg_overpay_sat_vb": 0.0,
      "avg_underpay_sat_vb": 3.0,
      "within_10pct": 0.0,
      "within_20pct": 0.0,
      "within_50pct": 0.0,
      "asymmetric_loss": 6.3,
      "mape": 75.0
    }
  }
}