{
  "timestamp": "2026-06-13T17:28:19.433297",
  "duration_seconds": 3.94674,
  "xgb_results": {
    "1block": {
      "horizon_blocks": 1,
      "mse": 2.938337268459852,
      "rmse": 1.7141578890113511,
      "mae": 1.2372266054153442,
      "r2": 0.0,
      "block_inclusion_accuracy": 0.5,
      "avg_overpay_sat_vb": 1.1915631294250488,
      "median_overpay_sat_vb": 0.9100985527038574,
      "avg_underpay_sat_vb": 0.04566347599029541,
      "overpay_mape": 39.71877098083496,
      "within_10pct": 0.5,
      "within_20pct": 0.5,
      "within_50pct": 0.5,
      "asymmetric_loss": 0.8836075233258186,
      "mape": 41.240886847178146
    },
    "3block": {
      "horizon_blocks": 3,
      "mse": 2.644396189566654,
      "rmse": 1.6261599520239864,
      "mae": 1.4560565948486328,
      "r2": 0.0,
      "block_inclusion_accuracy": 0.3333333333333333,
      "avg_overpay_sat_vb": 0.41931891441345215,
      "median_overpay_sat_vb": 0.0,
      "avg_underpay_sat_vb": 1.0367376804351807,
      "overpay_mape": 13.977297147115072,
      "within_10pct": 0.16666666666666666,
      "within_20pct": 0.16666666666666666,
      "within_50pct": 0.3333333333333333,
      "asymmetric_loss": 1.5965580340630139,
      "mape": 48.53521982828775
    },
    "6block": {
      "horizon_blocks": 6,
      "mse": 2.644396189566654,
      "rmse": 1.6261599520239864,
      "mae": 1.4560565948486328,
      "r2": 0.0,
      "block_inclusion_accuracy": 0.3333333333333333,
      "avg_overpay_sat_vb": 0.41931891441345215,
      "median_overpay_sat_vb": 0.0,
      "avg_underpay_sat_vb": 1.0367376804351807,
      "overpay_mape": 13.977297147115072,
      "within_10pct": 0.16666666666666666,
      "within_20pct": 0.16666666666666666,
      "within_50pct": 0.3333333333333333,
      "asymmetric_loss": 1.5965580340630139,
      "mape": 48.53521982828775
    }
  },
  "lgb_results": {
    "1block": {
      "horizon_blocks": 1,
      "model_type": "lightgbm",
      "mse": 3.6658658455727084,
      "rmse": 1.91464509650554,
      "mae": 1.9146410549083248,
      "r2": 0.0,
      "block_inclusion_accuracy": 0.0,
      "avg_overpay_sat_vb": 0.0,
      "avg_underpay_sat_vb": 1.9146410549083248,
      "within_10pct": 0.0,
      "within_20pct": 0.0,
      "within_50pct": 0.0,
      "asymmetric_loss": 2.5661060919008953,
      "mape": 63.82136849694417
    },
    "3block": {
      "horizon_blocks": 3,
      "model_type": "lightgbm",
      "mse": 4.0,
      "rmse": 2.0,
      "mae": 2.0,
      "r2": 0.0,
      "block_inclusion_accuracy": 0.0,
      "avg_overpay_sat_vb": 0.0,
      "avg_underpay_sat_vb": 2.0,
      "within_10pct": 0.0,
      "within_20pct": 0.0,
      "within_50pct": 0.0,
      "asymmetric_loss": 2.8000000000000003,
      "mape": 66.66666666666666
    },
    "6block": {
      "horizon_blocks": 6,
      "model_type": "lightgbm",
      "mse": 4.0,
      "rmse": 2.0,
      "mae": 2.0,
      "r2": 0.0,
      "block_inclusion_accuracy": 0.0,
      "avg_overpay_sat_vb": 0.0,
      "avg_underpay_sat_vb": 2.0,
      "within_10pct": 0.0,
      "within_20pct": 0.0,
      "within_50pct": 0.0,
      "asymmetric_loss": 2.8000000000000003,
      "mape": 66.66666666666666
    }
  }
}