{
  "timestamp": "2026-04-24T02:16:41.118594",
  "duration_seconds": 0.856095,
  "xgb_results": {
    "1block": {
      "horizon_blocks": 1,
      "mse": 0.01234956519448834,
      "rmse": 0.11112859755476238,
      "mae": 0.09069371223449707,
      "r2": 0.0,
      "block_inclusion_accuracy": 0.16666666666666666,
      "avg_overpay_sat_vb": 0.00019653638203938803,
      "median_overpay_sat_vb": 0.0,
      "avg_underpay_sat_vb": 0.09049717585245769,
      "overpay_mape": 0.009826819101969402,
      "within_10pct": 1.0,
      "within_20pct": 1.0,
      "within_50pct": 1.0,
      "asymmetric_loss": 0.00864460293242312,
      "mape": 4.5346856117248535
    },
    "3block": {
      "horizon_blocks": 3,
      "mse": 0.6080579332644666,
      "rmse": 0.7797806956218309,
      "mae": 0.7582908868789673,
      "r2": 0.0,
      "block_inclusion_accuracy": 0.0,
      "avg_overpay_sat_vb": 0.0,
      "median_overpay_sat_vb": 0.0,
      "avg_underpay_sat_vb": 0.7582908868789673,
      "overpay_mape": 0.0,
      "within_10pct": 0.0,
      "within_20pct": 0.0,
      "within_50pct": 0.8333333333333334,
      "asymmetric_loss": 0.42564055328512657,
      "mape": 37.914544343948364
    },
    "6block": {
      "horizon_blocks": 6,
      "mse": 0.6080579332644666,
      "rmse": 0.7797806956218309,
      "mae": 0.7582908868789673,
      "r2": 0.0,
      "block_inclusion_accuracy": 0.0,
      "avg_overpay_sat_vb": 0.0,
      "median_overpay_sat_vb": 0.0,
      "avg_underpay_sat_vb": 0.7582908868789673,
      "overpay_mape": 0.0,
      "within_10pct": 0.0,
      "within_20pct": 0.0,
      "within_50pct": 0.8333333333333334,
      "asymmetric_loss": 0.42564055328512657,
      "mape": 37.914544343948364
    }
  },
  "lgb_results": {
    "1block": {
      "horizon_blocks": 1,
      "model_type": "lightgbm",
      "mse": 1.0,
      "rmse": 1.0,
      "mae": 1.0,
      "r2": 0.0,
      "block_inclusion_accuracy": 0.0,
      "avg_overpay_sat_vb": 0.0,
      "avg_underpay_sat_vb": 1.0,
      "within_10pct": 0.0,
      "within_20pct": 0.0,
      "within_50pct": 0.0,
      "asymmetric_loss": 0.7000000000000001,
      "mape": 50.0
    },
    "3block": {
      "horizon_blocks": 3,
      "model_type": "lightgbm",
      "mse": 1.0,
      "rmse": 1.0,
      "mae": 1.0,
      "r2": 0.0,
      "block_inclusion_accuracy": 0.0,
      "avg_overpay_sat_vb": 0.0,
      "avg_underpay_sat_vb": 1.0,
      "within_10pct": 0.0,
      "within_20pct": 0.0,
      "within_50pct": 0.0,
      "asymmetric_loss": 0.7000000000000001,
      "mape": 50.0
    },
    "6block": {
      "horizon_blocks": 6,
      "model_type": "lightgbm",
      "mse": 0.9531305236505275,
      "rmse": 0.9762840384081507,
      "mae": 0.9762840384081509,
      "r2": 0.0,
      "block_inclusion_accuracy": 0.0,
      "avg_overpay_sat_vb": 0.0,
      "avg_underpay_sat_vb": 0.9762840384081509,
      "within_10pct": 0.0,
      "within_20pct": 0.0,
      "within_50pct": 1.0,
      "asymmetric_loss": 0.6671913665553691,
      "mape": 48.81420192040755
    }
  }
}