{
  "timestamp": "2026-05-17T15:04:01.129227",
  "duration_seconds": 2.72057,
  "xgb_results": {
    "1block": {
      "horizon_blocks": 1,
      "mse": 0.6666666666666666,
      "rmse": 0.816496580927726,
      "mae": 0.6666666666666666,
      "r2": -1.9999999999999991,
      "block_inclusion_accuracy": 0.3333333333333333,
      "avg_overpay_sat_vb": 0.0,
      "median_overpay_sat_vb": 0.0,
      "avg_underpay_sat_vb": 0.6666666666666666,
      "overpay_mape": 0.0,
      "within_10pct": 0.3333333333333333,
      "within_20pct": 0.3333333333333333,
      "within_50pct": 0.3333333333333333,
      "asymmetric_loss": 0.4666666666666666,
      "mape": 33.33333333333333
    },
    "3block": {
      "horizon_blocks": 3,
      "mse": 3.736152321787491,
      "rmse": 1.9329129110716528,
      "mae": 1.6941591898600261,
      "r2": 0.0,
      "block_inclusion_accuracy": 0.8333333333333334,
      "avg_overpay_sat_vb": 1.5640426476796467,
      "median_overpay_sat_vb": 1.6020582914352417,
      "avg_underpay_sat_vb": 0.13011654218037924,
      "overpay_mape": 78.20213238398233,
      "within_10pct": 0.0,
      "within_20pct": 0.0,
      "within_50pct": 0.3333333333333333,
      "asymmetric_loss": 1.1614784514537957,
      "mape": 84.70795949300131
    },
    "6block": {
      "horizon_blocks": 6,
      "mse": 3.736152321787491,
      "rmse": 1.9329129110716528,
      "mae": 1.6941591898600261,
      "r2": 0.0,
      "block_inclusion_accuracy": 0.8333333333333334,
      "avg_overpay_sat_vb": 1.5640426476796467,
      "median_overpay_sat_vb": 1.6020582914352417,
      "avg_underpay_sat_vb": 0.13011654218037924,
      "overpay_mape": 78.20213238398233,
      "within_10pct": 0.0,
      "within_20pct": 0.0,
      "within_50pct": 0.3333333333333333,
      "asymmetric_loss": 1.1614784514537957,
      "mape": 84.70795949300131
    }
  },
  "lgb_results": {
    "1block": {
      "horizon_blocks": 1,
      "model_type": "lightgbm",
      "mse": 0.6666666666666666,
      "rmse": 0.816496580927726,
      "mae": 0.6666666666666666,
      "r2": -1.9999999999999991,
      "block_inclusion_accuracy": 0.3333333333333333,
      "avg_overpay_sat_vb": 0.0,
      "avg_underpay_sat_vb": 0.6666666666666666,
      "within_10pct": 0.3333333333333333,
      "within_20pct": 0.3333333333333333,
      "within_50pct": 0.3333333333333333,
      "asymmetric_loss": 0.4666666666666666,
      "mape": 33.33333333333333
    },
    "3block": {
      "horizon_blocks": 3,
      "model_type": "lightgbm",
      "mse": 0.9918380673985933,
      "rmse": 0.9959106723991832,
      "mae": 0.9959106723991834,
      "r2": 0.0,
      "block_inclusion_accuracy": 0.0,
      "avg_overpay_sat_vb": 0.0,
      "avg_underpay_sat_vb": 0.9959106723991834,
      "within_10pct": 0.0,
      "within_20pct": 0.0,
      "within_50pct": 1.0,
      "asymmetric_loss": 0.6942866471790153,
      "mape": 49.79553361995917
    },
    "6block": {
      "horizon_blocks": 6,
      "model_type": "lightgbm",
      "mse": 1.0,
      "rmse": 1.0,
      "mae": 1.0,
      "r2": 0.0,
      "block_inclusion_accuracy": 0.0,
      "avg_overpay_sat_vb": 0.0,
      "avg_underpay_sat_vb": 1.0,
      "within_10pct": 0.0,
      "within_20pct": 0.0,
      "within_50pct": 0.0,
      "asymmetric_loss": 0.7000000000000001,
      "mape": 50.0
    }
  }
}