{
  "timestamp": "2026-05-02T20:03:07.704861",
  "duration_seconds": 1.696137,
  "xgb_results": {
    "1block": {
      "horizon_blocks": 1,
      "mse": 0.26379310843126785,
      "rmse": 0.5136079326015788,
      "mae": 0.3948070208231608,
      "r2": 0.0,
      "block_inclusion_accuracy": 0.16666666666666666,
      "avg_overpay_sat_vb": 0.004252910614013672,
      "median_overpay_sat_vb": 0.0,
      "avg_underpay_sat_vb": 0.39055411020914715,
      "overpay_mape": 0.14176368713378906,
      "within_10pct": 0.5,
      "within_20pct": 0.8333333333333334,
      "within_50pct": 1.0,
      "asymmetric_loss": 0.18461176650502956,
      "mape": 13.160234027438694
    },
    "3block": {
      "horizon_blocks": 3,
      "mse": 4.175770063354709,
      "rmse": 2.043470103366993,
      "mae": 1.8572603464126587,
      "r2": -6.516386114038475,
      "block_inclusion_accuracy": 0.8333333333333334,
      "avg_overpay_sat_vb": 1.8052632411321003,
      "median_overpay_sat_vb": 1.9451885223388672,
      "avg_underpay_sat_vb": 0.051997105280558266,
      "overpay_mape": 180.52632411321002,
      "within_10pct": 0.0,
      "within_20pct": 0.16666666666666666,
      "within_50pct": 0.16666666666666666,
      "asymmetric_loss": 1.259219896504551,
      "mape": 182.25956095589532
    },
    "6block": {
      "horizon_blocks": 6,
      "mse": 4.175770063354709,
      "rmse": 2.043470103366993,
      "mae": 1.8572603464126587,
      "r2": -6.516386114038475,
      "block_inclusion_accuracy": 0.8333333333333334,
      "avg_overpay_sat_vb": 1.8052632411321003,
      "median_overpay_sat_vb": 1.9451885223388672,
      "avg_underpay_sat_vb": 0.051997105280558266,
      "overpay_mape": 180.52632411321002,
      "within_10pct": 0.0,
      "within_20pct": 0.16666666666666666,
      "within_50pct": 0.16666666666666666,
      "asymmetric_loss": 1.259219896504551,
      "mape": 182.25956095589532
    }
  },
  "lgb_results": {
    "1block": {
      "horizon_blocks": 1,
      "model_type": "lightgbm",
      "mse": 4.0,
      "rmse": 2.0,
      "mae": 2.0,
      "r2": 0.0,
      "block_inclusion_accuracy": 0.0,
      "avg_overpay_sat_vb": 0.0,
      "avg_underpay_sat_vb": 2.0,
      "within_10pct": 0.0,
      "within_20pct": 0.0,
      "within_50pct": 0.0,
      "asymmetric_loss": 2.8000000000000003,
      "mape": 66.66666666666666
    },
    "3block": {
      "horizon_blocks": 3,
      "model_type": "lightgbm",
      "mse": 0.663957170866349,
      "rmse": 0.8148356710811997,
      "mae": 0.3360595517338778,
      "r2": -0.19512290755942785,
      "block_inclusion_accuracy": 0.8333333333333334,
      "avg_overpay_sat_vb": 0.003407773000680588,
      "avg_underpay_sat_vb": 0.33265177873319723,
      "within_10pct": 0.8333333333333334,
      "within_20pct": 0.8333333333333334,
      "within_50pct": 0.8333333333333334,
      "asymmetric_loss": 0.46476444540636885,
      "mape": 11.429169924507967
    },
    "6block": {
      "horizon_blocks": 6,
      "model_type": "lightgbm",
      "mse": 0.6666666666666666,
      "rmse": 0.816496580927726,
      "mae": 0.3333333333333333,
      "r2": -0.19999999999999973,
      "block_inclusion_accuracy": 0.8333333333333334,
      "avg_overpay_sat_vb": 0.0,
      "avg_underpay_sat_vb": 0.3333333333333333,
      "within_10pct": 0.8333333333333334,
      "within_20pct": 0.8333333333333334,
      "within_50pct": 0.8333333333333334,
      "asymmetric_loss": 0.4666666666666666,
      "mape": 11.11111111111111
    }
  }
}