{
  "timestamp": "2026-05-29T12:57:11.225465",
  "duration_seconds": 3.556419,
  "xgb_results": {
    "1block": {
      "horizon_blocks": 1,
      "mse": 0.6046700199952445,
      "rmse": 0.7776053111927956,
      "mae": 0.6905591090520223,
      "r2": 0.0,
      "block_inclusion_accuracy": 0.16666666666666666,
      "avg_overpay_sat_vb": 0.004586537679036458,
      "median_overpay_sat_vb": 0.0,
      "avg_underpay_sat_vb": 0.6859725713729858,
      "overpay_mape": 0.2293268839518229,
      "within_10pct": 0.16666666666666666,
      "within_20pct": 0.16666666666666666,
      "within_50pct": 0.8333333333333334,
      "asymmetric_loss": 0.42321852680975613,
      "mape": 34.52795545260112
    },
    "3block": {
      "horizon_blocks": 3,
      "mse": 0.49759295100114304,
      "rmse": 0.7054026871235628,
      "mae": 0.6405832370122274,
      "r2": 0.0,
      "block_inclusion_accuracy": 0.3333333333333333,
      "avg_overpay_sat_vb": 0.2586357593536377,
      "median_overpay_sat_vb": 0.0,
      "avg_underpay_sat_vb": 0.38194747765858966,
      "overpay_mape": 12.931787967681885,
      "within_10pct": 0.0,
      "within_20pct": 0.16666666666666666,
      "within_50pct": 0.6666666666666666,
      "asymmetric_loss": 0.2534478018046755,
      "mape": 32.02916185061137
    },
    "6block": {
      "horizon_blocks": 6,
      "mse": 0.49759295100114304,
      "rmse": 0.7054026871235628,
      "mae": 0.6405832370122274,
      "r2": 0.0,
      "block_inclusion_accuracy": 0.3333333333333333,
      "avg_overpay_sat_vb": 0.2586357593536377,
      "median_overpay_sat_vb": 0.0,
      "avg_underpay_sat_vb": 0.38194747765858966,
      "overpay_mape": 12.931787967681885,
      "within_10pct": 0.0,
      "within_20pct": 0.16666666666666666,
      "within_50pct": 0.6666666666666666,
      "asymmetric_loss": 0.2534478018046755,
      "mape": 32.02916185061137
    }
  },
  "lgb_results": {
    "1block": {
      "horizon_blocks": 1,
      "model_type": "lightgbm",
      "mse": 1.0,
      "rmse": 1.0,
      "mae": 1.0,
      "r2": 0.0,
      "block_inclusion_accuracy": 0.0,
      "avg_overpay_sat_vb": 0.0,
      "avg_underpay_sat_vb": 1.0,
      "within_10pct": 0.0,
      "within_20pct": 0.0,
      "within_50pct": 0.0,
      "asymmetric_loss": 0.7000000000000001,
      "mape": 50.0
    },
    "3block": {
      "horizon_blocks": 3,
      "model_type": "lightgbm",
      "mse": 0.9918380673985933,
      "rmse": 0.9959106723991832,
      "mae": 0.9959106723991834,
      "r2": 0.0,
      "block_inclusion_accuracy": 0.0,
      "avg_overpay_sat_vb": 0.0,
      "avg_underpay_sat_vb": 0.9959106723991834,
      "within_10pct": 0.0,
      "within_20pct": 0.0,
      "within_50pct": 1.0,
      "asymmetric_loss": 0.6942866471790153,
      "mape": 49.79553361995917
    },
    "6block": {
      "horizon_blocks": 6,
      "model_type": "lightgbm",
      "mse": 1.0,
      "rmse": 1.0,
      "mae": 1.0,
      "r2": 0.0,
      "block_inclusion_accuracy": 0.0,
      "avg_overpay_sat_vb": 0.0,
      "avg_underpay_sat_vb": 1.0,
      "within_10pct": 0.0,
      "within_20pct": 0.0,
      "within_50pct": 0.0,
      "asymmetric_loss": 0.7000000000000001,
      "mape": 50.0
    }
  }
}