{
  "timestamp": "2026-04-22T11:11:34.943113",
  "duration_seconds": 0.850684,
  "xgb_results": {
    "1block": {
      "horizon_blocks": 1,
      "mse": 0.0818437558361514,
      "rmse": 0.28608347704149467,
      "mae": 0.28037500381469727,
      "r2": 0.0,
      "block_inclusion_accuracy": 0.0,
      "avg_overpay_sat_vb": 0.0,
      "median_overpay_sat_vb": 0.0,
      "avg_underpay_sat_vb": 0.28037500381469727,
      "overpay_mape": 0.0,
      "within_10pct": 0.6666666666666666,
      "within_20pct": 1.0,
      "within_50pct": 1.0,
      "asymmetric_loss": 0.05729062908530599,
      "mape": 9.34583346048991
    },
    "3block": {
      "horizon_blocks": 3,
      "mse": 0.11964546481509804,
      "rmse": 0.34589805552373093,
      "mae": 0.3143380085627238,
      "r2": 0.0,
      "block_inclusion_accuracy": 0.5,
      "avg_overpay_sat_vb": 0.1880012353261312,
      "median_overpay_sat_vb": 0.13145101070404053,
      "avg_underpay_sat_vb": 0.12633677323659262,
      "overpay_mape": 6.266707844204372,
      "within_10pct": 0.5,
      "within_20pct": 1.0,
      "within_50pct": 1.0,
      "asymmetric_loss": 0.05250978074134784,
      "mape": 10.477933618757461
    },
    "6block": {
      "horizon_blocks": 6,
      "mse": 0.11964546481509804,
      "rmse": 0.34589805552373093,
      "mae": 0.3143380085627238,
      "r2": 0.0,
      "block_inclusion_accuracy": 0.5,
      "avg_overpay_sat_vb": 0.1880012353261312,
      "median_overpay_sat_vb": 0.13145101070404053,
      "avg_underpay_sat_vb": 0.12633677323659262,
      "overpay_mape": 6.266707844204372,
      "within_10pct": 0.5,
      "within_20pct": 1.0,
      "within_50pct": 1.0,
      "asymmetric_loss": 0.05250978074134784,
      "mape": 10.477933618757461
    }
  },
  "lgb_results": {
    "1block": {
      "horizon_blocks": 1,
      "model_type": "lightgbm",
      "mse": 2.857838518424727,
      "rmse": 1.69051427631497,
      "mae": 1.6905139770763593,
      "r2": 0.0,
      "block_inclusion_accuracy": 0.0,
      "avg_overpay_sat_vb": 0.0,
      "avg_underpay_sat_vb": 1.6905139770763593,
      "within_10pct": 0.0,
      "within_20pct": 0.0,
      "within_50pct": 0.0,
      "asymmetric_loss": 2.000486962897309,
      "mape": 56.3504659025453
    },
    "3block": {
      "horizon_blocks": 3,
      "model_type": "lightgbm",
      "mse": 3.98365941219696,
      "rmse": 1.9959106723991833,
      "mae": 1.9959106723991835,
      "r2": 0.0,
      "block_inclusion_accuracy": 0.0,
      "avg_overpay_sat_vb": 0.0,
      "avg_underpay_sat_vb": 1.9959106723991835,
      "within_10pct": 0.0,
      "within_20pct": 0.0,
      "within_50pct": 0.0,
      "asymmetric_loss": 2.788561588537872,
      "mape": 66.53035574663944
    },
    "6block": {
      "horizon_blocks": 6,
      "model_type": "lightgbm",
      "mse": 4.0,
      "rmse": 2.0,
      "mae": 2.0,
      "r2": 0.0,
      "block_inclusion_accuracy": 0.0,
      "avg_overpay_sat_vb": 0.0,
      "avg_underpay_sat_vb": 2.0,
      "within_10pct": 0.0,
      "within_20pct": 0.0,
      "within_50pct": 0.0,
      "asymmetric_loss": 2.8000000000000003,
      "mape": 66.66666666666666
    }
  }
}