{
  "timestamp": "2026-06-22T09:56:47.778548",
  "duration_seconds": 4.354682,
  "xgb_results": {
    "1block": {
      "horizon_blocks": 1,
      "mse": 0.4731097648865467,
      "rmse": 0.6878297499283865,
      "mae": 0.5412886341412863,
      "r2": 0.0,
      "block_inclusion_accuracy": 0.3333333333333333,
      "avg_overpay_sat_vb": 0.07326165835062663,
      "median_overpay_sat_vb": 0.0,
      "avg_underpay_sat_vb": 0.4680269757906596,
      "overpay_mape": 2.4420552783542204,
      "within_10pct": 0.3333333333333333,
      "within_20pct": 0.5,
      "within_50pct": 1.0,
      "asymmetric_loss": 0.32027431479301044,
      "mape": 18.04295447137621
    },
    "3block": {
      "horizon_blocks": 3,
      "mse": 2.966248058432427,
      "rmse": 1.7222799013030452,
      "mae": 1.625752051671346,
      "r2": 0.0,
      "block_inclusion_accuracy": 0.16666666666666666,
      "avg_overpay_sat_vb": 0.0863099495569865,
      "median_overpay_sat_vb": 0.0,
      "avg_underpay_sat_vb": 1.5394421021143596,
      "overpay_mape": 2.8769983185662165,
      "within_10pct": 0.0,
      "within_20pct": 0.16666666666666666,
      "within_50pct": 0.3333333333333333,
      "asymmetric_loss": 2.058495063160628,
      "mape": 54.19173505571152
    },
    "6block": {
      "horizon_blocks": 6,
      "mse": 2.966248058432427,
      "rmse": 1.7222799013030452,
      "mae": 1.625752051671346,
      "r2": 0.0,
      "block_inclusion_accuracy": 0.16666666666666666,
      "avg_overpay_sat_vb": 0.0863099495569865,
      "median_overpay_sat_vb": 0.0,
      "avg_underpay_sat_vb": 1.5394421021143596,
      "overpay_mape": 2.8769983185662165,
      "within_10pct": 0.0,
      "within_20pct": 0.16666666666666666,
      "within_50pct": 0.3333333333333333,
      "asymmetric_loss": 2.058495063160628,
      "mape": 54.19173505571152
    }
  },
  "lgb_results": {
    "1block": {
      "horizon_blocks": 1,
      "model_type": "lightgbm",
      "mse": 4.0,
      "rmse": 2.0,
      "mae": 2.0,
      "r2": 0.0,
      "block_inclusion_accuracy": 0.0,
      "avg_overpay_sat_vb": 0.0,
      "avg_underpay_sat_vb": 2.0,
      "within_10pct": 0.0,
      "within_20pct": 0.0,
      "within_50pct": 0.0,
      "asymmetric_loss": 2.8000000000000003,
      "mape": 66.66666666666666
    },
    "3block": {
      "horizon_blocks": 3,
      "model_type": "lightgbm",
      "mse": 3.98365941219696,
      "rmse": 1.9959106723991833,
      "mae": 1.9959106723991835,
      "r2": 0.0,
      "block_inclusion_accuracy": 0.0,
      "avg_overpay_sat_vb": 0.0,
      "avg_underpay_sat_vb": 1.9959106723991835,
      "within_10pct": 0.0,
      "within_20pct": 0.0,
      "within_50pct": 0.0,
      "asymmetric_loss": 2.788561588537872,
      "mape": 66.53035574663944
    },
    "6block": {
      "horizon_blocks": 6,
      "model_type": "lightgbm",
      "mse": 4.0,
      "rmse": 2.0,
      "mae": 2.0,
      "r2": 0.0,
      "block_inclusion_accuracy": 0.0,
      "avg_overpay_sat_vb": 0.0,
      "avg_underpay_sat_vb": 2.0,
      "within_10pct": 0.0,
      "within_20pct": 0.0,
      "within_50pct": 0.0,
      "asymmetric_loss": 2.8000000000000003,
      "mape": 66.66666666666666
    }
  }
}