{
  "timestamp": "2026-06-02T03:09:42.217343",
  "duration_seconds": 3.937942,
  "xgb_results": {
    "1block": {
      "horizon_blocks": 1,
      "mse": 0.9135195428856093,
      "rmse": 0.9557821628831589,
      "mae": 0.9489376942316691,
      "r2": 0.0,
      "block_inclusion_accuracy": 0.0,
      "avg_overpay_sat_vb": 0.0,
      "median_overpay_sat_vb": 0.0,
      "avg_underpay_sat_vb": 0.9489376942316691,
      "overpay_mape": 0.0,
      "within_10pct": 0.0,
      "within_20pct": 0.0,
      "within_50pct": 0.16666666666666666,
      "asymmetric_loss": 0.6394636800199266,
      "mape": 47.44688471158345
    },
    "3block": {
      "horizon_blocks": 3,
      "mse": 0.8634403642699908,
      "rmse": 0.929214918234738,
      "mae": 0.904170036315918,
      "r2": 0.0,
      "block_inclusion_accuracy": 0.16666666666666666,
      "avg_overpay_sat_vb": 0.07083670298258464,
      "median_overpay_sat_vb": 0.0,
      "avg_underpay_sat_vb": 0.8333333333333334,
      "overpay_mape": 3.541835149129232,
      "within_10pct": 0.0,
      "within_20pct": 0.0,
      "within_50pct": 0.16666666666666666,
      "asymmetric_loss": 0.5923654426143306,
      "mape": 45.2085018157959
    },
    "6block": {
      "horizon_blocks": 6,
      "mse": 0.8634403642699908,
      "rmse": 0.929214918234738,
      "mae": 0.904170036315918,
      "r2": 0.0,
      "block_inclusion_accuracy": 0.16666666666666666,
      "avg_overpay_sat_vb": 0.07083670298258464,
      "median_overpay_sat_vb": 0.0,
      "avg_underpay_sat_vb": 0.8333333333333334,
      "overpay_mape": 3.541835149129232,
      "within_10pct": 0.0,
      "within_20pct": 0.0,
      "within_50pct": 0.16666666666666666,
      "asymmetric_loss": 0.5923654426143306,
      "mape": 45.2085018157959
    }
  },
  "lgb_results": {
    "1block": {
      "horizon_blocks": 1,
      "model_type": "lightgbm",
      "mse": 0.4783974002277724,
      "rmse": 0.6916627792701964,
      "mae": 0.6916623729488384,
      "r2": 0.0,
      "block_inclusion_accuracy": 0.0,
      "avg_overpay_sat_vb": 0.0,
      "avg_underpay_sat_vb": 0.6916623729488384,
      "within_10pct": 0.0,
      "within_20pct": 0.0,
      "within_50pct": 1.0,
      "asymmetric_loss": 0.33487818015944065,
      "mape": 34.58311864744192
    },
    "3block": {
      "horizon_blocks": 3,
      "model_type": "lightgbm",
      "mse": 1.0,
      "rmse": 1.0,
      "mae": 1.0,
      "r2": 0.0,
      "block_inclusion_accuracy": 0.0,
      "avg_overpay_sat_vb": 0.0,
      "avg_underpay_sat_vb": 1.0,
      "within_10pct": 0.0,
      "within_20pct": 0.0,
      "within_50pct": 0.0,
      "asymmetric_loss": 0.7000000000000001,
      "mape": 50.0
    },
    "6block": {
      "horizon_blocks": 6,
      "model_type": "lightgbm",
      "mse": 1.0,
      "rmse": 1.0,
      "mae": 1.0,
      "r2": 0.0,
      "block_inclusion_accuracy": 0.0,
      "avg_overpay_sat_vb": 0.0,
      "avg_underpay_sat_vb": 1.0,
      "within_10pct": 0.0,
      "within_20pct": 0.0,
      "within_50pct": 0.0,
      "asymmetric_loss": 0.7000000000000001,
      "mape": 50.0
    }
  }
}