{
  "timestamp": "2026-05-30T02:46:09.494391",
  "duration_seconds": 3.43163,
  "xgb_results": {
    "1block": {
      "horizon_blocks": 1,
      "mse": 1.0516841887747337,
      "rmse": 1.0255165472944519,
      "mae": 0.83445672194163,
      "r2": -3.732578849486301,
      "block_inclusion_accuracy": 0.6666666666666666,
      "avg_overpay_sat_vb": 0.5908819437026978,
      "median_overpay_sat_vb": 0.37251293659210205,
      "avg_underpay_sat_vb": 0.24357477823893228,
      "overpay_mape": 50.5923330783844,
      "within_10pct": 0.0,
      "within_20pct": 0.16666666666666666,
      "within_50pct": 0.6666666666666666,
      "asymmetric_loss": 0.3963675816005557,
      "mape": 62.771071990331016
    },
    "3block": {
      "horizon_blocks": 3,
      "mse": 0.8023028684547953,
      "rmse": 0.8957136085015094,
      "mae": 0.443085253238678,
      "r2": 0.0,
      "block_inclusion_accuracy": 1.0,
      "avg_overpay_sat_vb": 0.443085253238678,
      "median_overpay_sat_vb": 0.09117072820663452,
      "avg_underpay_sat_vb": 0.0,
      "overpay_mape": 44.3085253238678,
      "within_10pct": 0.5,
      "within_20pct": 0.6666666666666666,
      "within_50pct": 0.8333333333333334,
      "asymmetric_loss": 0.24069086053643862,
      "mape": 44.3085253238678
    },
    "6block": {
      "horizon_blocks": 6,
      "mse": 0.8023028684547953,
      "rmse": 0.8957136085015094,
      "mae": 0.443085253238678,
      "r2": 0.0,
      "block_inclusion_accuracy": 1.0,
      "avg_overpay_sat_vb": 0.443085253238678,
      "median_overpay_sat_vb": 0.09117072820663452,
      "avg_underpay_sat_vb": 0.0,
      "overpay_mape": 44.3085253238678,
      "within_10pct": 0.5,
      "within_20pct": 0.6666666666666666,
      "within_50pct": 0.8333333333333334,
      "asymmetric_loss": 0.24069086053643862,
      "mape": 44.3085253238678
    }
  },
  "lgb_results": {
    "1block": {
      "horizon_blocks": 1,
      "model_type": "lightgbm",
      "mse": 0.6666666666666666,
      "rmse": 0.816496580927726,
      "mae": 0.6666666666666666,
      "r2": -1.9999999999999996,
      "block_inclusion_accuracy": 0.3333333333333333,
      "avg_overpay_sat_vb": 0.0,
      "avg_underpay_sat_vb": 0.6666666666666666,
      "within_10pct": 0.3333333333333333,
      "within_20pct": 0.3333333333333333,
      "within_50pct": 0.3333333333333333,
      "asymmetric_loss": 0.4666666666666666,
      "mape": 33.33333333333333
    },
    "3block": {
      "horizon_blocks": 3,
      "model_type": "lightgbm",
      "mse": 1.672260022680131e-05,
      "rmse": 0.004089327600816705,
      "mae": 0.004089327600816706,
      "r2": 0.0,
      "block_inclusion_accuracy": 1.0,
      "avg_overpay_sat_vb": 0.004089327600816706,
      "avg_underpay_sat_vb": 0.0,
      "within_10pct": 1.0,
      "within_20pct": 1.0,
      "within_50pct": 1.0,
      "asymmetric_loss": 5.016780068040395e-06,
      "mape": 0.40893276008167057
    },
    "6block": {
      "horizon_blocks": 6,
      "model_type": "lightgbm",
      "mse": 0.0,
      "rmse": 0.0,
      "mae": 0.0,
      "r2": 1.0,
      "block_inclusion_accuracy": 1.0,
      "avg_overpay_sat_vb": 0.0,
      "avg_underpay_sat_vb": 0.0,
      "within_10pct": 1.0,
      "within_20pct": 1.0,
      "within_50pct": 1.0,
      "asymmetric_loss": 0.0,
      "mape": 0.0
    }
  }
}