{
  "timestamp": "2026-06-26T18:38:50.245421",
  "duration_seconds": 4.61493,
  "xgb_results": {
    "1block": {
      "horizon_blocks": 1,
      "mse": 7.580917729405759,
      "rmse": 2.7533466417081884,
      "mae": 2.437892476717631,
      "r2": 0.0,
      "block_inclusion_accuracy": 1.0,
      "avg_overpay_sat_vb": 2.437892476717631,
      "median_overpay_sat_vb": 2.212917447090149,
      "avg_underpay_sat_vb": 0.0,
      "overpay_mape": 121.89462383588155,
      "within_10pct": 0.0,
      "within_20pct": 0.0,
      "within_50pct": 0.0,
      "asymmetric_loss": 2.274275318821728,
      "mape": 121.89462383588155
    },
    "3block": {
      "horizon_blocks": 3,
      "mse": 4.4076272157169285,
      "rmse": 2.0994349753485886,
      "mae": 1.8783609469731648,
      "r2": 0.0,
      "block_inclusion_accuracy": 1.0,
      "avg_overpay_sat_vb": 1.8783609469731648,
      "median_overpay_sat_vb": 1.9188778400421143,
      "avg_underpay_sat_vb": 0.0,
      "overpay_mape": 93.91804734865823,
      "within_10pct": 0.0,
      "within_20pct": 0.0,
      "within_50pct": 0.3333333333333333,
      "asymmetric_loss": 1.3222881647150786,
      "mape": 93.91804734865823
    },
    "6block": {
      "horizon_blocks": 6,
      "mse": 4.4076272157169285,
      "rmse": 2.0994349753485886,
      "mae": 1.8783609469731648,
      "r2": 0.0,
      "block_inclusion_accuracy": 1.0,
      "avg_overpay_sat_vb": 1.8783609469731648,
      "median_overpay_sat_vb": 1.9188778400421143,
      "avg_underpay_sat_vb": 0.0,
      "overpay_mape": 93.91804734865823,
      "within_10pct": 0.0,
      "within_20pct": 0.0,
      "within_50pct": 0.3333333333333333,
      "asymmetric_loss": 1.3222881647150786,
      "mape": 93.91804734865823
    }
  },
  "lgb_results": {
    "1block": {
      "horizon_blocks": 1,
      "model_type": "lightgbm",
      "mse": 0.8023725202494182,
      "rmse": 0.8957524882741985,
      "mae": 0.8957524882741986,
      "r2": 0.0,
      "block_inclusion_accuracy": 0.0,
      "avg_overpay_sat_vb": 0.0,
      "avg_underpay_sat_vb": 0.8957524882741986,
      "within_10pct": 0.0,
      "within_20pct": 0.0,
      "within_50pct": 1.0,
      "asymmetric_loss": 0.5616607641745927,
      "mape": 44.78762441370993
    },
    "3block": {
      "horizon_blocks": 3,
      "model_type": "lightgbm",
      "mse": 1.0,
      "rmse": 1.0,
      "mae": 1.0,
      "r2": 0.0,
      "block_inclusion_accuracy": 0.0,
      "avg_overpay_sat_vb": 0.0,
      "avg_underpay_sat_vb": 1.0,
      "within_10pct": 0.0,
      "within_20pct": 0.0,
      "within_50pct": 0.0,
      "asymmetric_loss": 0.7000000000000001,
      "mape": 50.0
    },
    "6block": {
      "horizon_blocks": 6,
      "model_type": "lightgbm",
      "mse": 1.0,
      "rmse": 1.0,
      "mae": 1.0,
      "r2": 0.0,
      "block_inclusion_accuracy": 0.0,
      "avg_overpay_sat_vb": 0.0,
      "avg_underpay_sat_vb": 1.0,
      "within_10pct": 0.0,
      "within_20pct": 0.0,
      "within_50pct": 0.0,
      "asymmetric_loss": 0.7000000000000001,
      "mape": 50.0
    }
  }
}