{
  "timestamp": "20260413_221914",
  "horizons": {
    "1block": {
      "horizon_blocks": 1,
      "mse": 75.97205586202767,
      "rmse": 8.71619503350101,
      "mae": 7.118356493541173,
      "r2": -0.00610553865346164,
      "block_inclusion_accuracy": 0.6714285714285714,
      "avg_overpay_sat_vb": 3.1860680512019566,
      "median_overpay_sat_vb": 4.63901686668396,
      "avg_underpay_sat_vb": 3.932288442339216,
      "overpay_mape": 293.5864907786959,
      "within_10pct": 0.04285714285714286,
      "within_20pct": 0.05714285714285714,
      "within_50pct": 0.12857142857142856,
      "asymmetric_loss": 46.33289812995051,
      "mape": 313.5360340599131
    },
    "3block": {
      "horizon_blocks": 3,
      "mse": 76.64039136750056,
      "rmse": 8.75444980381409,
      "mae": 7.160420560836792,
      "r2": -0.009431839186603286,
      "block_inclusion_accuracy": 0.6714285714285714,
      "avg_overpay_sat_vb": 3.2245624269757953,
      "median_overpay_sat_vb": 5.285007476806641,
      "avg_underpay_sat_vb": 3.9358581338609966,
      "overpay_mape": 299.0288125900995,
      "within_10pct": 0.02857142857142857,
      "within_20pct": 0.05714285714285714,
      "within_50pct": 0.12857142857142856,
      "asymmetric_loss": 46.7730441822764,
      "mape": 318.9529085377433
    },
    "6block": {
      "horizon_blocks": 6,
      "mse": 76.17228183834011,
      "rmse": 8.727673334763402,
      "mae": 7.130713782991681,
      "r2": -0.0032663609768774915,
      "block_inclusion_accuracy": 0.6714285714285714,
      "avg_overpay_sat_vb": 3.197265066419329,
      "median_overpay_sat_vb": 5.385765075683594,
      "avg_underpay_sat_vb": 3.933448716572353,
      "overpay_mape": 297.5716521058764,
      "within_10pct": 0.04285714285714286,
      "within_20pct": 0.05714285714285714,
      "within_50pct": 0.12857142857142856,
      "asymmetric_loss": 46.52489884904113,
      "mape": 317.4970979053329
    }
  },
  "overall_metrics": {
    "avg_mae_sat_vb": 7.136496945789882,
    "avg_rmse_sat_vb": 8.732772724026168,
    "avg_block_inclusion_acc": 0.6714285714285714,
    "avg_overpay_sat_vb": 3.2026318481990272,
    "avg_within_20pct": 0.05714285714285714,
    "avg_r2": -0.006267912938980806
  }
}